0	0.290988	0.116879	0.303458	0.152260	系统
0	0.290425	0.156729	0.304342	0.176336	1e
0	0.290425	0.181270	0.304342	0.269429	INVERTEX
0	0.550369	0.094805	0.562840	0.360318	内蒙古北方重型汽车股份有限公司
0	0.568896	0.093393	0.581367	0.376547	内蒙古包头稀土高新技术产业开发区
0	0.290425	0.274363	0.304342	0.412233	适用于GE240AC
0	0.090356	0.265516	0.153976	0.431285	NHL
0	0.164685	0.187146	0.207441	0.429672	驱动系统
0	0.220267	0.187146	0.263023	0.429672	备件手册
0	0.556348	0.825302	0.575374	0.960197	及以后车型
0	0.498177	0.843374	0.540932	1.000000	矿用汽车
0	0.593403	1.000000	0.612429	1.000000	日
0	0.592544	1.000000	0.613778	1.000000	月17
0	0.592544	1.000000	0.613778	1.000000	年06
0	0.496247	1.000000	0.543962	1.000000	NTE240
0	0.555489	0.966915	0.576722	1.000000	适用车型系列号：NTE240006
0	0.592544	1.000000	0.613778	1.000000	2013
1	0.097163	1.000000	0.109634	1.000000	电控柜17KG535L1
1	0.115302	1.000000	0.129107	1.000000	NTE240006
1	0.097163	1.000000	0.109634	1.000000	090-0180-240
1	0.115691	1.000000	0.128161	1.000000	自系列号
2	0.097947	1.000000	0.110417	1.000000	电控柜17KG535L1
2	0.116086	1.000000	0.129891	1.000000	NTE240006
2	0.097947	1.000000	0.110417	1.000000	090-0180-240
2	0.116474	1.000000	0.128945	1.000000	自系列号
3	0.106427	1.000000	0.118898	1.000000	电控柜17KG535L1
3	0.124566	1.000000	0.138371	1.000000	NTE240006
3	0.106427	1.000000	0.118898	1.000000	090-0180-240
3	0.124955	1.000000	0.137425	1.000000	自系列号
4	0.106427	1.000000	0.118898	1.000000	电控柜17KG535L1
4	0.124566	1.000000	0.138371	1.000000	NTE240006
4	0.106427	1.000000	0.118898	1.000000	090-0180-240
4	0.124955	1.000000	0.137425	1.000000	自系列号
5	0.106427	1.000000	0.118898	1.000000	电控柜17KG535L1
5	0.124566	1.000000	0.138371	1.000000	NTE240006
5	0.106427	1.000000	0.118898	1.000000	090-0180-240
5	0.124955	1.000000	0.137425	1.000000	自系列号
6	0.107638	1.000000	0.120109	1.000000	电控柜17KG535L1
6	0.125777	1.000000	0.139582	1.000000	NTE240006
6	0.107638	1.000000	0.120109	1.000000	090-0180-240
6	0.126165	1.000000	0.138636	1.000000	自系列号
7	0.115690	1.000000	0.128161	1.000000	电控柜17KG535L1
7	0.133829	1.000000	0.147634	1.000000	NTE240006
7	0.115690	1.000000	0.128161	1.000000	090-0180-240
7	0.134218	1.000000	0.146688	1.000000	自系列号
8	0.115691	1.000000	0.128161	1.000000	电控柜17KG535L1
8	0.133829	1.000000	0.147634	1.000000	NTE240006
8	0.115691	1.000000	0.128161	1.000000	090-0180-240
8	0.134218	1.000000	0.146688	1.000000	自系列号
9	0.106427	1.000000	0.118898	1.000000	电控柜17KG535L1
9	0.124566	1.000000	0.138371	1.000000	NTE240006
9	0.106427	1.000000	0.118898	1.000000	090-0180-240
9	0.124955	1.000000	0.137425	1.000000	自系列号
10	0.098440	1.000000	0.110911	1.000000	电控柜17KG535L1
10	0.116579	1.000000	0.130384	1.000000	NTE240006
10	0.098440	1.000000	0.110911	1.000000	090-0180-240
10	0.116968	1.000000	0.129438	1.000000	自系列号
11	0.107211	1.000000	0.119681	1.000000	电控柜17KG535L1
11	0.125278	1.000000	0.139083	1.000000	NTE240006
11	0.107211	1.000000	0.119681	1.000000	090-0180-240
11	0.125667	1.000000	0.138137	1.000000	自系列号
12	0.107709	1.000000	0.120180	1.000000	电控柜17KG535L1
12	0.125848	1.000000	0.139653	1.000000	NTE240006
12	0.107709	1.000000	0.120180	1.000000	090-0180-240
12	0.126237	1.000000	0.138707	1.000000	自系列号
13	0.107709	1.000000	0.120180	1.000000	电控柜17KG535L1
13	0.125848	1.000000	0.139653	1.000000	NTE240006
13	0.107709	1.000000	0.120180	1.000000	090-0180-240
13	0.126237	1.000000	0.138707	1.000000	自系列号
14	0.117615	1.000000	0.130085	1.000000	电控柜17KG535L1
14	0.135753	1.000000	0.149558	1.000000	NTE240006
14	0.117615	1.000000	0.130085	1.000000	090-0180-240
14	0.136142	1.000000	0.148612	1.000000	自系列号
15	0.107068	1.000000	0.119539	1.000000	电控柜17KG535L1
15	0.125207	1.000000	0.139012	1.000000	NTE240006
15	0.107068	1.000000	0.119539	1.000000	090-0180-240
15	0.125596	1.000000	0.138066	1.000000	自系列号
16	0.106421	1.000000	0.118892	1.000000	电控柜17KG535L1
16	0.124560	1.000000	0.138365	1.000000	NTE240006
16	0.106421	1.000000	0.118892	1.000000	090-0180-240
16	0.124949	1.000000	0.137419	1.000000	自系列号
17	0.162436	0.159783	0.174907	0.177424	至
17	0.162436	0.283145	0.174907	0.300786	自
17	0.162436	0.389008	0.174907	0.406648	称
17	0.162436	0.415509	0.174907	0.433150	名
17	0.516023	0.311531	0.528493	0.435015	母线电流互感器
17	0.181605	0.441365	0.194075	0.494287	保险板
17	0.200132	0.423725	0.212603	0.494287	限流保险
17	0.218660	0.406084	0.231130	0.494287	二极管总成
17	0.237187	0.423725	0.249657	0.494287	电容总成
17	0.255714	0.459006	0.268185	0.494287	电容
17	0.274242	0.388444	0.286712	0.494287	电容器安装箍
17	0.292983	0.388444	0.305453	0.494287	电容器支撑板
17	0.311724	0.441365	0.324194	0.494287	隔离板
17	0.330251	0.353163	0.342721	0.494287	电容器充电指示灯
17	0.348778	0.370803	0.361249	0.494287	电瓶助推继电器
17	0.367306	0.459006	0.379776	0.494287	模板
17	0.385833	0.353163	0.398303	0.494287	控制电源拨动开关
17	0.404645	0.441365	0.417116	0.494287	电阻板
17	0.423387	0.423725	0.435857	0.494287	拨动开关
17	0.441914	0.423725	0.454384	0.494287	电阻总成
17	0.460441	0.441365	0.472911	0.494287	电阻器
17	0.478968	0.423725	0.491439	0.494287	绝缘套筒
17	0.497496	0.406084	0.509966	0.494287	连接端子排
17	0.515635	0.439485	0.529439	0.494287	AC-DC
17	0.534550	0.441365	0.547021	0.494287	电阻板
17	0.553078	0.423725	0.565548	0.494287	助推电阻
17	0.571605	0.335522	0.584075	0.494287	助推电阻接线柱总成
17	0.590132	0.388444	0.602603	0.494287	交流驱动电源
17	0.608660	0.423725	0.621130	0.494287	压敏电阻
17	0.627258	0.459006	0.639728	0.494287	垫片
17	0.162436	0.538829	0.174907	0.556470	号
17	0.162436	0.565230	0.174907	0.582870	件
17	0.181344	0.526279	0.194625	0.601138	20040417
17	0.199872	0.526279	0.213152	0.601138	20040418
17	0.218399	0.526279	0.231680	0.601138	20040419
17	0.236926	0.526279	0.250207	0.601138	20040420
17	0.255454	0.526279	0.268734	0.601138	20040421
17	0.273981	0.526279	0.287262	0.601138	20040422
17	0.292936	0.526279	0.306216	0.601138	20040423
17	0.311463	0.526279	0.324744	0.601138	20040424
17	0.329990	0.526279	0.343271	0.601138	20040425
17	0.348518	0.526279	0.361798	0.601138	20040426
17	0.367045	0.526279	0.380326	0.601138	20040427
17	0.385572	0.526279	0.398853	0.601138	20040428
17	0.404598	0.526279	0.417879	0.601138	20040429
17	0.423126	0.526279	0.436406	0.601138	20040430
17	0.441653	0.526279	0.454934	0.601138	20040431
17	0.460180	0.526279	0.473461	0.601138	20040432
17	0.478708	0.526279	0.491988	0.601138	20040433
17	0.497235	0.526279	0.510516	0.601138	20040434
17	0.515762	0.526279	0.529043	0.601138	20040435
17	0.534290	0.526279	0.547570	0.601138	20040436
17	0.552817	0.526279	0.566098	0.601138	20040437
17	0.571344	0.526279	0.584625	0.601138	20040438
17	0.589872	0.526279	0.603152	0.601138	20040439
17	0.608399	0.526279	0.621680	0.601138	20040440
17	0.627069	0.526279	0.640349	0.601138	20040441
17	0.162436	0.618132	0.174907	0.653454	数量
17	0.181217	0.633245	0.195021	0.659706	001
17	0.199744	0.633245	0.213549	0.659706	001
17	0.218271	0.633245	0.232076	0.659706	001
17	0.236799	0.633245	0.250603	0.659706	001
17	0.255326	0.633245	0.269131	0.659706	001
17	0.273853	0.633245	0.287658	0.659706	001
17	0.292594	0.633245	0.306399	0.659706	001
17	0.311336	0.633245	0.325140	0.659706	001
17	0.329863	0.633245	0.343667	0.659706	002
17	0.348390	0.633245	0.362195	0.659706	002
17	0.366917	0.633245	0.380722	0.659706	001
17	0.385445	0.633245	0.399249	0.659706	001
17	0.404258	0.633245	0.418062	0.659706	001
17	0.422998	0.633245	0.436803	0.659706	002
17	0.441526	0.633245	0.455330	0.659706	002
17	0.460053	0.633245	0.473857	0.659706	016
17	0.478580	0.633245	0.492385	0.659706	032
17	0.497107	0.633245	0.510912	0.659706	012
17	0.515635	0.633245	0.529439	0.659706	001
17	0.534162	0.633245	0.547967	0.659706	001
17	0.552689	0.633245	0.566494	0.659706	002
17	0.571217	0.633245	0.585021	0.659706	002
17	0.589744	0.633245	0.603549	0.659706	001
17	0.608271	0.633245	0.622076	0.659706	001
17	0.626870	0.633245	0.640674	0.659706	012
17	0.162436	0.671216	0.174907	0.706537	序号
17	0.181217	0.679816	0.195021	0.706277	021
17	0.199744	0.677812	0.213549	0.708291	21A
17	0.218271	0.679816	0.232076	0.706277	022
17	0.236799	0.679816	0.250603	0.706277	023
17	0.255326	0.677812	0.269131	0.708291	23A
17	0.273853	0.678279	0.287658	0.707788	23B
17	0.292594	0.678279	0.306399	0.707788	23C
17	0.311336	0.679816	0.325140	0.706277	024
17	0.329863	0.679816	0.343667	0.706277	025
17	0.348390	0.679816	0.362195	0.706277	026
17	0.366917	0.679816	0.380722	0.706277	027
17	0.385445	0.679816	0.399249	0.706277	028
17	0.404258	0.679816	0.418062	0.706277	029
17	0.422998	0.679816	0.436803	0.706277	030
17	0.441526	0.679816	0.455330	0.706277	031
17	0.460053	0.677812	0.473857	0.708291	31A
17	0.478580	0.678279	0.492385	0.707788	31B
17	0.497107	0.678279	0.510912	0.707788	31C
17	0.515635	0.679816	0.529439	0.706277	032
17	0.534162	0.679816	0.547967	0.706277	033
17	0.552689	0.677812	0.566494	0.708291	33A
17	0.571217	0.678279	0.585021	0.707788	33B
17	0.589744	0.679816	0.603549	0.706277	034
17	0.608271	0.679816	0.622076	0.706277	035
17	0.626870	0.679816	0.640674	0.706277	036
17	0.162436	0.724219	0.174907	0.741859	注
17	0.162436	0.819005	0.174907	0.836645	至
17	0.162436	0.942522	0.174907	0.960162	自
17	0.237187	0.978545	0.249657	1.000000	模块
17	0.255714	0.978545	0.268185	1.000000	模块
17	0.274242	0.947698	0.286712	1.000000	变频器电容器
17	0.292983	0.951631	0.305453	1.000000	电流互感器
17	0.404645	1.000000	0.417116	1.000000	盘
17	0.516023	0.894777	0.528493	1.000000	栅极驱动电源转换器
17	0.162436	1.000000	0.174907	1.000000	称
17	0.367306	1.000000	0.379776	1.000000	电阻
17	0.162436	1.000000	0.174907	1.000000	名
17	0.181217	0.952597	0.195021	1.000000	控制柜17KG535L1
17	0.199744	1.000000	0.213549	1.000000	门和罩盖(
17	0.218660	1.000000	0.231130	1.000000	接触器
17	0.236799	1.000000	0.250603	1.000000	正相IGBT
17	0.255326	1.000000	0.269131	1.000000	负相IGBT
17	0.273853	1.000000	0.287658	1.000000	IGBT
17	0.292594	1.000000	0.306399	1.000000	AC-DC
17	0.311724	1.000000	0.324194	1.000000	电压模块
17	0.330251	1.000000	0.342721	1.000000	相模块保险
17	0.348778	1.000000	0.361249	1.000000	吸收模块
17	0.366917	1.000000	0.380722	1.000000	CDI
17	0.385833	1.000000	0.398303	1.000000	插头
17	0.404257	1.000000	0.418062	1.000000	ICP2
17	0.423387	1.000000	0.435857	1.000000	密封
17	0.441914	1.000000	0.454384	1.000000	端子板
17	0.460441	0.957981	0.472911	1.000000	带连锁开关接触器
17	0.478968	1.000000	0.491439	1.000000	连锁开关
17	0.497496	1.000000	0.509966	1.000000	接触器
17	0.515635	1.000000	0.529439	1.000000	IGBT
17	0.534550	0.957981	0.547021	1.000000	主发静态励磁器板
17	0.553078	0.957981	0.565548	1.000000	环境温度传感器板
17	0.571605	0.887419	0.584075	1.000000	环境温度传感器板接线端子
17	0.590132	0.975622	0.602603	1.000000	热敏电阻传感器
17	0.608660	1.000000	0.621130	1.000000	接线端子板
17	0.627258	0.975622	0.639728	1.000000	大气压力传感器
17	0.162436	1.000000	0.174907	1.000000	号
17	0.162436	1.000000	0.174907	1.000000	件
17	0.181344	1.000000	0.194625	1.000000	20040392
17	0.199872	1.000000	0.213152	1.000000	20040393
17	0.218399	1.000000	0.231680	1.000000	20040394
17	0.236926	1.000000	0.250207	1.000000	20040395
17	0.255454	1.000000	0.268734	1.000000	20040396
17	0.273981	1.000000	0.287262	1.000000	20040397
17	0.292936	1.000000	0.306216	1.000000	20040398
17	0.311463	1.000000	0.324744	1.000000	20040399
17	0.329990	1.000000	0.343271	1.000000	20040400
17	0.348518	1.000000	0.361798	1.000000	20040401
17	0.367045	1.000000	0.380326	1.000000	20040402
17	0.385572	1.000000	0.398853	1.000000	20040403
17	0.404598	1.000000	0.417879	1.000000	20040404
17	0.423126	1.000000	0.436406	1.000000	20040405
17	0.441653	1.000000	0.454934	1.000000	20040406
17	0.460180	1.000000	0.473461	1.000000	20040407
17	0.478708	1.000000	0.491988	1.000000	20040408
17	0.497235	1.000000	0.510516	1.000000	20040409
17	0.515762	1.000000	0.529043	1.000000	20040410
17	0.534290	1.000000	0.547570	1.000000	20040411
17	0.552817	1.000000	0.566098	1.000000	20040412
17	0.571344	1.000000	0.584625	1.000000	20040413
17	0.589872	1.000000	0.603152	1.000000	20040414
17	0.608399	1.000000	0.621680	1.000000	20040415
17	0.627069	1.000000	0.640349	1.000000	20040416
17	0.124811	1.000000	0.137282	1.000000	电控柜17KG535L1
17	0.143338	1.000000	0.155809	1.000000	NTE240006
17	0.162436	1.000000	0.174907	1.000000	数量
17	0.181217	1.000000	0.195021	1.000000	001
17	0.199744	1.000000	0.213549	1.000000	001
17	0.218271	1.000000	0.232076	1.000000	002
17	0.236799	1.000000	0.250603	1.000000	014
17	0.255326	1.000000	0.269131	1.000000	014
17	0.273853	1.000000	0.287658	1.000000	010
17	0.292594	1.000000	0.306399	1.000000	016
17	0.311336	1.000000	0.325140	1.000000	002
17	0.329863	1.000000	0.343667	1.000000	026
17	0.348390	1.000000	0.362195	1.000000	006
17	0.366917	1.000000	0.380722	1.000000	002
17	0.385445	1.000000	0.399249	1.000000	008
17	0.404257	1.000000	0.418062	1.000000	001
17	0.422998	1.000000	0.436803	1.000000	002
17	0.441526	1.000000	0.455330	1.000000	001
17	0.460053	1.000000	0.473857	1.000000	001
17	0.478580	1.000000	0.492385	1.000000	001
17	0.497107	1.000000	0.510912	1.000000	001
17	0.515635	1.000000	0.529439	1.000000	002
17	0.534162	1.000000	0.547967	1.000000	001
17	0.552689	1.000000	0.566494	1.000000	001
17	0.571217	1.000000	0.585021	1.000000	001
17	0.589744	1.000000	0.603549	1.000000	001
17	0.608271	1.000000	0.622076	1.000000	002
17	0.626870	1.000000	0.640674	1.000000	001
17	0.124811	1.000000	0.137282	1.000000	090-0180-240
17	0.143338	1.000000	0.155809	1.000000	自系列号
17	0.162436	1.000000	0.174907	1.000000	序号
17	0.162436	1.000000	0.174907	1.000000	注
17	0.181217	1.000000	0.195021	1.000000	001
17	0.199744	1.000000	0.213549	1.000000	1A
17	0.218271	1.000000	0.232076	1.000000	002
17	0.236799	1.000000	0.250603	1.000000	003
17	0.255326	1.000000	0.269131	1.000000	004
17	0.273853	1.000000	0.287658	1.000000	005
17	0.292594	1.000000	0.306399	1.000000	006
17	0.311336	1.000000	0.325140	1.000000	007
17	0.329863	1.000000	0.343667	1.000000	008
17	0.348390	1.000000	0.362195	1.000000	009
17	0.366917	1.000000	0.380722	1.000000	010
17	0.385445	1.000000	0.399249	1.000000	011
17	0.404258	1.000000	0.418062	1.000000	012
17	0.422998	1.000000	0.436803	1.000000	013
17	0.441526	1.000000	0.455330	1.000000	014
17	0.460053	1.000000	0.473857	1.000000	015
17	0.478580	1.000000	0.492385	1.000000	15A
17	0.497107	1.000000	0.510912	1.000000	15B
17	0.515635	1.000000	0.529439	1.000000	016
17	0.534162	1.000000	0.547967	1.000000	017
17	0.552689	1.000000	0.566494	1.000000	018
17	0.571217	1.000000	0.585021	1.000000	18A
17	0.589744	1.000000	0.603549	1.000000	18B
17	0.608271	1.000000	0.622076	1.000000	019
17	0.626870	1.000000	0.640674	1.000000	020
18	0.144978	0.143654	0.157448	0.161295	至
18	0.144978	0.267016	0.157448	0.284657	自
18	0.144978	0.372879	0.157448	0.390520	称
18	0.144978	0.399380	0.157448	0.417021	名
18	0.164147	0.442877	0.176617	0.478159	垫片
18	0.182674	0.442877	0.195144	0.478159	螺杆
18	0.201201	0.442877	0.213672	0.478159	隔片
18	0.219729	0.407596	0.232199	0.478159	六角螺栓
18	0.238256	0.389956	0.250726	0.478159	可调节支撑
18	0.256783	0.389956	0.269254	0.478159	可调节支撑
18	0.275524	0.442877	0.287995	0.478159	垫片
18	0.294265	0.407596	0.306736	0.478159	弹簧垫片
18	0.312793	0.407596	0.325263	0.478159	六角螺帽
18	0.331320	0.442877	0.343790	0.478159	垫片
18	0.349847	0.442877	0.362318	0.478159	灯盖
18	0.368375	0.442877	0.380845	0.478159	垫片
18	0.387187	0.407596	0.399657	0.478159	六角螺栓
18	0.405928	0.407596	0.418398	0.478159	六角螺栓
18	0.424455	0.372315	0.436926	0.478159	一字六角螺钉
18	0.442983	0.442877	0.455453	0.478159	支撑
18	0.461510	0.442877	0.473980	0.478159	垫片
18	0.480037	0.407596	0.492508	0.478159	弹簧垫片
18	0.498565	0.407596	0.511035	0.478159	六角螺帽
18	0.517092	0.407596	0.529562	0.478159	六角螺栓
18	0.535619	0.389956	0.548090	0.478159	滤波板总成
18	0.554147	0.337034	0.566617	0.478159	滤波板电阻器总成
18	0.572674	0.389956	0.585144	0.478159	滤波板电阻
18	0.591201	0.354675	0.603671	0.478159	滤波电容器总成
18	0.609800	0.372315	0.622270	0.478159	一字六角螺钉
18	0.144978	0.522700	0.157448	0.540341	号
18	0.144978	0.549101	0.157448	0.566742	件
18	0.163886	0.510150	0.177167	0.585010	20039193
18	0.182413	0.510150	0.195694	0.585010	20040468
18	0.200940	0.510150	0.214221	0.585010	20040469
18	0.219468	0.510150	0.232748	0.585010	20039089
18	0.237995	0.510150	0.251276	0.585010	20040471
18	0.256522	0.510150	0.269803	0.585010	20040472
18	0.275477	0.510150	0.288758	0.585010	20040473
18	0.294005	0.510150	0.307285	0.585010	20038763
18	0.312532	0.510150	0.325813	0.585010	20038764
18	0.331059	0.510150	0.344340	0.585010	20040476
18	0.349587	0.510150	0.362867	0.585010	20040477
18	0.368114	0.510150	0.381395	0.585010	20040478
18	0.387140	0.510150	0.400421	0.585010	20040479
18	0.405667	0.510150	0.418948	0.585010	20040480
18	0.424195	0.510150	0.437475	0.585010	20038800
18	0.442722	0.510150	0.456003	0.585010	20040482
18	0.461249	0.510150	0.474530	0.585010	20038868
18	0.479777	0.510150	0.493057	0.585010	20038770
18	0.498304	0.510150	0.511585	0.585010	20038771
18	0.516831	0.510150	0.530112	0.585010	20040486
18	0.535359	0.510150	0.548639	0.585010	20040487
18	0.553886	0.510150	0.567167	0.585010	20040488
18	0.572413	0.510150	0.585694	0.585010	20040489
18	0.590940	0.510150	0.604221	0.585010	20040490
18	0.609610	0.510150	0.622891	0.585010	20040491
18	0.144978	0.602003	0.157448	0.637325	数量
18	0.163758	0.618104	0.177563	0.642568	AR
18	0.182286	0.617116	0.196090	0.643577	056
18	0.200813	0.617116	0.214618	0.643577	010
18	0.219340	0.618104	0.233145	0.642568	AR
18	0.237868	0.617116	0.251672	0.643577	002
18	0.256395	0.617116	0.270200	0.643577	002
18	0.275135	0.618104	0.288940	0.642568	AR
18	0.293877	0.618104	0.307682	0.642568	AR
18	0.312404	0.618104	0.326209	0.642568	AR
18	0.330932	0.618104	0.344736	0.642568	AR
18	0.349459	0.617116	0.363264	0.643577	002
18	0.367986	0.617116	0.381791	0.643577	008
18	0.386799	0.617115	0.400604	0.643575	013
18	0.405540	0.617116	0.419344	0.643577	012
18	0.424067	0.617116	0.437872	0.643577	008
18	0.442594	0.617116	0.456399	0.643577	002
18	0.461122	0.618104	0.474926	0.642568	AR
18	0.479649	0.618104	0.493454	0.642568	AR
18	0.498176	0.618104	0.511981	0.642568	AR
18	0.516704	0.617116	0.530508	0.643577	006
18	0.535231	0.617116	0.549036	0.643577	001
18	0.553758	0.617116	0.567563	0.643577	003
18	0.572286	0.617116	0.586090	0.643577	006
18	0.590813	0.617116	0.604617	0.643577	003
18	0.609411	0.617115	0.623216	0.643575	002
18	0.144978	0.655087	0.157448	0.690409	序号
18	0.163758	0.663585	0.177563	0.690046	062
18	0.182286	0.663585	0.196090	0.690046	063
18	0.200813	0.663585	0.214618	0.690046	064
18	0.219340	0.663585	0.233145	0.690046	065
18	0.237868	0.663585	0.251672	0.690046	066
18	0.256395	0.663585	0.270200	0.690046	067
18	0.275135	0.663585	0.288940	0.690046	068
18	0.293877	0.663585	0.307682	0.690046	069
18	0.312404	0.663585	0.326209	0.690046	070
18	0.330932	0.663585	0.344736	0.690046	071
18	0.349459	0.663585	0.363264	0.690046	072
18	0.367986	0.663585	0.381791	0.690046	073
18	0.386799	0.663585	0.400604	0.690046	074
18	0.405540	0.661583	0.419344	0.692062	75A
18	0.424067	0.663585	0.437872	0.690046	076
18	0.442594	0.661583	0.456399	0.692062	77A
18	0.461122	0.663585	0.474926	0.690046	078
18	0.479649	0.663585	0.493454	0.690046	079
18	0.498176	0.663585	0.511981	0.690046	080
18	0.516704	0.663585	0.530508	0.690046	081
18	0.535231	0.663585	0.549036	0.690046	082
18	0.553758	0.661583	0.567563	0.692062	82A
18	0.572286	0.662050	0.586090	0.691559	82B
18	0.590813	0.662050	0.604617	0.691559	82C
18	0.609411	0.663585	0.623216	0.690046	083
18	0.144978	0.708090	0.157448	0.725730	注
18	0.144978	0.802876	0.157448	0.820516	至
18	0.144978	0.926393	0.157448	0.944034	自
18	0.144978	1.000000	0.157448	1.000000	称
18	0.144978	1.000000	0.157448	1.000000	名
18	0.164147	1.000000	0.176617	1.000000	弹簧垫片
18	0.182674	1.000000	0.195144	1.000000	六角螺帽
18	0.201201	0.994774	0.213672	1.000000	绝缘隔离板
18	0.219729	0.994774	0.232199	1.000000	绝缘隔离板
18	0.238256	1.000000	0.250726	1.000000	基座
18	0.256783	0.977134	0.269254	1.000000	玻璃钢隔离板
18	0.275524	1.000000	0.287995	1.000000	螺栓
18	0.294265	1.000000	0.306736	1.000000	六角螺栓
18	0.312793	1.000000	0.325263	1.000000	绝缘子
18	0.331320	1.000000	0.343790	1.000000	六角螺栓
18	0.349847	0.994774	0.362318	1.000000	角托架总成
18	0.368375	1.000000	0.380845	1.000000	六角螺栓
18	0.387187	1.000000	0.399657	1.000000	垫片
18	0.405928	1.000000	0.418398	1.000000	六角螺栓
18	0.424455	1.000000	0.436926	1.000000	垫片
18	0.442983	1.000000	0.455453	1.000000	垫片
18	0.461510	1.000000	0.473980	1.000000	六角螺栓
18	0.480037	1.000000	0.492508	1.000000	弹簧垫片
18	0.498565	1.000000	0.511035	1.000000	垫片
18	0.517092	1.000000	0.529562	1.000000	六角螺帽
18	0.535619	1.000000	0.548090	1.000000	薄垫片
18	0.554147	1.000000	0.566617	1.000000	弹簧垫片
18	0.572674	1.000000	0.585144	1.000000	六角螺帽
18	0.591201	1.000000	0.603671	1.000000	弹簧垫片
18	0.609800	1.000000	0.622270	1.000000	六角螺帽
18	0.144978	1.000000	0.157448	1.000000	号
18	0.144978	1.000000	0.157448	1.000000	件
18	0.163886	1.000000	0.177167	1.000000	20039201
18	0.182413	1.000000	0.195694	1.000000	20039202
18	0.200940	1.000000	0.214221	1.000000	20040444
18	0.219468	1.000000	0.232748	1.000000	20040445
18	0.237995	1.000000	0.251276	1.000000	20040446
18	0.256522	1.000000	0.269803	1.000000	20040447
18	0.275477	1.000000	0.288758	1.000000	20040448
18	0.294005	1.000000	0.307285	1.000000	20040449
18	0.312532	1.000000	0.325813	1.000000	20040450
18	0.331059	1.000000	0.344340	1.000000	20040451
18	0.349587	1.000000	0.362867	1.000000	20040452
18	0.368114	1.000000	0.381395	1.000000	20040453
18	0.387140	1.000000	0.400421	1.000000	20039186
18	0.405667	1.000000	0.418948	1.000000	20040455
18	0.424195	1.000000	0.437475	1.000000	20040456
18	0.442722	1.000000	0.456003	1.000000	20039049
18	0.461249	1.000000	0.474530	1.000000	20039052
18	0.479777	1.000000	0.493057	1.000000	20039036
18	0.498304	1.000000	0.511585	1.000000	20039045
18	0.516831	1.000000	0.530112	1.000000	20039044
18	0.535359	1.000000	0.548639	1.000000	20039131
18	0.553886	1.000000	0.567167	1.000000	20039132
18	0.572413	1.000000	0.585694	1.000000	20039196
18	0.590940	1.000000	0.604221	1.000000	20038834
18	0.609610	1.000000	0.622891	1.000000	20039184
18	0.107353	1.000000	0.119823	1.000000	电控柜17KG535L1
18	0.125880	1.000000	0.138350	1.000000	NTE240006
18	0.144978	1.000000	0.157448	1.000000	数量
18	0.163758	1.000000	0.177563	1.000000	012
18	0.182286	1.000000	0.196090	1.000000	012
18	0.200813	1.000000	0.214618	1.000000	001
18	0.219340	1.000000	0.233145	1.000000	001
18	0.237868	1.000000	0.251672	1.000000	001
18	0.256395	1.000000	0.270200	1.000000	001
18	0.275136	1.000000	0.288941	1.000000	012
18	0.293877	1.000000	0.307682	1.000000	012
18	0.312404	1.000000	0.326209	1.000000	002
18	0.330932	1.000000	0.344736	1.000000	AR
18	0.349459	1.000000	0.363264	1.000000	005
18	0.367986	1.000000	0.381791	1.000000	AR
18	0.386799	1.000000	0.400603	1.000000	AR
18	0.405540	1.000000	0.419344	1.000000	002
18	0.424067	1.000000	0.437872	1.000000	AR
18	0.442594	1.000000	0.456399	1.000000	AR
18	0.461122	1.000000	0.474926	1.000000	AR
18	0.479649	1.000000	0.493454	1.000000	AR
18	0.498176	1.000000	0.511981	1.000000	AR
18	0.516704	1.000000	0.530508	1.000000	AR
18	0.535231	1.000000	0.549036	1.000000	AR
18	0.553758	1.000000	0.567563	1.000000	AR
18	0.572286	1.000000	0.586090	1.000000	AR
18	0.590813	1.000000	0.604617	1.000000	AR
18	0.609412	1.000000	0.623216	1.000000	AR
18	0.107353	1.000000	0.119823	1.000000	090-0180-240
18	0.125880	1.000000	0.138350	1.000000	自系列号
18	0.144978	1.000000	0.157448	1.000000	序号
18	0.144978	1.000000	0.157448	1.000000	注
18	0.163758	1.000000	0.177563	1.000000	037
18	0.182286	1.000000	0.196090	1.000000	038
18	0.200813	1.000000	0.214618	1.000000	039
18	0.219340	1.000000	0.233145	1.000000	040
18	0.237868	1.000000	0.251672	1.000000	041
18	0.256395	1.000000	0.270200	1.000000	42A
18	0.275135	1.000000	0.288940	1.000000	043
18	0.293877	1.000000	0.307682	1.000000	044
18	0.312404	1.000000	0.326209	1.000000	045
18	0.330932	1.000000	0.344736	1.000000	046
18	0.349459	1.000000	0.363264	1.000000	047
18	0.367986	1.000000	0.381791	1.000000	048
18	0.386799	1.000000	0.400604	1.000000	049
18	0.405540	1.000000	0.419344	1.000000	050
18	0.424067	1.000000	0.437872	1.000000	051
18	0.442594	1.000000	0.456399	1.000000	052
18	0.461122	1.000000	0.474926	1.000000	053
18	0.479649	1.000000	0.493454	1.000000	054
18	0.498176	1.000000	0.511981	1.000000	055
18	0.516704	1.000000	0.530508	1.000000	056
18	0.535231	1.000000	0.549036	1.000000	057
18	0.553758	1.000000	0.567563	1.000000	058
18	0.572286	1.000000	0.586090	1.000000	059
18	0.590813	1.000000	0.604617	1.000000	060
18	0.609411	1.000000	0.623216	1.000000	061
19	0.154812	0.148090	0.167282	0.165730	至
19	0.154812	0.271452	0.167282	0.289092	自
19	0.154812	0.377315	0.167282	0.394955	称
19	0.154812	0.403816	0.167282	0.421456	名
19	0.173909	0.420802	0.186379	0.473723	母线板
19	0.192436	0.420802	0.204907	0.473723	母线板
19	0.210964	0.420802	0.223434	0.473723	母线板
19	0.229491	0.385520	0.241961	0.473723	带螺栓母线
19	0.248018	0.420802	0.260489	0.473723	绝缘子
19	0.266546	0.420802	0.279016	0.473723	绝缘子
19	0.285287	0.403161	0.297757	0.473723	六角螺栓
19	0.303711	0.325760	0.317515	0.473723	密封剂(A50E176SI)
19	0.322626	0.385520	0.335097	0.473723	橡胶孔套管
19	0.341154	0.403161	0.353624	0.473723	六角螺栓
19	0.359681	0.438442	0.372151	0.473723	护罩
19	0.378208	0.403161	0.390679	0.473723	六角螺栓
19	0.396949	0.438442	0.409420	0.473723	螺栓
19	0.415691	0.420802	0.428161	0.473723	粘接剂
19	0.434218	0.403161	0.446688	0.473723	支架总成
19	0.452745	0.403161	0.465216	0.473723	六角螺栓
19	0.471273	0.403161	0.483743	0.473723	六角螺栓
19	0.489800	0.438442	0.502270	0.473723	垫片
19	0.508327	0.403161	0.520797	0.473723	六角螺栓
19	0.526854	0.403161	0.539325	0.473723	六角螺栓
19	0.545382	0.385520	0.557852	0.473723	橡胶孔套管
19	0.563909	0.385520	0.576379	0.473723	橡胶孔套管
19	0.582436	0.367880	0.594907	0.473723	安装支架总成
19	0.600964	0.367880	0.613434	0.473723	安装支架总成
19	0.619562	0.420802	0.632033	0.473723	绝缘子
19	0.154812	0.527136	0.167282	0.544776	号
19	0.154812	0.553537	0.167282	0.571177	件
19	0.173648	0.505816	0.186929	0.580675	20040517
19	0.192176	0.505816	0.205456	0.580675	20040518
19	0.210703	0.505816	0.223984	0.580675	20040519
19	0.229230	0.505816	0.242511	0.580675	20040520
19	0.247758	0.505816	0.261038	0.580675	20040521
19	0.266285	0.505816	0.279566	0.580675	20040522
19	0.285311	0.505816	0.298592	0.580675	20040523
19	0.303838	0.505816	0.317119	0.580675	20040524
19	0.322366	0.505816	0.335646	0.580675	20040525
19	0.340893	0.505816	0.354174	0.580675	20040526
19	0.359420	0.505816	0.372701	0.580675	20040527
19	0.377948	0.505816	0.391228	0.580675	20040528
19	0.396902	0.505816	0.410183	0.580675	20040529
19	0.415430	0.505816	0.428710	0.580675	20040530
19	0.433957	0.505816	0.447238	0.580675	20040531
19	0.452484	0.505816	0.465765	0.580675	20040532
19	0.471012	0.505816	0.484292	0.580675	20039035
19	0.489539	0.505816	0.502820	0.580675	20040534
19	0.508066	0.505816	0.521347	0.580675	20040535
19	0.526594	0.505816	0.539874	0.580675	20039055
19	0.545121	0.505816	0.558402	0.580675	20040537
19	0.563648	0.505816	0.576929	0.580675	20040538
19	0.582176	0.505816	0.595456	0.580675	20040539
19	0.600703	0.505816	0.613984	0.580675	20040540
19	0.619373	0.505816	0.632653	0.580675	20040541
19	0.154812	0.606439	0.167282	0.641760	数量
19	0.173521	0.612680	0.187325	0.639141	005
19	0.192048	0.612680	0.205853	0.639141	001
19	0.210575	0.612680	0.224380	0.639141	002
19	0.229103	0.612680	0.242907	0.639141	002
19	0.247630	0.612680	0.261435	0.639141	026
19	0.266157	0.612680	0.279962	0.639141	002
19	0.284898	0.612680	0.298703	0.639141	004
19	0.303711	0.613670	0.317515	0.638134	AR
19	0.322238	0.612680	0.336043	0.639141	004
19	0.340765	0.612680	0.354570	0.639141	004
19	0.359293	0.612680	0.373097	0.639141	001
19	0.377820	0.612680	0.391625	0.639141	021
19	0.396561	0.612680	0.410366	0.639141	016
19	0.415302	0.613670	0.429107	0.638134	AR
19	0.433830	0.612680	0.447634	0.639141	004
19	0.452357	0.612680	0.466162	0.639141	010
19	0.470884	0.612680	0.484689	0.639141	004
19	0.489412	0.613669	0.503216	0.638133	AR
19	0.507939	0.613669	0.521743	0.638133	AR
19	0.526466	0.613669	0.540271	0.638133	AR
19	0.544993	0.612680	0.558798	0.639141	007
19	0.563521	0.612680	0.577325	0.639141	003
19	0.582048	0.612680	0.595853	0.639141	006
19	0.600575	0.612680	0.614380	0.639141	006
19	0.619174	0.612680	0.632979	0.639141	004
19	0.154812	0.659523	0.167282	0.694844	序号
19	0.173521	0.663686	0.187325	0.690147	109
19	0.192048	0.663988	0.205853	0.689845	110
19	0.210575	0.664289	0.224380	0.689542	111
19	0.229103	0.663988	0.242907	0.689845	112
19	0.247630	0.663988	0.261435	0.689845	113
19	0.266157	0.663988	0.279962	0.689845	114
19	0.284898	0.663988	0.298703	0.689845	115
19	0.303711	0.657551	0.317515	0.696196	115A
19	0.322238	0.663988	0.336043	0.689845	116
19	0.340765	0.663988	0.354570	0.689845	117
19	0.359293	0.663988	0.373097	0.689845	118
19	0.377820	0.663988	0.391625	0.689845	119
19	0.396561	0.663686	0.410365	0.690147	120
19	0.415302	0.657249	0.429107	0.696497	120A
19	0.433830	0.663686	0.447634	0.690147	121
19	0.452357	0.663686	0.466162	0.690147	122
19	0.470884	0.657249	0.484689	0.696497	123A
19	0.489412	0.663686	0.503216	0.690147	124
19	0.507939	0.663686	0.521743	0.690147	125
19	0.526466	0.663686	0.540271	0.690147	126
19	0.544993	0.663686	0.558798	0.690147	128
19	0.563521	0.663686	0.577325	0.690147	129
19	0.582048	0.663686	0.595853	0.690147	130
19	0.600575	0.663686	0.614380	0.690147	131
19	0.619174	0.663686	0.632978	0.690147	132
19	0.154812	0.712525	0.167282	0.730166	注
19	0.154812	0.807311	0.167282	0.824952	至
19	0.154812	0.930829	0.167282	0.948469	自
19	0.303711	0.883269	0.317515	0.958788	和VAM4)
19	0.154812	1.000000	0.167282	1.000000	称
19	0.154812	1.000000	0.167282	1.000000	名
19	0.173909	0.981569	0.186379	1.000000	一字六角螺钉
19	0.192436	1.000000	0.204907	1.000000	衬垫
19	0.210964	1.000000	0.223434	1.000000	绝缘垫片
19	0.229491	1.000000	0.241961	1.000000	六角螺栓
19	0.248018	0.981569	0.260489	1.000000	一字六角螺钉
19	0.266546	1.000000	0.279016	1.000000	基座总成
19	0.285287	1.000000	0.297757	1.000000	整流板
19	0.303711	0.963283	0.317515	1.000000	电压模块(VAM3
19	0.322626	1.000000	0.335097	1.000000	螺栓
19	0.341154	1.000000	0.353624	1.000000	支撑
19	0.359681	1.000000	0.372151	1.000000	母线板
19	0.378208	1.000000	0.390679	1.000000	母线板
19	0.396949	0.963929	0.409420	1.000000	母线安装绝缘板
19	0.415691	1.000000	0.428161	1.000000	母线板
19	0.434218	1.000000	0.446688	1.000000	母线板
19	0.452745	1.000000	0.465216	1.000000	母线板
19	0.471273	1.000000	0.483743	1.000000	母线板
19	0.489800	1.000000	0.502270	1.000000	母线板
19	0.508327	1.000000	0.520797	1.000000	母线板
19	0.526854	1.000000	0.539325	1.000000	母线板
19	0.545382	0.963929	0.557852	1.000000	母线安装绝缘板
19	0.563909	1.000000	0.576379	1.000000	母线板
19	0.582436	1.000000	0.594907	1.000000	母线板
19	0.600964	1.000000	0.613434	1.000000	母线板
19	0.619562	1.000000	0.632033	1.000000	母线板
19	0.154812	1.000000	0.167282	1.000000	号
19	0.154812	1.000000	0.167282	1.000000	件
19	0.173648	1.000000	0.186929	1.000000	20040492
19	0.192176	1.000000	0.205456	1.000000	20040493
19	0.210703	1.000000	0.223984	1.000000	20040494
19	0.229230	1.000000	0.242511	1.000000	20040495
19	0.247758	1.000000	0.261038	1.000000	20040496
19	0.266285	1.000000	0.279566	1.000000	20040497
19	0.285311	1.000000	0.298592	1.000000	20040498
19	0.303838	1.000000	0.317119	1.000000	20040499
19	0.322366	1.000000	0.335646	1.000000	20040500
19	0.340893	1.000000	0.354174	1.000000	20040501
19	0.359420	1.000000	0.372701	1.000000	20040502
19	0.377948	1.000000	0.391228	1.000000	20040503
19	0.396902	1.000000	0.410183	1.000000	20040504
19	0.415430	1.000000	0.428710	1.000000	20040505
19	0.433957	1.000000	0.447238	1.000000	20040506
19	0.452484	1.000000	0.465765	1.000000	20040507
19	0.471012	1.000000	0.484292	1.000000	20040508
19	0.489539	1.000000	0.502820	1.000000	20040509
19	0.508066	1.000000	0.521347	1.000000	20040510
19	0.526594	1.000000	0.539874	1.000000	20040511
19	0.545121	1.000000	0.558402	1.000000	20040512
19	0.563648	1.000000	0.576929	1.000000	20040513
19	0.582176	1.000000	0.595456	1.000000	20040514
19	0.600703	1.000000	0.613984	1.000000	20040515
19	0.619373	1.000000	0.632653	1.000000	20040516
19	0.117116	1.000000	0.129586	1.000000	电控柜17KG535L1
19	0.135643	1.000000	0.148113	1.000000	NTE240006
19	0.154812	1.000000	0.167282	1.000000	数量
19	0.173521	1.000000	0.187325	1.000000	002
19	0.192048	1.000000	0.205853	1.000000	004
19	0.210575	1.000000	0.224380	1.000000	004
19	0.229103	1.000000	0.242907	1.000000	006
19	0.247630	1.000000	0.261435	1.000000	AR
19	0.266157	1.000000	0.279962	1.000000	003
19	0.284898	1.000000	0.298703	1.000000	003
19	0.303711	1.000000	0.317515	1.000000	002
19	0.322238	1.000000	0.336043	1.000000	002
19	0.340765	1.000000	0.354570	1.000000	001
19	0.359293	1.000000	0.373097	1.000000	002
19	0.377820	1.000000	0.391625	1.000000	001
19	0.396561	1.000000	0.410366	1.000000	001
19	0.415302	1.000000	0.429107	1.000000	001
19	0.433830	1.000000	0.447634	1.000000	001
19	0.452357	1.000000	0.466162	1.000000	002
19	0.470884	1.000000	0.484689	1.000000	001
19	0.489412	1.000000	0.503216	1.000000	001
19	0.507939	1.000000	0.521743	1.000000	001
19	0.526466	1.000000	0.540271	1.000000	001
19	0.544993	1.000000	0.558798	1.000000	001
19	0.563521	1.000000	0.577325	1.000000	001
19	0.582048	1.000000	0.595853	1.000000	001
19	0.600575	1.000000	0.614380	1.000000	001
19	0.619174	1.000000	0.632979	1.000000	004
19	0.117116	1.000000	0.129586	1.000000	090-0180-240
19	0.135643	1.000000	0.148113	1.000000	自系列号
19	0.154812	1.000000	0.167282	1.000000	序号
19	0.154812	1.000000	0.167282	1.000000	注
19	0.173521	1.000000	0.187325	1.000000	84A
19	0.192048	1.000000	0.205853	1.000000	85A
19	0.210575	1.000000	0.224380	1.000000	86A
19	0.229103	1.000000	0.242907	1.000000	087
19	0.247630	1.000000	0.261435	1.000000	088
19	0.266157	1.000000	0.279962	1.000000	089
19	0.284898	1.000000	0.298703	1.000000	090
19	0.303711	1.000000	0.317515	1.000000	091
19	0.322238	1.000000	0.336043	1.000000	092
19	0.340765	1.000000	0.354570	1.000000	093
19	0.359293	1.000000	0.373097	1.000000	094
19	0.377820	1.000000	0.391625	1.000000	095
19	0.396561	1.000000	0.410365	1.000000	096
19	0.415302	1.000000	0.429107	1.000000	097
19	0.433830	1.000000	0.447634	1.000000	098
19	0.452357	1.000000	0.466162	1.000000	099
19	0.470884	1.000000	0.484689	1.000000	100
19	0.489412	1.000000	0.503216	1.000000	101
19	0.507939	1.000000	0.521743	1.000000	102
19	0.526466	1.000000	0.540271	1.000000	103
19	0.544993	1.000000	0.558798	1.000000	104
19	0.563521	1.000000	0.577325	1.000000	105
19	0.582048	1.000000	0.595853	1.000000	106
19	0.600575	1.000000	0.614380	1.000000	107
19	0.619174	1.000000	0.632978	1.000000	108
20	0.155168	0.144462	0.167638	0.162102	至
20	0.155168	0.267824	0.167638	0.285464	自
20	0.155168	0.373687	0.167638	0.391327	称
20	0.155168	0.400188	0.167638	0.417829	名
20	0.174265	0.398020	0.186736	0.468582	六角螺栓
20	0.192793	0.415661	0.205263	0.468582	硬垫片
20	0.210932	0.332902	0.224736	0.468582	垫片NO10（薄）
20	0.229847	0.433301	0.242318	0.468582	螺钉
20	0.248375	0.433301	0.260845	0.468582	垫片
20	0.266902	0.398020	0.279372	0.468582	六角螺栓
20	0.285643	0.433301	0.298113	0.468582	垫片
20	0.304455	0.398020	0.316926	0.468582	六角螺栓
20	0.322983	0.433301	0.335453	0.468582	螺栓
20	0.341510	0.433301	0.353980	0.468582	螺栓
20	0.360037	0.433301	0.372508	0.468582	支架
20	0.378565	0.380380	0.391035	0.468582	角支架总成
20	0.397306	0.398020	0.409776	0.468582	凹面垫片
20	0.416047	0.433301	0.428517	0.468582	夹板
20	0.434574	0.398020	0.447044	0.468582	橡胶垫片
20	0.453102	0.398020	0.465572	0.468582	六角螺丝
20	0.471629	0.415661	0.484099	0.468582	固定杆
20	0.490156	0.380380	0.502626	0.468582	电容母线板
20	0.508683	0.380380	0.521154	0.468582	垂直母线板
20	0.527211	0.433301	0.539681	0.468582	接头
20	0.545738	0.433301	0.558208	0.468582	接头
20	0.564265	0.433301	0.576736	0.468582	接头
20	0.582793	0.415661	0.595263	0.468582	密封垫
20	0.155168	0.523508	0.167638	0.541148	号
20	0.155168	0.549909	0.167638	0.567549	件
20	0.174005	0.500574	0.187285	0.575433	20039052
20	0.192532	0.500574	0.205813	0.575433	20040568
20	0.211059	0.500574	0.224340	0.575433	20038787
20	0.229587	0.500574	0.242867	0.575433	20038800
20	0.248114	0.500574	0.261395	0.575433	20038769
20	0.266641	0.500574	0.279922	0.575433	20040572
20	0.285667	0.500574	0.298948	0.575433	20040573
20	0.304195	0.500574	0.317475	0.575433	20040292
20	0.322722	0.500574	0.336003	0.575433	20040575
20	0.341249	0.500574	0.354530	0.575433	20040528
20	0.359777	0.500574	0.373057	0.575433	20040577
20	0.378304	0.500574	0.391585	0.575433	20040578
20	0.397259	0.500574	0.410539	0.575433	20040579
20	0.415786	0.500574	0.429067	0.575433	20040580
20	0.434313	0.500574	0.447594	0.575433	20040581
20	0.452841	0.500574	0.466121	0.575433	20040582
20	0.471368	0.500574	0.484649	0.575433	20040583
20	0.489895	0.500574	0.503176	0.575433	20040584
20	0.508423	0.500574	0.521703	0.575433	20040585
20	0.526950	0.500574	0.540231	0.575433	20040586
20	0.545477	0.500574	0.558758	0.575433	20040587
20	0.564005	0.500574	0.577285	0.575433	20040588
20	0.582532	0.500574	0.595813	0.575433	20040589
20	0.155168	0.602811	0.167638	0.638133	数量
20	0.173877	0.608245	0.187682	0.634706	010
20	0.192404	0.608245	0.206209	0.634706	006
20	0.210932	0.609335	0.224736	0.633798	AR
20	0.229459	0.608245	0.243264	0.634706	004
20	0.247986	0.608245	0.261791	0.634706	004
20	0.266514	0.608245	0.280318	0.634706	008
20	0.285255	0.609335	0.299059	0.633798	AR
20	0.304067	0.608245	0.317872	0.634706	010
20	0.322594	0.608245	0.336399	0.634706	002
20	0.341122	0.608245	0.354926	0.634706	002
20	0.359649	0.608245	0.373454	0.634706	010
20	0.378176	0.608245	0.391981	0.634706	010
20	0.396917	0.609335	0.410722	0.633798	AR
20	0.415659	0.608245	0.429463	0.634706	010
20	0.434186	0.608245	0.447991	0.634706	020
20	0.452713	0.609335	0.466518	0.633798	AR
20	0.471241	0.608245	0.485045	0.634706	004
20	0.489768	0.608245	0.503572	0.634706	005
20	0.508295	0.608245	0.522100	0.634706	005
20	0.526822	0.608245	0.540627	0.634706	002
20	0.545350	0.608245	0.559154	0.634706	004
20	0.563877	0.608245	0.577682	0.634706	020
20	0.582404	0.608245	0.596209	0.634706	001
20	0.155168	0.655895	0.167638	0.691216	序号
20	0.173877	0.653620	0.187682	0.692869	173A
20	0.192404	0.660057	0.206209	0.686518	174
20	0.210932	0.660057	0.224736	0.686518	175
20	0.229459	0.653620	0.243264	0.692869	176A
20	0.247986	0.660057	0.261791	0.686518	177
20	0.266514	0.660057	0.280318	0.686518	178
20	0.285254	0.660057	0.299059	0.686518	179
20	0.304067	0.653620	0.317872	0.692869	180A
20	0.322594	0.660057	0.336399	0.686518	181
20	0.341122	0.660057	0.354926	0.686518	182
20	0.359649	0.660057	0.373454	0.686518	183
20	0.378176	0.660057	0.391981	0.686518	184
20	0.396917	0.660057	0.410722	0.686518	185
20	0.415659	0.660057	0.429463	0.686518	186
20	0.434186	0.660057	0.447991	0.686518	187
20	0.452713	0.660057	0.466518	0.686518	188
20	0.471241	0.660057	0.485045	0.686518	189
20	0.489768	0.660057	0.503572	0.686518	190
20	0.508295	0.660057	0.522100	0.686518	191
20	0.526822	0.660057	0.540627	0.686518	192
20	0.545350	0.660057	0.559154	0.686518	193
20	0.563877	0.660057	0.577682	0.686518	194
20	0.582404	0.660057	0.596209	0.686518	195
20	0.155168	0.708898	0.167638	0.726538	注
20	0.155168	0.812553	0.167638	0.830194	至
20	0.155168	0.936070	0.167638	0.953711	自
20	0.155168	1.000000	0.167638	1.000000	称
20	0.155168	1.000000	0.167638	1.000000	名
20	0.174265	1.000000	0.186736	1.000000	绝缘螺杆
20	0.192793	1.000000	0.205263	1.000000	垫片
20	0.211320	0.995581	0.223790	1.000000	橡胶孔套管
20	0.229847	1.000000	0.242318	1.000000	六角锁帽
20	0.248375	1.000000	0.260845	1.000000	套管
20	0.266902	0.977940	0.279372	1.000000	玻璃钢隔离板
20	0.285643	0.960300	0.298113	1.000000	高压电缆隔离板
20	0.304455	1.000000	0.316926	1.000000	六角螺栓
20	0.322983	1.000000	0.335453	1.000000	六角螺栓
20	0.341510	1.000000	0.353980	1.000000	六角螺栓
20	0.360037	1.000000	0.372508	1.000000	六角螺栓
20	0.378565	1.000000	0.391035	1.000000	六角螺帽
20	0.397306	1.000000	0.409776	1.000000	六角螺帽
20	0.416047	1.000000	0.428517	1.000000	六角螺帽
20	0.434574	1.000000	0.447044	1.000000	弹簧垫片
20	0.453102	1.000000	0.465572	1.000000	弹簧垫片
20	0.471629	1.000000	0.484099	1.000000	弹簧垫片
20	0.490156	1.000000	0.502626	1.000000	电容总成
20	0.508683	0.995581	0.521154	1.000000	带端子电阻
20	0.527211	1.000000	0.539681	1.000000	垫片
20	0.545738	1.000000	0.558208	1.000000	六角螺栓
20	0.564265	1.000000	0.576736	1.000000	电阻总成
20	0.582793	1.000000	0.595263	1.000000	配接组件
20	0.601320	1.000000	0.613790	1.000000	基座总成
20	0.619918	1.000000	0.632389	1.000000	六角螺栓
20	0.155168	1.000000	0.167638	1.000000	号
20	0.155168	1.000000	0.167638	1.000000	件
20	0.174005	1.000000	0.187285	1.000000	20040542
20	0.192532	1.000000	0.205813	1.000000	20040543
20	0.211059	1.000000	0.224340	1.000000	20040544
20	0.229587	1.000000	0.242867	1.000000	20040545
20	0.248114	1.000000	0.261395	1.000000	20040546
20	0.266641	1.000000	0.279922	1.000000	20040547
20	0.285667	1.000000	0.298948	1.000000	20040548
20	0.304195	1.000000	0.317475	1.000000	20040486
20	0.322722	1.000000	0.336003	1.000000	20040550
20	0.341249	1.000000	0.354530	1.000000	20040551
20	0.359777	1.000000	0.373057	1.000000	20040552
20	0.378304	1.000000	0.391585	1.000000	20038771
20	0.397259	1.000000	0.410539	1.000000	20039044
20	0.415786	1.000000	0.429067	1.000000	20039196
20	0.434313	1.000000	0.447594	1.000000	20040556
20	0.452841	1.000000	0.466121	1.000000	20038763
20	0.471368	1.000000	0.484649	1.000000	20038834
20	0.489895	1.000000	0.503176	1.000000	20040559
20	0.508423	1.000000	0.521703	1.000000	20040560
20	0.526950	1.000000	0.540231	1.000000	20038835
20	0.545477	1.000000	0.558758	1.000000	20039079
20	0.564005	1.000000	0.577285	1.000000	20040563
20	0.582532	1.000000	0.595813	1.000000	20040564
20	0.601059	1.000000	0.614340	1.000000	20040565
20	0.619729	1.000000	0.633010	1.000000	20040566
20	0.117471	1.000000	0.129941	1.000000	电控柜17KG535L1
20	0.135998	1.000000	0.148469	1.000000	NTE240006
20	0.155168	1.000000	0.167638	1.000000	数量
20	0.173877	1.000000	0.187682	1.000000	002
20	0.192404	1.000000	0.206209	1.000000	004
20	0.210932	1.000000	0.224736	1.000000	001
20	0.229459	1.000000	0.243264	1.000000	004
20	0.247986	1.000000	0.261791	1.000000	004
20	0.266514	1.000000	0.280318	1.000000	001
20	0.285255	1.000000	0.299059	1.000000	001
20	0.304067	1.000000	0.317872	1.000000	001
20	0.322594	1.000000	0.336399	1.000000	012
20	0.341122	1.000000	0.354926	1.000000	003
20	0.359649	1.000000	0.373454	1.000000	003
20	0.378176	1.000000	0.391981	1.000000	004
20	0.396917	1.000000	0.410722	1.000000	AR
20	0.415659	1.000000	0.429463	1.000000	AR
20	0.434186	1.000000	0.447991	1.000000	004
20	0.452713	1.000000	0.466518	1.000000	AR
20	0.471241	1.000000	0.485045	1.000000	AR
20	0.489768	1.000000	0.503572	1.000000	002
20	0.508295	1.000000	0.522100	1.000000	002
20	0.526822	1.000000	0.540627	1.000000	004
20	0.545350	1.000000	0.559154	1.000000	AR
20	0.563877	1.000000	0.577682	1.000000	001
20	0.582404	1.000000	0.596209	1.000000	002
20	0.600932	1.000000	0.614736	1.000000	001
20	0.619530	1.000000	0.633335	1.000000	004
20	0.117471	1.000000	0.129941	1.000000	090-0180-240
20	0.135998	1.000000	0.148469	1.000000	自系列号
20	0.155168	1.000000	0.167638	1.000000	序号
20	0.155168	1.000000	0.167638	1.000000	注
20	0.173877	1.000000	0.187682	1.000000	133
20	0.192404	1.000000	0.206209	1.000000	134A
20	0.210932	1.000000	0.224736	1.000000	136
20	0.229459	1.000000	0.243264	1.000000	137
20	0.247986	1.000000	0.261791	1.000000	139
20	0.266514	1.000000	0.280318	1.000000	140
20	0.285254	1.000000	0.299059	1.000000	143
20	0.304067	1.000000	0.317872	1.000000	151A
20	0.322594	1.000000	0.336399	1.000000	152A
20	0.341122	1.000000	0.354926	1.000000	153A
20	0.359649	1.000000	0.373454	1.000000	154A
20	0.378176	1.000000	0.391981	1.000000	155A
20	0.396917	1.000000	0.410722	1.000000	156A
20	0.415659	1.000000	0.429463	1.000000	157A
20	0.434186	1.000000	0.447991	1.000000	160A
20	0.452713	1.000000	0.466518	1.000000	161A
20	0.471241	1.000000	0.485045	1.000000	162A
20	0.489768	1.000000	0.503572	1.000000	165A
20	0.508295	1.000000	0.522100	1.000000	166
20	0.526822	1.000000	0.540627	1.000000	167A
20	0.545350	1.000000	0.559154	1.000000	168
20	0.563877	1.000000	0.577682	1.000000	169
20	0.582404	1.000000	0.596209	1.000000	170
20	0.600932	1.000000	0.614736	1.000000	171
20	0.619530	1.000000	0.633335	1.000000	172
21	0.116475	1.000000	0.128945	1.000000	电控柜门和盖KG535L1
21	0.134614	1.000000	0.148418	1.000000	NTE240006
21	0.116475	1.000000	0.128945	1.000000	090-0180-240
21	0.135002	1.000000	0.147472	1.000000	自系列号
22	0.116475	1.000000	0.128945	1.000000	电控柜门和盖KG535L1
22	0.134614	1.000000	0.148418	1.000000	NTE240006
22	0.116475	1.000000	0.128945	1.000000	090-0180-240
22	0.135002	1.000000	0.147472	1.000000	自系列号
23	0.106427	1.000000	0.118898	1.000000	电控柜门和盖KG535L1
23	0.124566	1.000000	0.138371	1.000000	NTE240006
23	0.106427	1.000000	0.118898	1.000000	090-0180-240
23	0.124955	1.000000	0.137425	1.000000	自系列号
24	0.106427	1.000000	0.118898	1.000000	电控柜门和盖KG535L1
24	0.124566	1.000000	0.138371	1.000000	NTE240006
24	0.106427	1.000000	0.118898	1.000000	090-0180-240
24	0.124955	1.000000	0.137425	1.000000	自系列号
25	0.143909	0.210585	0.156379	0.228225	至
25	0.143909	0.333958	0.156379	0.351598	自
25	0.143909	0.439727	0.156379	0.457368	称
25	0.162801	0.409613	0.175842	0.464953	粘合剂
25	0.181329	0.409613	0.194369	0.464953	门总成
25	0.199856	0.428059	0.212896	0.464953	绞链
25	0.218383	0.428059	0.231424	0.464953	衬垫
25	0.237552	0.428059	0.250592	0.464953	衬垫
25	0.256721	0.409613	0.269761	0.464953	粘合剂
25	0.275248	0.409613	0.288288	0.464953	门总成
25	0.293775	0.428059	0.306816	0.464953	绞链
25	0.312303	0.428059	0.325343	0.464953	衬垫
25	0.330830	0.428059	0.343870	0.464953	衬垫
25	0.349357	0.409613	0.362398	0.464953	粘合剂
25	0.367885	0.409613	0.380925	0.464953	门总成
25	0.386412	0.428059	0.399452	0.464953	衬垫
25	0.404939	0.409613	0.417979	0.464953	粘合剂
25	0.423466	0.409613	0.436507	0.464953	盖总成
25	0.441994	0.428059	0.455034	0.464953	衬垫
25	0.460521	0.409613	0.473561	0.464953	粘合剂
25	0.479048	0.409613	0.492089	0.464953	盖总成
25	0.498716	0.428059	0.511756	0.464953	衬垫
25	0.518383	0.409613	0.531424	0.464953	粘合剂
25	0.536911	0.428059	0.549951	0.464953	盖板
25	0.555509	0.409613	0.568550	0.464953	盖总成
25	0.574108	0.428059	0.587148	0.464953	衬垫
25	0.592635	0.409613	0.605675	0.464953	粘合剂
25	0.143909	0.466239	0.156379	0.483880	名
25	0.143909	0.519163	0.156379	0.536803	号
25	0.143909	0.545574	0.156379	0.563215	件
25	0.162689	0.492223	0.176494	0.562131	20038911
25	0.181217	0.491817	0.195021	0.562431	20038931
25	0.199744	0.491817	0.213549	0.562431	20038908
25	0.218271	0.491817	0.232076	0.562431	20038933
25	0.237440	0.491817	0.251245	0.562431	20038934
25	0.256609	0.492223	0.270413	0.562131	20038911
25	0.275136	0.491817	0.288941	0.562431	20038936
25	0.293663	0.491817	0.307468	0.562431	20038908
25	0.312191	0.491817	0.325995	0.562431	20038933
25	0.330718	0.491817	0.344523	0.562431	20038934
25	0.349245	0.492223	0.363050	0.562131	20038911
25	0.367773	0.491817	0.381577	0.562431	20038941
25	0.386300	0.491821	0.400105	0.562434	20038942
25	0.404827	0.492223	0.418632	0.562131	20038911
25	0.423355	0.491817	0.437159	0.562431	20038944
25	0.441882	0.491821	0.455686	0.562434	20038942
25	0.460409	0.492223	0.474214	0.562131	20038911
25	0.478936	0.491817	0.492741	0.562431	20038947
25	0.498604	0.491821	0.512409	0.562434	20038942
25	0.518271	0.492223	0.532076	0.562131	20038911
25	0.536799	0.491817	0.550603	0.562431	20038950
25	0.555397	0.491817	0.569202	0.562431	20038951
25	0.573996	0.491821	0.587800	0.562434	20038942
25	0.592523	0.492209	0.606328	0.562111	20038911
25	0.162689	0.591695	0.176494	0.616158	AR
25	0.181217	0.589698	0.195021	0.616158	001
25	0.199744	0.589698	0.213549	0.616158	003
25	0.218271	0.589698	0.232076	0.616158	002
25	0.237440	0.589698	0.251245	0.616158	002
25	0.256609	0.591695	0.270413	0.616158	AR
25	0.275136	0.589698	0.288941	0.616158	001
25	0.293663	0.589698	0.307468	0.616158	003
25	0.312191	0.589698	0.325995	0.616158	002
25	0.330718	0.589698	0.344523	0.616158	002
25	0.349245	0.591695	0.363050	0.616158	AR
25	0.367773	0.589698	0.381577	0.616158	001
25	0.386300	0.591695	0.400105	0.616158	AR
25	0.404827	0.591695	0.418632	0.616158	AR
25	0.423355	0.589698	0.437159	0.616158	001
25	0.441882	0.591695	0.455686	0.616158	AR
25	0.460409	0.591695	0.474214	0.616158	AR
25	0.478936	0.589698	0.492741	0.616158	001
25	0.498604	0.591695	0.512409	0.616158	AR
25	0.518271	0.591695	0.532076	0.616158	AR
25	0.536799	0.589698	0.550603	0.616158	003
25	0.555397	0.589698	0.569202	0.616158	001
25	0.573996	0.591695	0.587800	0.616158	AR
25	0.592523	0.591675	0.606328	0.616139	AR
25	0.143909	0.598552	0.156379	0.633833	数量
25	0.162689	0.637795	0.176494	0.677043	021A
25	0.181217	0.650582	0.195021	0.677043	022
25	0.199744	0.650582	0.213549	0.677043	023
25	0.218271	0.650582	0.232076	0.677043	024
25	0.237440	0.650582	0.251245	0.677043	025
25	0.256609	0.637795	0.270413	0.677043	025A
25	0.275136	0.650582	0.288941	0.677043	026
25	0.293663	0.650582	0.307468	0.677043	027
25	0.312191	0.650582	0.325995	0.677043	028
25	0.330718	0.650582	0.344523	0.677043	029
25	0.349245	0.637795	0.363050	0.677043	029A
25	0.367773	0.650582	0.381577	0.677043	030
25	0.386300	0.650582	0.400105	0.677043	031
25	0.404827	0.637795	0.418632	0.677043	031A
25	0.423355	0.650582	0.437159	0.677043	032
25	0.441882	0.650582	0.455686	0.677043	033
25	0.460409	0.637795	0.474214	0.677043	033A
25	0.478936	0.650582	0.492741	0.677043	034
25	0.498604	0.650582	0.512409	0.677043	035
25	0.518271	0.637795	0.532076	0.677043	035A
25	0.536799	0.650582	0.550603	0.677043	036
25	0.555397	0.650582	0.569202	0.677043	037
25	0.573996	0.637795	0.587800	0.677043	037A
25	0.592523	0.638768	0.606328	0.677043	037B
25	0.143909	0.651530	0.156379	0.686765	序号
25	0.143909	0.704360	0.156379	0.722000	注
25	0.143909	0.759864	0.156379	0.777505	至
25	0.162801	0.789135	0.175842	0.844476	门和盖
25	0.143909	0.883226	0.156379	0.900867	自
25	0.143909	0.989089	0.156379	1.000000	称
25	0.143909	1.000000	0.156379	1.000000	名
25	0.162395	0.849064	0.176831	1.000000	电控柜门和盖KG535L1
25	0.181329	1.000000	0.194369	1.000000	门柱
25	0.199856	0.984190	0.212896	1.000000	门总成
25	0.218383	1.000000	0.231424	1.000000	绞链
25	0.236911	1.000000	0.249951	1.000000	衬垫
25	0.255438	1.000000	0.268478	1.000000	衬垫
25	0.273965	0.984190	0.287006	1.000000	粘合剂
25	0.292493	0.984190	0.305533	1.000000	门总成
25	0.311020	1.000000	0.324060	1.000000	衬垫
25	0.329547	1.000000	0.342588	1.000000	衬垫
25	0.348075	0.984190	0.361115	1.000000	粘合剂
25	0.366602	0.984190	0.379642	1.000000	门总成
25	0.385129	1.000000	0.398170	1.000000	绞链
25	0.403656	1.000000	0.416697	1.000000	衬垫
25	0.422184	1.000000	0.435224	1.000000	衬垫
25	0.440711	0.984190	0.453751	1.000000	粘合剂
25	0.459238	0.984190	0.472279	1.000000	门总成
25	0.477766	1.000000	0.490806	1.000000	绞链
25	0.497433	1.000000	0.510474	1.000000	衬垫
25	0.517101	1.000000	0.530141	1.000000	衬垫
25	0.535628	0.984190	0.548668	1.000000	粘合剂
25	0.554155	0.984190	0.567196	1.000000	门总成
25	0.572683	1.000000	0.585723	1.000000	绞链
25	0.591210	1.000000	0.604250	1.000000	衬垫
25	0.609737	1.000000	0.622778	1.000000	衬垫
25	0.143909	1.000000	0.156379	1.000000	号
25	0.143909	1.000000	0.156379	1.000000	件
25	0.162395	1.000000	0.176831	1.000000	20038623
25	0.181217	1.000000	0.195021	1.000000	20038906
25	0.199744	1.000000	0.213549	1.000000	20038907
25	0.218271	1.000000	0.232076	1.000000	20038908
25	0.236799	1.000000	0.250603	1.000000	20038909
25	0.255326	1.000000	0.269131	1.000000	20038910
25	0.273853	1.000000	0.287658	1.000000	20038911
25	0.292381	1.000000	0.306185	1.000000	20038912
25	0.310908	1.000000	0.324713	1.000000	20038913
25	0.329435	1.000000	0.343240	1.000000	20038909
25	0.347963	1.000000	0.361767	1.000000	20038911
25	0.366490	1.000000	0.380295	1.000000	20038916
25	0.385017	1.000000	0.398822	1.000000	20038908
25	0.403545	1.000000	0.417349	1.000000	20038918
25	0.422072	1.000000	0.435876	1.000000	20038919
25	0.440599	1.000000	0.454404	1.000000	20038911
25	0.459126	1.000000	0.472931	1.000000	20038921
25	0.477654	1.000000	0.491458	1.000000	20038908
25	0.497321	1.000000	0.511126	1.000000	20038923
25	0.516989	1.000000	0.530793	1.000000	20038924
25	0.535516	1.000000	0.549321	1.000000	20038911
25	0.554043	1.000000	0.567848	1.000000	20038926
25	0.572571	1.000000	0.586375	1.000000	20038908
25	0.591098	1.000000	0.604903	1.000000	20038928
25	0.609625	1.000000	0.623430	1.000000	20038918
25	0.106284	1.000000	0.118754	1.000000	电控柜门和盖KG535L1
25	0.162689	1.000000	0.176494	1.000000	001
25	0.181217	1.000000	0.195021	1.000000	001
25	0.199744	1.000000	0.213549	1.000000	001
25	0.218271	1.000000	0.232076	1.000000	002
25	0.236799	1.000000	0.250603	1.000000	002
25	0.255326	1.000000	0.269131	1.000000	002
25	0.273853	1.000000	0.287658	1.000000	AR
25	0.292381	1.000000	0.306185	1.000000	001
25	0.310908	1.000000	0.324713	1.000000	002
25	0.329435	1.000000	0.343240	1.000000	002
25	0.347963	1.000000	0.361767	1.000000	AR
25	0.366490	1.000000	0.380295	1.000000	001
25	0.385017	1.000000	0.398822	1.000000	002
25	0.403545	1.000000	0.417349	1.000000	002
25	0.422072	1.000000	0.435876	1.000000	002
25	0.440599	1.000000	0.454404	1.000000	AR
25	0.459126	1.000000	0.472931	1.000000	001
25	0.477654	1.000000	0.491458	1.000000	002
25	0.497321	1.000000	0.511126	1.000000	002
25	0.516989	1.000000	0.530793	1.000000	002
25	0.535516	1.000000	0.549321	1.000000	AR
25	0.554043	1.000000	0.567848	1.000000	001
25	0.572571	1.000000	0.586375	1.000000	002
25	0.591098	1.000000	0.604903	1.000000	002
25	0.609625	1.000000	0.623430	1.000000	002
25	0.124811	1.000000	0.137282	1.000000	NTE240006
25	0.143909	1.000000	0.156379	1.000000	数量
25	0.162689	1.000000	0.176494	1.000000	001
25	0.181217	1.000000	0.195021	1.000000	002
25	0.199744	1.000000	0.213549	1.000000	003
25	0.218271	1.000000	0.232076	1.000000	004
25	0.236799	1.000000	0.250603	1.000000	005
25	0.255326	1.000000	0.269131	1.000000	006
25	0.273853	1.000000	0.287658	1.000000	06A
25	0.292381	1.000000	0.306185	1.000000	007
25	0.310908	1.000000	0.324713	1.000000	008
25	0.329435	1.000000	0.343240	1.000000	009
25	0.347963	1.000000	0.361767	1.000000	09A
25	0.366490	1.000000	0.380295	1.000000	010
25	0.385017	1.000000	0.398822	1.000000	011
25	0.403545	1.000000	0.417349	1.000000	012
25	0.422072	1.000000	0.435876	1.000000	013
25	0.440599	1.000000	0.454404	1.000000	013A
25	0.459126	1.000000	0.472931	1.000000	014
25	0.477654	1.000000	0.491458	1.000000	015
25	0.497321	1.000000	0.511126	1.000000	016
25	0.516989	1.000000	0.530793	1.000000	017
25	0.535516	1.000000	0.549321	1.000000	017A
25	0.554043	1.000000	0.567848	1.000000	018
25	0.572571	1.000000	0.586375	1.000000	019
25	0.591098	1.000000	0.604903	1.000000	020
25	0.609625	1.000000	0.623430	1.000000	021
25	0.143909	1.000000	0.156379	1.000000	序号
25	0.106284	1.000000	0.118754	1.000000	090-0180-240
25	0.124811	1.000000	0.137282	1.000000	自系列号
25	0.143909	1.000000	0.156379	1.000000	注
26	0.154384	0.207863	0.166854	0.225504	至
26	0.154384	0.331236	0.166854	0.348877	自
26	0.154384	0.437006	0.166854	0.454646	称
26	0.154384	0.463518	0.166854	0.481158	名
26	0.154384	0.516441	0.166854	0.534082	号
26	0.154384	0.542852	0.166854	0.560493	件
26	0.154384	0.595830	0.166854	0.631111	数量
26	0.154384	0.648808	0.166854	0.684044	序号
26	0.154384	0.701638	0.166854	0.719279	注
26	0.154384	0.757143	0.166854	0.774783	至
26	0.154384	0.880504	0.166854	0.898145	自
26	0.154384	0.986367	0.166854	1.000000	称
26	0.154384	1.000000	0.166854	1.000000	名
26	0.173482	0.983888	0.185952	1.000000	盖总成
26	0.192009	1.000000	0.204479	1.000000	衬垫
26	0.210536	1.000000	0.223006	1.000000	衬垫
26	0.229063	0.983888	0.241534	1.000000	粘合剂
26	0.247591	1.000000	0.260061	1.000000	销
26	0.266118	0.983888	0.278588	1.000000	盖总成
26	0.284645	1.000000	0.297116	1.000000	衬垫
26	0.303173	0.983888	0.315643	1.000000	粘合剂
26	0.321700	0.983888	0.334170	1.000000	盖总成
26	0.340227	1.000000	0.352698	1.000000	衬垫
26	0.358755	0.983888	0.371225	1.000000	粘合剂
26	0.377282	1.000000	0.389752	1.000000	盖
26	0.154384	1.000000	0.166854	1.000000	号
26	0.154384	1.000000	0.166854	1.000000	件
26	0.172799	1.000000	0.187235	1.000000	20038625
26	0.191326	1.000000	0.205762	1.000000	20038629
26	0.209854	1.000000	0.224289	1.000000	20038630
26	0.228381	1.000000	0.242817	1.000000	20038911
26	0.246908	1.000000	0.261344	1.000000	20038633
26	0.265436	1.000000	0.279871	1.000000	20038634
26	0.283963	1.000000	0.298399	1.000000	20038638
26	0.302490	1.000000	0.316926	1.000000	20038911
26	0.321018	1.000000	0.335453	1.000000	20038639
26	0.339545	1.000000	0.353981	1.000000	20038942
26	0.358072	1.000000	0.372508	1.000000	20038911
26	0.376600	1.000000	0.391035	1.000000	20038635
26	0.116759	1.000000	0.129229	1.000000	电控柜门和盖KG535L1
26	0.173093	1.000000	0.186898	1.000000	001
26	0.191621	1.000000	0.205425	1.000000	AR
26	0.210148	1.000000	0.223953	1.000000	AR
26	0.228675	1.000000	0.242480	1.000000	AR
26	0.247202	1.000000	0.261007	1.000000	002
26	0.265730	1.000000	0.279534	1.000000	001
26	0.284257	1.000000	0.298062	1.000000	AR
26	0.302784	1.000000	0.316589	1.000000	AR
26	0.321312	1.000000	0.335116	1.000000	001
26	0.339839	1.000000	0.353644	1.000000	AR
26	0.358366	1.000000	0.372171	1.000000	AR
26	0.376894	1.000000	0.390698	1.000000	001
26	0.135286	1.000000	0.147757	1.000000	NTE240006
26	0.154384	1.000000	0.166854	1.000000	数量
26	0.173093	1.000000	0.186898	1.000000	038
26	0.191621	1.000000	0.205425	1.000000	039
26	0.210148	1.000000	0.223953	1.000000	040
26	0.228675	1.000000	0.242480	1.000000	40A
26	0.247202	1.000000	0.261007	1.000000	041
26	0.265730	1.000000	0.279534	1.000000	042
26	0.284257	1.000000	0.298062	1.000000	043
26	0.302784	1.000000	0.316589	1.000000	43A
26	0.321312	1.000000	0.335116	1.000000	044
26	0.339839	1.000000	0.353644	1.000000	045
26	0.358366	1.000000	0.372171	1.000000	45A
26	0.376894	1.000000	0.390698	1.000000	046
26	0.154384	1.000000	0.166854	1.000000	序号
26	0.116759	1.000000	0.129229	1.000000	090-0180-240
26	0.135286	1.000000	0.147757	1.000000	自系列号
26	0.154384	1.000000	0.166854	1.000000	注
27	0.097947	1.000000	0.110417	1.000000	17FL386E1
27	0.097947	1.000000	0.110417	1.000000	控制板ICP2
27	0.116086	1.000000	0.129890	1.000000	NTE240006
27	0.097947	1.000000	0.110417	1.000000	090-0180-240
27	0.116474	1.000000	0.128944	1.000000	自系列号
28	0.097947	1.000000	0.110417	1.000000	17FL386E1
28	0.097947	1.000000	0.110417	1.000000	控制板ICP2
28	0.116086	1.000000	0.129891	1.000000	NTE240006
28	0.097947	1.000000	0.110417	1.000000	090-0180-240
28	0.116474	1.000000	0.128945	1.000000	自系列号
29	0.125382	0.183944	0.137852	0.201585	至
29	0.125382	0.307461	0.137852	0.325102	自
29	0.125382	0.413160	0.137852	0.430801	称
29	0.125382	0.439563	0.137852	0.457203	名
29	0.125382	0.518954	0.137852	0.536595	号
29	0.125382	0.545357	0.137852	0.562997	件
29	0.125382	0.598263	0.137852	0.633586	数量
29	0.125382	0.651354	0.137852	0.686677	序号
29	0.125382	0.704360	0.137852	0.722000	注
29	0.125382	0.759864	0.137852	0.777505	至
29	0.125382	0.883226	0.137852	0.900867	自
29	0.554779	0.921691	0.566680	0.938525	卡
29	0.144550	0.961408	0.157021	0.979048	盘
29	0.479530	0.963223	0.491430	0.980057	卡
29	0.125382	0.989089	0.137852	1.000000	称
29	0.144162	0.983557	0.157967	1.000000	ICP2
29	0.163425	0.969271	0.175326	1.000000	盖总成
29	0.181953	0.986105	0.193853	1.000000	绞链
29	0.200480	0.969271	0.212380	1.000000	卡导槽
29	0.219007	1.000000	0.230908	1.000000	钩
29	0.237535	1.000000	0.249435	1.000000	销
29	0.256062	1.000000	0.267962	1.000000	盖
29	0.274589	0.986105	0.286490	1.000000	弹簧
29	0.293117	1.000000	0.305017	1.000000	板
29	0.311644	1.000000	0.323544	1.000000	板
29	0.330171	1.000000	0.342071	1.000000	板
29	0.348699	0.986105	0.360599	1.000000	支架
29	0.367226	0.986105	0.379126	1.000000	底板
29	0.385753	0.969271	0.397653	1.000000	连接器
29	0.404281	0.969271	0.416181	1.000000	连接器
29	0.422808	0.986105	0.434708	1.000000	插座
29	0.441335	0.969271	0.453235	1.000000	导向键
29	0.459862	0.969271	0.471763	1.000000	导向键
29	0.478993	0.984233	0.492273	1.000000	CPU
29	0.499197	0.969271	0.511098	1.000000	数据卡
29	0.517725	0.952437	0.529625	1.000000	模拟量卡
29	0.536252	0.918870	0.548152	1.000000	新马达数字卡
29	0.554242	0.942661	0.567523	1.000000	逆变器I/O
29	0.573307	0.952437	0.585207	1.000000	模块总成
29	0.591834	0.952437	0.603734	1.000000	模块总成
29	0.125382	1.000000	0.137852	1.000000	名
29	0.087757	1.000000	0.100227	1.000000	17FL386E1
29	0.125382	1.000000	0.137852	1.000000	号
29	0.144162	1.000000	0.157967	1.000000	20038728
29	0.162395	1.000000	0.176831	1.000000	20038955
29	0.180923	1.000000	0.195358	1.000000	20038956
29	0.199450	1.000000	0.213886	1.000000	20038957
29	0.217977	1.000000	0.232413	1.000000	20038958
29	0.236505	1.000000	0.250940	1.000000	20038959
29	0.255032	1.000000	0.269468	1.000000	20038960
29	0.273559	1.000000	0.287995	1.000000	20038961
29	0.292086	1.000000	0.306522	1.000000	20038962
29	0.310614	1.000000	0.325050	1.000000	20038963
29	0.329141	1.000000	0.343577	1.000000	20038599
29	0.347668	1.000000	0.362104	1.000000	20038964
29	0.366196	1.000000	0.380631	1.000000	20038965
29	0.384723	1.000000	0.399159	1.000000	20038966
29	0.403250	1.000000	0.417686	1.000000	20038967
29	0.421778	1.000000	0.436213	1.000000	20038968
29	0.440305	1.000000	0.454741	1.000000	20038969
29	0.458832	1.000000	0.473268	1.000000	20038970
29	0.478500	1.000000	0.492935	1.000000	20038597
29	0.498167	1.000000	0.512603	1.000000	20038972
29	0.516695	1.000000	0.531130	1.000000	20038699
29	0.535222	1.000000	0.549658	1.000000	20038974
29	0.553749	1.000000	0.568185	1.000000	20038620
29	0.572277	1.000000	0.586712	1.000000	20038976
29	0.590804	1.000000	0.605240	1.000000	20038977
29	0.125382	1.000000	0.137852	1.000000	件
29	0.087757	1.000000	0.100227	1.000000	控制板ICP2
29	0.144162	1.000000	0.157967	1.000000	001
29	0.162689	1.000000	0.176494	1.000000	001
29	0.181217	1.000000	0.195021	1.000000	001
29	0.199744	1.000000	0.213549	1.000000	016
29	0.218271	1.000000	0.232076	1.000000	002
29	0.236799	1.000000	0.250603	1.000000	002
29	0.255326	1.000000	0.269131	1.000000	001
29	0.273853	1.000000	0.287658	1.000000	002
29	0.292381	1.000000	0.306185	1.000000	001
29	0.310908	1.000000	0.324713	1.000000	001
29	0.329435	1.000000	0.343240	1.000000	001
29	0.347963	1.000000	0.361767	1.000000	004
29	0.366490	1.000000	0.380295	1.000000	001
29	0.385017	1.000000	0.398822	1.000000	012
29	0.403545	1.000000	0.417349	1.000000	006
29	0.422072	1.000000	0.435876	1.000000	002
29	0.440599	1.000000	0.454404	1.000000	012
29	0.459126	1.000000	0.472931	1.000000	012
29	0.478794	1.000000	0.492599	1.000000	002
29	0.498461	1.000000	0.512266	1.000000	002
29	0.516989	1.000000	0.530793	1.000000	001
29	0.535516	1.000000	0.549321	1.000000	001
29	0.554043	1.000000	0.567848	1.000000	002
29	0.572571	1.000000	0.586375	1.000000	001
29	0.591098	1.000000	0.604903	1.000000	001
29	0.106284	1.000000	0.118755	1.000000	NTE240006
29	0.125382	1.000000	0.137852	1.000000	数量
29	0.144162	1.000000	0.157967	1.000000	001
29	0.162689	1.000000	0.176494	1.000000	002
29	0.181217	1.000000	0.195021	1.000000	003
29	0.199744	1.000000	0.213549	1.000000	004
29	0.218271	1.000000	0.232076	1.000000	005
29	0.236799	1.000000	0.250603	1.000000	006
29	0.255326	1.000000	0.269131	1.000000	007
29	0.273853	1.000000	0.287658	1.000000	008
29	0.292381	1.000000	0.306185	1.000000	009
29	0.310908	1.000000	0.324713	1.000000	010
29	0.329435	1.000000	0.343240	1.000000	10A
29	0.347963	1.000000	0.361767	1.000000	011
29	0.366490	1.000000	0.380295	1.000000	11A
29	0.385017	1.000000	0.398822	1.000000	012
29	0.403545	1.000000	0.417349	1.000000	013
29	0.422072	1.000000	0.435876	1.000000	014
29	0.440599	1.000000	0.454404	1.000000	015
29	0.459126	1.000000	0.472931	1.000000	016
29	0.478794	1.000000	0.492599	1.000000	017
29	0.498461	1.000000	0.512266	1.000000	018
29	0.516989	1.000000	0.530793	1.000000	019
29	0.535516	1.000000	0.549321	1.000000	020
29	0.554043	1.000000	0.567848	1.000000	021
29	0.572571	1.000000	0.586375	1.000000	022
29	0.591098	1.000000	0.604903	1.000000	023
29	0.125382	1.000000	0.137852	1.000000	序号
29	0.087757	1.000000	0.100227	1.000000	090-0180-240
29	0.106284	1.000000	0.118755	1.000000	自系列号
29	0.125382	1.000000	0.137852	1.000000	注
30	0.116475	1.000000	0.128945	1.000000	电阻柜17EM146B1
30	0.134614	1.000000	0.148418	1.000000	NTE240006
30	0.116475	1.000000	0.128945	1.000000	090-0180-240
30	0.135002	1.000000	0.147472	1.000000	自系列号
31	0.116475	1.000000	0.128945	1.000000	电阻柜17EM146B1
31	0.134614	1.000000	0.148418	1.000000	NTE240006
31	0.116475	1.000000	0.128945	1.000000	090-0180-240
31	0.135002	1.000000	0.147472	1.000000	自系列号
32	0.106427	1.000000	0.118898	1.000000	电阻柜17EM146B1
32	0.124566	1.000000	0.138371	1.000000	NTE240006
32	0.106427	1.000000	0.118898	1.000000	090-0180-240
32	0.124955	1.000000	0.137425	1.000000	自系列号
33	0.107068	1.000000	0.119539	1.000000	电阻柜17EM146B1
33	0.125207	1.000000	0.139012	1.000000	NTE240006
33	0.107068	1.000000	0.119539	1.000000	090-0180-240
33	0.125596	1.000000	0.138066	1.000000	自系列号
34	0.106427	1.000000	0.118898	1.000000	电阻柜17EM146B1
34	0.124566	1.000000	0.138371	1.000000	NTE240006
34	0.106427	1.000000	0.118898	1.000000	090-0180-240
34	0.124955	1.000000	0.137425	1.000000	自系列号
35	0.107068	1.000000	0.119539	1.000000	电阻柜17EM146B1
35	0.125207	1.000000	0.139012	1.000000	NTE240006
35	0.107068	1.000000	0.119539	1.000000	090-0180-240
35	0.125596	1.000000	0.138066	1.000000	自系列号
36	0.115690	1.000000	0.128161	1.000000	电阻柜17EM146B1
36	0.133829	1.000000	0.147634	1.000000	NTE240006
36	0.115690	1.000000	0.128161	1.000000	090-0180-240
36	0.134218	1.000000	0.146688	1.000000	自系列号
37	0.115691	1.000000	0.128161	1.000000	电阻柜17EM146B1
37	0.133829	1.000000	0.147634	1.000000	NTE240006
37	0.115691	1.000000	0.128161	1.000000	090-0180-240
37	0.134218	1.000000	0.146688	1.000000	自系列号
38	0.097733	1.000000	0.110203	1.000000	电阻柜17EM146B1
38	0.115871	1.000000	0.129676	1.000000	NTE240006
38	0.097733	1.000000	0.110203	1.000000	090-0180-240
38	0.116260	1.000000	0.128730	1.000000	自系列号
39	0.143909	0.160691	0.156379	0.178332	至
39	0.143909	0.284054	0.156379	0.301694	自
39	0.143909	0.389916	0.156379	0.407557	称
39	0.143909	0.416418	0.156379	0.434058	名
39	0.163425	0.411125	0.175326	0.495194	绝缘子总成
39	0.181953	0.427858	0.193853	0.495194	六角螺栓
39	0.200480	0.427858	0.212380	0.495194	六角螺栓
39	0.219007	0.427858	0.230908	0.495194	六角螺帽
39	0.237535	0.427858	0.249435	0.495194	弹簧垫圈
39	0.256062	0.461526	0.267962	0.495194	垫片
39	0.275017	0.427858	0.286917	0.495194	六角螺栓
39	0.293544	0.427858	0.305444	0.495194	六角螺栓
39	0.312072	0.427858	0.323972	0.495194	弹簧垫圈
39	0.330599	0.461526	0.342499	0.495194	垫圈
39	0.349126	0.427858	0.361026	0.495194	六角螺栓
39	0.367653	0.427858	0.379554	0.495194	六角螺栓
39	0.386680	0.461526	0.398580	0.495194	垫片
39	0.405207	0.461526	0.417107	0.495194	垫片
39	0.423734	0.427858	0.435634	0.495194	弹簧垫圈
39	0.442262	0.427858	0.454162	0.495194	六角螺帽
39	0.460789	0.461526	0.472689	0.495194	垫片
39	0.479316	0.411125	0.491216	0.495194	橡胶密封圈
39	0.497843	0.461526	0.509744	0.495194	垫片
39	0.516371	0.461526	0.528271	0.495194	垫片
39	0.534898	0.427858	0.546798	0.495194	弹簧垫圈
39	0.553425	0.427858	0.565326	0.495194	六角螺帽
39	0.571953	0.427858	0.583853	0.495194	六角螺帽
39	0.590480	0.461526	0.602380	0.495194	衬套
39	0.609150	0.427858	0.621050	0.495194	踏步组件
39	0.143909	0.539738	0.156379	0.557378	号
39	0.143909	0.566138	0.156379	0.583779	件
39	0.162689	0.529315	0.176494	0.599929	20039181
39	0.181217	0.529315	0.195021	0.599929	20039035
39	0.199744	0.529315	0.213549	0.599929	20039183
39	0.218271	0.529315	0.232076	0.599929	20039184
39	0.236799	0.529315	0.250603	0.599929	20038834
39	0.255326	0.529315	0.269131	0.599929	20039186
39	0.274067	0.529315	0.287872	0.599929	20039079
39	0.292808	0.529720	0.306613	0.599626	20039117
39	0.311336	0.529315	0.325140	0.599929	20039036
39	0.329863	0.529315	0.343667	0.599929	20039045
39	0.348390	0.529315	0.362195	0.599929	20039191
39	0.366917	0.529315	0.380722	0.599929	20039192
39	0.385730	0.529315	0.399534	0.599929	20039193
39	0.404471	0.529315	0.418276	0.599929	20039194
39	0.422998	0.529315	0.436803	0.599929	20039132
39	0.441526	0.529315	0.455330	0.599929	20039196
39	0.460053	0.529315	0.473857	0.599929	20039197
39	0.478580	0.529315	0.492385	0.599929	20039198
39	0.497107	0.529315	0.510912	0.599929	20039199
39	0.515635	0.529315	0.529439	0.599929	20039200
39	0.534162	0.529315	0.547967	0.599929	20039201
39	0.552689	0.529315	0.566494	0.599929	20039202
39	0.571217	0.529315	0.585021	0.599929	20039203
39	0.589744	0.529315	0.603549	0.599929	20039204
39	0.608343	0.529315	0.622147	0.599929	20039205
39	0.143909	0.619041	0.156379	0.654362	数量
39	0.162689	0.634152	0.176494	0.660613	002
39	0.181217	0.634152	0.195021	0.660613	002
39	0.199744	0.634152	0.213549	0.660613	002
39	0.218271	0.635106	0.232076	0.659604	AR
39	0.236799	0.635106	0.250603	0.659604	AR
39	0.255326	0.635106	0.269131	0.659604	AR
39	0.274067	0.635108	0.287871	0.659606	AR
39	0.292808	0.634152	0.306613	0.660613	002
39	0.311336	0.635106	0.325140	0.659604	AR
39	0.329863	0.635106	0.343667	0.659604	AR
39	0.348390	0.635106	0.362195	0.659604	AR
39	0.366917	0.635106	0.380722	0.659604	AR
39	0.385730	0.635108	0.399535	0.659606	AR
39	0.404471	0.635106	0.418276	0.659604	AR
39	0.422998	0.635106	0.436803	0.659604	AR
39	0.441526	0.635106	0.455330	0.659604	AR
39	0.460053	0.635106	0.473857	0.659604	AR
39	0.478580	0.634152	0.492385	0.660613	002
39	0.497107	0.635106	0.510912	0.659604	AR
39	0.515635	0.635106	0.529439	0.659604	AR
39	0.534162	0.635106	0.547967	0.659604	AR
39	0.552689	0.635106	0.566494	0.659604	AR
39	0.571217	0.635106	0.585021	0.659604	AR
39	0.589744	0.634152	0.603549	0.660613	023
39	0.608342	0.634152	0.622147	0.660613	001
39	0.143909	0.672124	0.156379	0.707446	序号
39	0.162689	0.680723	0.176494	0.707184	023
39	0.181217	0.680723	0.195021	0.707184	024
39	0.199744	0.680723	0.213549	0.707184	025
39	0.218271	0.680723	0.232076	0.707184	026
39	0.236799	0.680723	0.250603	0.707184	027
39	0.255326	0.680723	0.269131	0.707184	028
39	0.274067	0.680723	0.287871	0.707184	029
39	0.292808	0.680723	0.306613	0.707184	030
39	0.311336	0.680723	0.325140	0.707184	031
39	0.329863	0.680723	0.343667	0.707184	032
39	0.348390	0.680723	0.362195	0.707184	033
39	0.366917	0.680723	0.380722	0.707184	034
39	0.385730	0.680723	0.399535	0.707184	035
39	0.404471	0.680723	0.418276	0.707184	036
39	0.422998	0.680723	0.436803	0.707184	037
39	0.441526	0.680723	0.455330	0.707184	038
39	0.460053	0.680723	0.473857	0.707184	039
39	0.478580	0.680723	0.492385	0.707184	040
39	0.497107	0.680723	0.510912	0.707184	041
39	0.515635	0.680723	0.529439	0.707184	042
39	0.534162	0.680723	0.547967	0.707184	043
39	0.552689	0.680723	0.566494	0.707184	044
39	0.571217	0.680723	0.585021	0.707184	045
39	0.589744	0.680723	0.603549	0.707184	046
39	0.608342	0.680723	0.622147	0.707184	047
39	0.143909	0.725127	0.156379	0.742768	注
39	0.143909	0.819005	0.156379	0.836645	至
39	0.143909	0.942522	0.156379	0.960162	自
39	0.143909	1.000000	0.156379	1.000000	称
39	0.143909	1.000000	0.156379	1.000000	名
39	0.163425	0.999109	0.175326	1.000000	动态制动构件
39	0.181953	1.000000	0.193853	1.000000	制动总成
39	0.200480	1.000000	0.212380	1.000000	百叶窗总成
39	0.219007	1.000000	0.230908	1.000000	罩盖
39	0.237535	1.000000	0.249435	1.000000	网孔盖板
39	0.256062	1.000000	0.267962	1.000000	罩盖总成
39	0.275017	1.000000	0.286917	1.000000	罩盖
39	0.293544	1.000000	0.305444	1.000000	罩盖
39	0.312072	1.000000	0.323972	1.000000	风机
39	0.330599	1.000000	0.342499	1.000000	导流罩总成
39	0.349126	1.000000	0.361026	1.000000	衬垫
39	0.367653	1.000000	0.379554	1.000000	衬垫
39	0.386680	1.000000	0.398580	1.000000	密封剂
39	0.405207	1.000000	0.417107	1.000000	套圈总成
39	0.423734	0.965542	0.435634	1.000000	动态制动电阻总成
39	0.442262	1.000000	0.454162	1.000000	框架总成
39	0.460789	1.000000	0.472689	1.000000	绝缘子
39	0.479316	0.965542	0.491216	1.000000	动态制动电阻总成
39	0.497843	0.965542	0.509744	1.000000	动态制动电阻总成
39	0.516371	0.965542	0.528271	1.000000	动态制动电阻总成
39	0.534898	0.965542	0.546798	1.000000	动态制动电阻总成
39	0.553425	1.000000	0.565326	1.000000	衬套
39	0.571953	1.000000	0.583853	1.000000	绝缘板
39	0.590480	1.000000	0.602380	1.000000	电缆夹板
39	0.609150	1.000000	0.621050	1.000000	电缆夹板
39	0.143909	1.000000	0.156379	1.000000	号
39	0.143909	1.000000	0.156379	1.000000	件
39	0.162689	1.000000	0.176494	1.000000	20039156
39	0.181217	1.000000	0.195021	1.000000	20039157
39	0.199744	1.000000	0.213549	1.000000	20039158
39	0.218271	1.000000	0.232076	1.000000	20039159
39	0.236799	1.000000	0.250603	1.000000	20039160
39	0.255326	1.000000	0.269131	1.000000	20039161
39	0.274067	1.000000	0.287872	1.000000	20039162
39	0.292808	1.000000	0.306613	1.000000	20039163
39	0.311336	1.000000	0.325140	1.000000	20039164
39	0.329863	1.000000	0.343667	1.000000	20039165
39	0.348390	1.000000	0.362195	1.000000	20039166
39	0.366917	1.000000	0.380722	1.000000	20039167
39	0.385730	1.000000	0.399534	1.000000	20038911
39	0.404471	1.000000	0.418276	1.000000	20039169
39	0.422998	1.000000	0.436803	1.000000	20039170
39	0.441526	1.000000	0.455330	1.000000	20039171
39	0.460053	1.000000	0.473857	1.000000	20039172
39	0.478580	1.000000	0.492385	1.000000	20039173
39	0.497107	1.000000	0.510912	1.000000	20039174
39	0.515635	1.000000	0.529439	1.000000	20039175
39	0.534162	1.000000	0.547967	1.000000	20039176
39	0.552689	1.000000	0.566494	1.000000	20039177
39	0.571217	1.000000	0.585021	1.000000	20039178
39	0.589744	1.000000	0.603549	1.000000	20039179
39	0.608343	1.000000	0.622147	1.000000	20039180
39	0.106284	1.000000	0.118754	1.000000	电阻柜17EM146B1
39	0.124811	1.000000	0.137282	1.000000	NTE240006
39	0.143909	1.000000	0.156379	1.000000	数量
39	0.162689	1.000000	0.176494	1.000000	001
39	0.181217	1.000000	0.195021	1.000000	001
39	0.199744	1.000000	0.213549	1.000000	004
39	0.218271	1.000000	0.232076	1.000000	001
39	0.236799	1.000000	0.250603	1.000000	001
39	0.255326	1.000000	0.269131	1.000000	002
39	0.274067	1.000000	0.287872	1.000000	002
39	0.292808	1.000000	0.306613	1.000000	002
39	0.311336	1.000000	0.325140	1.000000	002
39	0.329863	1.000000	0.343667	1.000000	004
39	0.348390	1.000000	0.362195	1.000000	002
39	0.366917	1.000000	0.380722	1.000000	002
39	0.385730	1.000000	0.399534	1.000000	AR
39	0.404471	1.000000	0.418276	1.000000	004
39	0.422998	1.000000	0.436803	1.000000	003
39	0.441526	1.000000	0.455330	1.000000	004
39	0.460053	1.000000	0.473857	1.000000	028
39	0.478580	1.000000	0.492385	1.000000	003
39	0.497107	1.000000	0.510912	1.000000	001
39	0.515635	1.000000	0.529439	1.000000	001
39	0.534162	1.000000	0.547967	1.000000	006
39	0.552689	1.000000	0.566494	1.000000	005
39	0.571217	1.000000	0.585021	1.000000	014
39	0.589744	1.000000	0.603549	1.000000	006
39	0.608343	1.000000	0.622147	1.000000	006
39	0.106284	1.000000	0.118754	1.000000	090-0180-240
39	0.124811	1.000000	0.137282	1.000000	自系列号
39	0.143909	1.000000	0.156379	1.000000	序号
39	0.143909	1.000000	0.156379	1.000000	注
39	0.162689	1.000000	0.176494	1.000000	001
39	0.181217	1.000000	0.195021	1.000000	002
39	0.199744	1.000000	0.213549	1.000000	003
39	0.218271	1.000000	0.232076	1.000000	004
39	0.236799	1.000000	0.250603	1.000000	005
39	0.255326	1.000000	0.269131	1.000000	006
39	0.274067	1.000000	0.287871	1.000000	007
39	0.292808	1.000000	0.306613	1.000000	008
39	0.311336	1.000000	0.325140	1.000000	009
39	0.329863	1.000000	0.343667	1.000000	010
39	0.348390	1.000000	0.362195	1.000000	10A
39	0.366917	1.000000	0.380722	1.000000	10B
39	0.385730	1.000000	0.399535	1.000000	10C
39	0.404471	1.000000	0.418276	1.000000	011
39	0.422998	1.000000	0.436803	1.000000	012
39	0.441526	1.000000	0.455330	1.000000	013
39	0.460053	1.000000	0.473857	1.000000	014
39	0.478580	1.000000	0.492385	1.000000	015
39	0.497107	1.000000	0.510912	1.000000	016
39	0.515635	1.000000	0.529439	1.000000	017
39	0.534162	1.000000	0.547967	1.000000	018
39	0.552689	1.000000	0.566494	1.000000	019
39	0.571217	1.000000	0.585021	1.000000	020
39	0.589744	1.000000	0.603549	1.000000	021
39	0.608342	1.000000	0.622147	1.000000	022
40	0.144978	0.143654	0.157448	0.161295	至
40	0.144978	0.267016	0.157448	0.284657	自
40	0.144978	0.372879	0.157448	0.390520	称
40	0.144978	0.399380	0.157448	0.417021	名
40	0.144978	0.522700	0.157448	0.540341	号
40	0.144978	0.549101	0.157448	0.566742	件
40	0.144978	0.602003	0.157448	0.637325	数量
40	0.144978	0.655087	0.157448	0.690409	序号
40	0.144978	0.708090	0.157448	0.725730	注
40	0.144978	0.802876	0.157448	0.820516	至
40	0.144978	0.926393	0.157448	0.944034	自
40	0.144978	1.000000	0.157448	1.000000	称
40	0.144978	1.000000	0.157448	1.000000	名
40	0.164494	1.000000	0.176395	1.000000	母线板
40	0.183022	1.000000	0.194922	1.000000	母线板
40	0.201549	1.000000	0.213449	1.000000	母线板
40	0.220076	0.982073	0.231976	1.000000	带绝缘母线板
40	0.238604	1.000000	0.250504	1.000000	母线板
40	0.144978	1.000000	0.157448	1.000000	号
40	0.144978	1.000000	0.157448	1.000000	件
40	0.163758	1.000000	0.177563	1.000000	20039206
40	0.182286	1.000000	0.196090	1.000000	20039207
40	0.200813	1.000000	0.214618	1.000000	20039208
40	0.219340	1.000000	0.233145	1.000000	20039209
40	0.237868	1.000000	0.251672	1.000000	20039210
40	0.107353	1.000000	0.119823	1.000000	电阻柜17EM146B1
40	0.125880	1.000000	0.138350	1.000000	NTE240006
40	0.144978	1.000000	0.157448	1.000000	数量
40	0.163758	1.000000	0.177563	1.000000	008
40	0.182286	1.000000	0.196090	1.000000	002
40	0.200813	1.000000	0.214618	1.000000	003
40	0.219340	1.000000	0.233145	1.000000	005
40	0.237868	1.000000	0.251672	1.000000	001
40	0.107353	1.000000	0.119823	1.000000	090-0180-240
40	0.125880	1.000000	0.138350	1.000000	自系列号
40	0.144978	1.000000	0.157448	1.000000	序号
40	0.144978	1.000000	0.157448	1.000000	注
40	0.163758	1.000000	0.177563	1.000000	048
40	0.182286	1.000000	0.196090	1.000000	049
40	0.200813	1.000000	0.214618	1.000000	050
40	0.219340	1.000000	0.233145	1.000000	051
40	0.237868	1.000000	0.251672	1.000000	052
41	0.116475	1.000000	0.128945	1.000000	主发电机5GTA41B10
41	0.134614	1.000000	0.148418	1.000000	NTE240006
41	0.116475	1.000000	0.128945	1.000000	090-0180-240
41	0.135002	1.000000	0.147472	1.000000	自系列号
42	0.116475	1.000000	0.128945	1.000000	主发电机5GTA41B10
42	0.134614	1.000000	0.148418	1.000000	NTE240006
42	0.116475	1.000000	0.128945	1.000000	090-0180-240
42	0.135002	1.000000	0.147472	1.000000	自系列号
43	0.106427	1.000000	0.118898	1.000000	主发电机5GTA41B10
43	0.124566	1.000000	0.138371	1.000000	NTE240006
43	0.106427	1.000000	0.118898	1.000000	090-0180-240
43	0.124955	1.000000	0.137425	1.000000	自系列号
44	0.106427	1.000000	0.118898	1.000000	主发电机5GTA41B10
44	0.124566	1.000000	0.138371	1.000000	NTE240006
44	0.106427	1.000000	0.118898	1.000000	090-0180-240
44	0.124955	1.000000	0.137425	1.000000	自系列号
45	0.106427	1.000000	0.118898	1.000000	主发电机5GTA41B10
45	0.124566	1.000000	0.138371	1.000000	NTE240006
45	0.106427	1.000000	0.118898	1.000000	090-0180-240
45	0.124955	1.000000	0.137425	1.000000	自系列号
46	0.106427	1.000000	0.118898	1.000000	主发电机5GTA41B10
46	0.124566	1.000000	0.138371	1.000000	NTE240006
46	0.106427	1.000000	0.118898	1.000000	090-0180-240
46	0.124955	1.000000	0.137425	1.000000	自系列号
47	0.115690	1.000000	0.128161	1.000000	主发电机5GTA41B10
47	0.133829	1.000000	0.147634	1.000000	NTE240006
47	0.115690	1.000000	0.128161	1.000000	090-0180-240
47	0.134218	1.000000	0.146688	1.000000	自系列号
48	0.115691	1.000000	0.128161	1.000000	主发电机5GTA41B10
48	0.133829	1.000000	0.147634	1.000000	NTE240006
48	0.115691	1.000000	0.128161	1.000000	090-0180-240
48	0.134218	1.000000	0.146688	1.000000	自系列号
49	0.115690	1.000000	0.128161	1.000000	主发电机5GTA41B10
49	0.133829	1.000000	0.147634	1.000000	NTE240006
49	0.115690	1.000000	0.128161	1.000000	090-0180-240
49	0.134218	1.000000	0.146688	1.000000	自系列号
50	0.115690	1.000000	0.128161	1.000000	主发电机5GTA41B10
50	0.133829	1.000000	0.147634	1.000000	NTE240006
50	0.115690	1.000000	0.128161	1.000000	090-0180-240
50	0.134218	1.000000	0.146688	1.000000	自系列号
51	0.115690	1.000000	0.128161	1.000000	主发电机5GTA41B10
51	0.133829	1.000000	0.147634	1.000000	NTE240006
51	0.115690	1.000000	0.128161	1.000000	090-0180-240
51	0.134218	1.000000	0.146688	1.000000	自系列号
52	0.097733	1.000000	0.110203	1.000000	主发电机5GTA41B10
52	0.115872	1.000000	0.129676	1.000000	NTE240006
52	0.097733	1.000000	0.110203	1.000000	090-0180-240
52	0.116260	1.000000	0.128730	1.000000	自系列号
53	0.134789	1.000000	0.147259	1.000000	主发电机5GTA41B10
53	0.152927	1.000000	0.166732	1.000000	NTE240006
53	0.134789	1.000000	0.147259	1.000000	090-0180-240
53	0.153316	1.000000	0.165786	1.000000	自系列号
54	0.125382	0.177828	0.137852	0.195468	至
54	0.125382	0.301190	0.137852	0.318830	自
54	0.125382	0.407052	0.137852	0.424693	称
54	0.125382	0.433554	0.137852	0.451194	名
54	0.144898	0.478662	0.156798	0.512331	夹板
54	0.163426	0.444994	0.175326	0.512331	三槽压板
54	0.181953	0.444994	0.193853	0.512331	六角螺栓
54	0.200480	0.444994	0.212380	0.512331	六角螺栓
54	0.219008	0.444994	0.230908	0.512331	六角螺栓
54	0.237535	0.444994	0.249435	0.512331	六角螺栓
54	0.256490	0.444994	0.268390	0.512331	六角螺栓
54	0.275017	0.444994	0.286917	0.512331	六角螺帽
54	0.293544	0.478662	0.305445	0.512331	垫片
54	0.312072	0.444994	0.323972	0.512331	弹簧垫片
54	0.330599	0.428261	0.342499	0.512331	玻璃钢通道
54	0.349126	0.394694	0.361027	0.512331	主输出接线端子
54	0.367615	0.391871	0.380896	0.512331	电缆总成（T1）
54	0.386143	0.391871	0.399423	0.512331	电缆总成（T2）
54	0.404670	0.391871	0.417951	0.512331	电缆总成（T3）
54	0.423734	0.394694	0.435635	0.512331	主输出连接护罩
54	0.442262	0.394694	0.454162	0.512331	磁性速度传感器
54	0.460789	0.478662	0.472689	0.512331	机壳
54	0.479316	0.461828	0.491217	0.512331	定位销
54	0.497844	0.444994	0.509744	0.512331	接头组件
54	0.516371	0.444994	0.528271	0.512331	定子总成
54	0.534898	0.411427	0.546798	0.512331	定子绕组组件
54	0.553426	0.361025	0.565326	0.512331	定子支架和铁芯总成
54	0.571953	0.411427	0.583853	0.512331	绝缘接头扎带
54	0.590623	0.444994	0.602523	0.512331	绝缘支架
54	0.125382	0.556874	0.137852	0.574514	号
54	0.125382	0.583274	0.137852	0.600915	件
54	0.144290	0.544423	0.157570	0.619283	20039236
54	0.162817	0.544423	0.176098	0.619283	20039237
54	0.181344	0.544423	0.194625	0.619283	20039220
54	0.199872	0.544423	0.213152	0.619283	20039239
54	0.218399	0.544423	0.231680	0.619283	20039035
54	0.236926	0.544423	0.250207	0.619283	20040271
54	0.255881	0.544423	0.269162	0.619283	20039089
54	0.274408	0.544423	0.287689	0.619283	20039221
54	0.292936	0.544423	0.306216	0.619283	20039186
54	0.311463	0.544423	0.324744	0.619283	20038834
54	0.329990	0.544423	0.343271	0.619283	20040276
54	0.348518	0.544423	0.361798	0.619283	20040277
54	0.367544	0.544423	0.380825	0.619283	20040278
54	0.386071	0.544423	0.399352	0.619283	20040279
54	0.404598	0.544423	0.417879	0.619283	20040280
54	0.423126	0.544423	0.436406	0.619283	20040281
54	0.441653	0.544423	0.454934	0.619283	20040282
54	0.460180	0.544423	0.473461	0.619283	20040283
54	0.478708	0.544423	0.491988	0.619283	20040284
54	0.497235	0.544423	0.510516	0.619283	20040285
54	0.515762	0.544423	0.529043	0.619283	20040286
54	0.534290	0.544423	0.547570	0.619283	20040287
54	0.552817	0.544423	0.566098	0.619283	20040288
54	0.571344	0.544423	0.584625	0.619283	20040289
54	0.590014	0.544423	0.603295	0.619283	20040290
54	0.125382	0.636177	0.137852	0.671498	数量
54	0.144162	0.651289	0.157967	0.677749	001
54	0.162689	0.651289	0.176494	0.677749	001
54	0.181217	0.651289	0.195021	0.677749	003
54	0.199744	0.651289	0.213549	0.677749	002
54	0.218271	0.651289	0.232076	0.677749	003
54	0.236799	0.651289	0.250603	0.677749	006
54	0.255539	0.651289	0.269344	0.677749	004
54	0.274281	0.651289	0.288086	0.677749	003
54	0.292808	0.651289	0.306613	0.677749	006
54	0.311336	0.651289	0.325140	0.677749	002
54	0.329863	0.651289	0.343667	0.677749	001
54	0.348390	0.651289	0.362195	0.677749	003
54	0.367203	0.651289	0.381008	0.677749	002
54	0.385944	0.651289	0.399748	0.677749	002
54	0.404471	0.651289	0.418276	0.677749	002
54	0.422998	0.651289	0.436803	0.677749	001
54	0.441526	0.651289	0.455330	0.677749	001
54	0.460053	0.651289	0.473857	0.677749	001
54	0.478580	0.651289	0.492385	0.677749	002
54	0.497107	0.651289	0.510912	0.677749	001
54	0.515635	0.651289	0.529439	0.677749	001
54	0.534162	0.651289	0.547967	0.677749	001
54	0.552689	0.651289	0.566494	0.677749	001
54	0.571217	0.651289	0.585021	0.677749	001
54	0.589815	0.651289	0.603620	0.677749	007
54	0.125382	0.689260	0.137852	0.724582	序号
54	0.144162	0.697860	0.157967	0.724320	026
54	0.162689	0.697860	0.176494	0.724320	027
54	0.181217	0.697860	0.195021	0.724320	028
54	0.199744	0.697860	0.213549	0.724320	029
54	0.218271	0.697860	0.232076	0.724320	030
54	0.236799	0.697860	0.250603	0.724320	031
54	0.255539	0.697860	0.269344	0.724320	032
54	0.274281	0.697860	0.288086	0.724320	033
54	0.292808	0.697860	0.306613	0.724320	034
54	0.311336	0.697860	0.325140	0.724320	035
54	0.329863	0.695856	0.343667	0.726335	35A
54	0.348390	0.697860	0.362195	0.724320	036
54	0.367203	0.697860	0.381008	0.724320	037
54	0.385944	0.697860	0.399748	0.724320	038
54	0.404471	0.697860	0.418276	0.724320	039
54	0.422998	0.697860	0.436803	0.724320	040
54	0.441526	0.697860	0.455330	0.724320	041
54	0.460053	0.697860	0.473857	0.724320	042
54	0.478580	0.697860	0.492385	0.724320	043
54	0.497107	0.697860	0.510912	0.724320	044
54	0.515635	0.697860	0.529439	0.724320	045
54	0.534162	0.697860	0.547967	0.724320	046
54	0.552689	0.697860	0.566494	0.724320	047
54	0.571217	0.697860	0.585021	0.724320	048
54	0.589815	0.697860	0.603620	0.724320	049
54	0.125382	0.742263	0.137852	0.759904	注
54	0.125382	0.819005	0.137852	0.836645	至
54	0.125382	0.942522	0.137852	0.960162	自
54	0.125382	1.000000	0.137852	1.000000	称
54	0.125382	1.000000	0.137852	1.000000	名
54	0.144898	1.000000	0.156798	1.000000	发电机
54	0.163425	1.000000	0.175326	1.000000	碳刷
54	0.181953	1.000000	0.193853	1.000000	支撑
54	0.200480	1.000000	0.212380	1.000000	刷握
54	0.219007	1.000000	0.230908	1.000000	碳刷压杆
54	0.237535	1.000000	0.249435	1.000000	弹簧
54	0.256490	1.000000	0.268390	1.000000	铜垫片
54	0.275017	1.000000	0.286917	1.000000	弹簧销
54	0.293544	1.000000	0.305444	1.000000	六角螺栓
54	0.312072	1.000000	0.323972	1.000000	六角螺栓
54	0.330599	1.000000	0.342499	1.000000	六角螺帽
54	0.349126	1.000000	0.361026	1.000000	电缆总成
54	0.368152	1.000000	0.380053	1.000000	电缆总成
54	0.386142	0.975722	0.399423	1.000000	电缆标志（标F1）
54	0.404670	0.975722	0.417950	1.000000	电缆标志（标F2）
54	0.423734	0.999512	0.435634	1.000000	弹簧钢凹形垫片
54	0.442262	1.000000	0.454162	1.000000	一字六角螺栓
54	0.460789	0.965844	0.472689	1.000000	速度传感器线束总成
54	0.479316	1.000000	0.491216	1.000000	接头
54	0.497843	1.000000	0.509744	1.000000	绝缘子
54	0.516371	1.000000	0.528271	1.000000	螺杆
54	0.534898	1.000000	0.546798	1.000000	粘接剂
54	0.553425	1.000000	0.565326	1.000000	平垫片
54	0.571953	1.000000	0.583853	1.000000	平垫片
54	0.590623	1.000000	0.602523	1.000000	隔离垫
54	0.125382	1.000000	0.137852	1.000000	号
54	0.125382	1.000000	0.137852	1.000000	件
54	0.144162	1.000000	0.157967	1.000000	20033903
54	0.162689	1.000000	0.176494	1.000000	20039212
54	0.181217	1.000000	0.195021	1.000000	20039213
54	0.199744	1.000000	0.213549	1.000000	20039214
54	0.218271	1.000000	0.232076	1.000000	20039215
54	0.236799	1.000000	0.250603	1.000000	20039216
54	0.255540	1.000000	0.269344	1.000000	20039217
54	0.274281	1.000000	0.288086	1.000000	20039218
54	0.292808	1.000000	0.306613	1.000000	20039219
54	0.311336	1.000000	0.325140	1.000000	20039220
54	0.329863	1.000000	0.343667	1.000000	20039221
54	0.348390	1.000000	0.362195	1.000000	20039222
54	0.367203	1.000000	0.381007	1.000000	20039223
54	0.385944	1.000000	0.399748	1.000000	20039224
54	0.404471	1.000000	0.418276	1.000000	20039225
54	0.422998	1.000000	0.436803	1.000000	20039226
54	0.441526	1.000000	0.455330	1.000000	20039227
54	0.460053	1.000000	0.473857	1.000000	20039228
54	0.478580	1.000000	0.492385	1.000000	20039229
54	0.497107	1.000000	0.510912	1.000000	20039230
54	0.515635	1.000000	0.529439	1.000000	20039231
54	0.534162	1.000000	0.547967	1.000000	20039232
54	0.552689	1.000000	0.566494	1.000000	20039051
54	0.571217	1.000000	0.585021	1.000000	20039056
54	0.589815	1.000000	0.603620	1.000000	20039235
54	0.087757	1.000000	0.100227	1.000000	主发电机5GTA41B10
54	0.106284	1.000000	0.118755	1.000000	NTE240006
54	0.125382	1.000000	0.137852	1.000000	数量
54	0.144162	1.000000	0.157967	1.000000	001
54	0.162689	1.000000	0.176494	1.000000	006
54	0.181217	1.000000	0.195021	1.000000	006
54	0.199744	1.000000	0.213549	1.000000	006
54	0.218271	1.000000	0.232076	1.000000	006
54	0.236799	1.000000	0.250603	1.000000	006
54	0.255540	1.000000	0.269344	1.000000	006
54	0.274281	1.000000	0.288086	1.000000	006
54	0.292808	1.000000	0.306613	1.000000	006
54	0.311336	1.000000	0.325140	1.000000	006
54	0.329863	1.000000	0.343667	1.000000	006
54	0.348390	1.000000	0.362195	1.000000	001
54	0.367203	1.000000	0.381007	1.000000	001
54	0.385944	1.000000	0.399748	1.000000	001
54	0.404471	1.000000	0.418276	1.000000	001
54	0.422998	1.000000	0.436803	1.000000	006
54	0.441526	1.000000	0.455330	1.000000	006
54	0.460053	1.000000	0.473857	1.000000	001
54	0.478580	1.000000	0.492385	1.000000	001
54	0.497107	1.000000	0.510912	1.000000	003
54	0.515635	1.000000	0.529439	1.000000	003
54	0.534162	1.000000	0.547967	1.000000	AR
54	0.552689	1.000000	0.566494	1.000000	009
54	0.571217	1.000000	0.585021	1.000000	004
54	0.589815	1.000000	0.603620	1.000000	001
54	0.087757	1.000000	0.100227	1.000000	090-0180-240
54	0.106284	1.000000	0.118755	1.000000	自系列号
54	0.125382	1.000000	0.137852	1.000000	序号
54	0.125382	1.000000	0.137852	1.000000	注
54	0.144162	1.000000	0.157967	1.000000	001
54	0.162689	1.000000	0.176494	1.000000	002
54	0.181217	1.000000	0.195021	1.000000	003
54	0.199744	1.000000	0.213549	1.000000	004
54	0.218271	1.000000	0.232076	1.000000	005
54	0.236799	1.000000	0.250603	1.000000	006
54	0.255539	1.000000	0.269344	1.000000	007
54	0.274281	1.000000	0.288086	1.000000	008
54	0.292808	1.000000	0.306613	1.000000	009
54	0.311336	1.000000	0.325140	1.000000	010
54	0.329863	1.000000	0.343667	1.000000	011
54	0.348390	1.000000	0.362195	1.000000	012
54	0.367203	1.000000	0.381008	1.000000	013
54	0.385944	1.000000	0.399748	1.000000	014
54	0.404471	1.000000	0.418276	1.000000	015
54	0.422998	1.000000	0.436803	1.000000	016
54	0.441526	1.000000	0.455330	1.000000	017
54	0.460053	1.000000	0.473857	1.000000	018
54	0.478580	1.000000	0.492385	1.000000	019
54	0.497107	1.000000	0.510912	1.000000	020
54	0.515635	1.000000	0.529439	1.000000	021
54	0.534162	1.000000	0.547967	1.000000	022
54	0.552689	1.000000	0.566494	1.000000	023
54	0.571217	1.000000	0.585021	1.000000	024
54	0.589815	1.000000	0.603620	1.000000	025
55	0.126451	0.150107	0.138921	0.167747	至
55	0.126451	0.273469	0.138921	0.291110	自
55	0.126451	0.379332	0.138921	0.396972	称
55	0.126451	0.405833	0.138921	0.423474	名
55	0.443331	0.401951	0.455231	0.469186	型密封环
55	0.145967	0.366973	0.157867	0.484610	弹簧钢引线端子
55	0.164494	0.400540	0.176395	0.484610	集电环总成
55	0.183022	0.434107	0.194922	0.484610	连接带
55	0.201549	0.434107	0.213449	0.484610	绑扎环
55	0.220076	0.400540	0.231977	0.484610	玻璃纤维带
55	0.238604	0.450942	0.250504	0.484610	扎带
55	0.257559	0.434107	0.269459	0.484610	球轴承
55	0.276086	0.434107	0.287986	0.484610	轴承箱
55	0.294613	0.434107	0.306513	0.484610	轴承盖
55	0.313141	0.434107	0.325041	0.484610	抛油环
55	0.331668	0.450942	0.343568	0.484610	衬套
55	0.350195	0.450942	0.362095	0.484610	油封
55	0.369221	0.450942	0.381122	0.484610	衬垫
55	0.387749	0.417273	0.399649	0.484610	六角螺栓
55	0.406276	0.434107	0.418176	0.484609	平垫片
55	0.424803	0.450942	0.436703	0.484610	轮毂
55	0.442793	0.473381	0.456074	0.484610	V
55	0.461858	0.450942	0.473758	0.484610	铜排
55	0.480385	0.450942	0.492285	0.484610	配重
55	0.498913	0.450942	0.510813	0.484610	配重
55	0.517440	0.450942	0.529340	0.484610	后盖
55	0.535967	0.434107	0.547867	0.484610	润滑脂
55	0.554494	0.450942	0.566395	0.484610	叶轮
55	0.573022	0.434107	0.584922	0.484610	支架盖
55	0.591691	0.434107	0.603592	0.484610	进风壳
55	0.126451	0.529153	0.138921	0.546794	号
55	0.126451	0.555554	0.138921	0.573194	件
55	0.145359	0.516702	0.158639	0.591562	20040316
55	0.163886	0.516702	0.177167	0.591562	20040317
55	0.182413	0.516702	0.195694	0.591562	20040318
55	0.200940	0.516702	0.214221	0.591562	20040319
55	0.219468	0.516702	0.232748	0.591562	20040320
55	0.237995	0.516702	0.251276	0.591562	20040321
55	0.256950	0.516702	0.270231	0.591562	20040322
55	0.275477	0.516702	0.288758	0.591562	20040323
55	0.294005	0.516702	0.307285	0.591562	20040324
55	0.312532	0.516702	0.325813	0.591562	20040325
55	0.331059	0.516702	0.344340	0.591562	20040326
55	0.349587	0.516702	0.362867	0.591562	20040327
55	0.368613	0.516702	0.381893	0.591562	20040328
55	0.387140	0.516702	0.400421	0.591562	20040329
55	0.405667	0.517407	0.418948	0.590957	20039115
55	0.424195	0.516702	0.437475	0.591562	20040331
55	0.442722	0.516702	0.456003	0.591562	20039101
55	0.461249	0.516702	0.474530	0.591562	20040333
55	0.479777	0.516702	0.493057	0.591562	20040334
55	0.498304	0.516702	0.511585	0.591562	20040335
55	0.516831	0.516702	0.530112	0.591562	20040336
55	0.535359	0.516702	0.548639	0.591562	20040337
55	0.553886	0.516702	0.567167	0.591562	20040338
55	0.572413	0.516702	0.585694	0.591562	20040339
55	0.591083	0.516702	0.604364	0.591562	20040340
55	0.126451	0.608456	0.138921	0.643778	数量
55	0.145231	0.623568	0.159036	0.650029	020
55	0.163758	0.623568	0.177563	0.650029	001
55	0.182286	0.623568	0.196090	0.650029	007
55	0.200813	0.623568	0.214618	0.650029	001
55	0.219340	0.624522	0.233145	0.649019	AR
55	0.237868	0.623568	0.251672	0.650029	004
55	0.256608	0.623568	0.270413	0.650028	001
55	0.275350	0.623568	0.289154	0.650029	001
55	0.293877	0.623568	0.307682	0.650029	001
55	0.312404	0.623568	0.326209	0.650029	001
55	0.330932	0.623568	0.344736	0.650029	001
55	0.349459	0.623568	0.363264	0.650029	001
55	0.368272	0.623568	0.382077	0.650028	001
55	0.387012	0.623568	0.400817	0.650029	006
55	0.405540	0.623568	0.419344	0.650029	006
55	0.424067	0.623568	0.437872	0.650029	001
55	0.442594	0.623568	0.456399	0.650029	001
55	0.461122	0.623568	0.474926	0.650029	016
55	0.479649	0.624522	0.493454	0.649019	AR
55	0.498176	0.624522	0.511981	0.649019	AR
55	0.516704	0.623568	0.530508	0.650029	001
55	0.535231	0.624522	0.549036	0.649019	AR
55	0.553758	0.623568	0.567563	0.650029	001
55	0.572286	0.623568	0.586090	0.650029	001
55	0.590884	0.623568	0.604689	0.650028	001
55	0.126451	0.661540	0.138921	0.696861	序号
55	0.145231	0.670139	0.159036	0.696600	075
55	0.163758	0.670139	0.177563	0.696600	076
55	0.182286	0.670139	0.196090	0.696600	077
55	0.200813	0.670139	0.214618	0.696600	078
55	0.219340	0.670139	0.233145	0.696600	079
55	0.237868	0.670139	0.251672	0.696600	080
55	0.256608	0.670139	0.270413	0.696600	081
55	0.275350	0.670139	0.289154	0.696600	082
55	0.293877	0.670139	0.307682	0.696600	083
55	0.312404	0.670139	0.326209	0.696600	084
55	0.330932	0.670139	0.344736	0.696600	085
55	0.349459	0.670139	0.363264	0.696600	086
55	0.368272	0.670139	0.382077	0.696600	087
55	0.387012	0.670139	0.400817	0.696600	088
55	0.405540	0.670139	0.419344	0.696600	089
55	0.424067	0.670139	0.437872	0.696600	090
55	0.442594	0.670139	0.456399	0.696600	091
55	0.461122	0.670139	0.474926	0.696600	092
55	0.479649	0.670139	0.493454	0.696600	093
55	0.498176	0.670139	0.511981	0.696600	094
55	0.516704	0.670139	0.530508	0.696600	095
55	0.535231	0.670139	0.549036	0.696600	096
55	0.553758	0.670139	0.567563	0.696600	097
55	0.572286	0.670139	0.586090	0.696600	098
55	0.590884	0.670139	0.604689	0.696600	099
55	0.126451	0.714543	0.138921	0.732183	注
55	0.126451	0.796424	0.138921	0.814065	至
55	0.126451	0.919942	0.138921	0.937582	自
55	0.405739	0.952558	0.419019	1.000000	标T19)
55	0.424266	0.952558	0.437547	1.000000	标T20)
55	0.126451	1.000000	0.138921	1.000000	称
55	0.126451	1.000000	0.138921	1.000000	名
55	0.145967	1.000000	0.157867	1.000000	绝缘支架
55	0.164494	1.000000	0.176395	1.000000	六角螺栓
55	0.183022	1.000000	0.194922	1.000000	平垫片
55	0.201549	1.000000	0.213449	1.000000	电缆总成
55	0.220076	1.000000	0.231977	1.000000	铜排
55	0.238604	1.000000	0.250504	1.000000	电缆总成
55	0.257559	0.971791	0.269459	1.000000	带螺杆的绝缘子
55	0.276086	1.000000	0.287986	1.000000	六角螺帽
55	0.294613	1.000000	0.306513	1.000000	罩盖
55	0.313141	1.000000	0.325041	1.000000	绝缘垫
55	0.331668	1.000000	0.343568	1.000000	螺杆
55	0.350195	1.000000	0.362095	1.000000	六角螺栓
55	0.369221	1.000000	0.381122	1.000000	弹簧垫片
55	0.387749	1.000000	0.399649	1.000000	橡胶孔套管
55	0.405739	1.000000	0.419019	1.000000	电缆标签(
55	0.424266	1.000000	0.437547	1.000000	电缆标签(
55	0.443331	1.000000	0.455231	1.000000	垫片
55	0.461858	1.000000	0.473758	1.000000	前盖
55	0.480385	1.000000	0.492285	1.000000	转子总成
55	0.498913	1.000000	0.510813	1.000000	转子铁芯
55	0.517440	1.000000	0.529340	1.000000	转子轴
55	0.535967	0.954957	0.547867	1.000000	带极片的转子绕组
55	0.554494	1.000000	0.566395	1.000000	线圈支架
55	0.573022	1.000000	0.584922	1.000000	转子槽楔
55	0.591691	1.000000	0.603592	1.000000	转子槽楔
55	0.126451	1.000000	0.138921	1.000000	号
55	0.126451	1.000000	0.138921	1.000000	件
55	0.145359	1.000000	0.158639	1.000000	20040291
55	0.163886	1.000000	0.177167	1.000000	20040292
55	0.182413	1.000000	0.195694	1.000000	20039056
55	0.200940	1.000000	0.214221	1.000000	20040294
55	0.219468	1.000000	0.232748	1.000000	20040295
55	0.237995	1.000000	0.251276	1.000000	20040296
55	0.256950	1.000000	0.270231	1.000000	20039043
55	0.275477	1.000000	0.288758	1.000000	20039044
55	0.294005	1.000000	0.307285	1.000000	20040299
55	0.312532	1.000000	0.325813	1.000000	20040300
55	0.331059	1.000000	0.344340	1.000000	20039231
55	0.349587	1.000000	0.362867	1.000000	20039035
55	0.368613	1.000000	0.381893	1.000000	20039036
55	0.387140	1.000000	0.400421	1.000000	20040304
55	0.405667	1.000000	0.418948	1.000000	20040305
55	0.424195	1.000000	0.437475	1.000000	20040306
55	0.442722	1.000000	0.456003	1.000000	20039045
55	0.461249	1.000000	0.474530	1.000000	20040308
55	0.479777	1.000000	0.493057	1.000000	20040309
55	0.498304	1.000000	0.511585	1.000000	20040310
55	0.516831	1.000000	0.530112	1.000000	20040311
55	0.535359	1.000000	0.548639	1.000000	20040312
55	0.553886	1.000000	0.567167	1.000000	20040313
55	0.572413	1.000000	0.585694	1.000000	20040314
55	0.591083	1.000000	0.604364	1.000000	20040315
55	0.088826	1.000000	0.101296	1.000000	主发电机5GTA41B10
55	0.107353	1.000000	0.119823	1.000000	NTE240006
55	0.126451	1.000000	0.138921	1.000000	数量
55	0.145231	1.000000	0.159036	1.000000	007
55	0.163758	1.000000	0.177563	1.000000	028
55	0.182286	1.000000	0.196090	1.000000	028
55	0.200813	1.000000	0.214618	1.000000	001
55	0.219340	1.000000	0.233145	1.000000	002
55	0.237868	1.000000	0.251672	1.000000	001
55	0.256609	1.000000	0.270413	1.000000	002
55	0.275350	1.000000	0.289154	1.000000	002
55	0.293877	1.000000	0.307682	1.000000	001
55	0.312404	1.000000	0.326209	1.000000	001
55	0.330932	1.000000	0.344736	1.000000	002
55	0.349459	1.000000	0.363264	1.000000	004
55	0.368271	1.000000	0.382076	1.000000	006
55	0.387012	1.000000	0.400817	1.000000	004
55	0.405540	1.000000	0.419344	1.000000	001
55	0.424067	1.000000	0.437872	1.000000	001
55	0.442594	1.000000	0.456399	1.000000	002
55	0.461122	1.000000	0.474926	1.000000	001
55	0.479649	1.000000	0.493454	1.000000	001
55	0.498176	1.000000	0.511981	1.000000	001
55	0.516704	1.000000	0.530508	1.000000	001
55	0.535231	1.000000	0.549036	1.000000	008
55	0.553758	1.000000	0.567563	1.000000	008
55	0.572286	1.000000	0.586090	1.000000	008
55	0.590884	1.000000	0.604689	1.000000	008
55	0.088826	1.000000	0.101296	1.000000	090-0180-240
55	0.107353	1.000000	0.119823	1.000000	自系列号
55	0.126451	1.000000	0.138921	1.000000	序号
55	0.126451	1.000000	0.138921	1.000000	注
55	0.145231	1.000000	0.159036	1.000000	050
55	0.163758	1.000000	0.177563	1.000000	051
55	0.182286	1.000000	0.196090	1.000000	052
55	0.200813	1.000000	0.214618	1.000000	053
55	0.219340	1.000000	0.233145	1.000000	054
55	0.237868	1.000000	0.251672	1.000000	055
55	0.256608	1.000000	0.270413	1.000000	056
55	0.275350	1.000000	0.289154	1.000000	057
55	0.293877	1.000000	0.307682	1.000000	058
55	0.312404	1.000000	0.326209	1.000000	059
55	0.330932	1.000000	0.344736	1.000000	060
55	0.349459	1.000000	0.363264	1.000000	061
55	0.368272	1.000000	0.382077	1.000000	062
55	0.387012	1.000000	0.400817	1.000000	063
55	0.405540	1.000000	0.419344	1.000000	064
55	0.424067	1.000000	0.437872	1.000000	065
55	0.442594	1.000000	0.456399	1.000000	066
55	0.461122	1.000000	0.474926	1.000000	067
55	0.479649	1.000000	0.493454	1.000000	068
55	0.498176	1.000000	0.511981	1.000000	069
55	0.516704	1.000000	0.530508	1.000000	070
55	0.535231	1.000000	0.549036	1.000000	071
55	0.553758	1.000000	0.567563	1.000000	072
55	0.572286	1.000000	0.586090	1.000000	073
55	0.590884	1.000000	0.604689	1.000000	074
56	0.153315	0.150107	0.165786	0.167747	至
56	0.153315	0.273469	0.165786	0.291110	自
56	0.153315	0.379332	0.165786	0.396972	称
56	0.153315	0.405833	0.165786	0.423474	名
56	0.172760	0.417273	0.184661	0.484610	六角螺栓
56	0.191288	0.450942	0.203188	0.484610	垫片
56	0.209815	0.417273	0.221715	0.484610	弹簧垫片
56	0.153315	0.529153	0.165786	0.546794	号
56	0.153315	0.555554	0.165786	0.573194	件
56	0.172152	0.516702	0.185433	0.591562	20039079
56	0.190679	0.516702	0.203960	0.591562	20039045
56	0.209207	0.516702	0.222487	0.591562	20039036
56	0.153315	0.608456	0.165786	0.643778	数量
56	0.172024	0.623568	0.185829	0.650029	010
56	0.190552	0.623568	0.204356	0.650029	012
56	0.209079	0.623568	0.222884	0.650029	008
56	0.153315	0.661540	0.165786	0.696861	序号
56	0.172024	0.670139	0.185829	0.696600	125
56	0.190552	0.670139	0.204356	0.696600	126
56	0.209079	0.670139	0.222884	0.696600	127
56	0.153315	0.714543	0.165786	0.732183	注
56	0.153315	0.796424	0.165786	0.814065	至
56	0.153315	0.919942	0.165786	0.937582	自
56	0.153315	1.000000	0.165786	1.000000	称
56	0.153315	1.000000	0.165786	1.000000	名
56	0.172760	1.000000	0.184661	1.000000	出风壳
56	0.191288	1.000000	0.203188	1.000000	六角螺栓
56	0.209815	1.000000	0.221715	1.000000	六角螺栓
56	0.228342	1.000000	0.240243	1.000000	六角螺栓
56	0.246870	1.000000	0.258770	1.000000	六角螺栓
56	0.265397	1.000000	0.277297	1.000000	六角螺栓
56	0.284423	1.000000	0.296323	1.000000	六角螺栓
56	0.302951	1.000000	0.314851	1.000000	平垫片
56	0.321478	1.000000	0.333378	1.000000	平垫片
56	0.340005	1.000000	0.351905	1.000000	平垫片
56	0.358532	1.000000	0.370433	1.000000	平垫片
56	0.377060	1.000000	0.388960	1.000000	六角螺帽
56	0.396086	1.000000	0.407986	1.000000	弹簧销
56	0.414613	1.000000	0.426513	1.000000	堵头
56	0.433141	1.000000	0.445041	1.000000	密封胶
56	0.451668	1.000000	0.463568	1.000000	转子支撑
56	0.470195	1.000000	0.482095	1.000000	六角螺栓
56	0.488722	0.988525	0.500623	1.000000	六角自锁螺帽
56	0.507250	1.000000	0.519150	1.000000	罩盖总成
56	0.525777	1.000000	0.537677	1.000000	双孔式前板
56	0.544304	1.000000	0.556205	1.000000	罩盖总成
56	0.562832	1.000000	0.574732	1.000000	衬垫
56	0.581359	1.000000	0.593259	1.000000	闭合闩
56	0.599886	1.000000	0.611787	1.000000	密封剂
56	0.618485	1.000000	0.630385	1.000000	六角螺栓
56	0.153315	1.000000	0.165786	1.000000	号
56	0.153315	1.000000	0.165786	1.000000	件
56	0.172152	1.000000	0.185433	1.000000	20040341
56	0.190679	1.000000	0.203960	1.000000	20040342
56	0.209207	1.000000	0.222487	1.000000	20039052
56	0.227734	1.000000	0.241015	1.000000	20040344
56	0.246261	1.000000	0.259542	1.000000	20040345
56	0.264788	1.000000	0.278069	1.000000	20040346
56	0.283815	1.000000	0.297095	1.000000	20039114
56	0.302342	1.000000	0.315623	1.000000	20039051
56	0.320869	1.000000	0.334150	1.000000	20039056
56	0.339397	1.000000	0.352677	1.000000	20039115
56	0.357924	1.000000	0.371205	1.000000	20039051
56	0.376451	1.000000	0.389732	1.000000	20039044
56	0.395477	1.000000	0.408758	1.000000	20040353
56	0.414005	1.000000	0.427285	1.000000	20040354
56	0.432532	1.000000	0.445813	1.000000	20039060
56	0.451059	1.000000	0.464340	1.000000	20040356
56	0.469587	1.000000	0.482867	1.000000	20040357
56	0.488114	1.000000	0.501395	1.000000	20039119
56	0.506641	1.000000	0.519922	1.000000	20040359
56	0.525169	1.000000	0.538449	1.000000	20040360
56	0.543696	1.000000	0.556976	1.000000	20040361
56	0.562223	1.000000	0.575504	1.000000	20040362
56	0.580750	1.000000	0.594031	1.000000	20040363
56	0.599278	1.000000	0.612558	1.000000	20038911
56	0.617876	1.000000	0.631157	1.000000	20039035
56	0.115690	1.000000	0.128161	1.000000	主发电机5GTA41B10
56	0.134218	1.000000	0.146688	1.000000	NTE240006
56	0.153315	1.000000	0.165786	1.000000	数量
56	0.172024	1.000000	0.185829	1.000000	001
56	0.190552	1.000000	0.204356	1.000000	015
56	0.209079	1.000000	0.222884	1.000000	044
56	0.227606	1.000000	0.241411	1.000000	008
56	0.246134	1.000000	0.259938	1.000000	012
56	0.264661	1.000000	0.278466	1.000000	006
56	0.283473	1.000000	0.297278	1.000000	006
56	0.302214	1.000000	0.316019	1.000000	065
56	0.320742	1.000000	0.334546	1.000000	020
56	0.339269	1.000000	0.353074	1.000000	021
56	0.357796	1.000000	0.371601	1.000000	006
56	0.376324	1.000000	0.390128	1.000000	021
56	0.395065	1.000000	0.408869	1.000000	001
56	0.413877	1.000000	0.427682	1.000000	001
56	0.432404	1.000000	0.446209	1.000000	AR
56	0.450932	1.000000	0.464736	1.000000	001
56	0.469459	1.000000	0.483264	1.000000	002
56	0.487986	1.000000	0.501791	1.000000	006
56	0.506514	1.000000	0.520318	1.000000	001
56	0.525041	1.000000	0.538846	1.000000	001
56	0.543568	1.000000	0.557373	1.000000	002
56	0.562096	1.000000	0.575900	1.000000	002
56	0.580623	1.000000	0.594428	1.000000	002
56	0.599150	1.000000	0.612955	1.000000	AR
56	0.617677	1.000000	0.631482	1.000000	004
56	0.115690	1.000000	0.128161	1.000000	090-0180-240
56	0.134218	1.000000	0.146688	1.000000	自系列号
56	0.153315	1.000000	0.165786	1.000000	序号
56	0.153315	1.000000	0.165786	1.000000	注
56	0.172024	1.000000	0.185829	1.000000	100
56	0.190552	1.000000	0.204356	1.000000	101
56	0.209079	1.000000	0.222884	1.000000	102
56	0.227606	1.000000	0.241411	1.000000	103
56	0.246134	1.000000	0.259938	1.000000	104
56	0.264661	1.000000	0.278466	1.000000	105
56	0.283474	1.000000	0.297278	1.000000	106
56	0.302214	1.000000	0.316019	1.000000	107
56	0.320742	1.000000	0.334546	1.000000	108
56	0.339269	1.000000	0.353074	1.000000	109
56	0.357796	1.000000	0.371601	1.000000	110
56	0.376324	1.000000	0.390128	1.000000	111
56	0.395064	1.000000	0.408869	1.000000	112
56	0.413877	1.000000	0.427682	1.000000	113
56	0.432404	1.000000	0.446209	1.000000	114
56	0.450932	1.000000	0.464736	1.000000	115
56	0.469459	1.000000	0.483264	1.000000	116
56	0.487986	1.000000	0.501791	1.000000	117
56	0.506514	1.000000	0.520318	1.000000	118
56	0.525041	1.000000	0.538846	1.000000	119
56	0.543568	1.000000	0.557373	1.000000	120
56	0.562096	1.000000	0.575900	1.000000	121
56	0.580623	1.000000	0.594428	1.000000	122
56	0.599150	1.000000	0.612955	1.000000	123
56	0.617677	1.000000	0.631482	1.000000	124
57	0.097947	1.000000	0.110417	1.000000	轮马达5GEB25A5
57	0.116086	1.000000	0.129891	1.000000	NTE240006
57	0.097947	1.000000	0.110417	1.000000	090-0180-240
57	0.116474	1.000000	0.128945	1.000000	自系列号
58	0.116475	1.000000	0.128945	1.000000	轮马达5GEB25A5
58	0.134614	1.000000	0.148418	1.000000	NTE240006
58	0.116475	1.000000	0.128945	1.000000	090-0180-240
58	0.135002	1.000000	0.147472	1.000000	自系列号
59	0.106427	1.000000	0.118898	1.000000	轮马达5GEB25A5
59	0.124566	1.000000	0.138371	1.000000	NTE240006
59	0.106427	1.000000	0.118898	1.000000	090-0180-240
59	0.124955	1.000000	0.137425	1.000000	自系列号
60	0.106427	1.000000	0.118898	1.000000	轮马达5GEB25A5
60	0.124566	1.000000	0.138371	1.000000	NTE240006
60	0.106427	1.000000	0.118898	1.000000	090-0180-240
60	0.124955	1.000000	0.137425	1.000000	自系列号
61	0.106427	1.000000	0.118898	1.000000	轮马达5GEB25A5
61	0.124566	1.000000	0.138371	1.000000	NTE240006
61	0.106427	1.000000	0.118898	1.000000	090-0180-240
61	0.124955	1.000000	0.137425	1.000000	自系列号
62	0.106427	1.000000	0.118898	1.000000	轮马达5GEB25A5
62	0.124566	1.000000	0.138371	1.000000	NTE240006
62	0.106427	1.000000	0.118898	1.000000	090-0180-240
62	0.124955	1.000000	0.137425	1.000000	自系列号
63	0.115690	1.000000	0.128161	1.000000	轮马达5GEB25A5
63	0.133829	1.000000	0.147634	1.000000	NTE240006
63	0.115690	1.000000	0.128161	1.000000	090-0180-240
63	0.134218	1.000000	0.146688	1.000000	自系列号
64	0.115691	1.000000	0.128161	1.000000	轮马达5GEB25A5
64	0.133829	1.000000	0.147634	1.000000	NTE240006
64	0.115691	1.000000	0.128161	1.000000	090-0180-240
64	0.134218	1.000000	0.146688	1.000000	自系列号
65	0.080275	1.000000	0.092745	1.000000	轮马达5GEB25A5
65	0.098414	1.000000	0.112218	1.000000	NTE240006
65	0.080275	1.000000	0.092745	1.000000	090-0180-240
65	0.098802	1.000000	0.111272	1.000000	自系列号
66	0.098440	1.000000	0.110911	1.000000	轮马达5GEB25A5
66	0.116579	1.000000	0.130384	1.000000	NTE240006
66	0.098440	1.000000	0.110911	1.000000	090-0180-240
66	0.116968	1.000000	0.129438	1.000000	自系列号
67	0.143909	0.160691	0.156379	0.178332	至
67	0.143909	0.284054	0.156379	0.301694	自
67	0.143909	0.389916	0.156379	0.407557	称
67	0.143909	0.416418	0.156379	0.434058	名
67	0.163425	0.444692	0.175326	0.495194	薄垫片
67	0.181953	0.444692	0.193853	0.495194	薄垫片
67	0.200480	0.444692	0.212380	0.495194	薄垫片
67	0.219007	0.444692	0.230908	0.495194	薄垫片
67	0.237535	0.444692	0.249435	0.495194	密封座
67	0.256062	0.444692	0.267962	0.495194	密封环
67	0.275017	0.444692	0.286917	0.495194	抛油环
67	0.293544	0.461526	0.305444	0.495194	卡箍
67	0.312072	0.427858	0.323972	0.495194	六角螺栓
67	0.330599	0.461526	0.342499	0.495194	垫片
67	0.349126	0.461526	0.361026	0.495194	油封
67	0.367653	0.444692	0.379554	0.495194	毡密封
67	0.386680	0.444692	0.398580	0.495194	耐磨带
67	0.405207	0.461526	0.417107	0.495194	堵头
67	0.423734	0.461526	0.435634	0.495194	油封
67	0.441724	0.482097	0.455005	0.495194	O
67	0.442262	0.444189	0.454162	0.477857	型环
67	0.460789	0.444692	0.472689	0.495194	定位销
67	0.479316	0.461526	0.491216	0.495194	管箍
67	0.497843	0.444692	0.509744	0.495194	连接器
67	0.516371	0.478360	0.528271	0.495194	环
67	0.534898	0.394290	0.546798	0.495194	行星轮盖总成
67	0.553425	0.478360	0.565326	0.495194	管
67	0.571953	0.478360	0.583853	0.495194	管
67	0.590480	0.461526	0.602380	0.495194	管箍
67	0.609150	0.394290	0.621050	0.495194	制动管路总成
67	0.143909	0.539738	0.156379	0.557378	号
67	0.143909	0.566138	0.156379	0.583779	件
67	0.162689	0.529315	0.176494	0.599929	20039003
67	0.181217	0.529315	0.195021	0.599929	20039004
67	0.199744	0.529315	0.213549	0.599929	20039005
67	0.218271	0.529315	0.232076	0.599929	20039006
67	0.236799	0.529315	0.250603	0.599929	20039007
67	0.255326	0.529315	0.269131	0.599929	20039008
67	0.274067	0.529315	0.287872	0.599929	20039009
67	0.292808	0.529315	0.306613	0.599929	20039010
67	0.311336	0.529718	0.325140	0.599626	20039011
67	0.329863	0.529315	0.343667	0.599929	20039012
67	0.348390	0.529315	0.362195	0.599929	20039013
67	0.366917	0.529315	0.380722	0.599929	20039014
67	0.385730	0.529315	0.399534	0.599929	20039015
67	0.404471	0.529315	0.418276	0.599929	20039016
67	0.422998	0.529315	0.436803	0.599929	20039017
67	0.441526	0.529315	0.455330	0.599929	20039018
67	0.460053	0.529315	0.473857	0.599929	20039019
67	0.478580	0.529315	0.492385	0.599929	20039020
67	0.497107	0.529315	0.510912	0.599929	20039021
67	0.515635	0.529315	0.529439	0.599929	20039022
67	0.534162	0.529315	0.547967	0.599929	20039023
67	0.552689	0.529315	0.566494	0.599929	20039024
67	0.571217	0.529315	0.585021	0.599929	20039025
67	0.589744	0.529315	0.603549	0.599929	20039026
67	0.608343	0.529315	0.622147	0.599929	20039027
67	0.143909	0.619041	0.156379	0.654362	数量
67	0.162689	0.634152	0.176494	0.660613	020
67	0.181217	0.634152	0.195021	0.660613	005
67	0.199744	0.634152	0.213549	0.660613	004
67	0.218271	0.634152	0.232076	0.660613	005
67	0.236799	0.634152	0.250603	0.660613	001
67	0.255326	0.634152	0.269131	0.660613	001
67	0.274067	0.634152	0.287871	0.660613	001
67	0.292808	0.634152	0.306613	0.660613	036
67	0.311336	0.634152	0.325140	0.660613	036
67	0.329863	0.634152	0.343667	0.660613	144
67	0.348390	0.634152	0.362195	0.660613	001
67	0.366917	0.634152	0.380722	0.660613	001
67	0.385730	0.634152	0.399535	0.660613	001
67	0.404471	0.634152	0.418276	0.660613	016
67	0.422998	0.634152	0.436803	0.660613	001
67	0.441526	0.634152	0.455330	0.660613	001
67	0.460053	0.634152	0.473857	0.660613	001
67	0.478580	0.634152	0.492385	0.660613	004
67	0.497107	0.634152	0.510912	0.660613	002
67	0.515635	0.634152	0.529439	0.660613	003
67	0.534162	0.634152	0.547967	0.660613	001
67	0.552689	0.634152	0.566494	0.660613	002
67	0.571217	0.634152	0.585021	0.660613	001
67	0.589744	0.634152	0.603549	0.660613	006
67	0.608342	0.634152	0.622147	0.660613	001
67	0.143909	0.672124	0.156379	0.707446	序号
67	0.162689	0.679187	0.176494	0.708696	23C
67	0.181217	0.678719	0.195021	0.709198	23D
67	0.199744	0.679670	0.213549	0.708191	23E
67	0.218271	0.680293	0.232076	0.707787	23F
67	0.236799	0.680723	0.250603	0.707184	024
67	0.255326	0.680723	0.269131	0.707184	025
67	0.274067	0.680723	0.287871	0.707184	026
67	0.292808	0.680723	0.306613	0.707184	027
67	0.311336	0.680723	0.325140	0.707184	028
67	0.329863	0.680723	0.343667	0.707184	029
67	0.348390	0.680723	0.362195	0.707184	030
67	0.366917	0.680723	0.380722	0.707184	031
67	0.385730	0.680723	0.399535	0.707184	032
67	0.404471	0.680723	0.418276	0.707184	033
67	0.422998	0.680723	0.436803	0.707184	034
67	0.441526	0.680723	0.455330	0.707184	035
67	0.460053	0.680723	0.473857	0.707184	036
67	0.478580	0.680723	0.492385	0.707184	037
67	0.497107	0.680723	0.510912	0.707184	038
67	0.515635	0.680723	0.529439	0.707184	039
67	0.534162	0.680723	0.547967	0.707184	040
67	0.552689	0.680723	0.566494	0.707184	041
67	0.571217	0.680723	0.585021	0.707184	042
67	0.589744	0.680723	0.603549	0.707184	043
67	0.608342	0.680723	0.622147	0.707184	044
67	0.143909	0.725127	0.156379	0.742768	注
67	0.143909	0.819005	0.156379	0.836645	至
67	0.143909	0.942522	0.156379	0.960162	自
67	0.143909	1.000000	0.156379	1.000000	称
67	0.143909	1.000000	0.156379	1.000000	名
67	0.163425	1.000000	0.175326	1.000000	电动轮
67	0.181953	1.000000	0.193853	1.000000	机架
67	0.200480	0.931873	0.212380	1.000000	轴，行星齿轮和太阳轮
67	0.219007	1.000000	0.230908	1.000000	扭力管
67	0.237535	1.000000	0.249435	1.000000	轮毂
67	0.256062	1.000000	0.267962	1.000000	滚柱轴承
67	0.275017	1.000000	0.286917	1.000000	滚柱轴承
67	0.293544	1.000000	0.305444	1.000000	衬套
67	0.312072	1.000000	0.323972	1.000000	轴承盖
67	0.330599	1.000000	0.342499	1.000000	螺帽
67	0.349126	1.000000	0.361026	1.000000	弹簧垫片
67	0.367653	1.000000	0.379554	1.000000	衬套
67	0.386680	1.000000	0.398580	1.000000	轴承盖
67	0.405207	1.000000	0.417107	1.000000	滚柱轴承
67	0.423734	1.000000	0.435634	1.000000	滚柱轴承
67	0.442262	1.000000	0.454162	1.000000	密封环
67	0.460789	1.000000	0.472689	1.000000	环
67	0.479316	1.000000	0.491216	1.000000	油封
67	0.497843	1.000000	0.509744	1.000000	耐磨带
67	0.516371	1.000000	0.528271	1.000000	轴承盖
67	0.534898	1.000000	0.546798	1.000000	止推环
67	0.553425	1.000000	0.565326	1.000000	密封环
67	0.571953	1.000000	0.583853	1.000000	套装薄垫片
67	0.590480	1.000000	0.602380	1.000000	薄垫片
67	0.609150	1.000000	0.621050	1.000000	薄垫片
67	0.143909	1.000000	0.156379	1.000000	号
67	0.143909	1.000000	0.156379	1.000000	件
67	0.162689	1.000000	0.176494	1.000000	20038978
67	0.181217	1.000000	0.195021	1.000000	20038979
67	0.199744	1.000000	0.213549	1.000000	20038980
67	0.218271	1.000000	0.232076	1.000000	20038981
67	0.236799	1.000000	0.250603	1.000000	20038982
67	0.255326	1.000000	0.269131	1.000000	20038983
67	0.274067	1.000000	0.287872	1.000000	20038984
67	0.292808	1.000000	0.306613	1.000000	20038985
67	0.311336	1.000000	0.325140	1.000000	20038986
67	0.329863	1.000000	0.343667	1.000000	20038987
67	0.348390	1.000000	0.362195	1.000000	20038988
67	0.366917	1.000000	0.380722	1.000000	20038989
67	0.385730	1.000000	0.399534	1.000000	20038990
67	0.404471	1.000000	0.418276	1.000000	20038991
67	0.422998	1.000000	0.436803	1.000000	20038992
67	0.441526	1.000000	0.455330	1.000000	20038993
67	0.460053	1.000000	0.473857	1.000000	20038994
67	0.478580	1.000000	0.492385	1.000000	20038995
67	0.497107	1.000000	0.510912	1.000000	20038996
67	0.515635	1.000000	0.529439	1.000000	20038997
67	0.534162	1.000000	0.547967	1.000000	20038998
67	0.552689	1.000000	0.566494	1.000000	20038999
67	0.571217	1.000000	0.585021	1.000000	20039000
67	0.589744	1.000000	0.603549	1.000000	20039001
67	0.608343	1.000000	0.622147	1.000000	20039002
67	0.106284	1.000000	0.118754	1.000000	轮马达5GEB25A5
67	0.124811	1.000000	0.137282	1.000000	NTE240006
67	0.143909	1.000000	0.156379	1.000000	数量
67	0.162689	1.000000	0.176494	1.000000	001
67	0.181217	1.000000	0.195021	1.000000	001
67	0.199744	1.000000	0.213549	1.000000	003
67	0.218271	1.000000	0.232076	1.000000	001
67	0.236799	1.000000	0.250603	1.000000	001
67	0.255326	1.000000	0.269131	1.000000	003
67	0.274067	1.000000	0.287872	1.000000	003
67	0.292808	1.000000	0.306613	1.000000	003
67	0.311336	1.000000	0.325140	1.000000	003
67	0.329863	1.000000	0.343667	1.000000	003
67	0.348390	1.000000	0.362195	1.000000	003
67	0.366917	1.000000	0.380722	1.000000	003
67	0.385730	1.000000	0.399534	1.000000	003
67	0.404471	1.000000	0.418276	1.000000	001
67	0.422998	1.000000	0.436803	1.000000	001
67	0.441526	1.000000	0.455330	1.000000	001
67	0.460053	1.000000	0.473857	1.000000	001
67	0.478580	1.000000	0.492385	1.000000	002
67	0.497107	1.000000	0.510912	1.000000	003
67	0.515635	1.000000	0.529439	1.000000	001
67	0.534162	1.000000	0.547967	1.000000	001
67	0.552689	1.000000	0.566494	1.000000	001
67	0.571217	1.000000	0.585021	1.000000	001
67	0.589744	1.000000	0.603549	1.000000	020
67	0.608343	1.000000	0.622147	1.000000	016
67	0.143909	1.000000	0.156379	1.000000	序号
67	0.162689	1.000000	0.176494	1.000000	001
67	0.181217	1.000000	0.195021	1.000000	002
67	0.199744	1.000000	0.213549	1.000000	003
67	0.218271	1.000000	0.232076	1.000000	004
67	0.236799	1.000000	0.250603	1.000000	005
67	0.255326	1.000000	0.269131	1.000000	006
67	0.274067	1.000000	0.287871	1.000000	007
67	0.292808	1.000000	0.306613	1.000000	008
67	0.311336	1.000000	0.325140	1.000000	009
67	0.329863	1.000000	0.343667	1.000000	010
67	0.348390	1.000000	0.362195	1.000000	011
67	0.366917	1.000000	0.380722	1.000000	012
67	0.385730	1.000000	0.399535	1.000000	013
67	0.404471	1.000000	0.418276	1.000000	014
67	0.422998	1.000000	0.436803	1.000000	015
67	0.441526	1.000000	0.455330	1.000000	016
67	0.460053	1.000000	0.473857	1.000000	017
67	0.478580	1.000000	0.492385	1.000000	018
67	0.497107	1.000000	0.510912	1.000000	019
67	0.515635	1.000000	0.529439	1.000000	020
67	0.534162	1.000000	0.547967	1.000000	021
67	0.552689	1.000000	0.566494	1.000000	022
67	0.571217	1.000000	0.585021	1.000000	023
67	0.589744	1.000000	0.603549	1.000000	23A
67	0.608342	1.000000	0.622147	1.000000	23B
67	0.106284	1.000000	0.118754	1.000000	090-0180-240
67	0.124811	1.000000	0.137282	1.000000	自系列号
67	0.143909	1.000000	0.156379	1.000000	注
68	0.144978	0.143654	0.157448	0.161295	至
68	0.144978	0.267016	0.157448	0.284657	自
68	0.144978	0.372879	0.157448	0.390520	称
68	0.144978	0.399380	0.157448	0.417021	名
68	0.164494	0.427656	0.176395	0.478159	平垫片
68	0.183022	0.444490	0.194922	0.478159	螺钉
68	0.201549	0.410822	0.213449	0.478159	六角螺栓
68	0.220076	0.427656	0.231976	0.478159	平垫片
68	0.238604	0.410822	0.250504	0.478159	六角螺栓
68	0.257131	0.410822	0.269031	0.478159	六角螺栓
68	0.276086	0.410822	0.287986	0.478159	六角螺栓
68	0.294613	0.427656	0.306513	0.478159	密封胶
68	0.313140	0.427656	0.325041	0.478159	密封剂
68	0.331668	0.394089	0.343568	0.478159	螺纹密封剂
68	0.350195	0.444490	0.362095	0.478159	铁丝
68	0.368722	0.444490	0.380623	0.478159	堵头
68	0.387748	0.410822	0.399649	0.478159	定子总成
68	0.406276	0.343687	0.418176	0.478159	定子总成绕组组件
68	0.424803	0.343687	0.436703	0.478159	定子总成母线组件
68	0.443330	0.410822	0.455231	0.478159	转子总成
68	0.461858	0.410822	0.473758	0.478159	转子冲片
68	0.480385	0.394089	0.492285	0.478159	转子端冲片
68	0.498912	0.410822	0.510813	0.478159	转子端盖
68	0.517440	0.410822	0.529340	0.478159	转子端环
68	0.535967	0.427656	0.547867	0.478159	转子轴
68	0.554494	0.427656	0.566395	0.478159	轴承帽
68	0.573022	0.410822	0.584922	0.478159	弹簧垫片
68	0.591549	0.444490	0.603449	0.478159	配重
68	0.610219	0.461324	0.622119	0.478159	环
68	0.144978	0.522700	0.157448	0.540341	号
68	0.144978	0.549101	0.157448	0.566742	件
68	0.163758	0.512280	0.177563	0.582893	20039053
68	0.182286	0.512280	0.196090	0.582893	20039054
68	0.200813	0.512280	0.214618	0.582893	20039055
68	0.219340	0.512280	0.233145	0.582893	20039056
68	0.237868	0.512280	0.251672	0.582893	20039057
68	0.256395	0.512280	0.270200	0.582893	20039058
68	0.275136	0.512280	0.288941	0.582893	20039059
68	0.293877	0.512280	0.307682	0.582893	20039060
68	0.312404	0.512280	0.326209	0.582893	20039061
68	0.330932	0.512280	0.344736	0.582893	20039062
68	0.349459	0.512280	0.363264	0.582893	20039063
68	0.367986	0.512280	0.381791	0.582893	20039064
68	0.386799	0.512280	0.400603	0.582893	20039065
68	0.405540	0.512280	0.419344	0.582893	20039066
68	0.424067	0.512280	0.437872	0.582893	20039067
68	0.442594	0.512280	0.456399	0.582893	20039068
68	0.461122	0.512280	0.474926	0.582893	20039069
68	0.479649	0.512280	0.493454	0.582893	20039070
68	0.498176	0.512280	0.511981	0.582893	20039071
68	0.516704	0.512280	0.530508	0.582893	20039072
68	0.535231	0.512280	0.549036	0.582893	20039073
68	0.553758	0.512280	0.567563	0.582893	20039074
68	0.572286	0.512280	0.586090	0.582893	20039075
68	0.590813	0.512280	0.604617	0.582893	20039076
68	0.609412	0.512280	0.623216	0.582893	20039077
68	0.144978	0.602003	0.157448	0.637325	数量
68	0.163758	0.617116	0.177563	0.643577	012
68	0.182286	0.617116	0.196090	0.643577	010
68	0.200813	0.617116	0.214618	0.643577	016
68	0.219340	0.617116	0.233145	0.643577	058
68	0.237868	0.617116	0.251672	0.643577	006
68	0.256395	0.617116	0.270200	0.643577	018
68	0.275135	0.617115	0.288940	0.643575	018
68	0.293877	0.618071	0.307682	0.642568	AR
68	0.312404	0.618071	0.326209	0.642568	AR
68	0.330932	0.618071	0.344736	0.642568	AR
68	0.349459	0.618071	0.363264	0.642568	AR
68	0.367986	0.617116	0.381791	0.643577	002
68	0.386799	0.617115	0.400604	0.643575	001
68	0.405540	0.617116	0.419344	0.643577	001
68	0.424067	0.617116	0.437872	0.643577	001
68	0.442594	0.617116	0.456399	0.643577	001
68	0.461122	0.617116	0.474926	0.643577	860
68	0.479649	0.617116	0.493454	0.643577	002
68	0.498176	0.617116	0.511981	0.643577	002
68	0.516704	0.617116	0.530508	0.643577	002
68	0.535231	0.617116	0.549036	0.643577	001
68	0.553758	0.617116	0.567563	0.643577	001
68	0.572286	0.617116	0.586090	0.643577	001
68	0.590813	0.618104	0.604617	0.642568	AR
68	0.609411	0.617115	0.623216	0.643575	001
68	0.144978	0.655087	0.157448	0.690409	序号
68	0.163758	0.663585	0.177563	0.690046	061
68	0.182286	0.663585	0.196090	0.690046	062
68	0.200813	0.663585	0.214618	0.690046	063
68	0.219340	0.663585	0.233145	0.690046	064
68	0.237868	0.663585	0.251672	0.690046	065
68	0.256395	0.663585	0.270200	0.690046	066
68	0.275135	0.663585	0.288940	0.690046	067
68	0.293877	0.661080	0.307682	0.691559	67A
68	0.312404	0.662050	0.326209	0.691559	67B
68	0.330932	0.662050	0.344736	0.691559	67C
68	0.349459	0.663585	0.363264	0.690046	068
68	0.367986	0.663585	0.381791	0.690046	069
68	0.386799	0.663585	0.400604	0.690046	070
68	0.405540	0.663585	0.419344	0.690046	071
68	0.424067	0.663585	0.437872	0.690046	072
68	0.442594	0.663585	0.456399	0.690046	073
68	0.461122	0.663585	0.474926	0.690046	074
68	0.479649	0.663585	0.493454	0.690046	075
68	0.498176	0.663585	0.511981	0.690046	076
68	0.516704	0.663585	0.530508	0.690046	077
68	0.535231	0.663585	0.549036	0.690046	078
68	0.553758	0.663585	0.567563	0.690046	079
68	0.572286	0.663585	0.586090	0.690046	080
68	0.590813	0.663585	0.604617	0.690046	081
68	0.609411	0.663585	0.623216	0.690046	082
68	0.144978	0.708090	0.157448	0.725730	注
68	0.144978	0.802876	0.157448	0.820516	至
68	0.144978	0.926393	0.157448	0.944034	自
68	0.144978	1.000000	0.157448	1.000000	称
68	0.144978	1.000000	0.157448	1.000000	名
68	0.164494	1.000000	0.176395	1.000000	制动油管
68	0.183022	1.000000	0.194922	1.000000	制动油管
68	0.201549	1.000000	0.213449	1.000000	制动油管
68	0.220076	1.000000	0.231976	1.000000	制动油管
68	0.238604	1.000000	0.250504	1.000000	弯头
68	0.257131	1.000000	0.269031	1.000000	接头
68	0.276086	1.000000	0.287986	1.000000	卡箍
68	0.294613	1.000000	0.306513	1.000000	六角螺栓
68	0.313140	1.000000	0.325041	1.000000	弹簧垫片
68	0.331668	1.000000	0.343568	1.000000	油箱盖
68	0.350195	1.000000	0.362095	1.000000	堵头
68	0.368722	1.000000	0.380623	1.000000	堵头
68	0.387748	1.000000	0.399649	1.000000	磁性堵头
68	0.406276	1.000000	0.418176	1.000000	管帽
68	0.424803	1.000000	0.436703	1.000000	连接板
68	0.443330	0.965340	0.455231	1.000000	带螺杆的绝缘子
68	0.461858	0.998907	0.473758	1.000000	螺帽，六角
68	0.480385	1.000000	0.492285	1.000000	垫片
68	0.498912	1.000000	0.510813	1.000000	弹簧垫片
68	0.517440	1.000000	0.529340	1.000000	六角螺栓
68	0.535967	1.000000	0.547867	1.000000	六角螺栓
68	0.554494	1.000000	0.566395	1.000000	平垫片
68	0.573022	1.000000	0.584922	1.000000	六角螺栓
68	0.591549	1.000000	0.603449	1.000000	平垫片
68	0.610219	1.000000	0.622119	1.000000	六角螺栓
68	0.144978	1.000000	0.157448	1.000000	号
68	0.144978	1.000000	0.157448	1.000000	件
68	0.163758	1.000000	0.177563	1.000000	20039028
68	0.182286	1.000000	0.196090	1.000000	20039029
68	0.200813	1.000000	0.214618	1.000000	20039030
68	0.219340	1.000000	0.233145	1.000000	20039031
68	0.237868	1.000000	0.251672	1.000000	20039032
68	0.256395	1.000000	0.270200	1.000000	20039033
68	0.275136	1.000000	0.288941	1.000000	20039034
68	0.293877	1.000000	0.307682	1.000000	20039035
68	0.312404	1.000000	0.326209	1.000000	20039036
68	0.330932	1.000000	0.344736	1.000000	20039037
68	0.349459	1.000000	0.363264	1.000000	20039038
68	0.367986	1.000000	0.381791	1.000000	20039039
68	0.386799	1.000000	0.400603	1.000000	20039040
68	0.405540	1.000000	0.419344	1.000000	20039041
68	0.424067	1.000000	0.437872	1.000000	20039042
68	0.442594	1.000000	0.456399	1.000000	20039043
68	0.461122	1.000000	0.474926	1.000000	20039044
68	0.479649	1.000000	0.493454	1.000000	20039045
68	0.498176	1.000000	0.511981	1.000000	20039046
68	0.516704	1.000000	0.530508	1.000000	20039047
68	0.535231	1.000000	0.549036	1.000000	20039048
68	0.553758	1.000000	0.567563	1.000000	20039049
68	0.572286	1.000000	0.586090	1.000000	20039050
68	0.590813	1.000000	0.604617	1.000000	20039051
68	0.609412	1.000000	0.623216	1.000000	20039052
68	0.107353	1.000000	0.119823	1.000000	轮马达5GEB25A5
68	0.125880	1.000000	0.138350	1.000000	NTE240006
68	0.144978	1.000000	0.157448	1.000000	数量
68	0.163758	1.000000	0.177563	1.000000	001
68	0.182286	1.000000	0.196090	1.000000	001
68	0.200813	1.000000	0.214618	1.000000	001
68	0.219340	1.000000	0.233145	1.000000	001
68	0.237868	1.000000	0.251672	1.000000	004
68	0.256395	1.000000	0.270200	1.000000	004
68	0.275136	1.000000	0.288941	1.000000	002
68	0.293877	1.000000	0.307682	1.000000	004
68	0.312404	1.000000	0.326209	1.000000	004
68	0.330932	1.000000	0.344736	1.000000	001
68	0.349459	1.000000	0.363264	1.000000	002
68	0.367986	1.000000	0.381791	1.000000	003
68	0.386799	1.000000	0.400603	1.000000	001
68	0.405540	1.000000	0.419344	1.000000	001
68	0.424067	1.000000	0.437872	1.000000	003
68	0.442594	1.000000	0.456399	1.000000	006
68	0.461122	1.000000	0.474926	1.000000	006
68	0.479649	1.000000	0.493454	1.000000	006
68	0.498176	1.000000	0.511981	1.000000	006
68	0.516704	1.000000	0.530508	1.000000	055
68	0.535231	1.000000	0.549036	1.000000	045
68	0.553758	1.000000	0.567563	1.000000	045
68	0.572286	1.000000	0.586090	1.000000	024
68	0.590813	1.000000	0.604617	1.000000	024
68	0.609412	1.000000	0.623216	1.000000	012
68	0.144978	1.000000	0.157448	1.000000	序号
68	0.163758	1.000000	0.177563	1.000000	44A
68	0.182286	1.000000	0.196090	1.000000	44B
68	0.200813	1.000000	0.214618	1.000000	44C
68	0.219340	1.000000	0.233145	1.000000	44D
68	0.237868	1.000000	0.251672	1.000000	44E
68	0.256395	1.000000	0.270200	1.000000	44F
68	0.275135	1.000000	0.288940	1.000000	44G
68	0.293877	1.000000	0.307682	1.000000	44H
68	0.312404	1.000000	0.326209	1.000000	44J
68	0.330932	1.000000	0.344736	1.000000	045
68	0.349459	1.000000	0.363264	1.000000	046
68	0.367986	1.000000	0.381791	1.000000	047
68	0.386799	1.000000	0.400604	1.000000	048
68	0.405540	1.000000	0.419344	1.000000	049
68	0.424067	1.000000	0.437872	1.000000	050
68	0.442594	1.000000	0.456399	1.000000	051
68	0.461122	1.000000	0.474926	1.000000	052
68	0.479649	1.000000	0.493454	1.000000	053
68	0.498176	1.000000	0.511981	1.000000	054
68	0.516704	1.000000	0.530508	1.000000	055
68	0.535231	1.000000	0.549036	1.000000	056
68	0.553758	1.000000	0.567563	1.000000	057
68	0.572286	1.000000	0.586090	1.000000	058
68	0.590813	1.000000	0.604617	1.000000	059
68	0.609411	1.000000	0.623216	1.000000	060
68	0.107353	1.000000	0.119823	1.000000	090-0180-240
68	0.125880	1.000000	0.138350	1.000000	自系列号
68	0.144978	1.000000	0.157448	1.000000	注
69	0.136284	0.143654	0.148755	0.161295	至
69	0.136284	0.267016	0.148755	0.284657	自
69	0.136284	0.372879	0.148755	0.390520	称
69	0.136284	0.399380	0.148755	0.417021	名
69	0.155729	0.444490	0.167630	0.478159	衬套
69	0.174257	0.444490	0.186157	0.478159	配件
69	0.192784	0.444490	0.204684	0.478159	堵头
69	0.211311	0.427656	0.223212	0.478159	支撑片
69	0.229839	0.444490	0.241739	0.478159	夹板
69	0.248366	0.444490	0.260266	0.478159	压板
69	0.267392	0.394089	0.279292	0.478159	速度传感器
69	0.285919	0.326853	0.297820	0.478159	速度传感器电缆总成
69	0.304447	0.410822	0.316347	0.478159	六角螺栓
69	0.322974	0.427656	0.334874	0.478159	平垫片
69	0.341501	0.444490	0.353402	0.478159	螺栓
69	0.360029	0.410822	0.371929	0.478159	六角螺栓
69	0.378984	0.427656	0.390884	0.478159	平垫片
69	0.397511	0.410822	0.409411	0.478159	六角螺栓
69	0.416038	0.410822	0.427939	0.478159	六角螺栓
69	0.434566	0.427656	0.446466	0.478159	平垫片
69	0.453093	0.444490	0.464993	0.478159	螺帽
69	0.471620	0.427656	0.483520	0.478159	驱动环
69	0.490148	0.427656	0.502048	0.478159	连接盘
69	0.508675	0.444490	0.520575	0.478159	螺栓
69	0.527202	0.444490	0.539102	0.478159	垫片
69	0.545729	0.410822	0.557630	0.478159	太阳轮盖
69	0.564257	0.444490	0.576157	0.478159	垫圈
69	0.582784	0.410822	0.594684	0.478159	六角螺栓
69	0.601454	0.343687	0.613354	0.478159	太阳轮轴和环总成
69	0.136284	0.522700	0.148755	0.540341	号
69	0.136284	0.549101	0.148755	0.566742	件
69	0.154993	0.512280	0.168798	0.582893	20039103
69	0.173521	0.512280	0.187325	0.582893	20039104
69	0.192048	0.512280	0.205853	0.582893	20039105
69	0.210575	0.512280	0.224380	0.582893	20039106
69	0.229103	0.512280	0.242907	0.582893	20039107
69	0.247630	0.512280	0.261435	0.582893	20039108
69	0.266371	0.512280	0.280176	0.582893	20039109
69	0.285183	0.512685	0.298988	0.582591	20039110
69	0.303711	0.512986	0.317515	0.582288	20039111
69	0.322238	0.512685	0.336043	0.582591	20039112
69	0.340765	0.512685	0.354570	0.582591	20039113
69	0.359293	0.512685	0.373097	0.582591	20039114
69	0.378034	0.512685	0.391838	0.582591	20039115
69	0.396775	0.512685	0.410580	0.582591	20039116
69	0.415302	0.512685	0.429107	0.582591	20039117
69	0.433830	0.512685	0.447634	0.582591	20039118
69	0.452357	0.512685	0.466162	0.582591	20039119
69	0.470884	0.512280	0.484689	0.582893	20039120
69	0.489412	0.512280	0.503216	0.582893	20039121
69	0.507939	0.512280	0.521743	0.582893	20039122
69	0.526466	0.512280	0.540271	0.582893	20039123
69	0.544993	0.512280	0.558798	0.582893	20039124
69	0.563521	0.512280	0.577325	0.582893	20039125
69	0.582048	0.512280	0.595853	0.582893	20039126
69	0.600647	0.512280	0.614451	0.582893	20039127
69	0.136284	0.602003	0.148755	0.637325	数量
69	0.154993	0.617116	0.168798	0.643577	001
69	0.173521	0.617116	0.187325	0.643577	001
69	0.192048	0.617116	0.205853	0.643577	001
69	0.210575	0.617116	0.224380	0.643577	001
69	0.229103	0.617116	0.242907	0.643577	002
69	0.247630	0.617116	0.261435	0.643577	001
69	0.266371	0.617116	0.280175	0.643577	001
69	0.285183	0.617116	0.298988	0.643577	001
69	0.303711	0.617116	0.317515	0.643577	004
69	0.322238	0.617116	0.336043	0.643577	004
69	0.340765	0.617116	0.354570	0.643577	020
69	0.359293	0.617116	0.373097	0.643577	012
69	0.378033	0.617115	0.391838	0.643575	032
69	0.396775	0.617116	0.410580	0.643577	003
69	0.415302	0.617116	0.429107	0.643577	002
69	0.433830	0.617116	0.447634	0.643577	007
69	0.452357	0.617116	0.466162	0.643577	002
69	0.470884	0.617116	0.484689	0.643577	001
69	0.489412	0.617116	0.503216	0.643577	001
69	0.507939	0.617116	0.521743	0.643577	009
69	0.526466	0.617116	0.540271	0.643577	010
69	0.544993	0.617116	0.558798	0.643577	001
69	0.563521	0.617116	0.577325	0.643577	001
69	0.582048	0.617116	0.595853	0.643577	006
69	0.600647	0.617115	0.614451	0.643575	001
69	0.136284	0.655087	0.148755	0.690409	序号
69	0.154993	0.663585	0.168798	0.690046	108
69	0.173521	0.663585	0.187325	0.690046	109
69	0.192048	0.663887	0.205853	0.689744	110
69	0.210575	0.664190	0.224380	0.689443	111
69	0.229103	0.663887	0.242907	0.689744	112
69	0.247630	0.663887	0.261435	0.689744	113
69	0.266371	0.663887	0.280175	0.689744	114
69	0.285183	0.663887	0.298988	0.689744	115
69	0.303711	0.663887	0.317515	0.689744	116
69	0.322238	0.663887	0.336043	0.689744	117
69	0.340765	0.663887	0.354570	0.689744	118
69	0.359293	0.663887	0.373097	0.689744	119
69	0.378033	0.663585	0.391838	0.690046	120
69	0.396775	0.663585	0.410580	0.690046	121
69	0.415302	0.663585	0.429107	0.690046	122
69	0.433830	0.663585	0.447634	0.690046	123
69	0.452357	0.663585	0.466162	0.690046	124
69	0.470884	0.663585	0.484689	0.690046	125
69	0.489412	0.663585	0.503216	0.690046	126
69	0.507939	0.663585	0.521743	0.690046	127
69	0.526466	0.663585	0.540271	0.690046	128
69	0.544993	0.663585	0.558798	0.690046	129
69	0.563521	0.663585	0.577325	0.690046	130
69	0.582048	0.663585	0.595853	0.690046	131
69	0.600647	0.663585	0.614451	0.690046	132
69	0.136284	0.708090	0.148755	0.725730	注
69	0.136284	0.802876	0.148755	0.820516	至
69	0.136284	0.926393	0.148755	0.944034	自
69	0.136284	1.000000	0.148755	1.000000	称
69	0.322974	1.000000	0.334874	1.000000	型密封环
69	0.582784	1.000000	0.594684	1.000000	型密封环
69	0.136284	1.000000	0.148755	1.000000	名
69	0.155729	1.000000	0.167630	1.000000	挡板
69	0.174257	1.000000	0.186157	1.000000	六角螺栓
69	0.192784	1.000000	0.204684	1.000000	平垫片
69	0.211311	1.000000	0.223212	1.000000	衬套
69	0.229839	1.000000	0.241739	1.000000	衬套
69	0.248366	1.000000	0.260266	1.000000	轴承支架
69	0.267392	1.000000	0.279292	1.000000	轴承盖
69	0.285919	1.000000	0.297820	1.000000	滚柱轴承
69	0.304447	1.000000	0.316347	1.000000	衬套
69	0.322437	1.000000	0.335718	1.000000	V
69	0.341501	1.000000	0.353402	1.000000	密封胶
69	0.360029	1.000000	0.371929	1.000000	六角螺栓
69	0.378984	1.000000	0.390884	1.000000	平垫片
69	0.397511	1.000000	0.409411	1.000000	密封
69	0.416038	1.000000	0.427939	1.000000	轴承压盖
69	0.434566	1.000000	0.446466	1.000000	轴承支架
69	0.453093	0.998907	0.464993	1.000000	传感器齿轮
69	0.471620	1.000000	0.483520	1.000000	滚珠轴承
69	0.490148	0.998907	0.502048	1.000000	轴承盖总成
69	0.508675	1.000000	0.520575	1.000000	毡密封，
69	0.527202	1.000000	0.539102	1.000000	六角螺栓
69	0.545729	1.000000	0.557630	1.000000	平垫片
69	0.564257	1.000000	0.576157	1.000000	密封剂
69	0.582247	1.000000	0.595527	1.000000	V
69	0.601454	1.000000	0.613354	1.000000	密封胶
69	0.136284	1.000000	0.148755	1.000000	号
69	0.136284	1.000000	0.148755	1.000000	件
69	0.154993	1.000000	0.168798	1.000000	20039078
69	0.173521	1.000000	0.187325	1.000000	20039079
69	0.192048	1.000000	0.205853	1.000000	20039080
69	0.210575	1.000000	0.224380	1.000000	20039081
69	0.229103	1.000000	0.242907	1.000000	20039082
69	0.247630	1.000000	0.261435	1.000000	20039083
69	0.266371	1.000000	0.280176	1.000000	20039084
69	0.285183	1.000000	0.298988	1.000000	20039085
69	0.303711	1.000000	0.317515	1.000000	20039086
69	0.322238	1.000000	0.336043	1.000000	20039087
69	0.340765	1.000000	0.354570	1.000000	20039088
69	0.359293	1.000000	0.373097	1.000000	20039089
69	0.378034	1.000000	0.391838	1.000000	20039090
69	0.396775	1.000000	0.410580	1.000000	20039091
69	0.415302	1.000000	0.429107	1.000000	20039092
69	0.433830	1.000000	0.447634	1.000000	20039093
69	0.452357	1.000000	0.466162	1.000000	20039094
69	0.470884	1.000000	0.484689	1.000000	20039095
69	0.489412	1.000000	0.503216	1.000000	20039096
69	0.507939	1.000000	0.521743	1.000000	20039097
69	0.526466	1.000000	0.540271	1.000000	20039098
69	0.544993	1.000000	0.558798	1.000000	20039099
69	0.563521	1.000000	0.577325	1.000000	20039100
69	0.582048	1.000000	0.595853	1.000000	20039101
69	0.600647	1.000000	0.614451	1.000000	20039102
69	0.098588	1.000000	0.111058	1.000000	轮马达5GEB25A5
69	0.117115	1.000000	0.129586	1.000000	NTE240006
69	0.136284	1.000000	0.148755	1.000000	数量
69	0.154993	1.000000	0.168798	1.000000	001
69	0.173521	1.000000	0.187325	1.000000	008
69	0.192048	1.000000	0.205853	1.000000	008
69	0.210575	1.000000	0.224380	1.000000	001
69	0.229103	1.000000	0.242907	1.000000	001
69	0.247630	1.000000	0.261435	1.000000	001
69	0.266371	1.000000	0.280176	1.000000	001
69	0.285183	1.000000	0.298988	1.000000	001
69	0.303711	1.000000	0.317515	1.000000	001
69	0.322238	1.000000	0.336043	1.000000	001
69	0.340765	1.000000	0.354570	1.000000	AR
69	0.359293	1.000000	0.373097	1.000000	004
69	0.378034	1.000000	0.391838	1.000000	004
69	0.396775	1.000000	0.410580	1.000000	001
69	0.415302	1.000000	0.429107	1.000000	001
69	0.433830	1.000000	0.447634	1.000000	001
69	0.452357	1.000000	0.466162	1.000000	001
69	0.470884	1.000000	0.484689	1.000000	001
69	0.489412	1.000000	0.503216	1.000000	001
69	0.507939	1.000000	0.521743	1.000000	001
69	0.526466	1.000000	0.540271	1.000000	008
69	0.544993	1.000000	0.558798	1.000000	008
69	0.563521	1.000000	0.577325	1.000000	AR
69	0.582048	1.000000	0.595853	1.000000	001
69	0.600647	1.000000	0.614451	1.000000	AR
69	0.136284	1.000000	0.148755	1.000000	序号
69	0.154993	1.000000	0.168798	1.000000	083
69	0.173521	1.000000	0.187325	1.000000	084
69	0.192048	1.000000	0.205853	1.000000	085
69	0.210575	1.000000	0.224380	1.000000	086
69	0.229103	1.000000	0.242907	1.000000	087
69	0.247630	1.000000	0.261435	1.000000	088
69	0.266371	1.000000	0.280175	1.000000	089
69	0.285183	1.000000	0.298988	1.000000	090
69	0.303711	1.000000	0.317515	1.000000	091
69	0.322238	1.000000	0.336043	1.000000	092
69	0.340765	1.000000	0.354570	1.000000	093
69	0.359293	1.000000	0.373097	1.000000	094
69	0.378033	1.000000	0.391838	1.000000	095
69	0.396775	1.000000	0.410580	1.000000	096
69	0.415302	1.000000	0.429107	1.000000	097
69	0.433830	1.000000	0.447634	1.000000	098
69	0.452357	1.000000	0.466162	1.000000	099
69	0.470884	1.000000	0.484689	1.000000	100
69	0.489412	1.000000	0.503216	1.000000	101
69	0.507939	1.000000	0.521743	1.000000	102
69	0.526466	1.000000	0.540271	1.000000	103
69	0.544993	1.000000	0.558798	1.000000	104
69	0.563521	1.000000	0.577325	1.000000	105
69	0.582048	1.000000	0.595853	1.000000	106
69	0.600647	1.000000	0.614451	1.000000	107
69	0.098588	1.000000	0.111058	1.000000	090-0180-240
69	0.117115	1.000000	0.129586	1.000000	自系列号
69	0.136284	1.000000	0.148755	1.000000	注
70	0.155168	0.148392	0.167638	0.166033	至
70	0.155168	0.271754	0.167638	0.289395	自
70	0.155168	0.377617	0.167638	0.395257	称
70	0.155168	0.404118	0.167638	0.421759	名
70	0.174613	0.422918	0.186513	0.473421	通风网
70	0.193140	0.406084	0.205041	0.473421	转子总成
70	0.211668	0.406084	0.223568	0.473421	电机总成
70	0.155168	0.527438	0.167638	0.545079	号
70	0.155168	0.553839	0.167638	0.571480	件
70	0.173877	0.507542	0.187682	0.578155	20039153
70	0.192404	0.507542	0.206209	0.578155	20039154
70	0.210932	0.507542	0.224736	0.578155	20039155
70	0.155168	0.606741	0.167638	0.642063	数量
70	0.174005	0.612349	0.187285	0.640451	002
70	0.192532	0.614749	0.205813	0.638133	AR
70	0.211059	0.614749	0.224340	0.638133	AR
70	0.155168	0.659825	0.167638	0.695147	序号
70	0.173877	0.664493	0.187682	0.690954	158
70	0.192404	0.657652	0.206209	0.696900	159A
70	0.210932	0.657652	0.224736	0.696900	160A
70	0.155168	0.712828	0.167638	0.730468	注
70	0.155168	0.807614	0.167638	0.825254	至
70	0.155168	0.931131	0.167638	0.948772	自
70	0.155168	1.000000	0.167638	1.000000	称
70	0.155168	1.000000	0.167638	1.000000	名
70	0.174613	1.000000	0.186513	1.000000	六角螺栓
70	0.193140	1.000000	0.205041	1.000000	平垫片
70	0.211668	1.000000	0.223568	1.000000	六角螺栓
70	0.230195	1.000000	0.242095	1.000000	垫片
70	0.248722	1.000000	0.260623	1.000000	弹簧垫片
70	0.267250	1.000000	0.279150	1.000000	螺帽
70	0.286276	1.000000	0.298176	1.000000	卡箍
70	0.304803	1.000000	0.316703	1.000000	衬垫
70	0.323330	1.000000	0.335231	1.000000	衬垫
70	0.341858	1.000000	0.353758	1.000000	螺栓
70	0.360385	1.000000	0.372285	1.000000	螺钉
70	0.378912	1.000000	0.390813	1.000000	螺帽
70	0.397867	1.000000	0.409767	1.000000	弹簧垫片
70	0.416395	1.000000	0.428295	1.000000	垫片
70	0.434922	1.000000	0.446822	1.000000	绑带
70	0.453449	1.000000	0.465349	1.000000	漆
70	0.471976	1.000000	0.483877	1.000000	密封剂
70	0.490504	1.000000	0.502404	1.000000	密封环
70	0.509031	1.000000	0.520931	1.000000	磁性堵头
70	0.527558	1.000000	0.539459	1.000000	制动轮毂
70	0.546086	1.000000	0.557986	1.000000	端盖
70	0.564613	1.000000	0.576513	1.000000	六角螺栓
70	0.583140	0.986811	0.595041	1.000000	电动轮罩总成
70	0.601668	1.000000	0.613568	1.000000	把手
70	0.620337	1.000000	0.632238	1.000000	挂钩
70	0.155168	1.000000	0.167638	1.000000	号
70	0.155168	1.000000	0.167638	1.000000	件
70	0.173877	1.000000	0.187682	1.000000	20039128
70	0.192404	1.000000	0.206209	1.000000	20039129
70	0.210932	1.000000	0.224736	1.000000	20039130
70	0.229459	1.000000	0.243264	1.000000	20039131
70	0.247986	1.000000	0.261791	1.000000	20039132
70	0.266514	1.000000	0.280318	1.000000	20039133
70	0.285255	1.000000	0.299059	1.000000	20039134
70	0.304067	1.000000	0.317872	1.000000	20039135
70	0.322594	1.000000	0.336399	1.000000	20039136
70	0.341122	1.000000	0.354926	1.000000	20039137
70	0.359649	1.000000	0.373454	1.000000	20039138
70	0.378176	1.000000	0.391981	1.000000	20039139
70	0.396917	1.000000	0.410722	1.000000	20039140
70	0.415659	1.000000	0.429463	1.000000	20039141
70	0.434186	1.000000	0.447991	1.000000	20039142
70	0.452713	1.000000	0.466518	1.000000	20039143
70	0.471241	1.000000	0.485045	1.000000	20039144
70	0.489768	1.000000	0.503572	1.000000	20039145
70	0.508295	1.000000	0.522100	1.000000	20039146
70	0.526822	1.000000	0.540627	1.000000	20039147
70	0.545350	1.000000	0.559154	1.000000	20039148
70	0.563877	1.000000	0.577682	1.000000	20039149
70	0.582404	1.000000	0.596209	1.000000	20039150
70	0.600932	1.000000	0.614736	1.000000	20039151
70	0.619530	1.000000	0.633335	1.000000	20039152
70	0.117471	1.000000	0.129942	1.000000	轮马达5GEB25A5
70	0.135998	1.000000	0.148469	1.000000	NTE240006
70	0.155168	1.000000	0.167638	1.000000	数量
70	0.173877	1.000000	0.187682	1.000000	001
70	0.192404	1.000000	0.206209	1.000000	001
70	0.210932	1.000000	0.224736	1.000000	003
70	0.229459	1.000000	0.243264	1.000000	004
70	0.247986	1.000000	0.261791	1.000000	003
70	0.266514	1.000000	0.280318	1.000000	003
70	0.285255	1.000000	0.299059	1.000000	001
70	0.304067	1.000000	0.317872	1.000000	001
70	0.322594	1.000000	0.336399	1.000000	001
70	0.341122	1.000000	0.354926	1.000000	001
70	0.359649	1.000000	0.373454	1.000000	004
70	0.378176	1.000000	0.391981	1.000000	004
70	0.396917	1.000000	0.410722	1.000000	004
70	0.415659	1.000000	0.429463	1.000000	004
70	0.434186	1.000000	0.447991	1.000000	AR
70	0.452713	1.000000	0.466518	1.000000	AR
70	0.471241	1.000000	0.485045	1.000000	AR
70	0.489768	1.000000	0.503572	1.000000	001
70	0.508295	1.000000	0.522100	1.000000	001
70	0.526822	1.000000	0.540627	1.000000	001
70	0.545350	1.000000	0.559154	1.000000	001
70	0.563877	1.000000	0.577682	1.000000	001
70	0.582404	1.000000	0.596209	1.000000	001
70	0.600932	1.000000	0.614736	1.000000	002
70	0.619530	1.000000	0.633335	1.000000	004
70	0.155168	1.000000	0.167638	1.000000	序号
70	0.173877	1.000000	0.187682	1.000000	133
70	0.192404	1.000000	0.206209	1.000000	134
70	0.210932	1.000000	0.224736	1.000000	135
70	0.229459	1.000000	0.243264	1.000000	136
70	0.247986	1.000000	0.261791	1.000000	137
70	0.266514	1.000000	0.280318	1.000000	138
70	0.285254	1.000000	0.299059	1.000000	139
70	0.304067	1.000000	0.317872	1.000000	140
70	0.322594	1.000000	0.336399	1.000000	141
70	0.341122	1.000000	0.354926	1.000000	142
70	0.359649	1.000000	0.373454	1.000000	143
70	0.378176	1.000000	0.391981	1.000000	144
70	0.396917	1.000000	0.410722	1.000000	145
70	0.415659	1.000000	0.429463	1.000000	146
70	0.434186	1.000000	0.447991	1.000000	147
70	0.452713	1.000000	0.466518	1.000000	148
70	0.471241	1.000000	0.485045	1.000000	149
70	0.489768	1.000000	0.503572	1.000000	150
70	0.508295	1.000000	0.522100	1.000000	151
70	0.526822	1.000000	0.540627	1.000000	152
70	0.545350	1.000000	0.559154	1.000000	153
70	0.563877	1.000000	0.577682	1.000000	154
70	0.582404	1.000000	0.596209	1.000000	155
70	0.600932	1.000000	0.614736	1.000000	156
70	0.619530	1.000000	0.633335	1.000000	157
70	0.117471	1.000000	0.129942	1.000000	090-0180-240
70	0.135998	1.000000	0.148469	1.000000	自系列号
70	0.155168	1.000000	0.167638	1.000000	注
71	0.116475	1.000000	0.128945	1.000000	端子板
71	0.134614	1.000000	0.148418	1.000000	NTE240006
71	0.116475	1.000000	0.128945	1.000000	090-0180-240
71	0.135002	1.000000	0.147472	1.000000	自系列号
72	0.143909	0.210585	0.156379	0.228225	至
72	0.143909	0.333958	0.156379	0.351598	自
72	0.143909	0.439727	0.156379	0.457368	称
72	0.143909	0.466239	0.156379	0.483880	名
72	0.143909	0.519163	0.156379	0.536803	号
72	0.143909	0.545574	0.156379	0.563215	件
72	0.143909	0.598552	0.156379	0.633833	数量
72	0.143909	0.651530	0.156379	0.686765	序号
72	0.143909	0.704360	0.156379	0.722000	注
72	0.143909	0.759864	0.156379	0.777505	至
72	0.143909	0.883226	0.156379	0.900867	自
72	0.143909	0.989089	0.156379	1.000000	称
72	0.143909	1.000000	0.156379	1.000000	名
72	0.163078	0.986678	0.175548	1.000000	端子板
72	0.181605	0.986678	0.194075	1.000000	端子块
72	0.200132	1.000000	0.212602	1.000000	挡板
72	0.218659	1.000000	0.231129	1.000000	支架
72	0.237186	1.000000	0.249657	1.000000	弹垫
72	0.255713	1.000000	0.268184	1.000000	螺栓
72	0.274241	1.000000	0.286711	1.000000	弹垫
72	0.292768	1.000000	0.305238	1.000000	螺母
72	0.143909	1.000000	0.156379	1.000000	号
72	0.143909	1.000000	0.156379	1.000000	件
72	0.163078	1.000000	0.175548	1.000000	20038757
72	0.181605	1.000000	0.194075	1.000000	20038758
72	0.200132	1.000000	0.212602	1.000000	20038759
72	0.218659	1.000000	0.231129	1.000000	20038760
72	0.237186	1.000000	0.249657	1.000000	20038761
72	0.255713	1.000000	0.268184	1.000000	20038762
72	0.274241	1.000000	0.286711	1.000000	20038763
72	0.292768	1.000000	0.305238	1.000000	20038764
72	0.106284	1.000000	0.118754	1.000000	端子板
72	0.124811	1.000000	0.137282	1.000000	NTE240006
72	0.143909	1.000000	0.156379	1.000000	数量
72	0.163078	1.000000	0.175548	1.000000	001
72	0.181605	1.000000	0.194075	1.000000	006
72	0.200132	1.000000	0.212602	1.000000	010
72	0.218659	1.000000	0.231129	1.000000	002
72	0.237186	1.000000	0.249657	1.000000	002
72	0.255713	1.000000	0.268184	1.000000	001
72	0.274241	1.000000	0.286711	1.000000	001
72	0.292768	1.000000	0.305238	1.000000	001
72	0.143909	1.000000	0.156379	1.000000	序号
72	0.163078	1.000000	0.175548	1.000000	001
72	0.181605	1.000000	0.194075	1.000000	002
72	0.200132	1.000000	0.212602	1.000000	003
72	0.218659	1.000000	0.231129	1.000000	004
72	0.237186	1.000000	0.249657	1.000000	005
72	0.255713	1.000000	0.268184	1.000000	006
72	0.274241	1.000000	0.286711	1.000000	007
72	0.292768	1.000000	0.305238	1.000000	008
72	0.106284	1.000000	0.118754	1.000000	090-0180-240
72	0.124811	1.000000	0.137282	1.000000	自系列号
72	0.143909	1.000000	0.156379	1.000000	注
73	0.116475	1.000000	0.128945	1.000000	17CM55AH6
73	0.134614	1.000000	0.148418	1.000000	NTE240006
73	0.116475	1.000000	0.128945	1.000000	090-0180-240
73	0.135002	1.000000	0.147472	1.000000	自系列号
74	0.116475	1.000000	0.128945	1.000000	17CM55AH6
74	0.134614	1.000000	0.148418	1.000000	NTE240006
74	0.116475	1.000000	0.128945	1.000000	090-0180-240
74	0.135002	1.000000	0.147472	1.000000	自系列号
75	0.153315	0.181222	0.165786	0.198863	至
75	0.153315	0.304740	0.165786	0.322380	自
75	0.153315	0.410438	0.165786	0.428079	称
75	0.153315	0.436841	0.165786	0.454482	名
75	0.153315	0.516232	0.165786	0.533873	号
75	0.153315	0.542635	0.165786	0.560276	件
75	0.153315	0.595541	0.165786	0.630864	数量
75	0.153315	0.648632	0.165786	0.683955	序号
75	0.153315	0.701638	0.165786	0.719279	注
75	0.153315	0.757143	0.165786	0.774783	至
75	0.153315	0.880504	0.165786	0.898145	自
75	0.153315	0.986367	0.165786	1.000000	称
75	0.153315	1.000000	0.165786	1.000000	名
75	0.172136	1.000000	0.185177	1.000000	接触器
75	0.190664	1.000000	0.203704	1.000000	灭弧罩
75	0.209191	1.000000	0.222231	1.000000	线圈
75	0.227718	1.000000	0.240759	1.000000	线圈
75	0.246246	0.988121	0.259286	1.000000	接触器组件
75	0.264773	1.000000	0.277813	1.000000	支架
75	0.283300	1.000000	0.296341	1.000000	闭锁装置
75	0.301827	0.988121	0.314868	1.000000	弹簧灭弧罩
75	0.320355	1.000000	0.333395	1.000000	杆
75	0.338882	1.000000	0.351922	1.000000	锁
75	0.357409	1.000000	0.370450	1.000000	螺钉
75	0.375937	1.000000	0.388977	1.000000	端子
75	0.394464	1.000000	0.407504	1.000000	板簧
75	0.412991	1.000000	0.426032	1.000000	螺钉
75	0.431519	1.000000	0.444559	1.000000	极板
75	0.450046	1.000000	0.463086	1.000000	线圈组件
75	0.468573	1.000000	0.481614	1.000000	铁心
75	0.487101	1.000000	0.500141	1.000000	绝缘薄片
75	0.506839	1.000000	0.519880	1.000000	绝缘垫片
75	0.526507	1.000000	0.539547	1.000000	螺钉
75	0.545034	1.000000	0.558074	1.000000	螺钉
75	0.563561	1.000000	0.576602	1.000000	弹垫
75	0.582089	1.000000	0.595129	1.000000	套
75	0.153315	1.000000	0.165786	1.000000	号
75	0.153315	1.000000	0.165786	1.000000	件
75	0.172152	1.000000	0.185433	1.000000	20040371
75	0.190679	1.000000	0.203960	1.000000	20040372
75	0.209207	1.000000	0.222487	1.000000	20040373
75	0.227734	1.000000	0.241015	1.000000	20040374
75	0.246261	1.000000	0.259542	1.000000	20040375
75	0.264788	1.000000	0.278069	1.000000	20040376
75	0.283316	1.000000	0.296596	1.000000	20040377
75	0.301843	1.000000	0.315124	1.000000	20040378
75	0.320370	1.000000	0.333651	1.000000	20040379
75	0.338898	1.000000	0.352178	1.000000	20040380
75	0.357425	1.000000	0.370706	1.000000	20040381
75	0.375952	1.000000	0.389233	1.000000	20040382
75	0.394480	1.000000	0.407760	1.000000	20040383
75	0.413007	1.000000	0.426288	1.000000	20040384
75	0.431534	1.000000	0.444815	1.000000	20040385
75	0.450062	1.000000	0.463342	1.000000	20040386
75	0.468589	1.000000	0.481870	1.000000	20040387
75	0.487116	1.000000	0.500397	1.000000	20040388
75	0.507995	1.000000	0.521276	1.000000	20040389
75	0.526522	1.000000	0.539803	1.000000	20040390
75	0.545050	1.000000	0.558330	1.000000	20040391
75	0.563577	1.000000	0.576858	1.000000	20040371
75	0.582104	1.000000	0.595385	1.000000	20040372
75	0.115690	1.000000	0.128161	1.000000	17CM55AH6
75	0.134218	1.000000	0.146688	1.000000	NTE240006
75	0.153315	1.000000	0.165786	1.000000	数量
75	0.172152	1.000000	0.185433	1.000000	001
75	0.190679	1.000000	0.203960	1.000000	001
75	0.209207	1.000000	0.222487	1.000000	001
75	0.227734	1.000000	0.241015	1.000000	001
75	0.246261	1.000000	0.259542	1.000000	001
75	0.264788	1.000000	0.278069	1.000000	001
75	0.283316	1.000000	0.296596	1.000000	001
75	0.301843	1.000000	0.315124	1.000000	001
75	0.320370	1.000000	0.333651	1.000000	001
75	0.338898	1.000000	0.352178	1.000000	001
75	0.357425	1.000000	0.370706	1.000000	001
75	0.375952	1.000000	0.389233	1.000000	001
75	0.394480	1.000000	0.407760	1.000000	001
75	0.413007	1.000000	0.426288	1.000000	001
75	0.431534	1.000000	0.444815	1.000000	001
75	0.450062	1.000000	0.463342	1.000000	001
75	0.468589	1.000000	0.481870	1.000000	001
75	0.487116	1.000000	0.500397	1.000000	001
75	0.507995	1.000000	0.521276	1.000000	001
75	0.526522	1.000000	0.539803	1.000000	001
75	0.545050	1.000000	0.558330	1.000000	001
75	0.563577	1.000000	0.576858	1.000000	001
75	0.582104	1.000000	0.595385	1.000000	001
75	0.153315	1.000000	0.165786	1.000000	序号
75	0.172024	1.000000	0.185829	1.000000	001
75	0.190552	1.000000	0.204356	1.000000	002
75	0.209079	1.000000	0.222884	1.000000	003
75	0.227606	1.000000	0.241411	1.000000	004
75	0.246134	1.000000	0.259938	1.000000	005
75	0.264661	1.000000	0.278466	1.000000	006
75	0.283188	1.000000	0.296993	1.000000	007
75	0.301716	1.000000	0.315520	1.000000	008
75	0.320243	1.000000	0.334048	1.000000	009
75	0.338770	1.000000	0.352575	1.000000	010
75	0.357298	1.000000	0.371102	1.000000	011
75	0.375825	1.000000	0.389629	1.000000	012
75	0.394352	1.000000	0.408157	1.000000	013
75	0.412879	1.000000	0.426684	1.000000	014
75	0.431407	1.000000	0.445211	1.000000	015
75	0.449934	1.000000	0.463739	1.000000	016
75	0.468461	1.000000	0.482266	1.000000	017
75	0.486989	1.000000	0.500793	1.000000	018
75	0.506727	1.000000	0.520532	1.000000	019
75	0.526395	1.000000	0.540200	1.000000	020
75	0.544922	1.000000	0.558727	1.000000	021
75	0.563450	1.000000	0.577254	1.000000	022
75	0.581977	1.000000	0.595781	1.000000	023
75	0.600504	1.000000	0.614309	1.000000	024
75	0.619031	1.000000	0.632836	1.000000	025
75	0.115690	1.000000	0.128161	1.000000	090-0180-240
75	0.134218	1.000000	0.146688	1.000000	自系列号
75	0.153315	1.000000	0.165786	1.000000	注
76	0.116475	1.000000	0.128945	1.000000	LV66J46_PB-76012-015B
76	0.134614	1.000000	0.148418	1.000000	NTE240006
76	0.116475	1.000000	0.128945	1.000000	090-0180-240
76	0.135002	1.000000	0.147472	1.000000	自系列号
77	0.143909	0.210585	0.156379	0.228225	至
77	0.143909	0.333958	0.156379	0.351598	自
77	0.143909	0.439727	0.156379	0.457368	称
77	0.162801	0.409613	0.175842	0.464953	接触头
77	0.181329	0.428059	0.194369	0.464953	垫片
77	0.199856	0.428059	0.212896	0.464953	螺钉
77	0.218383	0.428059	0.231424	0.464953	垫片
77	0.237552	0.428059	0.250592	0.464953	螺钉
77	0.256721	0.428059	0.269761	0.464953	垫片
77	0.275248	0.428059	0.288288	0.464953	线圈
77	0.143909	0.466239	0.156379	0.483880	名
77	0.143909	0.519163	0.156379	0.536803	号
77	0.143909	0.545574	0.156379	0.563215	件
77	0.162817	0.489694	0.176098	0.564553	20038898
77	0.181344	0.489694	0.194625	0.564553	20038899
77	0.199872	0.489694	0.213152	0.564553	20038900
77	0.218399	0.489694	0.231680	0.564553	20038901
77	0.237567	0.489687	0.250848	0.564546	20038902
77	0.256736	0.489694	0.270017	0.564553	20038903
77	0.275264	0.489694	0.288544	0.564553	20038904
77	0.143909	0.598552	0.156379	0.633833	数量
77	0.162817	0.596422	0.176098	0.624525	004
77	0.181344	0.596422	0.194625	0.624525	001
77	0.199872	0.596422	0.213152	0.624525	002
77	0.218399	0.596422	0.231680	0.624525	002
77	0.238209	0.596422	0.251490	0.624525	002
77	0.256736	0.596422	0.270017	0.624525	001
77	0.275264	0.596422	0.288544	0.624525	001
77	0.143909	0.651530	0.156379	0.686765	序号
77	0.163078	0.650582	0.175548	0.677043	023
77	0.181605	0.650582	0.194075	0.677043	024
77	0.200132	0.650582	0.212603	0.677043	025
77	0.218660	0.650582	0.231130	0.677043	026
77	0.237187	0.650582	0.249657	0.677043	027
77	0.256997	0.650582	0.269467	0.677043	028
77	0.275524	0.650582	0.287995	0.677043	029
77	0.143909	0.704360	0.156379	0.722000	注
77	0.143909	0.759864	0.156379	0.777505	至
77	0.143909	0.883226	0.156379	0.900867	自
77	0.143909	0.989089	0.156379	1.000000	称
77	0.143909	1.000000	0.156379	1.000000	名
77	0.162801	0.984190	0.175842	1.000000	接触器
77	0.181329	1.000000	0.194369	1.000000	铁芯
77	0.199856	0.965743	0.212896	1.000000	电枢总成
77	0.218383	1.000000	0.231424	1.000000	电枢
77	0.236911	1.000000	0.249951	1.000000	触极
77	0.255438	1.000000	0.268478	1.000000	弹簧
77	0.273965	0.984190	0.287006	1.000000	弹簧座
77	0.292493	1.000000	0.305533	1.000000	弹簧
77	0.311020	1.000000	0.324060	1.000000	弹垫
77	0.329547	0.965743	0.342588	1.000000	触极总成
77	0.348075	1.000000	0.361115	1.000000	基座
77	0.366602	1.000000	0.379642	1.000000	触极
77	0.385129	1.000000	0.398170	1.000000	弹簧
77	0.403656	1.000000	0.416697	1.000000	垫片
77	0.422184	1.000000	0.435224	1.000000	螺母
77	0.440711	1.000000	0.453751	1.000000	支架
77	0.459238	0.984190	0.472279	1.000000	接触头
77	0.477766	1.000000	0.490806	1.000000	垫片
77	0.497433	1.000000	0.510474	1.000000	弹垫
77	0.517101	1.000000	0.530141	1.000000	螺母
77	0.535628	1.000000	0.548668	1.000000	螺钉
77	0.554155	0.984190	0.567196	1.000000	磁性架
77	0.143909	1.000000	0.156379	1.000000	号
77	0.143909	1.000000	0.156379	1.000000	件
77	0.162817	1.000000	0.176098	1.000000	20038876
77	0.181344	1.000000	0.194625	1.000000	20038877
77	0.199872	1.000000	0.213152	1.000000	20038878
77	0.218399	1.000000	0.231680	1.000000	20038879
77	0.236926	1.000000	0.250207	1.000000	20038880
77	0.255454	1.000000	0.268734	1.000000	20038881
77	0.273981	1.000000	0.287262	1.000000	20038882
77	0.292508	1.000000	0.305789	1.000000	20038883
77	0.311036	1.000000	0.324316	1.000000	20038763
77	0.329563	1.000000	0.342843	1.000000	20038885
77	0.348090	1.000000	0.361371	1.000000	20038886
77	0.366617	1.000000	0.379898	1.000000	20038880
77	0.385145	1.000000	0.398425	1.000000	20038881
77	0.403672	1.000000	0.416953	1.000000	20038787
77	0.422199	1.000000	0.435480	1.000000	20038764
77	0.440727	1.000000	0.454007	1.000000	20038891
77	0.459254	1.000000	0.472535	1.000000	20038892
77	0.477781	1.000000	0.491062	1.000000	20038787
77	0.497449	1.000000	0.510730	1.000000	20038763
77	0.517116	1.000000	0.530397	1.000000	20038764
77	0.535644	1.000000	0.548924	1.000000	20038812
77	0.554171	1.000000	0.567452	1.000000	20038897
77	0.106284	1.000000	0.118754	1.000000	LV66J46_PB-76012-015B
77	0.124811	1.000000	0.137282	1.000000	NTE240006
77	0.143909	1.000000	0.156379	1.000000	数量
77	0.162817	1.000000	0.176098	1.000000	001
77	0.181344	1.000000	0.194625	1.000000	001
77	0.199872	1.000000	0.213152	1.000000	001
77	0.218399	1.000000	0.231680	1.000000	001
77	0.236926	1.000000	0.250207	1.000000	003
77	0.255454	1.000000	0.268734	1.000000	003
77	0.273981	1.000000	0.287262	1.000000	001
77	0.292508	1.000000	0.305789	1.000000	002
77	0.311036	1.000000	0.324316	1.000000	008
77	0.329563	1.000000	0.342843	1.000000	001
77	0.348090	1.000000	0.361371	1.000000	001
77	0.366617	1.000000	0.379898	1.000000	001
77	0.385145	1.000000	0.398425	1.000000	001
77	0.403672	1.000000	0.416953	1.000000	008
77	0.422199	1.000000	0.435480	1.000000	008
77	0.440727	1.000000	0.454007	1.000000	001
77	0.459254	1.000000	0.472535	1.000000	004
77	0.477781	1.000000	0.491062	1.000000	008
77	0.498589	1.000000	0.511870	1.000000	008
77	0.517116	1.000000	0.530397	1.000000	008
77	0.535644	1.000000	0.548924	1.000000	004
77	0.554171	1.000000	0.567452	1.000000	001
77	0.143909	1.000000	0.156379	1.000000	序号
77	0.163078	1.000000	0.175548	1.000000	001
77	0.181605	1.000000	0.194075	1.000000	002
77	0.200132	1.000000	0.212603	1.000000	003
77	0.218660	1.000000	0.231130	1.000000	004
77	0.237187	1.000000	0.249657	1.000000	005
77	0.255714	1.000000	0.268185	1.000000	006
77	0.274242	1.000000	0.286712	1.000000	007
77	0.292769	1.000000	0.305239	1.000000	008
77	0.311296	1.000000	0.323767	1.000000	009
77	0.329824	1.000000	0.342294	1.000000	010
77	0.348351	1.000000	0.360821	1.000000	011
77	0.366878	1.000000	0.379349	1.000000	012
77	0.385406	1.000000	0.397876	1.000000	013
77	0.403933	1.000000	0.416403	1.000000	014
77	0.422460	1.000000	0.434930	1.000000	015
77	0.440987	1.000000	0.453458	1.000000	016
77	0.459515	1.000000	0.471985	1.000000	017
77	0.478042	1.000000	0.490512	1.000000	018
77	0.497710	1.000000	0.510180	1.000000	019
77	0.517377	1.000000	0.529847	1.000000	020
77	0.535904	1.000000	0.548375	1.000000	021
77	0.554432	1.000000	0.566902	1.000000	022
77	0.106284	1.000000	0.118754	1.000000	090-0180-240
77	0.124811	1.000000	0.137282	1.000000	自系列号
77	0.143909	1.000000	0.156379	1.000000	注
78	0.116475	1.000000	0.128945	1.000000	17FM689A2
78	0.116475	1.000000	0.128945	1.000000	AFSE
78	0.134614	1.000000	0.148418	1.000000	NTE240006
78	0.116475	1.000000	0.128945	1.000000	090-0180-240
78	0.135002	1.000000	0.147472	1.000000	自系列号
79	0.116475	1.000000	0.128945	1.000000	17FM689A2
79	0.116475	1.000000	0.128945	1.000000	AFSE
79	0.134614	1.000000	0.148418	1.000000	NTE240006
79	0.116475	1.000000	0.128945	1.000000	090-0180-240
79	0.135002	1.000000	0.147472	1.000000	自系列号
80	0.143909	0.210585	0.156379	0.228225	至
80	0.143909	0.333958	0.156379	0.351598	自
80	0.143909	0.439727	0.156379	0.457368	称
80	0.162801	0.372617	0.175842	0.464953	控制板总成
80	0.181329	0.428059	0.194369	0.464953	铰链
80	0.199856	0.428059	0.212896	0.464953	螺钉
80	0.218383	0.428059	0.231424	0.464953	螺钉
80	0.237552	0.409613	0.250592	0.464953	二极管
80	0.256721	0.409613	0.269761	0.464953	绝缘套
80	0.275248	0.428059	0.288288	0.464953	螺钉
80	0.293775	0.428059	0.306816	0.464953	螺钉
80	0.312303	0.446506	0.325343	0.464953	胶
80	0.330830	0.428059	0.343870	0.464953	夹子
80	0.349357	0.428059	0.362398	0.464953	螺钉
80	0.367885	0.409613	0.380925	0.464953	弹簧钉
80	0.386412	0.409613	0.399452	0.464953	弹簧钉
80	0.404939	0.428059	0.417979	0.464953	母排
80	0.423466	0.428059	0.436507	0.464953	母排
80	0.441994	0.428059	0.455034	0.464953	垫片
80	0.460521	0.428059	0.473561	0.464953	螺栓
80	0.479048	0.372617	0.492089	0.464953	整流器总成
80	0.498716	0.372617	0.511756	0.464953	整流器总成
80	0.518383	0.372617	0.531424	0.464953	整流器总成
80	0.536911	0.372617	0.549951	0.464953	整流器总成
80	0.555509	0.409613	0.568550	0.464953	电缆夹
80	0.574108	0.428059	0.587148	0.464953	垫片
80	0.592635	0.409613	0.605675	0.464953	电缆夹
80	0.143909	0.466239	0.156379	0.483880	名
80	0.143909	0.519163	0.156379	0.536803	号
80	0.143909	0.545574	0.156379	0.563215	件
80	0.162689	0.500586	0.176494	0.571200	20038790
80	0.181217	0.500586	0.195021	0.571200	20038791
80	0.199744	0.500586	0.213549	0.571200	20038792
80	0.218271	0.500586	0.232076	0.571200	20038793
80	0.237440	0.500586	0.251245	0.571200	20038794
80	0.256609	0.500586	0.270413	0.571200	20038795
80	0.275136	0.500586	0.288941	0.571200	20038796
80	0.293663	0.500586	0.307468	0.571200	20038797
80	0.312191	0.500586	0.325995	0.571199	20038798
80	0.330718	0.500586	0.344523	0.571200	20038799
80	0.349245	0.500586	0.363050	0.571200	20038800
80	0.367773	0.500586	0.381577	0.571200	20038801
80	0.386300	0.500586	0.400105	0.571200	20038802
80	0.404827	0.500586	0.418632	0.571200	20038803
80	0.423355	0.500586	0.437159	0.571200	20038804
80	0.441882	0.500586	0.455686	0.571199	20038805
80	0.460409	0.500586	0.474214	0.571200	20038806
80	0.478936	0.500586	0.492741	0.571200	20038807
80	0.498604	0.500586	0.512409	0.571200	20038808
80	0.518271	0.500586	0.532076	0.571200	20038809
80	0.536799	0.500586	0.550603	0.571200	20038810
80	0.555397	0.501292	0.569202	0.571200	20038811
80	0.573996	0.500586	0.587800	0.571200	20038812
80	0.592523	0.500586	0.606328	0.571200	20038813
80	0.162689	0.589697	0.176494	0.616158	001
80	0.181217	0.589697	0.195021	0.616158	001
80	0.199744	0.589697	0.213549	0.616158	005
80	0.218271	0.589697	0.232076	0.616158	005
80	0.237440	0.589697	0.251245	0.616158	002
80	0.256609	0.589697	0.270413	0.616158	001
80	0.275136	0.589697	0.288941	0.616158	009
80	0.293663	0.589697	0.307468	0.616158	006
80	0.312191	0.591661	0.325995	0.616158	AR
80	0.330718	0.589697	0.344523	0.616158	003
80	0.349245	0.589697	0.363050	0.616158	003
80	0.367773	0.589697	0.381577	0.616158	004
80	0.386300	0.589697	0.400105	0.616158	002
80	0.404827	0.589697	0.418632	0.616158	001
80	0.423355	0.589697	0.437159	0.616158	001
80	0.441882	0.591661	0.455686	0.616158	AR
80	0.460409	0.589697	0.474214	0.616158	010
80	0.478936	0.589697	0.492741	0.616158	001
80	0.498604	0.589697	0.512409	0.616158	001
80	0.518271	0.589697	0.532076	0.616158	001
80	0.536799	0.589697	0.550603	0.616158	001
80	0.555397	0.589697	0.569202	0.616158	001
80	0.573996	0.589697	0.587800	0.616158	004
80	0.592523	0.589697	0.606328	0.616158	002
80	0.143909	0.598552	0.156379	0.633833	数量
80	0.162689	0.650582	0.176494	0.677043	026
80	0.181217	0.650582	0.195021	0.677043	027
80	0.199744	0.650582	0.213549	0.677043	028
80	0.218271	0.650582	0.232076	0.677043	029
80	0.237440	0.650582	0.251245	0.677043	030
80	0.256609	0.650582	0.270413	0.677043	031
80	0.275136	0.650582	0.288941	0.677043	032
80	0.293663	0.650582	0.307468	0.677043	033
80	0.312191	0.637795	0.325995	0.677043	033A
80	0.330718	0.650582	0.344523	0.677043	034
80	0.349245	0.650582	0.363050	0.677043	035
80	0.367773	0.650582	0.381577	0.677043	036
80	0.386300	0.650582	0.400105	0.677043	037
80	0.404827	0.650582	0.418632	0.677043	038
80	0.423355	0.650582	0.437159	0.677043	039
80	0.441882	0.650582	0.455686	0.677043	040
80	0.460409	0.650582	0.474214	0.677043	041
80	0.478936	0.650582	0.492741	0.677043	042
80	0.498604	0.650582	0.512409	0.677043	043
80	0.518271	0.650582	0.532076	0.677043	044
80	0.536799	0.650582	0.550603	0.677043	045
80	0.555397	0.637795	0.569202	0.677043	045A
80	0.573996	0.650582	0.587800	0.677043	046
80	0.592523	0.650582	0.606328	0.677043	047
80	0.143909	0.651530	0.156379	0.686765	序号
80	0.143909	0.704360	0.156379	0.722000	注
80	0.143909	0.759864	0.156379	0.777505	至
80	0.143909	0.883226	0.156379	0.900867	自
80	0.162801	0.971286	0.175842	0.989733	盘
80	0.181329	0.971286	0.194369	0.989733	盒
80	0.143909	0.989089	0.156379	1.000000	称
80	0.143909	1.000000	0.156379	1.000000	名
80	0.162395	0.994389	0.176831	1.000000	AFSE
80	0.180923	0.994389	0.195358	1.000000	AFSE
80	0.199856	0.984190	0.212896	1.000000	散热片
80	0.218383	1.000000	0.231424	1.000000	螺栓
80	0.236911	1.000000	0.249951	1.000000	垫片
80	0.255438	1.000000	0.268478	1.000000	弹垫
80	0.273965	1.000000	0.287006	1.000000	螺母
80	0.292493	1.000000	0.305533	1.000000	螺栓
80	0.311020	1.000000	0.324060	1.000000	母排
80	0.329547	1.000000	0.342588	1.000000	母排
80	0.348075	0.984190	0.361115	1.000000	传感器
80	0.366602	1.000000	0.379642	1.000000	螺钉
80	0.385129	1.000000	0.398170	1.000000	母排
80	0.403656	1.000000	0.416697	1.000000	母排
80	0.422184	1.000000	0.435224	1.000000	母排
80	0.440711	1.000000	0.453751	1.000000	母排
80	0.459238	1.000000	0.472279	1.000000	支架
80	0.477766	1.000000	0.490806	1.000000	锁片
80	0.497433	1.000000	0.510474	1.000000	螺钉
80	0.517101	1.000000	0.530141	1.000000	垫片
80	0.535628	1.000000	0.548668	1.000000	弹垫
80	0.554155	1.000000	0.567196	1.000000	螺母
80	0.572683	1.000000	0.585723	1.000000	螺钉
80	0.591210	1.000000	0.604250	1.000000	弹垫
80	0.609737	1.000000	0.622778	1.000000	螺母
80	0.143909	1.000000	0.156379	1.000000	号
80	0.106284	1.000000	0.118754	1.000000	17FM689A2
80	0.143909	1.000000	0.156379	1.000000	件
80	0.162689	1.000000	0.176494	1.000000	20038765
80	0.181217	1.000000	0.195021	1.000000	20038766
80	0.199744	1.000000	0.213549	1.000000	20038767
80	0.218271	1.000000	0.232076	1.000000	20038768
80	0.236799	1.000000	0.250603	1.000000	20038769
80	0.255326	1.000000	0.269131	1.000000	20038770
80	0.273853	1.000000	0.287658	1.000000	20038771
80	0.292381	1.000000	0.306185	1.000000	20038772
80	0.310908	1.000000	0.324713	1.000000	20038773
80	0.329435	1.000000	0.343240	1.000000	20038774
80	0.347963	1.000000	0.361767	1.000000	20038775
80	0.366490	1.000000	0.380295	1.000000	20038776
80	0.385017	1.000000	0.398822	1.000000	20038777
80	0.403545	1.000000	0.417349	1.000000	20038778
80	0.422072	1.000000	0.435876	1.000000	20038779
80	0.440599	1.000000	0.454404	1.000000	20038780
80	0.459126	1.000000	0.472931	1.000000	20038781
80	0.477654	1.000000	0.491458	1.000000	20038782
80	0.497321	1.000000	0.511126	1.000000	20038783
80	0.516989	1.000000	0.530793	1.000000	20038784
80	0.535516	1.000000	0.549321	1.000000	20038785
80	0.554043	1.000000	0.567848	1.000000	20038786
80	0.572571	1.000000	0.586375	1.000000	20038787
80	0.591098	1.000000	0.604903	1.000000	20038763
80	0.609625	1.000000	0.623430	1.000000	20038764
80	0.106284	1.000000	0.118754	1.000000	AFSE
80	0.124811	1.000000	0.137282	1.000000	NTE240006
80	0.143909	1.000000	0.156379	1.000000	数量
80	0.162689	1.000000	0.176494	1.000000	001
80	0.181217	1.000000	0.195021	1.000000	001
80	0.199744	1.000000	0.213549	1.000000	002
80	0.218271	1.000000	0.232076	1.000000	012
80	0.236799	1.000000	0.250603	1.000000	AR
80	0.255326	1.000000	0.269131	1.000000	AR
80	0.273853	1.000000	0.287658	1.000000	AR
80	0.292381	1.000000	0.306185	1.000000	002
80	0.310908	1.000000	0.324713	1.000000	001
80	0.329435	1.000000	0.343240	1.000000	001
80	0.347963	1.000000	0.361767	1.000000	AR
80	0.366490	1.000000	0.380295	1.000000	002
80	0.385017	1.000000	0.398822	1.000000	002
80	0.403545	1.000000	0.417349	1.000000	002
80	0.422072	1.000000	0.435876	1.000000	002
80	0.440599	1.000000	0.454404	1.000000	002
80	0.459126	1.000000	0.472931	1.000000	002
80	0.477654	1.000000	0.491458	1.000000	002
80	0.497321	1.000000	0.511126	1.000000	004
80	0.516989	1.000000	0.530793	1.000000	004
80	0.535516	1.000000	0.549321	1.000000	004
80	0.554043	1.000000	0.567848	1.000000	004
80	0.572571	1.000000	0.586375	1.000000	AR
80	0.591098	1.000000	0.604903	1.000000	009
80	0.609625	1.000000	0.623430	1.000000	003
80	0.106284	1.000000	0.118754	1.000000	090-0180-240
80	0.124811	1.000000	0.137282	1.000000	自系列号
80	0.143909	1.000000	0.156379	1.000000	序号
80	0.143909	1.000000	0.156379	1.000000	注
80	0.162689	1.000000	0.176494	1.000000	001
80	0.181217	1.000000	0.195021	1.000000	002
80	0.199744	1.000000	0.213549	1.000000	003
80	0.218271	1.000000	0.232076	1.000000	004
80	0.236799	1.000000	0.250603	1.000000	005
80	0.255326	1.000000	0.269131	1.000000	006
80	0.273853	1.000000	0.287658	1.000000	007
80	0.292381	1.000000	0.306185	1.000000	008
80	0.310908	1.000000	0.324713	1.000000	009
80	0.329435	1.000000	0.343240	1.000000	010
80	0.347963	1.000000	0.361767	1.000000	011
80	0.366490	1.000000	0.380295	1.000000	012
80	0.385017	1.000000	0.398822	1.000000	013
80	0.403545	1.000000	0.417349	1.000000	014
80	0.422072	1.000000	0.435876	1.000000	015
80	0.440599	1.000000	0.454404	1.000000	016
80	0.459126	1.000000	0.472931	1.000000	017
80	0.477654	1.000000	0.491458	1.000000	018
80	0.497321	1.000000	0.511126	1.000000	019
80	0.516989	1.000000	0.530793	1.000000	020
80	0.535516	1.000000	0.549321	1.000000	021
80	0.554043	1.000000	0.567848	1.000000	022
80	0.572571	1.000000	0.586375	1.000000	023
80	0.591098	1.000000	0.604903	1.000000	024
80	0.609625	1.000000	0.623430	1.000000	025
81	0.116475	1.000000	0.128945	1.000000	17CM55AH6
81	0.134614	1.000000	0.148418	1.000000	NTE240006
81	0.116475	1.000000	0.128945	1.000000	090-0180-240
81	0.135002	1.000000	0.147472	1.000000	自系列号
82	0.116475	1.000000	0.128945	1.000000	17CM55AH6
82	0.134614	1.000000	0.148418	1.000000	NTE240006
82	0.116475	1.000000	0.128945	1.000000	090-0180-240
82	0.135002	1.000000	0.147472	1.000000	自系列号
83	0.125382	0.183944	0.137852	0.201585	至
83	0.125382	0.307461	0.137852	0.325102	自
83	0.125382	0.413160	0.137852	0.430801	称
83	0.144274	0.411628	0.157314	0.448522	螺栓
83	0.162801	0.411628	0.175842	0.448522	螺钉
83	0.181329	0.411628	0.194369	0.448522	夹子
83	0.199856	0.374734	0.212896	0.448522	绝缘法兰
83	0.219025	0.374734	0.232065	0.448522	铁芯法兰
83	0.238193	0.411628	0.251234	0.448522	铁芯
83	0.256721	0.411628	0.269761	0.448522	垫片
83	0.275248	0.374734	0.288288	0.448522	逆电流器
83	0.293775	0.393181	0.306816	0.448522	弧形板
83	0.312303	0.393181	0.325343	0.448522	弧形板
83	0.330830	0.411628	0.343870	0.448522	支架
83	0.349357	0.393181	0.362398	0.448522	绝缘板
83	0.367885	0.393181	0.380925	0.448522	薄垫片
83	0.386412	0.393181	0.399452	0.448522	弧形板
83	0.404939	0.411628	0.417979	0.448522	螺栓
83	0.423466	0.374734	0.436507	0.448522	线圈支架
83	0.441994	0.411628	0.455034	0.448522	锁板
83	0.460521	0.411628	0.473561	0.448522	弹垫
83	0.480189	0.430075	0.493229	0.448522	盖
83	0.499856	0.393181	0.512896	0.448522	绝缘管
83	0.518383	0.411628	0.531424	0.448522	螺钉
83	0.536982	0.411628	0.550022	0.448522	垫片
83	0.555580	0.393181	0.568621	0.448522	熄弧沟
83	0.574108	0.411628	0.587148	0.448522	支架
83	0.593063	0.356186	0.606103	0.448522	熄弧沟左罩
83	0.125382	0.439563	0.137852	0.457203	名
83	0.125382	0.518954	0.137852	0.536595	号
83	0.143868	0.480831	0.158304	0.554769	20038839
83	0.162395	0.480831	0.176831	0.554769	20038840
83	0.180923	0.480831	0.195358	0.554769	20038841
83	0.199450	0.480831	0.213886	0.554769	20038842
83	0.218619	0.480831	0.233054	0.554769	20038843
83	0.237787	0.480831	0.252223	0.554769	20038844
83	0.256315	0.480831	0.270750	0.554769	20038845
83	0.274842	0.480831	0.289278	0.554769	20038846
83	0.293369	0.480831	0.307805	0.554769	20038847
83	0.311896	0.480831	0.326332	0.554769	20038848
83	0.330424	0.480831	0.344859	0.554769	20038849
83	0.348951	0.480831	0.363387	0.554769	20038850
83	0.367478	0.480831	0.381914	0.554769	20038851
83	0.386006	0.480831	0.400441	0.554769	20038848
83	0.404533	0.480831	0.418969	0.554769	20038853
83	0.423060	0.480831	0.437496	0.554769	20038854
83	0.441588	0.480831	0.456023	0.554769	20038855
83	0.460115	0.480831	0.474551	0.554769	20038856
83	0.479782	0.480831	0.494218	0.554769	20038857
83	0.499450	0.480831	0.513886	0.554769	20038858
83	0.517977	0.480831	0.532413	0.554769	20038859
83	0.536576	0.480831	0.551011	0.554769	20038769
83	0.555174	0.480831	0.569610	0.554769	20038861
83	0.573702	0.480831	0.588137	0.554769	20038862
83	0.592657	0.480831	0.607092	0.554769	20038863
83	0.125382	0.545357	0.137852	0.562997	件
83	0.144290	0.580394	0.157570	0.608497	002
83	0.162817	0.580394	0.176098	0.608497	001
83	0.181344	0.580394	0.194625	0.608497	001
83	0.199872	0.580394	0.213152	0.608497	002
83	0.219682	0.580394	0.232962	0.608497	002
83	0.238209	0.580394	0.251490	0.608497	001
83	0.256736	0.580394	0.270017	0.608497	002
83	0.275264	0.580394	0.288544	0.608497	001
83	0.293791	0.580394	0.307072	0.608497	001
83	0.312318	0.580394	0.325599	0.608497	001
83	0.330845	0.580394	0.344126	0.608497	001
83	0.349373	0.580394	0.362653	0.608497	001
83	0.367900	0.580394	0.381181	0.608497	002
83	0.386427	0.580394	0.399708	0.608497	001
83	0.404955	0.580394	0.418235	0.608497	001
83	0.423482	0.580394	0.436763	0.608497	001
83	0.442009	0.580394	0.455290	0.608497	001
83	0.460537	0.580394	0.473817	0.608497	001
83	0.481344	0.580394	0.494625	0.608497	002
83	0.499872	0.580394	0.513152	0.608497	001
83	0.518399	0.580394	0.531680	0.608497	002
83	0.537069	0.580394	0.550349	0.608497	001
83	0.555596	0.580394	0.568877	0.608497	001
83	0.574123	0.580394	0.587404	0.608497	002
83	0.593577	0.580394	0.606858	0.608497	001
83	0.125382	0.598263	0.137852	0.633586	数量
83	0.125382	0.651354	0.137852	0.686677	序号
83	0.143868	0.649273	0.158304	0.677043	026
83	0.162396	0.649273	0.176831	0.677043	027
83	0.180923	0.649273	0.195359	0.677043	028
83	0.199450	0.649273	0.213886	0.677043	029
83	0.218618	0.649273	0.233054	0.677043	030
83	0.237787	0.649273	0.252222	0.677043	031
83	0.256315	0.649273	0.270751	0.677043	032
83	0.274842	0.649273	0.289278	0.677043	033
83	0.293370	0.649273	0.307805	0.677043	034
83	0.311897	0.649273	0.326333	0.677043	035
83	0.330424	0.649273	0.344860	0.677043	036
83	0.348952	0.649273	0.363387	0.677043	037
83	0.367479	0.649273	0.381915	0.677043	038
83	0.386006	0.649273	0.400442	0.677043	039
83	0.404533	0.649273	0.418969	0.677043	040
83	0.423061	0.649273	0.437496	0.677043	041
83	0.441588	0.649273	0.456024	0.677043	042
83	0.460115	0.649273	0.474551	0.677043	043
83	0.479783	0.649273	0.494218	0.677043	044
83	0.499450	0.649273	0.513886	0.677043	045
83	0.517978	0.649273	0.532413	0.677043	046
83	0.536575	0.649273	0.551011	0.677043	047
83	0.555174	0.649273	0.569610	0.677043	048
83	0.573702	0.649273	0.588138	0.677043	049
83	0.592657	0.649273	0.607093	0.677043	050
83	0.125382	0.704360	0.137852	0.722000	注
83	0.125382	0.759864	0.137852	0.777505	至
83	0.125382	0.883226	0.137852	0.900867	自
83	0.125382	0.989089	0.137852	1.000000	称
83	0.125382	1.000000	0.137852	1.000000	名
83	0.144274	0.984190	0.157314	1.000000	接触器
83	0.162801	0.984190	0.175842	1.000000	磁铁架
83	0.181329	1.000000	0.194369	1.000000	铁芯
83	0.199856	0.965743	0.212896	1.000000	弹簧托架
83	0.218383	1.000000	0.231424	1.000000	弹垫
83	0.236911	1.000000	0.249951	1.000000	弹簧
83	0.255438	1.000000	0.268478	1.000000	弹垫
83	0.273965	1.000000	0.287006	1.000000	螺母
83	0.292493	1.000000	0.305533	1.000000	螺钉
83	0.311020	0.965743	0.324060	1.000000	电枢总成
83	0.329547	1.000000	0.342588	1.000000	螺钉
83	0.348075	0.984190	0.361115	1.000000	灭弧罩
83	0.366602	1.000000	0.379642	1.000000	销子
83	0.385129	1.000000	0.398170	1.000000	夹子
83	0.403656	1.000000	0.416697	1.000000	螺钉
83	0.422184	0.965743	0.435224	1.000000	接触器臂
83	0.440711	0.984190	0.453751	1.000000	开口销
83	0.459238	0.984190	0.472279	1.000000	弹簧座
83	0.478906	1.000000	0.491946	1.000000	弹簧
83	0.498573	1.000000	0.511614	1.000000	螺钉
83	0.517101	1.000000	0.530141	1.000000	弹垫
83	0.535628	1.000000	0.548668	1.000000	垫片
83	0.554155	1.000000	0.567196	1.000000	弹垫
83	0.572683	1.000000	0.585723	1.000000	螺母
83	0.591210	1.000000	0.604250	1.000000	螺栓
83	0.125382	1.000000	0.137852	1.000000	号
83	0.125382	1.000000	0.137852	1.000000	件
83	0.144162	1.000000	0.157967	1.000000	20038814
83	0.162689	1.000000	0.176494	1.000000	20038815
83	0.181217	1.000000	0.195021	1.000000	20038816
83	0.199744	1.000000	0.213549	1.000000	20038817
83	0.218271	1.000000	0.232076	1.000000	20038818
83	0.236799	1.000000	0.250603	1.000000	20038819
83	0.255326	1.000000	0.269131	1.000000	20038820
83	0.273853	1.000000	0.287658	1.000000	20038764
83	0.292381	1.000000	0.306185	1.000000	20038822
83	0.310908	1.000000	0.324713	1.000000	20038823
83	0.329435	1.000000	0.343240	1.000000	20038824
83	0.347963	1.000000	0.361767	1.000000	20038825
83	0.366490	1.000000	0.380295	1.000000	20038826
83	0.385017	1.000000	0.398822	1.000000	20038827
83	0.403545	1.000000	0.417349	1.000000	20038828
83	0.422072	1.000000	0.435876	1.000000	20038829
83	0.440599	1.000000	0.454404	1.000000	20038830
83	0.459126	1.000000	0.472931	1.000000	20038831
83	0.478794	1.000000	0.492599	1.000000	20038832
83	0.498461	1.000000	0.512266	1.000000	20038833
83	0.516989	1.000000	0.530793	1.000000	20038834
83	0.535516	1.000000	0.549321	1.000000	20038835
83	0.554043	1.000000	0.567848	1.000000	20038770
83	0.572571	1.000000	0.586375	1.000000	20038837
83	0.591098	1.000000	0.604903	1.000000	20038838
83	0.087757	1.000000	0.100227	1.000000	17CM55AH6
83	0.106284	1.000000	0.118755	1.000000	NTE240006
83	0.125382	1.000000	0.137852	1.000000	数量
83	0.144290	1.000000	0.157570	1.000000	001
83	0.162817	1.000000	0.176098	1.000000	001
83	0.181344	1.000000	0.194625	1.000000	001
83	0.199872	1.000000	0.213152	1.000000	001
83	0.218399	1.000000	0.231680	1.000000	002
83	0.236926	1.000000	0.250207	1.000000	001
83	0.255454	1.000000	0.268734	1.000000	001
83	0.273981	1.000000	0.287262	1.000000	001
83	0.292508	1.000000	0.305789	1.000000	001
83	0.311036	1.000000	0.324316	1.000000	001
83	0.329563	1.000000	0.342843	1.000000	002
83	0.348090	1.000000	0.361371	1.000000	001
83	0.366617	1.000000	0.379898	1.000000	001
83	0.385145	1.000000	0.398425	1.000000	002
83	0.403672	1.000000	0.416953	1.000000	002
83	0.422199	1.000000	0.435480	1.000000	001
83	0.440727	1.000000	0.454007	1.000000	001
83	0.459254	1.000000	0.472535	1.000000	001
83	0.480062	1.000000	0.493342	1.000000	001
83	0.498589	1.000000	0.511870	1.000000	004
83	0.517116	1.000000	0.530397	1.000000	008
83	0.535644	1.000000	0.548924	1.000000	008
83	0.554171	1.000000	0.567452	1.000000	003
83	0.572698	1.000000	0.585979	1.000000	003
83	0.591225	1.000000	0.604506	1.000000	002
83	0.125382	1.000000	0.137852	1.000000	序号
83	0.144162	1.000000	0.157967	1.000000	001
83	0.162689	1.000000	0.176494	1.000000	002
83	0.181217	1.000000	0.195021	1.000000	003
83	0.199744	1.000000	0.213549	1.000000	004
83	0.218271	1.000000	0.232076	1.000000	005
83	0.236799	1.000000	0.250603	1.000000	006
83	0.255326	1.000000	0.269131	1.000000	007
83	0.273853	1.000000	0.287658	1.000000	008
83	0.292381	1.000000	0.306185	1.000000	009
83	0.310908	1.000000	0.324713	1.000000	010
83	0.329435	1.000000	0.343240	1.000000	011
83	0.347963	1.000000	0.361767	1.000000	012
83	0.366490	1.000000	0.380295	1.000000	013
83	0.385017	1.000000	0.398822	1.000000	014
83	0.403545	1.000000	0.417349	1.000000	015
83	0.422072	1.000000	0.435876	1.000000	016
83	0.440599	1.000000	0.454404	1.000000	017
83	0.459126	1.000000	0.472931	1.000000	018
83	0.478794	1.000000	0.492599	1.000000	019
83	0.498461	1.000000	0.512266	1.000000	020
83	0.516989	1.000000	0.530793	1.000000	021
83	0.535516	1.000000	0.549321	1.000000	022
83	0.554043	1.000000	0.567848	1.000000	023
83	0.572571	1.000000	0.586375	1.000000	024
83	0.591098	1.000000	0.604903	1.000000	025
83	0.087757	1.000000	0.100227	1.000000	090-0180-240
83	0.106284	1.000000	0.118755	1.000000	自系列号
83	0.125382	1.000000	0.137852	1.000000	注
84	0.145619	0.181222	0.158090	0.198863	至
84	0.145619	0.304740	0.158090	0.322380	自
84	0.145619	0.410438	0.158090	0.428079	称
84	0.145619	0.436841	0.158090	0.454482	名
84	0.145619	0.516232	0.158090	0.533873	号
84	0.145619	0.542635	0.158090	0.560276	件
84	0.145619	0.595541	0.158090	0.630864	数量
84	0.145619	0.648632	0.158090	0.683955	序号
84	0.145619	0.701638	0.158090	0.719279	注
84	0.145619	0.757143	0.158090	0.774783	至
84	0.145619	0.880504	0.158090	0.898145	自
84	0.145619	0.986367	0.158090	1.000000	称
84	0.145619	1.000000	0.158090	1.000000	名
84	0.164440	0.944473	0.177481	1.000000	熄弧沟右罩
84	0.182968	0.981468	0.196008	1.000000	磁极片
84	0.201495	0.981468	0.214535	1.000000	磁极片
84	0.220022	0.999915	0.233063	1.000000	螺钉
84	0.238550	0.999915	0.251590	1.000000	垫片
84	0.257077	0.999915	0.270117	1.000000	弹垫
84	0.275604	0.999915	0.288645	1.000000	螺母
84	0.294132	0.999915	0.307172	1.000000	螺栓
84	0.312659	0.999915	0.325699	1.000000	垫片
84	0.331186	0.999915	0.344227	1.000000	轴衬
84	0.349713	0.999915	0.362754	1.000000	轴衬
84	0.368241	0.999915	0.381281	1.000000	线圈
84	0.145619	1.000000	0.158090	1.000000	号
84	0.145619	1.000000	0.158090	1.000000	件
84	0.164328	1.000000	0.178133	1.000000	20038864
84	0.182856	1.000000	0.196660	1.000000	20038865
84	0.201383	1.000000	0.215188	1.000000	20038866
84	0.219910	1.000000	0.233715	1.000000	20038867
84	0.238438	1.000000	0.252242	1.000000	20038868
84	0.256965	1.000000	0.270770	1.000000	20038770
84	0.275492	1.000000	0.289297	1.000000	20038771
84	0.294020	1.000000	0.307824	1.000000	20038871
84	0.312547	1.000000	0.326352	1.000000	20038769
84	0.331074	1.000000	0.344879	1.000000	20038873
84	0.349602	1.000000	0.363406	1.000000	20038874
84	0.368129	1.000000	0.381934	1.000000	20038875
84	0.107924	1.000000	0.120394	1.000000	17CM55AH6
84	0.126451	1.000000	0.138921	1.000000	NTE240006
84	0.145619	1.000000	0.158090	1.000000	数量
84	0.164456	1.000000	0.177737	1.000000	001
84	0.182983	1.000000	0.196264	1.000000	001
84	0.201511	1.000000	0.214791	1.000000	001
84	0.220038	1.000000	0.233319	1.000000	001
84	0.238565	1.000000	0.251846	1.000000	002
84	0.257093	1.000000	0.270373	1.000000	006
84	0.275620	1.000000	0.288901	1.000000	006
84	0.294147	1.000000	0.307428	1.000000	005
84	0.312674	1.000000	0.325955	1.000000	002
84	0.331202	1.000000	0.344482	1.000000	004
84	0.349729	1.000000	0.363010	1.000000	004
84	0.368256	1.000000	0.381537	1.000000	001
84	0.145619	1.000000	0.158090	1.000000	序号
84	0.164328	1.000000	0.178133	1.000000	051
84	0.182856	1.000000	0.196660	1.000000	052
84	0.201383	1.000000	0.215188	1.000000	053
84	0.219910	1.000000	0.233715	1.000000	054
84	0.238438	1.000000	0.252242	1.000000	055
84	0.256965	1.000000	0.270770	1.000000	056
84	0.275492	1.000000	0.289297	1.000000	057
84	0.294020	1.000000	0.307824	1.000000	058
84	0.312547	1.000000	0.326352	1.000000	059
84	0.331074	1.000000	0.344879	1.000000	060
84	0.349602	1.000000	0.363406	1.000000	061
84	0.368129	1.000000	0.381934	1.000000	062
84	0.107924	1.000000	0.120394	1.000000	090-0180-240
84	0.126451	1.000000	0.138921	1.000000	自系列号
84	0.145619	1.000000	0.158090	1.000000	注
86	0.211686	0.088081	0.269512	0.101886	文件名:
86	0.393096	0.088081	0.416611	0.101886	GE
86	0.421055	0.088081	0.677368	0.101886	备件手册汇总(适用于NTE240006
86	0.681731	0.088081	0.805811	0.101886	及以后车型).doc
86	0.211686	0.106608	0.251872	0.120413	目录:
86	0.393116	0.106608	0.440241	0.120413	D:\My
86	0.444625	0.106608	0.524857	0.120413	Documents
86	0.211686	0.125135	0.251872	0.138940	模板:
86	0.393127	0.125135	0.495062	0.138940	C:\Documents
86	0.499527	0.125135	0.524979	0.138940	and
86	0.529444	0.125135	0.778449	0.138940	Settings\Administrator\Application
86	0.241928	0.143662	0.526500	0.157467	Data\Microsoft\Templates\Normal.dotm
86	0.211686	0.162190	0.251872	0.175994	标题:
86	0.211686	0.180717	0.251872	0.194521	主题:
86	0.211686	0.199244	0.251872	0.213049	作者:
86	0.393132	0.199632	0.446053	0.212102	张耀斌
86	0.211686	0.217771	0.269512	0.231576	关键词:
86	0.211686	0.236298	0.251872	0.250103	备注:
86	0.211686	0.254825	0.287153	0.268630	创建日期:
86	0.393137	0.254825	0.466769	0.268630	2013-6-17
86	0.471154	0.254825	0.533871	0.268630	16:50:00
86	0.211686	0.273352	0.269512	0.287157	修订号:
86	0.393142	0.273352	0.410829	0.287157	22
86	0.211686	0.291880	0.322434	0.305684	上次保存日期:
86	0.393134	0.291880	0.475615	0.305684	2014-10-23
86	0.479999	0.291880	0.542727	0.305684	14:54:00
86	0.211686	0.310407	0.304793	0.324211	上次保存者:
86	0.393141	0.310407	0.437155	0.324211	admin
86	0.211686	0.328934	0.322434	0.342738	编辑时间总计:
86	0.393142	0.328934	0.410829	0.342738	65
86	0.419644	0.329322	0.454925	0.341792	分钟
86	0.211687	0.347461	0.322434	0.361266	上次打印时间:
86	0.393132	0.347461	0.466732	0.361266	2015-4-28
86	0.471117	0.347461	0.524984	0.361266	8:47:00
86	0.211687	0.366376	0.317530	0.378847	打印最终结果
86	0.241928	0.384515	0.282113	0.398320	页数:
86	0.393142	0.384515	0.410829	0.398320	86
86	0.241928	0.403042	0.282113	0.416847	字数:
86	0.393135	0.403042	0.432902	0.416847	5,154
86	0.437286	0.403042	0.466645	0.416847	(约)
86	0.241928	0.421570	0.299753	0.435374	字符数:
86	0.393144	0.421570	0.441671	0.435374	29,379
86	0.446154	0.421570	0.475517	0.435374	(约)
