0	0.144605	0.023023	0.147429	0.028398	1
0	0.375529	0.023023	0.378353	0.028398	2
0	0.606252	0.023023	0.609076	0.028398	3
0	0.836975	0.023023	0.839798	0.028398	4
0	0.093176	0.043835	0.150424	0.058234	ОБЩИЕ
0	0.153416	0.043835	0.260912	0.058234	ПРИМЕЧАНИЯ
0	0.561681	0.058929	0.600677	0.066621	AXLEBOX
0	0.602863	0.058929	0.637841	0.066621	SERVICE
0	0.639858	0.058929	0.650351	0.066621	LT
0	0.722015	0.058929	0.734015	0.066621	414
0	0.765983	0.058929	0.788992	0.066621	осевая
0	0.790820	0.058929	0.819572	0.066621	коробка
0	0.093289	0.063259	0.117536	0.070951	1、Эта
0	0.119630	0.063259	0.140092	0.070951	схема
0	0.142186	0.063259	0.190145	0.070951	используется
0	0.192239	0.063259	0.205015	0.070951	для
0	0.207109	0.063259	0.255555	0.070951	24-вольтовой
0	0.257649	0.063259	0.311429	0.070951	электрической
0	0.313523	0.063259	0.344276	0.070951	системы
0	0.346370	0.063259	0.383094	0.070951	грузовика
0	0.385188	0.063259	0.415507	0.070951	NTE200.
0	0.561679	0.067765	0.594819	0.075457	BACKUP
0	0.596854	0.067765	0.607346	0.075457	LT
0	0.609363	0.067765	0.615042	0.075457	R
0	0.722016	0.067765	0.734016	0.075457	418
0	0.765982	0.067828	0.793786	0.075520	нижняя
0	0.795753	0.067828	0.815637	0.075520	часть
0	0.817603	0.067828	0.842081	0.075520	шкафа
0	0.844047	0.067828	0.857592	0.075520	24V
0	0.093289	0.072095	0.126089	0.079787	2、Номер
0	0.127121	0.072095	0.131369	0.079787	в
0	0.132401	0.072095	0.170205	0.079787	бриллианте
0	0.171237	0.072095	0.173857	0.079787	-
0	0.174888	0.072095	0.194705	0.079787	номер
0	0.195746	0.072095	0.222538	0.079787	области,
0	0.223570	0.072095	0.247512	0.079787	первые
0	0.248544	0.072095	0.259330	0.079787	две
0	0.260362	0.072095	0.283513	0.079787	цифры
0	0.284545	0.072095	0.287164	0.079787	-
0	0.288196	0.072095	0.308012	0.079787	номер
0	0.309044	0.072095	0.342668	0.079787	страницы.
0	0.561678	0.076743	0.594818	0.084436	BACKUP
0	0.596853	0.076743	0.607345	0.084436	LT
0	0.722017	0.076743	0.734017	0.084436	422
0	0.765983	0.076727	0.784805	0.084419	сзади
0	0.786634	0.076727	0.809917	0.084419	осевой
0	0.811746	0.076727	0.841096	0.084419	коробки
0	0.107024	0.081161	0.110956	0.088854	а
0	0.112795	0.081161	0.148678	0.088854	последние
0	0.150517	0.081161	0.162108	0.088854	две
0	0.163947	0.081161	0.188712	0.088854	цифры
0	0.190551	0.081161	0.240298	0.088854	представляют
0	0.242136	0.081161	0.261702	0.088854	собой
0	0.263541	0.081161	0.303727	0.088854	нумерацию
0	0.305565	0.081161	0.331870	0.088854	строки.
0	0.107824	0.088951	0.146640	0.096644	Например:
0	0.157995	0.089355	0.174936	0.097639	1009
0	0.179121	0.088951	0.229752	0.096644	Представляет
0	0.231920	0.088951	0.262304	0.096644	девятую
0	0.264472	0.088951	0.289100	0.096644	строку
0	0.291268	0.088951	0.327368	0.096644	страницы
0	0.329537	0.088951	0.339570	0.096644	10.
0	0.561681	0.085579	0.598893	0.093272	REVERSE
0	0.600910	0.085579	0.611403	0.093272	LT
0	0.613420	0.085579	0.619099	0.093272	R
0	0.722017	0.085579	0.734017	0.093272	429
0	0.765982	0.085626	0.793786	0.093318	нижняя
0	0.795753	0.085626	0.815637	0.093318	часть
0	0.817603	0.085626	0.842081	0.093318	шкафа
0	0.844047	0.085626	0.857592	0.093318	24V
0	0.561681	0.094558	0.585140	0.102251	HORN
0	0.587156	0.094558	0.592835	0.102251	R
0	0.722018	0.094558	0.734018	0.102251	435
0	0.765983	0.094525	0.793788	0.102217	нижняя
0	0.795754	0.094525	0.815638	0.102217	часть
0	0.817605	0.094525	0.842082	0.102217	шкафа
0	0.844049	0.094525	0.857593	0.102217	24V
0	0.093289	0.098785	0.124943	0.106478	3、Когда
0	0.126378	0.098785	0.145522	0.106478	схема
0	0.146958	0.098785	0.154715	0.106478	не
0	0.156150	0.098785	0.177434	0.106478	может
0	0.178869	0.098785	0.196171	0.106478	быть
0	0.197607	0.098785	0.234346	0.106478	полностью
0	0.235781	0.098785	0.275022	0.106478	отображена
0	0.276457	0.098785	0.284655	0.106478	на
0	0.286090	0.098785	0.301017	0.106478	этой
0	0.302452	0.098785	0.335047	0.106478	странице,
0	0.336482	0.098785	0.380817	0.106478	используется
0	0.382253	0.098785	0.394165	0.106478	код
0	0.395600	0.098785	0.422103	0.106478	области
0	0.423538	0.098785	0.435655	0.106478	для
0	0.437090	0.098785	0.468038	0.106478	указания
0	0.561681	0.103394	0.585139	0.111087	HORN
0	0.722018	0.103394	0.734018	0.111087	434
0	0.765983	0.103424	0.778494	0.111116	под
0	0.780527	0.103424	0.791494	0.111116	S/S
0	0.105681	0.107812	0.116852	0.115505	где
0	0.118946	0.107812	0.147966	0.115505	должны
0	0.150061	0.107812	0.168351	0.115505	быть
0	0.170445	0.107812	0.201968	0.115505	найдены
0	0.204062	0.107812	0.253144	0.115505	последующие
0	0.255239	0.107812	0.275748	0.115505	части
0	0.277842	0.107812	0.297148	0.115505	цепи.
0	0.561680	0.112373	0.585139	0.120065	HORN
0	0.587156	0.112373	0.593708	0.120065	&
0	0.595627	0.112373	0.622283	0.120065	WIPER
0	0.624300	0.112373	0.636589	0.120065	SW
0	0.722016	0.112373	0.734016	0.120065	438
0	0.765982	0.112323	0.786470	0.120015	левая
0	0.788510	0.112323	0.816788	0.120015	сторона
0	0.818829	0.112323	0.847972	0.120015	рулевой
0	0.850012	0.112323	0.880635	0.120015	колонки
0	0.148437	0.119926	0.164471	0.127619	2544
0	0.185546	0.119926	0.197546	0.127619	847
0	0.561682	0.121209	0.600538	0.128901	WASHING
0	0.602687	0.121209	0.625491	0.128901	PUMP
0	0.722016	0.121209	0.734016	0.128901	438
0	0.765983	0.121222	0.773408	0.128914	со
0	0.775375	0.121222	0.809574	0.128914	сторооны
0	0.811540	0.121222	0.839141	0.128914	кабины
0	0.105793	0.130273	0.145928	0.137966	Например:
0	0.148096	0.130273	0.189048	0.137966	следующая
0	0.191216	0.130273	0.211826	0.137966	схема
0	0.213994	0.130273	0.222558	0.137966	на
0	0.224727	0.130273	0.254214	0.137966	рисунке
0	0.256382	0.130273	0.277206	0.137966	выше
0	0.279374	0.130273	0.324069	0.137966	подключена
0	0.326237	0.130273	0.330767	0.137966	к
0	0.332935	0.130273	0.355874	0.137966	линии
0	0.358042	0.130273	0.366008	0.137966	47
0	0.368176	0.130273	0.376740	0.137966	на
0	0.378908	0.130273	0.392905	0.137966	стр.
0	0.395073	0.130273	0.401073	0.137966	8.
0	0.561681	0.130045	0.588337	0.137738	WIPER
0	0.590354	0.130045	0.620855	0.137738	MOTOR
0	0.722017	0.130045	0.734017	0.137738	444
0	0.765982	0.130121	0.795068	0.137813	верхняя
0	0.797035	0.130121	0.816919	0.137813	часть
0	0.818885	0.130121	0.846485	0.137813	кабины
0	0.034689	0.140886	0.038766	0.146261	D
0	0.093289	0.139252	0.137191	0.146944	4、Символы
0	0.138559	0.139252	0.142806	0.146944	в
0	0.144174	0.139252	0.173653	0.146944	длинном
0	0.175026	0.139252	0.207548	0.146944	алмазном
0	0.208916	0.139252	0.228021	0.146944	блоке
0	0.229389	0.139252	0.268360	0.146944	обозначают
0	0.269728	0.139252	0.290217	0.146944	номер
0	0.291585	0.139252	0.315660	0.146944	штыря
0	0.317029	0.139252	0.345830	0.146944	провода,
0	0.347198	0.139252	0.399430	0.146944	подключенного
0	0.400798	0.139252	0.405329	0.146944	к
0	0.406697	0.139252	0.450800	0.146944	штепсельной
0	0.452168	0.139252	0.472185	0.146944	вилке
0	0.473553	0.139252	0.502127	0.146944	системы
0	0.503495	0.139252	0.516229	0.146944	GE.
0	0.561681	0.139024	0.593178	0.146716	WIPPER
0	0.595195	0.139024	0.600874	0.146716	R
0	0.722021	0.139024	0.734021	0.146716	445
0	0.765982	0.139020	0.793786	0.146712	нижняя
0	0.795753	0.139020	0.815637	0.146712	часть
0	0.817603	0.139020	0.842081	0.146712	шкафа
0	0.844047	0.139020	0.857592	0.146712	24V
0	0.946487	0.140886	0.950564	0.146261	D
0	0.107810	0.147749	0.147945	0.155442	Например:
0	0.158382	0.147749	0.185094	0.155442	CNX3-t
0	0.195531	0.147749	0.237481	0.155442	Указывает,
0	0.239649	0.147749	0.252081	0.155442	что
0	0.254249	0.147749	0.279750	0.155442	провод
0	0.281918	0.147749	0.322580	0.155442	подключен
0	0.324748	0.147749	0.329278	0.155442	к
0	0.331446	0.147749	0.384829	0.155442	t-контактному
0	0.387021	0.147749	0.416461	0.155442	разъему
0	0.418629	0.147749	0.444035	0.155442	CNX3..
0	0.561680	0.147860	0.583902	0.155552	HEAT
0	0.585918	0.147860	0.619506	0.155552	MIRROR
0	0.621523	0.147860	0.633812	0.155552	SW
0	0.722015	0.147860	0.734015	0.155552	450
0	0.765983	0.147919	0.791043	0.155611	панель
0	0.793009	0.147919	0.846511	0.155611	выключателей
0	0.848477	0.147919	0.852724	0.155611	в
0	0.854691	0.147919	0.880238	0.155611	кибине
0	0.093289	0.156657	0.118199	0.164349	5、Ток
0	0.119768	0.156657	0.124016	0.164349	в
0	0.125586	0.156657	0.140714	0.164349	этой
0	0.142284	0.156657	0.161257	0.164349	схеме
0	0.162830	0.156657	0.181182	0.164349	течет
0	0.182752	0.156657	0.201536	0.164349	слева
0	0.203105	0.156657	0.233164	0.164349	направо.
0	0.561679	0.156838	0.595254	0.164531	MIRROR
0	0.597271	0.156838	0.630418	0.164531	HEATER
0	0.632435	0.156838	0.638114	0.164531	R
0	0.722014	0.156838	0.734014	0.164531	452
0	0.765982	0.156818	0.793786	0.164510	нижняя
0	0.795753	0.156818	0.815637	0.164510	часть
0	0.817603	0.156818	0.842081	0.164510	шкафа
0	0.844047	0.156818	0.857592	0.164510	24V
0	0.093289	0.165564	0.116591	0.173257	6、Эта
0	0.117072	0.165564	0.134307	0.173257	схема
0	0.134788	0.165564	0.164511	0.173257	включает
0	0.164992	0.165564	0.169239	0.173257	в
0	0.169720	0.165564	0.182664	0.173257	себя
0	0.183144	0.165564	0.192891	0.173257	все
0	0.193371	0.165564	0.231906	0.173257	24-вольтовое
0	0.232386	0.165564	0.272965	0.173257	оборудование
0	0.273446	0.165564	0.281167	0.173257	на
0	0.281647	0.165564	0.311482	0.173257	грузовике
0	0.311963	0.165564	0.337446	0.173257	NTE200.
0	0.561678	0.165674	0.595252	0.173367	MIRROR
0	0.597269	0.165674	0.630416	0.173367	HEATER
0	0.722014	0.165674	0.734014	0.173367	452
0	0.765983	0.165717	0.793406	0.173410	зеркало
0	0.093176	0.172957	0.178998	0.187355	ОПИСАНИЕ
0	0.181956	0.172957	0.268926	0.187355	СИМВОЛОВ
0	0.272195	0.172957	0.277097	0.187355	:
0	0.306089	0.172957	0.457519	0.187355	SW-ВЫКЛЮЧАТЕЛЬ
0	0.561678	0.174653	0.599263	0.182346	SHUTTER
0	0.601280	0.174653	0.613569	0.182346	SW
0	0.722015	0.174653	0.734015	0.182346	460
0	0.765982	0.174616	0.791041	0.182309	панель
0	0.793008	0.174616	0.846509	0.182309	выключателей
0	0.848475	0.174616	0.852723	0.182309	в
0	0.854689	0.174616	0.880237	0.182309	кибине
0	0.561679	0.183489	0.599263	0.191182	SHUTTER
0	0.601280	0.183489	0.606959	0.191182	R
0	0.722015	0.183489	0.734015	0.191182	458
0	0.765982	0.183515	0.793786	0.191208	нижняя
0	0.795753	0.183515	0.815637	0.191208	часть
0	0.817603	0.183515	0.842081	0.191208	шкафа
0	0.844047	0.183515	0.857592	0.191208	24V
0	0.108303	0.191043	0.118487	0.198735	G1
0	0.143395	0.189760	0.156802	0.197452	24V
0	0.158630	0.189760	0.206350	0.197452	ГЕНЕРАТОР
0	0.281748	0.189760	0.360235	0.197452	ПРЕДОХРАНИТЕЛЬ
0	0.561679	0.192468	0.599263	0.200160	SHUTTER
0	0.601280	0.192468	0.631782	0.200160	MOTOR
0	0.722015	0.192468	0.734015	0.200160	460
0	0.765983	0.192414	0.785576	0.200107	перед
0	0.787405	0.192414	0.828991	0.200107	радиатором
0	0.561680	0.201304	0.583098	0.208996	ELEC
0	0.585115	0.201304	0.611103	0.208996	GLASS
0	0.613196	0.201304	0.625499	0.208996	SW
0	0.722017	0.201304	0.734017	0.208996	469
0	0.765982	0.201313	0.786235	0.209006	дверь
0	0.788202	0.201313	0.815802	0.209006	кабины
0	0.109513	0.210283	0.116938	0.217975	M
0	0.143395	0.208857	0.172835	0.216550	МОТОР
0	0.281748	0.208857	0.323305	0.216550	ДВОЙНОЙ
0	0.325372	0.208857	0.353056	0.216550	СБРОС
0	0.355124	0.208857	0.394927	0.216550	ПРИВОДА
0	0.396994	0.208857	0.409283	0.216550	SW
0	0.561681	0.210283	0.583098	0.217975	ELEC
0	0.585115	0.210283	0.611103	0.217975	GLASS
0	0.613197	0.210283	0.643712	0.217975	MOTOR
0	0.722017	0.210283	0.734017	0.217975	477
0	0.765982	0.210212	0.770229	0.217905	в
0	0.772057	0.210212	0.792405	0.217905	двери
0	0.561682	0.219119	0.586120	0.226811	DOME
0	0.588137	0.219119	0.598630	0.226811	LT
0	0.600647	0.219119	0.612936	0.226811	SW
0	0.722018	0.219119	0.734018	0.226811	484
0	0.765982	0.219111	0.782027	0.226804	верх
0	0.783994	0.219111	0.811594	0.226804	кабины
0	0.143395	0.227146	0.178481	0.234838	TEST-SW
0	0.281748	0.226672	0.323305	0.234365	ДВОЙНОЙ
0	0.325372	0.226672	0.359446	0.234365	ПРИВОД
0	0.361514	0.226672	0.373803	0.234365	SW
0	0.561682	0.228097	0.585141	0.235790	DOOR
0	0.587157	0.228097	0.599447	0.235790	SW
0	0.722017	0.228097	0.734017	0.235790	487
0	0.765778	0.227900	0.785843	0.235593	левая
0	0.787671	0.227900	0.807650	0.235593	дверь
0	0.561681	0.236933	0.586119	0.244626	DOME
0	0.588136	0.236933	0.598629	0.244626	LT
0	0.722018	0.236933	0.734018	0.244626	487
0	0.765778	0.236807	0.781824	0.244500	верх
0	0.783790	0.236807	0.811390	0.244500	кабины
0	0.561680	0.245912	0.587861	0.253605	RADIO
0	0.722018	0.245912	0.734018	0.253605	492
0	0.765778	0.245715	0.781824	0.253407	верх
0	0.783790	0.245715	0.811390	0.253407	кабины
0	0.143395	0.252468	0.199280	0.260160	КОНТРОЛЛЕР
0	0.281748	0.252468	0.335598	0.260160	НОРМАЛЬНО
0	0.337665	0.252468	0.377397	0.260160	ЗАКРЫТО
0	0.379465	0.252468	0.391754	0.260160	SW
0	0.561681	0.254748	0.598426	0.262441	LIGHTER
0	0.722017	0.254748	0.734017	0.262441	494
0	0.765983	0.254748	0.804375	0.262441	приборная
0	0.806341	0.254748	0.831401	0.262441	панель
0	0.833367	0.254748	0.837615	0.262441	в
0	0.839581	0.254748	0.864531	0.262441	кабине
0	0.561682	0.263727	0.613851	0.271419	EMERGENCY
0	0.615868	0.263727	0.643769	0.271419	BRAKE
0	0.645785	0.263727	0.658075	0.271419	SW
0	0.722017	0.263727	0.734017	0.271419	505
0	0.765983	0.263641	0.786324	0.271334	левая
0	0.788290	0.263641	0.808174	0.271334	часть
0	0.810140	0.263641	0.848807	0.271334	приборной
0	0.850774	0.263641	0.876203	0.271334	панели
0	0.561680	0.272563	0.613850	0.280255	EMERGENCY
0	0.615867	0.272563	0.643768	0.280255	BRAKE
0	0.645785	0.272563	0.661505	0.280255	SOL
0	0.722017	0.272563	0.734017	0.280255	507
0	0.765983	0.272534	0.803596	0.280227	тормозной
0	0.805563	0.272534	0.829364	0.280227	кол-ор
0	0.831330	0.272534	0.835578	0.280227	в
0	0.837544	0.272534	0.862022	0.280227	шкафу
0	0.863988	0.272534	0.906627	0.280227	гидравлики
0	0.143395	0.276553	0.164606	0.284246	СВЕТ
0	0.281748	0.276553	0.335194	0.284246	НОРМАЛЬНО
0	0.337161	0.276553	0.378124	0.284246	ОТКРЫТО
0	0.380133	0.276553	0.392422	0.284246	SW
0	0.561681	0.281541	0.596673	0.289234	SERVICE
0	0.598689	0.281541	0.626590	0.289234	BRAKE
0	0.630624	0.281541	0.671817	0.289234	PROXIMIT
0	0.673834	0.281541	0.686123	0.289234	SW
0	0.722017	0.281541	0.734017	0.289234	511
0	0.765983	0.281427	0.790148	0.289120	педаль
0	0.791976	0.281427	0.823098	0.289120	рабочего
0	0.824926	0.281427	0.853065	0.289120	тормоза
0	0.561679	0.290378	0.583997	0.298070	PARK
0	0.585945	0.290378	0.613846	0.298070	BRAKE
0	0.615863	0.290378	0.628152	0.298070	SW
0	0.722017	0.290378	0.734017	0.298070	518
0	0.765983	0.290320	0.804375	0.298013	приборная
0	0.806341	0.290320	0.831401	0.298013	панель
0	0.833367	0.290320	0.837615	0.298013	в
0	0.839581	0.290320	0.864531	0.298013	кабине
0	0.143395	0.296221	0.178561	0.303913	Давления
0	0.180628	0.296221	0.192917	0.303913	SW
0	0.281748	0.295223	0.338285	0.302916	СВЕТИЛЬНИК
0	0.561678	0.299214	0.583996	0.306906	PARK
0	0.585944	0.299214	0.612228	0.306906	APPLY
0	0.614245	0.299214	0.629966	0.306906	SOL
0	0.722016	0.299214	0.734016	0.306906	518
0	0.765983	0.299214	0.803596	0.306906	тормозной
0	0.805563	0.299214	0.829364	0.306906	кол-ор
0	0.831330	0.299214	0.835577	0.306906	в
0	0.837544	0.299214	0.862021	0.306906	шкафу
0	0.863988	0.299214	0.906627	0.306906	гидравлики
0	0.561681	0.308192	0.583999	0.315885	PARK
0	0.585947	0.308192	0.613848	0.315885	BRAKE
0	0.615865	0.308192	0.657124	0.315885	PRESSURE
0	0.659141	0.308192	0.671430	0.315885	SW
0	0.722016	0.308192	0.734016	0.315885	521
0	0.765982	0.308192	0.803595	0.315885	тормозной
0	0.807703	0.308192	0.831504	0.315885	кол-ор
0	0.835608	0.308192	0.839856	0.315885	в
0	0.843958	0.308192	0.868436	0.315885	шкафу
0	0.872540	0.308192	0.915179	0.315885	гидравлики
0	0.143395	0.319309	0.189834	0.327001	СОЛЕНОИД
0	0.281748	0.318454	0.348141	0.326146	ВЫКЛЮЧАТЕЛЬ
0	0.350107	0.318454	0.373712	0.326146	ЦЕПИ
0	0.561680	0.317028	0.583997	0.324721	PARK
0	0.585945	0.317028	0.607345	0.324721	SHUT
0	0.609361	0.317028	0.625058	0.324721	OFF
0	0.627093	0.317028	0.642798	0.324721	SOL
0	0.722016	0.317028	0.734016	0.324721	524
0	0.765982	0.317100	0.803595	0.324792	тормозной
0	0.807703	0.317100	0.831504	0.324792	кол-ор
0	0.835608	0.317100	0.839856	0.324792	в
0	0.843958	0.317100	0.868436	0.324792	шкафу
0	0.872540	0.317100	0.915179	0.324792	гидравлики
0	0.561680	0.326007	0.583997	0.333700	PARK
0	0.585945	0.326007	0.622725	0.333700	RELEASE
0	0.624742	0.326007	0.640462	0.333700	SOL
0	0.722018	0.326007	0.734018	0.333700	526
0	0.765982	0.326007	0.803595	0.333700	тормозной
0	0.805561	0.326007	0.829362	0.333700	кол-ор
0	0.831328	0.326007	0.835576	0.333700	в
0	0.837542	0.326007	0.862020	0.333700	шкафу
0	0.863986	0.326007	0.906625	0.333700	гидравлики
0	0.561681	0.334843	0.584335	0.342536	LOAD
0	0.586352	0.334843	0.614253	0.342536	BRAKE
0	0.616270	0.334843	0.628559	0.342536	SW
0	0.722016	0.334843	0.734016	0.342536	527
0	0.765983	0.334843	0.811997	0.342536	центральная
0	0.813963	0.334843	0.842955	0.342536	консоль
0	0.844922	0.334843	0.849169	0.342536	в
0	0.851136	0.334843	0.876085	0.342536	кабине
0	0.143395	0.342967	0.166457	0.350659	ДИОД
0	0.281748	0.342967	0.315971	0.350659	ПАНЕЛЬ
0	0.317937	0.342967	0.346678	0.350659	ДИОДА
0	0.561679	0.343822	0.584335	0.351514	LOAD
0	0.586352	0.343822	0.614252	0.351514	BRAKE
0	0.616269	0.343822	0.631990	0.351514	SOL
0	0.722015	0.343822	0.734015	0.351514	528
0	0.765982	0.343747	0.803595	0.351439	тормозной
0	0.805561	0.343747	0.829362	0.351439	кол-ор
0	0.831328	0.343747	0.835576	0.351439	в
0	0.837542	0.343747	0.862020	0.351439	шкафу
0	0.863986	0.343747	0.906625	0.351439	гидравлики
0	0.561681	0.352658	0.577475	0.360350	RSC
0	0.579492	0.352658	0.591781	0.360350	SW
0	0.722017	0.352658	0.734017	0.360350	533
0	0.765982	0.352651	0.811995	0.360343	центральная
0	0.813961	0.352651	0.842954	0.360343	консоль
0	0.844920	0.352651	0.849168	0.360343	в
0	0.851134	0.352651	0.876083	0.360343	кабине
0	0.127534	0.362781	0.209014	0.370474	КОНДИЦИОНЕРНАЯ
0	0.210980	0.362781	0.241860	0.370474	МУФТА
0	0.281748	0.365627	0.343021	0.373320	ТЕМПЕРАТУРА
0	0.345037	0.365627	0.357327	0.373320	SW
0	0.561681	0.361636	0.587535	0.369329	STEER
0	0.589552	0.361636	0.619693	0.369329	ACCUM
0	0.621733	0.361636	0.647474	0.369329	DRAIN
0	0.649491	0.361636	0.665212	0.369329	SOL
0	0.722017	0.361636	0.734017	0.369329	541
0	0.765983	0.361555	0.794905	0.369247	рулевой
0	0.796871	0.361555	0.834351	0.369247	коллектор
0	0.244034	0.373760	0.247484	0.379135	T
0	0.561681	0.370473	0.616668	0.378165	TEMPARTURE
0	0.618279	0.370473	0.673412	0.378165	SENSOR（60）
0	0.722015	0.370473	0.734015	0.378165	543
0	0.765982	0.370458	0.798765	0.378151	гидробак
0	0.034689	0.380030	0.038456	0.385406	C
0	0.561680	0.379451	0.586489	0.387144	HOIST
0	0.588506	0.379451	0.622086	0.387144	HANDLE
0	0.722015	0.379451	0.734015	0.387144	547
0	0.765982	0.379362	0.811995	0.387055	центральная
0	0.813961	0.379362	0.842954	0.387055	консоль
0	0.844920	0.379362	0.849168	0.387055	в
0	0.851134	0.379362	0.876083	0.387055	кабине
0	0.946487	0.380030	0.950254	0.385406	C
0	0.103866	0.393427	0.107050	0.398802	+
0	0.132706	0.393427	0.134586	0.398802	-
0	0.156706	0.393703	0.194240	0.401396	БАТАРЕЯ
0	0.242824	0.400981	0.246901	0.406356	Q
0	0.281748	0.393703	0.315335	0.401396	ДАТЧИК
0	0.317164	0.393703	0.350563	0.401396	УРОВНЯ
0	0.561684	0.397266	0.586492	0.404958	HOIST
0	0.561685	0.388287	0.610080	0.395980	HYDRAULIC
0	0.588509	0.397266	0.604230	0.404958	SOL
0	0.612097	0.388287	0.626419	0.395980	OIL
0	0.628436	0.388287	0.662387	0.395980	COOLER
0	0.664404	0.388287	0.680125	0.395980	SOL
0	0.722015	0.388287	0.734015	0.395980	549
0	0.722016	0.397266	0.734016	0.404958	555
0	0.765982	0.388266	0.782027	0.395959	верх
0	0.765983	0.397170	0.791853	0.404862	клапан
0	0.783994	0.388266	0.814709	0.395959	фильтра
0	0.793819	0.397170	0.836057	0.404862	управления
0	0.816675	0.388266	0.850457	0.395959	высокого
0	0.838024	0.397170	0.873191	0.404862	подъемом
0	0.852424	0.388266	0.885805	0.395959	давления
0	0.561684	0.406102	0.608341	0.413795	OVERFLOW
0	0.610358	0.406102	0.626079	0.413795	SOL
0	0.722016	0.406102	0.734016	0.413795	557
0	0.765982	0.406074	0.791851	0.413766	клапан
0	0.793818	0.406074	0.836056	0.413766	управления
0	0.838022	0.406074	0.873189	0.413766	подъемом
0	0.561682	0.415081	0.591364	0.422773	POWER
0	0.593381	0.415081	0.618655	0.422773	DOWN
0	0.620671	0.415081	0.636392	0.422773	SOL
0	0.722016	0.415081	0.734016	0.422773	562
0	0.765982	0.414977	0.791851	0.422670	клапан
0	0.793818	0.414977	0.836056	0.422670	управления
0	0.838022	0.414977	0.873189	0.422670	подъемом
0	0.154081	0.419071	0.188677	0.426764	ДАТЧИК
0	0.281748	0.419071	0.315005	0.426764	ЗАДНИЙ
0	0.316834	0.419071	0.338045	0.426764	СВЕТ
0	0.561683	0.423917	0.608001	0.431609	DUMPBODY
0	0.610017	0.423917	0.620502	0.431609	UP
0	0.622537	0.423917	0.634811	0.431609	SW
0	0.722016	0.423917	0.734016	0.431609	569
0	0.765982	0.423881	0.787321	0.431574	канал
0	0.789287	0.423881	0.853265	0.431574	воздухозаборника
0	0.561678	0.432895	0.588740	0.440588	FLOAT
0	0.590757	0.432895	0.606478	0.440588	SOL
0	0.722019	0.432895	0.734019	0.440588	572
0	0.765982	0.432785	0.791851	0.440478	клапан
0	0.793818	0.432785	0.836056	0.440478	управления
0	0.838022	0.432785	0.873189	0.440478	подъемом
0	0.154084	0.440876	0.187671	0.448569	ДАТЧИК
0	0.189500	0.440876	0.222899	0.448569	УРОВНЯ
0	0.281748	0.440876	0.332519	0.448569	ИНДИКАТОР
0	0.334348	0.440876	0.413335	0.448569	ПРЕДУПРЕЖДЕНИЯ
0	0.561680	0.441732	0.589175	0.449424	FRONT
0	0.591192	0.441732	0.632452	0.449424	PRESSURE
0	0.634469	0.441732	0.646758	0.449424	SW
0	0.722017	0.441732	0.734017	0.449424	575
0	0.765982	0.441689	0.786526	0.449381	шкаф
0	0.788493	0.441689	0.831132	0.449381	гидравлики
0	0.561682	0.450710	0.583965	0.458403	REAR
0	0.585982	0.450710	0.627240	0.458403	PRESSURE
0	0.629257	0.450710	0.641546	0.458403	SW
0	0.722017	0.450710	0.734017	0.458403	584
0	0.765982	0.450593	0.786526	0.458285	шкаф
0	0.788493	0.450593	0.831132	0.458285	гидравлики
0	0.099429	0.458510	0.180620	0.472909	Указатель：
0	0.561679	0.468382	0.580842	0.476075	LOW
0	0.561685	0.459546	0.580848	0.467239	LOW
0	0.582859	0.468382	0.608700	0.476075	STEER
0	0.582865	0.459546	0.610765	0.467239	BRAKE
0	0.610717	0.468382	0.651977	0.476075	PRESSURE
0	0.612782	0.459546	0.654042	0.467239	PRESSURE
0	0.653993	0.468382	0.666283	0.476075	SW
0	0.656059	0.459546	0.668348	0.467239	SW
0	0.722017	0.459546	0.734017	0.467239	590
0	0.722017	0.468382	0.734017	0.476075	594
0	0.765982	0.459497	0.803595	0.467189	тормозной
0	0.765982	0.468400	0.794903	0.476093	рулевой
0	0.796870	0.468400	0.834349	0.476093	коллектор
0	0.805561	0.459497	0.829362	0.467189	кол-ор
0	0.831328	0.459497	0.835576	0.467189	в
0	0.837542	0.459497	0.862020	0.467189	шкафу
0	0.863986	0.459497	0.906625	0.467189	гидравлики
0	0.108908	0.477361	0.127003	0.485053	СТР.
0	0.180881	0.474495	0.241823	0.482188	ИНФОРМАЦИЯ
0	0.561681	0.477361	0.610077	0.485053	HYDRAULIC
0	0.612094	0.477361	0.626416	0.485053	OIL
0	0.628432	0.477361	0.655097	0.485053	LEVEL
0	0.657113	0.477361	0.688629	0.485053	SENSOR
0	0.722017	0.477361	0.734017	0.485053	605
0	0.765982	0.477304	0.798765	0.484997	гидробак
0	0.111931	0.486197	0.119929	0.493890	01
0	0.136914	0.483379	0.166608	0.491071	ОБЩИЕ
0	0.167761	0.483379	0.225399	0.491071	ПРИМЕЧАНИЯ;
0	0.226552	0.483379	0.270906	0.491071	ОПИСАНИЕ
0	0.272059	0.483379	0.319239	0.491071	СИМВОЛОВ;
0	0.320392	0.483379	0.367889	0.491071	УКАЗАТЕЛЬ;
0	0.369042	0.483379	0.412963	0.491071	ОСНОВНОЕ
0	0.414116	0.483379	0.470529	0.491071	24-ВОЛЬТОВОЕ
0	0.471682	0.483379	0.526268	0.491071	УСТРОЙСТВО:
0	0.561681	0.486197	0.616668	0.493890	TEMPARTURE
0	0.618279	0.486197	0.673412	0.493890	SENSOR（80）
0	0.722019	0.486197	0.734019	0.493890	608
0	0.765982	0.486208	0.798765	0.493900	гидробак
0	0.111933	0.495176	0.119899	0.502868	02
0	0.136914	0.492033	0.173218	0.499726	БАТАРЕЯ
0	0.174775	0.490582	0.269562	0.499792	ЦЕПИ；ВЫКЛЮЧАТЕЛЬ
0	0.271118	0.492033	0.294108	0.499726	ЦЕПИ
0	0.561683	0.495176	0.582695	0.502868	FUEL
0	0.584711	0.495176	0.611375	0.502868	LEVEL
0	0.613392	0.495176	0.644908	0.502868	SENSOR
0	0.722021	0.495176	0.734021	0.502868	612
0	0.765982	0.495112	0.806701	0.502804	топливный
0	0.808668	0.495112	0.821064	0.502804	бак
0	0.111933	0.504012	0.119899	0.511704	03
0	0.136914	0.501146	0.157425	0.508839	TEST
0	0.159657	0.501146	0.174780	0.508839	SW;
0	0.177012	0.501146	0.225583	0.508839	ОСНОВНОЙ
0	0.227815	0.501146	0.252383	0.508839	СВЕТ;
0	0.254615	0.501146	0.289211	0.508839	ДАТЧИК
0	0.291443	0.501146	0.321823	0.508839	СВЕТА;
0	0.324055	0.501146	0.345871	0.508839	СВЕТ
0	0.348103	0.501146	0.401014	0.508839	ГАБАРИТОВ;
0	0.403246	0.501146	0.425062	0.508839	СВЕТ
0	0.427294	0.501146	0.536529	0.508839	ТОРМОЗА-ЗАМЕДЛИТЕЛЯ;
0	0.561680	0.504012	0.578716	0.511704	ACC
0	0.580733	0.504012	0.607439	0.511704	PEDAL
0	0.722021	0.504012	0.734021	0.511704	619
0	0.765982	0.504016	0.786322	0.511708	левая
0	0.788288	0.504016	0.816345	0.511708	сторона
0	0.818311	0.504016	0.845911	0.511708	кабины
0	0.136914	0.510030	0.158731	0.517722	СВЕТ
0	0.160962	0.510030	0.210099	0.517722	ПОВОРОТА;
0	0.212331	0.510030	0.301686	0.517722	ПРОТИВОТУМАННАЯ
0	0.303918	0.510030	0.327236	0.517722	ФАРА
0	0.561683	0.512990	0.594891	0.520683	RETARD
0	0.596908	0.512990	0.623615	0.520683	PEDAL
0	0.722017	0.512990	0.734017	0.520683	623
0	0.765982	0.512919	0.786322	0.520612	левая
0	0.788288	0.512919	0.816345	0.520612	сторона
0	0.818311	0.512919	0.845911	0.520612	кабины
0	0.111933	0.521827	0.119931	0.529519	04
0	0.136916	0.519471	0.156231	0.526769	СВЕТ
0	0.158116	0.519471	0.204645	0.526769	ЛЕСТНИЦЫ;
0	0.206530	0.519471	0.225845	0.526769	СВЕТ
0	0.227730	0.519471	0.274869	0.526769	ДВИГАТЕЛЯ;
0	0.276754	0.519471	0.296069	0.526769	СВЕТ
0	0.297954	0.519471	0.335471	0.526770	КОРОБКИ
0	0.337356	0.519472	0.374686	0.526770	ПЕРЕДАЧ;
0	0.376570	0.519472	0.395885	0.526770	СВЕТ
0	0.397770	0.519472	0.432871	0.526770	ЗАДНЕГО
0	0.434755	0.519472	0.458404	0.526770	ХОДА;
0	0.460289	0.519472	0.491391	0.526770	ЗАДНИЕ
0	0.493276	0.519472	0.537425	0.526770	ГАБАРИТЫ;
0	0.561681	0.521827	0.577476	0.529519	RSC
0	0.579493	0.521827	0.621885	0.529519	RHEOSTST
0	0.722021	0.521827	0.734021	0.529519	627
0	0.765982	0.521823	0.791041	0.529516	панель
0	0.793008	0.521823	0.846509	0.529516	выключателей
0	0.848475	0.521823	0.852723	0.529516	в
0	0.854689	0.521823	0.867085	0.529516	каб
0	0.136914	0.528164	0.166517	0.535856	ГУДОК;
0	0.168074	0.528164	0.208782	0.535856	ДВОРНИК;
0	0.210338	0.528164	0.252974	0.535856	ПОДОГРЕВ
0	0.254530	0.528164	0.292839	0.535856	ЗЕРКАЛА;
0	0.294396	0.528164	0.327034	0.535856	ЗАТВОР;
0	0.328591	0.528164	0.398210	0.535856	ЭЛЕКТРИЧЕСКОЕ
0	0.399766	0.528164	0.435009	0.535856	СТЕКЛО;
0	0.436565	0.528164	0.459782	0.535856	СВЕТ;
0	0.461338	0.528164	0.491067	0.535856	РАДИО;
0	0.492624	0.528164	0.542636	0.535856	ЗАЖИГАЛКА
0	0.561681	0.530805	0.582291	0.538498	REST
0	0.584307	0.530805	0.608759	0.538498	MODE
0	0.610775	0.530805	0.623065	0.538498	SW
0	0.722019	0.530805	0.734018	0.538498	631
0	0.765780	0.530932	0.804172	0.538625	приборная
0	0.806402	0.530932	0.831461	0.538625	панель
0	0.833684	0.530932	0.837932	0.538625	в
0	0.840155	0.530932	0.865104	0.538625	кабине
0	0.126847	0.535944	0.180459	0.543637	АВАРИЙНЫЙ
0	0.182425	0.534493	0.263963	0.543703	ТОРМОЗ；РАБОЧИЙ
0	0.265930	0.534493	0.373183	0.543703	ТОРМОЗ；ПАРКОВОЧНЫЙ
0	0.375150	0.534493	0.450740	0.543703	ТОРМОЗ；ТОРМОЗ
0	0.452706	0.534493	0.517682	0.543703	ЗАГРУЗКИ；RSC
0	0.519649	0.534493	0.559864	0.543703	SWITCH；
0	0.561683	0.539641	0.598853	0.547334	WARMUP
0	0.600888	0.539641	0.613161	0.547334	SW
0	0.722019	0.539641	0.734018	0.547334	634
0	0.765778	0.539816	0.804170	0.547508	приборная
0	0.806400	0.539816	0.831460	0.547508	панель
0	0.833684	0.539816	0.837932	0.547508	в
0	0.840155	0.539816	0.865104	0.547508	кабине
0	0.126847	0.544851	0.192068	0.552544	ЭНЕРГОАККОМ.
0	0.194035	0.543401	0.294580	0.552611	УТЕЧКА；ОХЛАЖДЕНИЕ
0	0.296546	0.543401	0.521257	0.552611	ГИДР.МАСЛА；ПОДЪЕМ；СПУСК；FLOAT；ДЕРЖАТЬ；
0	0.111933	0.548620	0.119931	0.556312	05
0	0.561681	0.548620	0.582289	0.556312	REST
0	0.584306	0.548620	0.596595	0.556312	SW
0	0.722020	0.548620	0.734020	0.556312	636
0	0.765778	0.548699	0.804170	0.556392	приборная
0	0.806400	0.548699	0.831460	0.556392	панель
0	0.833684	0.548699	0.837932	0.556392	в
0	0.840155	0.548699	0.865104	0.556392	кабине
0	0.126847	0.553759	0.172034	0.561451	ПЕРЕДНИЙ
0	0.174001	0.553759	0.207870	0.561451	ТОРМОЗ
0	0.209836	0.552308	0.282974	0.561518	ЗАХВАТ；ЗАДНИЙ
0	0.284941	0.553759	0.318810	0.561451	ТОРМОЗ
0	0.320776	0.552308	0.393777	0.561518	ЗАХВАТ；НИЗКОЕ
0	0.395744	0.553759	0.440672	0.561451	ДАВЛЕНИЕ
0	0.442638	0.553759	0.482186	0.561451	ТОРМОЗА
0	0.484141	0.552308	0.525466	0.561518	；НИЗКОЕ
0	0.561680	0.557456	0.583963	0.565149	DATA
0	0.585980	0.557456	0.612626	0.565149	STORE
0	0.614643	0.557456	0.626932	0.565149	SW
0	0.722020	0.557456	0.734020	0.565149	638
0	0.765778	0.557583	0.804170	0.565276	приборная
0	0.806136	0.557583	0.831196	0.565276	панель
0	0.833162	0.557583	0.837410	0.565276	в
0	0.839376	0.557583	0.864326	0.565276	кабине
0	0.126847	0.562895	0.171775	0.570588	ДАВЛЕНИЕ
0	0.173741	0.562895	0.212385	0.570588	РЕЛЕВОЙ
0	0.561681	0.566435	0.576064	0.574127	AIR
0	0.578081	0.566435	0.624194	0.574127	CONDITION
0	0.626211	0.566435	0.652918	0.574127	PANEL
0	0.722016	0.566435	0.734016	0.574127	642
0	0.765780	0.566502	0.809426	0.574195	верхкабины
0	0.124161	0.570541	0.158494	0.578234	НИЗКИЙ
0	0.160461	0.570541	0.198971	0.578234	УРОВЕНЬ
0	0.200937	0.569091	0.306686	0.578301	ГИДРАВЛИКИ；ВЫСОКАЯ
0	0.308653	0.570541	0.369925	0.578234	ТЕМПЕРАТУРА
0	0.371892	0.569091	0.474333	0.578301	ГИДРАВЛИКИ；УРОВЕНЬ
0	0.476299	0.569091	0.524548	0.578301	ТОПЛИВА；
0	0.561680	0.575271	0.584441	0.582963	TEMP
0	0.586482	0.575271	0.626112	0.582963	CONTROL
0	0.628129	0.575271	0.655658	0.582963	VALVE
0	0.722017	0.575271	0.734017	0.582963	642
0	0.765778	0.575386	0.810368	0.583078	конденсатор
0	0.111933	0.579689	0.119931	0.587381	06
0	0.124161	0.579425	0.157676	0.587118	ПЕДАЛЬ
0	0.159643	0.577974	0.221542	0.587184	ГАЗА；ПЕДАЛЬ
0	0.223508	0.577974	0.294031	0.587184	РЕТАРДЕРА；RSC
0	0.295997	0.577974	0.383950	0.587184	ПУСК.УСТР.；РЕЖИМ
0	0.385916	0.577974	0.545255	0.587184	ОТДЫХА；ПОДОГРЕВ；СБРОС；СКЛАД
0	0.124162	0.586858	0.232762	0.596068	ДАННЫХ；КОНДИЦИОНЕР
0	0.234728	0.586858	0.311523	0.596068	ВОЗДУХА；МУФТА
0	0.313489	0.586858	0.530374	0.596068	ВИНТА；АВТОМ.СМАЗКА；СИС.ПОЖАРОТУШЕНИЯ；
0	0.561682	0.584249	0.577881	0.591942	FAN
0	0.579897	0.584249	0.613546	0.591942	CLUTCH
0	0.615494	0.584249	0.638255	0.591942	TEMP
0	0.640296	0.584249	0.671798	0.591942	SENSOR
0	0.722016	0.584249	0.734016	0.591942	648
0	0.765778	0.584270	0.807277	0.591962	вентилятор
0	0.809243	0.584270	0.841956	0.591962	двиателя
0	0.561682	0.593085	0.577881	0.600778	FAN
0	0.579897	0.593085	0.613546	0.600778	CLUTCH
0	0.615494	0.593085	0.631215	0.600778	SOL
0	0.722016	0.593085	0.734016	0.600778	648
0	0.765780	0.593153	0.807278	0.600846	вентилятор
0	0.809245	0.593153	0.845529	0.600846	двигателя
0	0.124162	0.597193	0.157984	0.604885	ПРИВОД
0	0.159950	0.595742	0.293573	0.604952	СИДЕНЬЯ；КАМЕРА；СЕЛЕКТОР
0	0.295540	0.595742	0.401968	0.604952	ПЕРЕДАЧ；КОМБИНАЦИЯ
0	0.403935	0.597193	0.448469	0.604885	ПРИБОРОВ
0	0.561681	0.602064	0.584404	0.609757	AUTO
0	0.586352	0.602064	0.602524	0.609757	LUB
0	0.604541	0.602064	0.660342	0.609757	CONTROLLER
0	0.722019	0.602064	0.734019	0.609757	653
0	0.765983	0.602064	0.790099	0.609757	задняя
0	0.792065	0.602064	0.811949	0.609757	часть
0	0.813916	0.602064	0.841516	0.609757	кабины
0	0.111933	0.610900	0.119899	0.618593	07
0	0.137143	0.610900	0.164224	0.618593	P-CAN;
0	0.166190	0.610900	0.191525	0.618593	I-CAN;
0	0.193492	0.610900	0.234566	0.618593	СИСТЕМА
0	0.236532	0.610900	0.299802	0.618593	ОПОВЕЩЕНИЯ;
0	0.301769	0.610900	0.340664	0.618593	ВЕСОВАЯ
0	0.342630	0.610900	0.383704	0.618593	СИСТЕМА
0	0.561679	0.610900	0.584403	0.618593	AUTO
0	0.586350	0.610900	0.602522	0.618593	LUB
0	0.604539	0.610900	0.616828	0.618593	SW
0	0.722017	0.610900	0.734017	0.618593	654
0	0.765983	0.610965	0.791043	0.618658	панель
0	0.793009	0.610965	0.826862	0.618658	приборов
0	0.828829	0.610965	0.833076	0.618658	в
0	0.835043	0.610965	0.859992	0.618658	кабине
0	0.034689	0.619033	0.038456	0.624408	B
0	0.561681	0.619879	0.612239	0.627571	EXTINGUISH
0	0.614187	0.619879	0.669989	0.627571	CONTROLLER
0	0.722019	0.619879	0.734019	0.627571	661
0	0.765983	0.619867	0.790099	0.627559	задняя
0	0.792065	0.619867	0.811949	0.627559	часть
0	0.813916	0.619867	0.841516	0.627559	кабины
0	0.946487	0.619033	0.950254	0.624408	B
0	0.125504	0.624158	0.165418	0.631850	ВЕСОВАЯ
0	0.196455	0.622707	0.336546	0.631917	СИСТЕМА（НАСТРОЙКИ）；ICAN
0	0.367584	0.622707	0.554359	0.631917	ИНТЕРФЕЙС；K-LINE；DSC；ДИАГНОСТИКА
0	0.561681	0.628715	0.591363	0.636407	POWER
0	0.593380	0.628715	0.613975	0.636407	SEAT
0	0.615992	0.628715	0.646494	0.636407	MOTOR
0	0.722017	0.628715	0.734017	0.636407	665
0	0.765983	0.628768	0.778426	0.636461	под
0	0.780393	0.628768	0.830921	0.636461	водительским
0	0.832887	0.628768	0.865923	0.636461	сиденьем
0	0.111933	0.633133	0.119899	0.640826	08
0	0.125504	0.631615	0.224998	0.640824	ДВИГАТЕЛЯ；ЧАСТОТА
0	0.227352	0.633065	0.273689	0.640758	РУКОЯТКИ
0	0.276042	0.631615	0.391862	0.640824	ДРОСС-ЛЯ；ДИАГНОСТИКА
0	0.394215	0.633065	0.445063	0.640758	ДВИГАТЕЛЯ
0	0.447418	0.631615	0.481916	0.640824	SW；24V
0	0.484270	0.633065	0.527721	0.640758	КАТУШКА
0	0.530076	0.633065	0.554363	0.640758	ПОЛЯ
0	0.561682	0.637694	0.597106	0.645386	CAMERA
0	0.599123	0.637694	0.654925	0.645386	CONTROLLER
0	0.722017	0.637694	0.734017	0.645386	668
0	0.765983	0.637670	0.778426	0.645362	под
0	0.780393	0.637670	0.832290	0.645362	пассажирским
0	0.834256	0.637670	0.867291	0.645362	сиденьем
0	0.125504	0.640522	0.235303	0.649732	ГЕНЕРАТОРА；ДАВЛЕНИЕ
0	0.257431	0.641973	0.288431	0.649665	МАСЛА
0	0.310558	0.641973	0.361406	0.649665	ДВИГАТЕЛЯ
0	0.383538	0.640522	0.454543	0.649732	；ТЕМПЕРАТУРА
0	0.476669	0.640522	0.554373	0.649732	ОХЛ.ЖИДКОСТИ；
0	0.561681	0.646530	0.604511	0.654222	SELECTOR
0	0.606528	0.646530	0.618817	0.654222	SW
0	0.722019	0.646530	0.734019	0.654222	675
0	0.765983	0.646571	0.811997	0.654264	центральная
0	0.813963	0.646571	0.842955	0.654264	консоль
0	0.844922	0.646571	0.849169	0.654264	в
0	0.851136	0.646571	0.876085	0.654264	кабине
0	0.125504	0.651109	0.207161	0.658802	ПРЕДУПРЕЖДЕНИЕ
0	0.209467	0.651109	0.262415	0.658802	ОСТАНОВКА
0	0.264721	0.651109	0.315569	0.658802	ДВИГАТЕЛЯ
0	0.111933	0.655366	0.119899	0.663058	09
0	0.131545	0.658606	0.163625	0.666298	ЗАПУСК
0	0.165182	0.658606	0.213031	0.666298	ДВИГАТЕЛЯ
0	0.561681	0.655366	0.620503	0.663058	COMBINATION
0	0.622520	0.655366	0.675899	0.663058	INSTRUMENT
0	0.722017	0.655366	0.734017	0.663058	681
0	0.765983	0.655473	0.791043	0.663165	панель
0	0.793009	0.655473	0.826862	0.663165	приборов
0	0.828829	0.655473	0.833076	0.663165	в
0	0.835043	0.655473	0.859992	0.663165	кабине
0	0.111933	0.664344	0.119899	0.672037	10
0	0.131545	0.667355	0.164451	0.675048	ДАТЧИК
0	0.166008	0.665904	0.260991	0.675114	СКОРОСТИ；ДАВЛЕНИЕ
0	0.262547	0.667355	0.296052	0.675048	ОСЕВОЙ
0	0.297608	0.667355	0.336146	0.675048	КОРОБКИ
0	0.337703	0.665904	0.371199	0.675114	SW；DID
0	0.372756	0.667355	0.405953	0.675048	ПАНЕЛЬ
0	0.561680	0.664344	0.586177	0.672037	P-CAN
0	0.722018	0.664344	0.734018	0.672037	706
0	0.765983	0.664374	0.793874	0.672067	спереди
0	0.795841	0.664374	0.849287	0.672067	пассажирского
0	0.851254	0.664374	0.879695	0.672067	сиденья
0	0.106351	0.674330	0.194484	0.688728	ОСНОВНЫЕ
0	0.197770	0.674330	0.222921	0.688728	24V
0	0.226005	0.674330	0.305039	0.688728	ПРИБОРЫ:
0	0.561680	0.682159	0.600440	0.689852	MESSAGE
0	0.561681	0.673180	0.584362	0.680873	I-CAN
0	0.602457	0.682159	0.658259	0.689852	CONTROLLER
0	0.722016	0.682159	0.734016	0.689852	757
0	0.722018	0.673180	0.734018	0.680873	735
0	0.765983	0.673275	0.793874	0.680968	спереди
0	0.765983	0.682177	0.791043	0.689869	панель
0	0.793009	0.682177	0.826862	0.689869	приборов
0	0.795841	0.673275	0.849287	0.680968	пассажирского
0	0.828829	0.682177	0.833076	0.689869	в
0	0.835043	0.682177	0.859992	0.689869	кабине
0	0.851254	0.673275	0.879695	0.680968	сиденья
0	0.133916	0.690995	0.167085	0.698688	ПРИБОР
0	0.218824	0.690995	0.248405	0.698688	МЕСТО
0	0.250304	0.690995	0.255551	0.698688	В
0	0.257450	0.690995	0.286591	0.698688	СХЕМЕ
0	0.338259	0.690781	0.378688	0.698474	ПОЗИЦИЯ
0	0.380654	0.690781	0.392452	0.698474	НА
0	0.394419	0.690781	0.447031	0.698474	САМОСВАЛЕ
0	0.561681	0.690995	0.595368	0.698688	WEIGHT
0	0.597385	0.690995	0.611861	0.698688	SYS
0	0.613954	0.690995	0.667535	0.698688	CONTRILLOR
0	0.722016	0.690995	0.734016	0.698688	768
0	0.765983	0.691078	0.778426	0.698771	под
0	0.780393	0.691078	0.832290	0.698771	пассажирским
0	0.834256	0.691078	0.867291	0.698771	сиденьем
0	0.133916	0.699974	0.171938	0.707666	BETTARY
0	0.173955	0.699974	0.186244	0.707666	SW
0	0.256538	0.699974	0.268538	0.707666	201
0	0.338257	0.699686	0.399617	0.707379	аккумуляторный
0	0.401446	0.699686	0.421194	0.707379	ящик
0	0.561683	0.699974	0.602927	0.707666	PRESSURE
0	0.604944	0.699974	0.636460	0.707666	SENSOR
0	0.722018	0.699974	0.748738	0.707666	782-787
0	0.765983	0.699980	0.798410	0.707672	передняя
0	0.800239	0.699980	0.804769	0.707672	и
0	0.806598	0.699980	0.830369	0.707672	задняя
0	0.832198	0.699980	0.863854	0.707672	подвеска
0	0.133916	0.708810	0.167666	0.716502	MASTER
0	0.169682	0.708810	0.181972	0.716502	SW
0	0.256538	0.708810	0.268538	0.716502	209
0	0.338257	0.708591	0.368752	0.716284	снаружи
0	0.370718	0.708591	0.403140	0.716284	передней
0	0.405106	0.708591	0.425360	0.716284	части
0	0.427327	0.708591	0.454927	0.716284	кабины
0	0.561681	0.708810	0.600648	0.716502	LEFTSIDE
0	0.602665	0.708810	0.636351	0.716502	WEIGHT
0	0.638368	0.708810	0.652843	0.716502	SYS
0	0.654937	0.708810	0.665430	0.716502	LT
0	0.722016	0.708810	0.748737	0.716502	780-787
0	0.765983	0.708881	0.777341	0.716574	обе
0	0.779307	0.708881	0.809574	0.716574	стороны
0	0.811540	0.708881	0.822474	0.716574	S\S
0	0.133916	0.717789	0.154092	0.725481	TEST
0	0.156109	0.717789	0.168398	0.725481	SW
0	0.256536	0.717789	0.268536	0.725481	302
0	0.338259	0.717496	0.376651	0.725189	приборная
0	0.378617	0.717496	0.403677	0.725189	панель
0	0.405643	0.717496	0.409890	0.725189	в
0	0.411857	0.717496	0.436806	0.725189	кабине
0	0.561680	0.717789	0.588344	0.725481	LEVEL
0	0.590361	0.717789	0.621876	0.725481	SENSOR
0	0.722016	0.717789	0.734016	0.725481	790
0	0.765983	0.717782	0.794584	0.725475	средняя
0	0.796624	0.717782	0.801155	0.725475	и
0	0.803195	0.717782	0.832504	0.725475	верхняя
0	0.834544	0.717782	0.850740	0.725475	лева
0	0.852780	0.717782	0.872812	0.725475	часть
0	0.874853	0.717782	0.894769	0.725475	рамы
0	0.133916	0.726625	0.148299	0.734317	AIR
0	0.150316	0.726625	0.179615	0.734317	FILTER
0	0.181632	0.726625	0.193921	0.734317	SW
0	0.256536	0.726625	0.283256	0.734317	305-313
0	0.338257	0.726401	0.346754	0.734094	на
0	0.348788	0.726401	0.376605	0.734094	стороне
0	0.378639	0.726401	0.412602	0.734094	впускной
0	0.414635	0.726401	0.437014	0.734094	трубы
0	0.439047	0.726401	0.475600	0.734094	двигателя
0	0.561682	0.726625	0.595768	0.734317	WEIGHT
0	0.597379	0.726625	0.676639	0.734317	SYSTEM（OPTION）
0	0.722019	0.726625	0.748739	0.734317	802-835
0	0.133915	0.735603	0.155362	0.743296	HIGH
0	0.157310	0.735603	0.180906	0.743296	BEAM
0	0.182947	0.735603	0.188626	0.743296	R
0	0.256538	0.735603	0.268538	0.743296	316
0	0.338257	0.735306	0.366062	0.742999	нижняя
0	0.368028	0.735306	0.387912	0.742999	часть
0	0.389879	0.735306	0.414356	0.742999	шкафа
0	0.416323	0.735306	0.429867	0.742999	24V
0	0.561681	0.735603	0.589547	0.743296	K-LINE
0	0.722017	0.735603	0.734017	0.743296	845
0	0.765983	0.735603	0.793874	0.743296	спереди
0	0.795841	0.735603	0.849287	0.743296	пассажирского
0	0.851254	0.735603	0.879695	0.743296	сиденья
0	0.133915	0.744439	0.155362	0.752132	HIGH
0	0.157310	0.744439	0.180907	0.752132	BEAM
0	0.182947	0.744439	0.193440	0.752132	LT
0	0.256537	0.744439	0.268537	0.752132	317
0	0.338259	0.744211	0.363973	0.751904	защита
0	0.365801	0.744211	0.402100	0.751904	радиатора
0	0.561679	0.744439	0.577474	0.752132	DSC
0	0.722017	0.744439	0.734017	0.752132	850
0	0.765982	0.744504	0.793873	0.752196	спереди
0	0.795839	0.744504	0.849285	0.752196	пассажирского
0	0.851252	0.744504	0.879694	0.752196	сиденья
0	0.133917	0.753418	0.169712	0.761111	COLUMN
0	0.171729	0.753418	0.184018	0.761111	SW
0	0.256539	0.753418	0.268538	0.761111	320
0	0.338257	0.753116	0.358745	0.760809	левая
0	0.360786	0.753116	0.389064	0.760809	сторона
0	0.391104	0.753116	0.420248	0.760809	рулевой
0	0.422288	0.753116	0.452910	0.760809	колонки
0	0.561681	0.753418	0.592808	0.761111	ENGINE
0	0.594825	0.753418	0.645577	0.761111	DIAGNOSTIC
0	0.722016	0.753418	0.734016	0.761111	855
0	0.765982	0.753404	0.793873	0.761096	спереди
0	0.795839	0.753404	0.849285	0.761096	пассажирского
0	0.851252	0.753404	0.879694	0.761096	сиденья
0	0.133917	0.762254	0.159737	0.769947	LIGHT
0	0.161754	0.762254	0.174043	0.769947	SW
0	0.256537	0.762254	0.268537	0.769947	322
0	0.338257	0.762021	0.376649	0.769714	приборная
0	0.378615	0.762021	0.403675	0.769714	панель
0	0.405641	0.762021	0.409889	0.769714	в
0	0.411855	0.762021	0.436805	0.769714	кабине
0	0.561681	0.762254	0.580031	0.769947	ECM
0	0.722017	0.762254	0.734017	0.769947	857
0	0.765983	0.762304	0.797807	0.769996	cередина
0	0.799774	0.762304	0.836057	0.769996	двигателя
0	0.133917	0.771233	0.153079	0.778925	LOW
0	0.155096	0.771233	0.178692	0.778925	BEAM
0	0.180733	0.771233	0.186412	0.778925	R
0	0.256537	0.771233	0.268537	0.778925	323
0	0.338257	0.770926	0.366062	0.778619	нижняя
0	0.368028	0.770926	0.387912	0.778619	часть
0	0.389879	0.770926	0.414356	0.778619	шкафа
0	0.416323	0.770926	0.429867	0.778619	24V
0	0.561681	0.771233	0.592809	0.778925	ENGINE
0	0.594826	0.771233	0.645577	0.778925	DIAGNOSTIC
0	0.647594	0.771233	0.659883	0.778925	SW
0	0.722015	0.771233	0.734015	0.778925	866
0	0.765983	0.771204	0.791043	0.778897	панель
0	0.793009	0.771204	0.826862	0.778897	приборов
0	0.828829	0.771204	0.833076	0.778897	в
0	0.835043	0.771204	0.859992	0.778897	кабине
0	0.133917	0.780069	0.153079	0.787761	LOW
0	0.155096	0.780069	0.178692	0.787761	BEAM
0	0.180733	0.780069	0.191226	0.787761	LT
0	0.256537	0.780069	0.268537	0.787761	324
0	0.338259	0.779831	0.363973	0.787524	защита
0	0.365801	0.779831	0.402100	0.787524	радиатора
0	0.561681	0.780069	0.592809	0.787761	ENGINE
0	0.594825	0.780069	0.609147	0.787761	OIL
0	0.611164	0.780069	0.652424	0.787761	PRESSURE
0	0.654441	0.780069	0.685956	0.787761	SENSOR
0	0.722017	0.780069	0.734017	0.787761	875
0	0.765982	0.780104	0.802171	0.787797	двигатель
0	0.133917	0.789047	0.163025	0.796740	GUAGE
0	0.165043	0.789047	0.175536	0.796740	LT
0	0.256539	0.789047	0.283259	0.796740	332-338
0	0.338257	0.788736	0.363317	0.796429	панель
0	0.365283	0.788736	0.418785	0.796429	выключателей
0	0.420751	0.788736	0.424998	0.796429	в
0	0.426965	0.788736	0.451914	0.796429	кабине
0	0.561677	0.789047	0.601308	0.796740	COOLANT
0	0.603325	0.789047	0.626085	0.796740	TEMP
0	0.628126	0.789047	0.659628	0.796740	SENSOR
0	0.722016	0.789047	0.734016	0.796740	878
0	0.765982	0.789005	0.802171	0.796697	двигатель
0	0.133917	0.797884	0.161853	0.805576	WIDTH
0	0.163801	0.797884	0.174293	0.805576	LT
0	0.256539	0.797884	0.283259	0.805576	342-360
0	0.338257	0.797641	0.349254	0.805334	S/S
0	0.351350	0.797641	0.357902	0.805334	&
0	0.359820	0.797641	0.406138	0.805334	DUMPBODY
0	0.561683	0.797884	0.613852	0.805576	EMERGENCY
0	0.615869	0.797884	0.628158	0.805576	SW
0	0.722016	0.797884	0.734016	0.805576	903
0	0.765982	0.797905	0.786322	0.805597	левая
0	0.788288	0.797905	0.816345	0.805597	сторона
0	0.818311	0.797905	0.853305	0.805597	лестницы
0	0.133916	0.806862	0.153078	0.814555	LOW
0	0.155095	0.806862	0.178692	0.814555	BEAM
0	0.180732	0.806862	0.186411	0.814555	R
0	0.256538	0.806862	0.268538	0.814555	402
0	0.338258	0.806547	0.366063	0.814239	нижняя
0	0.368029	0.806547	0.387913	0.814239	часть
0	0.389879	0.806547	0.414357	0.814239	шкафа
0	0.416323	0.806547	0.429868	0.814239	24V
0	0.561680	0.806862	0.592810	0.814555	ENGINE
0	0.594826	0.806862	0.621101	0.814555	START
0	0.623117	0.806862	0.635407	0.814555	SW
0	0.722015	0.806862	0.734015	0.814555	908
0	0.765983	0.806805	0.791043	0.814498	панель
0	0.793009	0.806805	0.826862	0.814498	приборов
0	0.828829	0.806805	0.833076	0.814498	в
0	0.835043	0.806805	0.859992	0.814498	кабине
0	0.133916	0.815698	0.197212	0.823391	BRAKE/RETARD
0	0.199229	0.815698	0.209721	0.823391	LT
0	0.256536	0.815698	0.268536	0.823391	351
0	0.338258	0.815452	0.358746	0.823144	левая
0	0.360786	0.815452	0.389065	0.823144	сторона
0	0.391105	0.815452	0.420248	0.823144	рулевой
0	0.422289	0.815452	0.452911	0.823144	колонки
0	0.561682	0.815698	0.593621	0.823391	PRELUB
0	0.595638	0.815698	0.601317	0.823391	R
0	0.722017	0.815698	0.734017	0.823391	916
0	0.765982	0.815705	0.795086	0.823398	главная
0	0.797126	0.815705	0.814832	0.823398	рама
0	0.133916	0.824534	0.156199	0.832227	TURN
0	0.158216	0.824534	0.170505	0.832227	SW
0	0.256538	0.824534	0.268538	0.832227	367
0	0.338260	0.824357	0.363319	0.832049	панель
0	0.365286	0.824357	0.418787	0.832049	выключателей
0	0.420753	0.824357	0.425001	0.832049	в
0	0.426967	0.824357	0.451917	0.832049	кабине
0	0.561681	0.824534	0.593619	0.832227	PRELUB
0	0.595636	0.824534	0.621910	0.832227	START
0	0.623927	0.824534	0.629606	0.832227	R
0	0.722017	0.824534	0.734017	0.832227	918
0	0.765982	0.824606	0.793786	0.832298	нижняя
0	0.795753	0.824606	0.815637	0.832298	часть
0	0.817603	0.824606	0.842081	0.832298	шкафа
0	0.844047	0.824606	0.857592	0.832298	24V
0	0.133917	0.833513	0.167929	0.841206	HAZARD
0	0.169946	0.833513	0.182235	0.841206	SW
0	0.256538	0.833513	0.268538	0.841206	370
0	0.338258	0.833262	0.363317	0.840954	панель
0	0.365284	0.833262	0.418785	0.840954	выключателей
0	0.420752	0.833262	0.424999	0.840954	в
0	0.426965	0.833262	0.451915	0.840954	кабине
0	0.561682	0.833513	0.592809	0.841206	ENGINE
0	0.594826	0.833513	0.609147	0.841206	OIL
0	0.611164	0.833513	0.652423	0.841206	PRESSURE
0	0.654440	0.833513	0.666729	0.841206	SW
0	0.722017	0.833513	0.734017	0.841206	918
0	0.765982	0.833506	0.802171	0.841198	двигатель
0	0.133918	0.842349	0.156201	0.850042	TURN
0	0.158218	0.842349	0.168710	0.850042	LT
0	0.256542	0.842349	0.283262	0.850042	373-385
0	0.338258	0.842167	0.354823	0.849859	ОБЕ
0	0.356789	0.842167	0.398602	0.849859	СТОРОНЫ
0	0.400569	0.842167	0.411502	0.849859	S/S
0	0.561680	0.842349	0.592808	0.850042	ENGINE
0	0.594825	0.842349	0.621099	0.850042	START
0	0.623116	0.842349	0.628795	0.850042	R
0	0.722019	0.842349	0.734019	0.850042	930
0	0.765982	0.842406	0.793786	0.850099	нижняя
0	0.795753	0.842406	0.815637	0.850099	часть
0	0.817603	0.842406	0.842081	0.850099	шкафа
0	0.844047	0.842406	0.857592	0.850099	24V
0	0.133916	0.851328	0.150926	0.859020	FOG
0	0.153076	0.851328	0.163568	0.859020	LT
0	0.165585	0.851328	0.177874	0.859020	SW
0	0.256540	0.851328	0.268540	0.859020	391
0	0.338258	0.851072	0.363317	0.858764	панель
0	0.365284	0.851072	0.418785	0.858764	выключателей
0	0.420752	0.851072	0.424999	0.858764	в
0	0.426965	0.851072	0.451915	0.858764	кабине
0	0.561681	0.851328	0.598893	0.859020	STARTER
0	0.722019	0.851328	0.748739	0.859020	933-942
0	0.765982	0.851306	0.802171	0.858999	двигатель
0	0.034689	0.858178	0.038766	0.863553	A
0	0.133918	0.860164	0.150929	0.867856	FOG
0	0.153079	0.860164	0.163572	0.867856	LT
0	0.165588	0.860164	0.171267	0.867856	R
0	0.256538	0.860164	0.268538	0.867856	391
0	0.338258	0.859977	0.366063	0.867669	нижняя
0	0.368029	0.859977	0.387913	0.867669	часть
0	0.389879	0.859977	0.414357	0.867669	шкафа
0	0.416323	0.859977	0.429868	0.867669	24V
0	0.561680	0.860164	0.575737	0.867856	ESS
0	0.722017	0.860164	0.738051	0.867856	1002
0	0.765982	0.860207	0.800990	0.867899	генератор
0	0.946487	0.858178	0.950564	0.863553	A
0	0.133917	0.869142	0.150928	0.876835	FOG
0	0.153077	0.869142	0.163570	0.876835	LT
0	0.256539	0.869142	0.283259	0.876835	392-394
0	0.338260	0.868881	0.363974	0.876574	защита
0	0.365802	0.868881	0.402101	0.876574	радиатора
0	0.561682	0.869142	0.587144	0.876835	TMSS1
0	0.722016	0.869142	0.738050	0.876835	1008
0	0.765983	0.869107	0.783779	0.876799	РМК
0	0.133917	0.877979	0.167126	0.885671	LADDER
0	0.169143	0.877979	0.179635	0.885671	LT
0	0.181652	0.877979	0.193941	0.885671	SW
0	0.256538	0.877979	0.268538	0.885671	404
0	0.338258	0.877787	0.376650	0.885479	приборная
0	0.378616	0.877787	0.403676	0.885479	панель
0	0.405642	0.877787	0.409889	0.885479	в
0	0.411856	0.877787	0.436805	0.885479	кабине
0	0.561682	0.877979	0.587144	0.885671	TMSS2
0	0.722017	0.877979	0.738050	0.885671	1016
0	0.765983	0.878007	0.783779	0.885700	РМК
0	0.133916	0.886957	0.167124	0.894650	LADDER
0	0.169142	0.886957	0.179634	0.894650	LT
0	0.256538	0.886957	0.283258	0.894650	404-405
0	0.338258	0.886691	0.354304	0.894384	верх
0	0.356270	0.886691	0.391264	0.894384	лестницы
0	0.561680	0.886957	0.574487	0.894650	SS3
0	0.722017	0.886957	0.738050	0.894650	1024
0	0.765982	0.886907	0.785559	0.894600	левое
0	0.787525	0.886907	0.818909	0.894600	переднее
0	0.820875	0.886907	0.844668	0.894600	колесо
0	0.133916	0.895793	0.165044	0.903486	ENGINE
0	0.167061	0.895793	0.202039	0.903486	SERVICE
0	0.204056	0.895793	0.214549	0.903486	LT
0	0.216566	0.895793	0.228855	0.903486	SW
0	0.256541	0.895793	0.268541	0.903486	409
0	0.338258	0.895596	0.366444	0.903289	верхние
0	0.368272	0.895596	0.417592	0.903289	выключатели
0	0.419421	0.895596	0.446676	0.903289	кабины
0	0.561680	0.895793	0.574487	0.903486	SS4
0	0.722017	0.895793	0.738050	0.903486	1024
0	0.765982	0.895808	0.790491	0.903500	правое
0	0.792457	0.895808	0.823840	0.903500	переднее
0	0.825807	0.895808	0.849600	0.903500	колесо
0	0.133917	0.904772	0.165045	0.912464	ENGINE
0	0.167062	0.904772	0.202041	0.912464	SERVICE
0	0.204057	0.904772	0.214550	0.912464	LT
0	0.256540	0.904772	0.283260	0.912464	409-411
0	0.338260	0.904502	0.362031	0.912194	задняя
0	0.363859	0.904502	0.391502	0.912194	сторона
0	0.393331	0.904502	0.421255	0.912194	защиты
0	0.423084	0.904502	0.459389	0.912194	радиатора
0	0.561680	0.904772	0.600676	0.912464	AXLEBOX
0	0.602863	0.904772	0.644123	0.912464	PRESSURE
0	0.646140	0.904772	0.658429	0.912464	SW
0	0.722016	0.904772	0.738050	0.912464	1040
0	0.765983	0.904708	0.788992	0.912400	осевая
0	0.790820	0.904708	0.819572	0.912400	коробка
0	0.133918	0.913608	0.172914	0.921301	AXLEBOX
0	0.175101	0.913608	0.210079	0.921301	SERVICE
0	0.212096	0.913608	0.222589	0.921301	LT
0	0.224606	0.913608	0.236895	0.921301	SW
0	0.256535	0.913608	0.268535	0.921301	414
0	0.338259	0.913406	0.361268	0.921099	осевая
0	0.363096	0.913406	0.391848	0.921099	коробка
0	0.561681	0.913608	0.576064	0.921301	DID
0	0.722017	0.913608	0.738050	0.921301	1044
0	0.765982	0.913608	0.790097	0.921301	задняя
0	0.792064	0.913608	0.811948	0.921301	часть
0	0.813914	0.913608	0.841514	0.921301	кабины
0	0.725042	0.933427	0.735415	0.938802	Title
0	0.749646	0.933757	0.816643	0.947169	NTE200AC
0	0.819870	0.933757	0.843083	0.947169	24V
0	0.846089	0.933757	0.928764	0.947169	SCHEMATIC
0	0.725042	0.946681	0.734406	0.952056	Size
0	0.756504	0.946681	0.774317	0.952056	Number
0	0.882353	0.946681	0.901333	0.952056	Revision
0	0.728269	0.953380	0.734924	0.958755	A4
0	0.904335	0.949230	0.933733	0.959980	Russia
0	0.725042	0.960078	0.736898	0.965453	Date:
0	0.753277	0.960078	0.782881	0.965453	30-Mar-2019
0	0.850891	0.960078	0.863150	0.965453	Sheet
0	0.864605	0.960157	0.867429	0.965679	1
0	0.868840	0.960078	0.873544	0.965453	of
0	0.874689	0.960157	0.880336	0.965679	10
0	0.725042	0.964496	0.735082	0.969871	File:
0	0.753277	0.964496	0.810353	0.969871	E:\NTE200AC俄罗斯.ddb
0	0.850891	0.964496	0.865635	0.969871	Drawn
0	0.867047	0.964496	0.874869	0.969871	By:
0	0.887193	0.964575	0.918409	0.970097	CHAIJIANG
0	0.144605	0.971194	0.147429	0.976569	1
0	0.375529	0.971194	0.378353	0.976569	2
0	0.606252	0.971194	0.609076	0.976569	3
0	0.836975	0.971194	0.839798	0.976569	4
1	0.144605	0.023023	0.147429	0.028398	1
1	0.375529	0.023023	0.378353	0.028398	2
1	0.606252	0.023023	0.609076	0.028398	3
1	0.836974	0.023020	0.839797	0.028396	4
1	0.440874	0.042886	0.457046	0.049039	BAT
1	0.459062	0.042886	0.471351	0.049039	SW
1	0.111933	0.055285	0.123936	0.061438	201
1	0.151060	0.048161	0.160239	0.054314	T1
1	0.196235	0.050864	0.209880	0.057017	1A1
1	0.243429	0.048819	0.246613	0.054194	+
1	0.272269	0.048819	0.274149	0.054194	-
1	0.284370	0.050867	0.298018	0.057020	2A1
1	0.308168	0.048819	0.311353	0.054194	+
1	0.337008	0.048819	0.338889	0.054194	-
1	0.347097	0.050867	0.366697	0.057020	X30A
1	0.406187	0.047305	0.417112	0.053458	TX
1	0.445916	0.050222	0.448437	0.054166	1
1	0.461042	0.050222	0.463563	0.054166	5
1	0.710521	0.051722	0.729688	0.057875	X30E
1	0.111933	0.064262	0.123936	0.070415	202
1	0.196235	0.064264	0.209448	0.070417	1B1
1	0.243429	0.062216	0.246613	0.067591	+
1	0.272269	0.062216	0.274149	0.067591	-
1	0.284369	0.064260	0.297581	0.070413	2B1
1	0.308168	0.062216	0.311353	0.067591	+
1	0.337008	0.062216	0.338889	0.067591	-
1	0.347092	0.064264	0.366259	0.070417	X30B
1	0.710521	0.060699	0.729688	0.066852	X30E
1	0.111933	0.073099	0.123936	0.079252	203
1	0.196235	0.077660	0.209880	0.083813	1C1
1	0.243429	0.075470	0.246613	0.080845	+
1	0.272269	0.075470	0.274149	0.080845	-
1	0.284369	0.077655	0.298014	0.083808	2C1
1	0.308168	0.075470	0.311353	0.080845	+
1	0.337008	0.075470	0.338889	0.080845	-
1	0.347090	0.077663	0.366689	0.083816	X30C
1	0.034691	0.083024	0.038768	0.088400	H
1	0.111933	0.082076	0.123936	0.088229	204
1	0.946487	0.083022	0.950564	0.088397	H
1	0.111933	0.090908	0.123936	0.097061	205
1	0.181106	0.093624	0.201761	0.099777	BAT+
1	0.241008	0.090060	0.255866	0.096212	CB9
1	0.291832	0.092767	0.310291	0.098920	TB1J
1	0.111933	0.099884	0.123936	0.106037	206
1	0.111933	0.108722	0.123936	0.114875	207
1	0.215190	0.098470	0.231228	0.104623	6009
1	0.215193	0.111865	0.231231	0.118018	6001
1	0.265412	0.098468	0.281450	0.104621	6019
1	0.265412	0.111865	0.281450	0.118018	6011
1	0.285580	0.106164	0.305785	0.112317	TB2A
1	0.306958	0.098875	0.324464	0.104218	SPARE
1	0.391261	0.103029	0.407299	0.109182	4112
1	0.391261	0.111867	0.407299	0.118020	4212
1	0.779092	0.103029	0.791095	0.109182	318
1	0.779092	0.111865	0.791095	0.118018	325
1	0.800471	0.102123	0.817913	0.108611	HIGH
1	0.800471	0.110961	0.815244	0.117450	LOW
1	0.816413	0.110961	0.835223	0.117450	BEAM
1	0.819219	0.102123	0.838029	0.108611	BEAM
1	0.836392	0.110961	0.857332	0.117450	REALY
1	0.839198	0.102123	0.860137	0.108611	RELAY
1	0.111933	0.117698	0.123936	0.123851	208
1	0.241008	0.116853	0.255866	0.123006	CB1
1	0.111933	0.126536	0.123936	0.132689	209
1	0.162353	0.124406	0.169778	0.130559	M
1	0.171823	0.124406	0.184101	0.130559	SW
1	0.639529	0.125261	0.655567	0.131414	4101
1	0.779092	0.125261	0.791095	0.131414	319
1	0.801076	0.125261	0.813079	0.131414	441
1	0.819431	0.124359	0.865548	0.130848	COMBINATION
1	0.866855	0.124359	0.892169	0.130848	SWITCH
1	0.111933	0.135518	0.123936	0.141671	210
1	0.391261	0.136378	0.407299	0.142531	5501
1	0.433210	0.133025	0.453479	0.136969	X16X17-1
1	0.486857	0.133025	0.507126	0.136969	X18X19-1
1	0.639529	0.136378	0.655567	0.142531	4103
1	0.779092	0.136378	0.791095	0.142531	321
1	0.800471	0.135475	0.820769	0.141963	LIGHT
1	0.822223	0.135475	0.847516	0.141963	SWITCH
1	0.111933	0.144350	0.123936	0.150503	211
1	0.293647	0.145214	0.309685	0.151367	6021
1	0.502387	0.143931	0.541815	0.150084	TB1A-CAB
1	0.639529	0.147494	0.655567	0.153647	5940
1	0.777277	0.147844	0.811595	0.153208	CBCU-F-05
1	0.819429	0.147417	0.838526	0.152781	CBCU
1	0.840021	0.147417	0.865143	0.152781	POWER
1	0.866621	0.147417	0.892533	0.152781	SUPPLY
1	0.111933	0.153326	0.123936	0.159479	212
1	0.111933	0.162164	0.123936	0.168317	213
1	0.452168	0.168654	0.468716	0.172599	X3X4-D
1	0.530825	0.166164	0.540436	0.172317	D1
1	0.581042	0.168654	0.597313	0.172599	X4X3-E
1	0.678454	0.168654	0.701143	0.172599	X16X17-51
1	0.731899	0.168654	0.754588	0.172599	X18X19-51
1	0.111933	0.171140	0.123936	0.177293	214
1	0.391260	0.172009	0.407298	0.178161	6111
1	0.639529	0.172007	0.655567	0.178160	5947
1	0.777882	0.172357	0.812200	0.177721	CBCU-F-11
1	0.819430	0.171102	0.837094	0.177590	CBCU
1	0.838374	0.171102	0.861512	0.177590	POWER
1	0.862792	0.171102	0.887364	0.177590	SUPPLY
1	0.111933	0.179978	0.123936	0.186131	215
1	0.276101	0.181841	0.295873	0.187994	TB2B
1	0.391260	0.183125	0.407298	0.189278	6112
1	0.452168	0.179771	0.468716	0.183715	X3X4-C
1	0.530825	0.177280	0.540436	0.183433	D2
1	0.581042	0.179771	0.597030	0.183715	X4X3-F
1	0.639529	0.183124	0.655567	0.189277	5941
1	0.678454	0.179771	0.701143	0.183715	X16X17-52
1	0.731899	0.179771	0.754588	0.183715	X18X19-52
1	0.777277	0.183474	0.811595	0.188838	CBCU-F-06
1	0.819428	0.182219	0.837092	0.188707	CBCU
1	0.838372	0.182219	0.861511	0.188707	POWER
1	0.862791	0.182219	0.887363	0.188707	SUPPLY
1	0.111933	0.188954	0.123936	0.195107	216
1	0.452168	0.190887	0.472437	0.194831	X40X41-5
1	0.508840	0.188397	0.560571	0.194550	TB3C-FRAME
1	0.706891	0.190887	0.727160	0.194831	X62X63-5
1	0.111933	0.197792	0.123936	0.203945	217
1	0.391260	0.194241	0.407298	0.200394	5511
1	0.639529	0.194240	0.655567	0.200393	4442
1	0.779092	0.194240	0.791095	0.200393	409
1	0.800471	0.193337	0.825575	0.199825	ENGINE
1	0.826882	0.193337	0.854260	0.199825	SERVICE
1	0.855540	0.193337	0.875855	0.199825	LIGHT
1	0.877317	0.193337	0.902631	0.199825	SWITCH
1	0.034689	0.202453	0.038766	0.207828	G
1	0.946487	0.202453	0.950564	0.207828	G
1	0.111933	0.206629	0.123936	0.212782	218
1	0.171832	0.211627	0.192514	0.217780	CPR+
1	0.291832	0.210772	0.312037	0.216925	TB2C
1	0.452168	0.213120	0.474857	0.217064	X40X41-59
1	0.508840	0.210772	0.560571	0.216925	TB1D-FRAME
1	0.581042	0.213120	0.601871	0.217064	X42X43-F
1	0.706891	0.213120	0.727719	0.217064	X44X45-F
1	0.111933	0.215606	0.123936	0.221759	219
1	0.205714	0.216473	0.221752	0.222626	6002
1	0.265412	0.216473	0.281450	0.222626	6012
1	0.391261	0.216473	0.407298	0.222626	5512
1	0.639534	0.216473	0.655572	0.222626	3408
1	0.779092	0.216473	0.791095	0.222626	527
1	0.797445	0.215569	0.815337	0.222058	LOAD
1	0.816643	0.215569	0.838168	0.222058	BRAKE
1	0.839448	0.215569	0.864762	0.222058	SWITCH
1	0.111933	0.224443	0.123936	0.230596	220
1	0.241008	0.221461	0.255866	0.227614	CB2
1	0.391261	0.227589	0.407298	0.233742	4440
1	0.452168	0.224236	0.472437	0.228180	X75X76-y
1	0.524571	0.224236	0.544840	0.228180	X69X70-4
1	0.581042	0.224236	0.602430	0.228180	X87X88-A
1	0.779092	0.227589	0.791095	0.233742	414
1	0.797445	0.226686	0.814732	0.233174	REAR
1	0.816013	0.226686	0.846188	0.233174	AXLEBOX
1	0.847468	0.226686	0.867783	0.233174	LIGHT
1	0.869245	0.226686	0.894559	0.233174	SWITCH
1	0.895885	0.226686	0.901219	0.233174	&
1	0.902545	0.226686	0.922859	0.233174	LIGHT
1	0.111933	0.233425	0.123936	0.239578	221
1	0.433210	0.235495	0.453479	0.239439	X16X17-2
1	0.483630	0.235495	0.503899	0.239439	X18X19-2
1	0.518118	0.233005	0.557113	0.239158	TB1B-CAB
1	0.766588	0.235495	0.778790	0.239439	X30-4
1	0.111933	0.242263	0.123936	0.248416	222
1	0.391261	0.238706	0.407298	0.244858	5502
1	0.639529	0.238706	0.655567	0.244858	5208
1	0.779092	0.238706	0.791095	0.244858	469
1	0.797269	0.237802	0.884523	0.244290	驾驶室辅助供电ELECTRICAL
1	0.885375	0.237802	0.912847	0.244290	WINDOW
1	0.111933	0.251240	0.123936	0.257392	223
1	0.293647	0.254383	0.309685	0.260535	6022
1	0.639529	0.249822	0.655567	0.255975	5103
1	0.779092	0.249822	0.791095	0.255975	437
1	0.800471	0.248919	0.845755	0.255407	COMBINATION
1	0.847055	0.248919	0.898596	0.255407	SWITCH（HORN
1	0.899896	0.248919	0.905231	0.255407	&
1	0.906752	0.248919	0.931493	0.255407	WIPPER
1	0.933170	0.248919	0.963091	0.255407	POWER）
1	0.111933	0.260077	0.123936	0.266230	224
1	0.639529	0.261081	0.655567	0.267234	8301
1	0.779092	0.261081	0.791095	0.267234	822
1	0.800471	0.260178	0.826610	0.266666	WEIGHT
1	0.828062	0.260178	0.853654	0.266666	SYSTEM
1	0.854813	0.260178	0.881951	0.266666	DISPALY
1	0.883402	0.260178	0.906519	0.266666	POWER
1	0.111933	0.269054	0.123936	0.275206	225
1	0.111933	0.277891	0.123936	0.284044	226
1	0.488672	0.274763	0.497079	0.280916	6S
1	0.529613	0.277043	0.538391	0.283196	F1
1	0.581042	0.279961	0.597590	0.283905	X5X6-A
1	0.639529	0.272197	0.655567	0.278350	3406
1	0.779092	0.272197	0.791095	0.278350	506
1	0.797445	0.271294	0.842318	0.277782	ENMERGENCY
1	0.843781	0.271294	0.853510	0.277782	SW
1	0.854679	0.271294	0.860014	0.277782	&
1	0.861340	0.271294	0.888718	0.277782	SERVICE
1	0.889998	0.271294	0.911523	0.277782	BRAKE
1	0.912803	0.271294	0.948650	0.277782	PROXIMITY
1	0.950113	0.271294	0.959842	0.277782	SW
1	0.111933	0.286868	0.123936	0.293021	227
1	0.391261	0.283314	0.407298	0.289467	6121
1	0.529613	0.288159	0.538391	0.294312	F2
1	0.581042	0.291077	0.597590	0.295021	X5X6-C
1	0.640134	0.283403	0.657104	0.288779	SPARE
1	0.111933	0.295705	0.123936	0.301858	228
1	0.640134	0.294521	0.657057	0.299896	SPARE
1	0.529613	0.299276	0.538391	0.305429	F3
1	0.581042	0.302194	0.597313	0.306138	X5X6-B
1	0.678454	0.302194	0.701143	0.306138	X16X17-53
1	0.731899	0.302194	0.754588	0.306138	X18X19-53
1	0.111933	0.304682	0.123936	0.310835	229
1	0.639529	0.305546	0.655567	0.311699	5928
1	0.777277	0.305896	0.811998	0.311260	CBCU-E-02
1	0.819430	0.304642	0.837094	0.311131	CBCU
1	0.838374	0.304642	0.861512	0.311131	POWER
1	0.862792	0.304642	0.887364	0.311131	SUPPLY
1	0.111933	0.313519	0.123936	0.319672	230
1	0.276101	0.313100	0.296306	0.319253	TB2D
1	0.529613	0.310392	0.538391	0.316545	F4
1	0.581042	0.313310	0.597313	0.317254	X7X8-B
1	0.639529	0.316663	0.655567	0.322816	5934
1	0.678454	0.313310	0.701143	0.317254	X16X17-54
1	0.731899	0.313310	0.754588	0.317254	X18X19-54
1	0.777277	0.317013	0.811998	0.322377	CBCU-E-08
1	0.819428	0.315758	0.837092	0.322246	CBCU
1	0.838372	0.315758	0.861511	0.322246	POWER
1	0.862791	0.315758	0.887363	0.322246	SUPPLY
1	0.035294	0.321741	0.038434	0.327116	F
1	0.111933	0.322501	0.123936	0.328654	231
1	0.529613	0.321508	0.538391	0.327661	F5
1	0.581042	0.324426	0.597590	0.328371	X7X8-A
1	0.678454	0.324426	0.701143	0.328371	X16X17-55
1	0.731899	0.324426	0.754588	0.328371	X18X19-55
1	0.947092	0.321741	0.950232	0.327116	F
1	0.111933	0.331339	0.123936	0.337492	232
1	0.529613	0.332767	0.538391	0.338920	F6
1	0.581042	0.335543	0.597590	0.339487	X5X6-D
1	0.639529	0.327779	0.655567	0.333932	5808
1	0.678454	0.335543	0.701143	0.339487	X16X17-56
1	0.731899	0.335543	0.754588	0.339487	X18X19-56
1	0.777882	0.328129	0.812805	0.333493	CBCU-A-08
1	0.819428	0.326873	0.837092	0.333362	CBCU
1	0.838372	0.326873	0.861511	0.333362	POWER
1	0.862791	0.326873	0.887363	0.333362	SUPPLY
1	0.111933	0.340315	0.123936	0.346468	233
1	0.639529	0.338896	0.655567	0.345049	5802
1	0.777277	0.339246	0.812200	0.344610	CBCU-A-02
1	0.819428	0.337991	0.837092	0.344479	CBCU
1	0.838372	0.337991	0.861511	0.344479	POWER
1	0.862791	0.337991	0.887363	0.344479	SUPPLY
1	0.111933	0.349153	0.123936	0.355306	234
1	0.391261	0.350012	0.407298	0.356165	4522
1	0.800471	0.349109	0.821141	0.355597	SPARE
1	0.111933	0.358129	0.123936	0.364282	235
1	0.391261	0.361128	0.407298	0.367281	5126
1	0.779092	0.361128	0.791095	0.367281	444
1	0.797447	0.360224	0.822403	0.366713	WIPPER
1	0.823683	0.360224	0.838456	0.366713	LOW
1	0.839626	0.360224	0.860467	0.366713	SPPED
1	0.861747	0.360224	0.882686	0.366713	RELAY
1	0.111933	0.366967	0.123936	0.373120	236
1	0.291832	0.366544	0.311604	0.372697	TB2E
1	0.452168	0.369034	0.474857	0.372979	X40X41-13
1	0.508840	0.366544	0.560571	0.372697	TB2A-FRAME
1	0.111933	0.375943	0.123936	0.382096	237
1	0.205714	0.372387	0.221752	0.378540	6003
1	0.241008	0.377233	0.255866	0.383386	CB3
1	0.265412	0.372387	0.281450	0.378540	6013
1	0.391258	0.372389	0.407296	0.378542	5513
1	0.639529	0.372387	0.655567	0.378540	3107
1	0.678454	0.380151	0.699565	0.384095	X42X43-E
1	0.731899	0.380151	0.753010	0.384095	X44X45-E
1	0.779092	0.372387	0.791095	0.378540	603
1	0.800471	0.371484	0.838349	0.377972	HYDRAULIC
1	0.839617	0.371484	0.850860	0.377972	OIL
1	0.852311	0.371484	0.873026	0.377972	LEVEL
1	0.874477	0.371484	0.899781	0.377972	SENSOR
1	0.111933	0.384775	0.123936	0.390928	238
1	0.639529	0.383504	0.655567	0.389657	3109
1	0.779092	0.383504	0.791095	0.389657	546
1	0.800471	0.382600	0.820402	0.389089	HOIST
1	0.821829	0.382600	0.848929	0.389089	HANDLE
1	0.111933	0.393613	0.123936	0.399766	239
1	0.293647	0.394620	0.309685	0.400773	6023
1	0.639529	0.394620	0.655567	0.400773	3108
1	0.706891	0.391267	0.727442	0.395211	X56X57-h
1	0.779092	0.394620	0.791095	0.400773	568
1	0.800471	0.393717	0.837095	0.400205	DUMPBODY
1	0.838558	0.393717	0.847389	0.400205	UP
1	0.848851	0.393717	0.874165	0.400205	SWITCH
1	0.111933	0.402595	0.123936	0.408748	240
1	0.111933	0.411427	0.123936	0.417580	241
1	0.488673	0.408442	0.497080	0.414595	5S
1	0.529613	0.410582	0.538391	0.416735	F7
1	0.581042	0.413500	0.597872	0.417444	X5X6-H
1	0.639529	0.405736	0.655567	0.411889	3402
1	0.706891	0.402384	0.729681	0.406328	X56X57-W
1	0.779092	0.405736	0.791095	0.411889	521
1	0.797445	0.404833	0.826209	0.411321	PARKING
1	0.827515	0.404833	0.849040	0.411321	BRAKE
1	0.850320	0.404833	0.883576	0.411321	PRESSURE
1	0.884882	0.404833	0.910196	0.411321	SWITCH
1	0.111933	0.420403	0.123936	0.426556	242
1	0.276101	0.415570	0.295433	0.421723	TB2F
1	0.391261	0.416853	0.407298	0.423006	6131
1	0.529613	0.421698	0.538391	0.427851	F8
1	0.581042	0.424616	0.597030	0.428561	X5X6-F
1	0.639529	0.416853	0.655567	0.423006	6910
1	0.783529	0.417203	0.809131	0.422567	I/O-A-10
1	0.819429	0.415949	0.828608	0.422438	I/O
1	0.829903	0.415949	0.853019	0.422438	POWER
1	0.854288	0.415949	0.878831	0.422438	SUPPLY
1	0.111933	0.429241	0.123936	0.435394	243
1	0.391261	0.430248	0.407298	0.436401	6132
1	0.445916	0.430250	0.457919	0.436402	871
1	0.529613	0.432815	0.538391	0.438968	F9
1	0.581042	0.435733	0.597872	0.439677	X5X6-G
1	0.639529	0.427969	0.655567	0.434122	6908
1	0.783529	0.428319	0.809131	0.433683	I/O-A-08
1	0.819429	0.427066	0.828608	0.433554	I/O
1	0.829903	0.427066	0.853019	0.433554	POWER
1	0.854288	0.427066	0.878831	0.433554	SUPPLY
1	0.035294	0.441028	0.038744	0.446403	E
1	0.111933	0.438217	0.123936	0.444370	244
1	0.639529	0.439086	0.655567	0.445239	6932
1	0.782926	0.439434	0.808326	0.444799	I/O-B-10
1	0.819429	0.438182	0.828608	0.444671	I/O
1	0.829903	0.438182	0.853019	0.444671	POWER
1	0.854288	0.438182	0.878831	0.444671	SUPPLY
1	0.947092	0.441028	0.950543	0.446403	E
1	0.111933	0.447055	0.123936	0.453208	245
1	0.529613	0.443931	0.542428	0.450084	F10
1	0.581042	0.446849	0.597872	0.450793	X7X8-G
1	0.639529	0.450202	0.655567	0.456355	6930
1	0.783531	0.450554	0.808931	0.455918	I/O-B-08
1	0.819429	0.449299	0.828608	0.455787	I/O
1	0.829903	0.449299	0.853019	0.455787	POWER
1	0.854288	0.449299	0.878831	0.455787	SUPPLY
1	0.111933	0.456031	0.123936	0.462184	246
1	0.529613	0.455190	0.542428	0.461343	F11
1	0.581042	0.457966	0.597872	0.461910	X7X8-H
1	0.111933	0.464869	0.123936	0.471022	247
1	0.529613	0.466307	0.542428	0.472459	F12
1	0.581042	0.469082	0.597313	0.473026	X5X6-E
1	0.639529	0.461318	0.655567	0.467471	6974
1	0.782921	0.461670	0.808321	0.467034	I/O-E-10
1	0.819429	0.460415	0.828608	0.466903	I/O
1	0.829903	0.460415	0.853019	0.466903	POWER
1	0.854288	0.460415	0.878831	0.466903	SUPPLY
1	0.111933	0.473845	0.123936	0.479998	248
1	0.640134	0.472667	0.657104	0.478042	SPARE
1	0.291832	0.477850	0.312477	0.484003	TB2G
1	0.433210	0.480341	0.453479	0.484285	X16X17-4
1	0.483630	0.480341	0.503899	0.484285	X18X19-4
1	0.515092	0.477850	0.554521	0.484003	TB1D-CAB
1	0.763361	0.480341	0.775563	0.484285	X26-1
1	0.111933	0.482683	0.123936	0.488836	249
1	0.205718	0.483549	0.221756	0.489702	6004
1	0.265412	0.483551	0.281450	0.489704	6014
1	0.391261	0.483551	0.407298	0.489704	5504
1	0.639534	0.483551	0.655572	0.489704	2500
1	0.779092	0.483551	0.791095	0.489704	681
1	0.800470	0.482646	0.846588	0.489134	COMBINATION
1	0.847894	0.482646	0.890145	0.489134	INSTRUMENT
1	0.891608	0.482646	0.914746	0.489134	POWER
1	0.111933	0.491675	0.123936	0.497828	250
1	0.241008	0.488539	0.255866	0.494692	CB4
1	0.639529	0.494810	0.655567	0.500963	6101
1	0.706891	0.491457	0.729580	0.495401	X38X39-11
1	0.779092	0.494810	0.791095	0.500963	391
1	0.800471	0.493907	0.814274	0.500395	FOG
1	0.815554	0.493907	0.835869	0.500395	LIGHT
1	0.837331	0.493907	0.862645	0.500395	SWITCH
1	0.111933	0.500512	0.123936	0.506665	251
1	0.706891	0.502574	0.729580	0.506518	X38X39-13
1	0.111933	0.509489	0.123936	0.515642	252
1	0.639529	0.505926	0.655567	0.512079	4401
1	0.779092	0.505926	0.791095	0.512079	404
1	0.800471	0.505023	0.826421	0.511511	LADDER
1	0.828098	0.505023	0.848017	0.511511	LIGHT
1	0.849474	0.505023	0.902183	0.511511	SWITCH（CAB）
1	0.111933	0.518326	0.123936	0.524479	253
1	0.293647	0.517043	0.309685	0.523196	6024
1	0.391261	0.517043	0.407298	0.523196	5106
1	0.779092	0.517043	0.791095	0.523196	435
1	0.800471	0.516139	0.819363	0.522628	HORN
1	0.820644	0.516139	0.841583	0.522628	RELAY
1	0.111933	0.527303	0.123936	0.533456	254
1	0.391261	0.528159	0.407298	0.534312	5107
1	0.779092	0.528159	0.791095	0.534312	419
1	0.800471	0.527256	0.826226	0.533744	BACKUP
1	0.827689	0.527256	0.848003	0.533744	LIGHT
1	0.849466	0.527256	0.870405	0.533744	RELAY
1	0.111933	0.536140	0.123936	0.542293	255
1	0.276101	0.537996	0.296746	0.544149	TB2H
1	0.391261	0.539276	0.407298	0.545429	4455
1	0.779092	0.539276	0.791095	0.545429	430
1	0.800471	0.538372	0.837105	0.544861	REVERSING
1	0.838411	0.538372	0.858726	0.544861	LIGHT
1	0.860188	0.538372	0.881127	0.544861	RELAY
1	0.111933	0.545117	0.123936	0.551270	256
1	0.111933	0.553954	0.123936	0.560107	257
1	0.391261	0.550392	0.407298	0.556545	4512
1	0.779092	0.550392	0.791095	0.556545	392
1	0.800471	0.549489	0.814274	0.555977	FOG
1	0.815554	0.549489	0.835869	0.555977	LIGHT
1	0.837331	0.549489	0.858270	0.555977	RELAY
1	0.034689	0.560315	0.038766	0.565691	D
1	0.111933	0.562792	0.123936	0.568945	258
1	0.205712	0.565924	0.221750	0.572077	6005
1	0.265412	0.565926	0.281450	0.572079	6015
1	0.291832	0.560226	0.312037	0.566379	TB1A
1	0.391261	0.565926	0.407298	0.572079	5505
1	0.433210	0.562574	0.453479	0.566518	X16X17-5
1	0.483630	0.562574	0.503899	0.566518	X18X19-5
1	0.515092	0.560226	0.554088	0.566379	TB1E-CAB
1	0.639529	0.565926	0.655567	0.572079	5351
1	0.779092	0.565926	0.791095	0.572079	908
1	0.800471	0.565023	0.825575	0.571511	ENGINE
1	0.826882	0.565023	0.847190	0.571511	START
1	0.848652	0.565023	0.873966	0.571511	SWITCH
1	0.946487	0.560315	0.950564	0.565691	D
1	0.111933	0.571768	0.123936	0.577921	259
1	0.241008	0.570915	0.255866	0.577068	CB5
1	0.763361	0.573833	0.775563	0.577777	X28-1
1	0.111933	0.580606	0.123936	0.586759	260
1	0.639529	0.577043	0.655567	0.583196	6201
1	0.779092	0.577043	0.791095	0.583196	757
1	0.800470	0.576137	0.831049	0.582625	MESSAGE
1	0.832330	0.576137	0.843785	0.582625	SYS
1	0.845222	0.576137	0.868360	0.582625	POWER
1	0.111933	0.589588	0.123936	0.595741	261
1	0.293647	0.586022	0.309685	0.592174	6025
1	0.433210	0.593785	0.453479	0.597729	X75X76-v
1	0.483630	0.593785	0.503899	0.597729	X69X70-6
1	0.639529	0.588304	0.655567	0.594457	2800
1	0.779092	0.588302	0.791095	0.594455	460
1	0.800471	0.587398	0.830668	0.593887	SHUTTER
1	0.831940	0.587398	0.857234	0.593887	SWITCH
1	0.111933	0.598425	0.123936	0.604578	262
1	0.391261	0.597138	0.407298	0.603291	6151
1	0.777277	0.597138	0.793315	0.603291	1040
1	0.800471	0.596234	0.817758	0.602723	REAR
1	0.819038	0.596234	0.849213	0.602723	AXLEBOX
1	0.850494	0.596234	0.883749	0.602723	PRESSURE
1	0.885056	0.596234	0.910369	0.602723	SWITCH
1	0.111933	0.607402	0.123936	0.613555	263
1	0.276101	0.606972	0.295873	0.613125	TB1B
1	0.391261	0.608254	0.407298	0.614407	6152
1	0.779092	0.608254	0.791095	0.614407	918
1	0.800471	0.607351	0.813318	0.613839	PRE
1	0.814598	0.607351	0.858752	0.613839	LUBRICATION
1	0.860058	0.607351	0.880997	0.613839	RELAY
1	0.111933	0.616239	0.123936	0.622392	264
1	0.391261	0.619371	0.407298	0.625524	6153
1	0.779092	0.619371	0.791095	0.625524	931
1	0.800471	0.618466	0.825575	0.624954	ENGINE
1	0.826882	0.618466	0.847190	0.624954	START
1	0.848652	0.618466	0.869591	0.624954	RELAY
1	0.111933	0.625216	0.123936	0.631369	265
1	0.291832	0.629204	0.312037	0.635357	TB1C
1	0.452168	0.631695	0.474857	0.635639	X40X41-61
1	0.508840	0.629204	0.560571	0.635357	TB3A-FRAME
1	0.706891	0.631695	0.727160	0.635639	X62X63-3
1	0.111933	0.634053	0.123936	0.640206	266
1	0.205714	0.635048	0.221752	0.641201	6006
1	0.265412	0.635048	0.281450	0.641201	6016
1	0.391261	0.635048	0.407298	0.641201	5516
1	0.639534	0.635048	0.655572	0.641201	2234
1	0.779092	0.635048	0.791095	0.641201	903
1	0.797445	0.634144	0.842371	0.640633	ENMERGENCY
1	0.843828	0.634144	0.868568	0.640633	ENGINE
1	0.870245	0.634144	0.885708	0.640633	STOP
1	0.887164	0.634144	0.952402	0.640633	SWITCH（LADDER）
1	0.111933	0.643030	0.123936	0.649183	267
1	0.241008	0.639893	0.255866	0.646046	CB6
1	0.391261	0.646164	0.407298	0.652317	1544
1	0.452168	0.642811	0.471595	0.646755	X75X76-t
1	0.782319	0.646164	0.809671	0.652317	CNX5-r
1	0.819429	0.645261	0.832083	0.651749	KEY
1	0.833534	0.645261	0.858820	0.651749	SWITCH
1	0.860133	0.645261	0.883896	0.651749	SIGNAL
1	0.885347	0.645261	0.894328	0.651749	TO
1	0.895623	0.645261	0.904832	0.651749	GE
1	0.111933	0.651867	0.123936	0.658020	268
1	0.433210	0.653928	0.453479	0.657872	X16X17-6
1	0.483630	0.653928	0.503899	0.657872	X18X19-6
1	0.515092	0.651437	0.553682	0.657590	TB1F-CAB
1	0.391261	0.657280	0.407298	0.663433	5506
1	0.639529	0.657280	0.655567	0.663433	2400
1	0.779092	0.657280	0.791095	0.663433	631
1	0.800471	0.656377	0.817345	0.662865	REST
1	0.818802	0.656377	0.869177	0.662865	MODE，ENGINE
1	0.870854	0.656377	0.890865	0.662865	WARM
1	0.892230	0.656377	0.897565	0.662865	&
1	0.899288	0.656377	0.915760	0.662865	DATA
1	0.916832	0.656377	0.937721	0.662865	STORE
1	0.939398	0.656377	0.964880	0.662865	SWITCH
1	0.111933	0.660844	0.123936	0.666997	269
1	0.111933	0.669681	0.123936	0.675834	270
1	0.293647	0.668397	0.309685	0.674550	6026
1	0.639529	0.668397	0.655567	0.674550	5081
1	0.779092	0.668397	0.791095	0.674550	451
1	0.800471	0.667493	0.818180	0.673982	HEAT
1	0.819642	0.667493	0.845379	0.673982	MIRROR
1	0.846659	0.667493	0.871973	0.673982	SWITCH
1	0.034689	0.679603	0.038456	0.684978	C
1	0.111933	0.678658	0.123936	0.684811	271
1	0.639529	0.679513	0.655567	0.685666	1727
1	0.763361	0.676160	0.776682	0.680105	X31-A
1	0.779092	0.679513	0.791095	0.685666	845
1	0.800471	0.678610	0.822603	0.685098	K-LINE
1	0.946487	0.679603	0.950254	0.684978	C
1	0.111933	0.687495	0.123936	0.693648	272
1	0.276099	0.689346	0.296304	0.695499	TB1D
1	0.391266	0.690630	0.407304	0.696782	5180
1	0.779092	0.690630	0.791095	0.696782	453
1	0.800471	0.689726	0.818180	0.696214	HEAT
1	0.819642	0.689726	0.845379	0.696214	MIRROR
1	0.846659	0.689726	0.867598	0.696214	RELAY
1	0.111933	0.696472	0.123936	0.702625	273
1	0.111933	0.705309	0.123936	0.711462	274
1	0.205710	0.708444	0.221748	0.714596	6007
1	0.265412	0.708444	0.281450	0.714597	6017
1	0.291832	0.702601	0.311604	0.708754	TB1E
1	0.391266	0.708444	0.407304	0.714597	2108
1	0.433210	0.705091	0.455899	0.709036	X16X17-89
1	0.483630	0.705091	0.506319	0.709036	X18X19-89
1	0.779092	0.708444	0.791095	0.714597	866
1	0.800471	0.707541	0.825575	0.714029	ENGINE
1	0.826882	0.707541	0.866667	0.714029	DIAGNOSTIC
1	0.867947	0.707541	0.893261	0.714029	SWITCH
1	0.111933	0.714286	0.123936	0.720439	275
1	0.241008	0.713290	0.255866	0.719443	CB7
1	0.433210	0.716208	0.453479	0.720152	X16X17-7
1	0.483630	0.716208	0.503899	0.720152	X18X19-7
1	0.511866	0.713717	0.551294	0.719870	TB2A-CAB
1	0.111933	0.723123	0.123936	0.729276	276
1	0.111933	0.731961	0.123936	0.738114	277
1	0.293647	0.728539	0.309685	0.734692	6027
1	0.391261	0.719561	0.407298	0.725714	5507
1	0.639529	0.719561	0.655567	0.725714	7301
1	0.639529	0.730677	0.655567	0.736830	3502
1	0.763361	0.727324	0.775563	0.731268	X36-1
1	0.779092	0.719561	0.791095	0.725714	661
1	0.779092	0.730677	0.791095	0.736830	538
1	0.800471	0.718657	0.815942	0.725146	FIRE
1	0.800471	0.729774	0.833069	0.736262	SREERING
1	0.817223	0.718657	0.869194	0.725146	EXTINGUISHING
1	0.834375	0.729774	0.883518	0.736262	ACCUMULATOR
1	0.870500	0.718657	0.881956	0.725146	SYS
1	0.884825	0.729774	0.905366	0.736262	DRAIN
1	0.276101	0.736095	0.295433	0.742248	TB1F
1	0.763361	0.738441	0.775563	0.742385	X26-3
1	0.111933	0.740937	0.123936	0.747090	278
1	0.639529	0.741794	0.655567	0.747946	2501
1	0.779092	0.741794	0.791095	0.747946	682
1	0.800471	0.740890	0.846588	0.747378	COMBINATION
1	0.847895	0.740890	0.890146	0.747378	INSTRUMENT
1	0.891608	0.740890	0.914746	0.747378	POWER
1	0.111933	0.749775	0.123936	0.755928	279
1	0.639529	0.752910	0.655567	0.759063	6203
1	0.763361	0.749557	0.775563	0.753501	X28-3
1	0.779092	0.752910	0.791095	0.759063	759
1	0.800471	0.752006	0.831050	0.758494	MESSAGE
1	0.832330	0.752006	0.843786	0.758494	SYS
1	0.845222	0.752006	0.868361	0.758494	POWER
1	0.111933	0.758751	0.123936	0.764904	280
1	0.111933	0.767589	0.123936	0.773742	281
1	0.205718	0.770723	0.221756	0.776875	6008
1	0.265412	0.770725	0.281450	0.776878	6018
1	0.291832	0.765024	0.312477	0.771177	TB1G
1	0.391261	0.770725	0.407298	0.776878	5518
1	0.452168	0.767372	0.474857	0.771316	X40X41-52
1	0.508840	0.765024	0.560571	0.771177	TB1C-FRAME
1	0.639529	0.770725	0.655567	0.776878	5204
1	0.678454	0.767372	0.700124	0.771316	X42X43-H
1	0.731899	0.767372	0.753570	0.771316	X44X45-H
1	0.763361	0.767372	0.775563	0.771316	X46-1
1	0.779092	0.770725	0.791095	0.776878	665
1	0.800471	0.769821	0.840582	0.776309	ELECTRICAL
1	0.842044	0.769821	0.858342	0.776309	SEAT
1	0.111933	0.776565	0.123936	0.782718	282
1	0.241008	0.775713	0.255866	0.781866	CB8
1	0.678454	0.778488	0.697881	0.782432	X42X43-f
1	0.731899	0.778488	0.751326	0.782432	X44X45-f
1	0.111933	0.785403	0.123936	0.791556	283
1	0.433210	0.789747	0.453479	0.793691	X16X17-8
1	0.483630	0.789747	0.503899	0.793691	X18X19-8
1	0.511866	0.787257	0.550861	0.793410	TB2B-CAB
1	0.639529	0.781841	0.655567	0.787994	7101
1	0.763361	0.789747	0.775563	0.793691	X30-7
1	0.779092	0.781841	0.791095	0.787994	653
1	0.800471	0.780938	0.818310	0.787426	AUTO
1	0.819616	0.780938	0.863770	0.787426	LUBRICATION
1	0.865076	0.780938	0.908316	0.787426	CONTROLLER
1	0.111933	0.794379	0.123936	0.800532	284
1	0.391261	0.792957	0.407298	0.799110	5508
1	0.639529	0.792957	0.655567	0.799110	5203
1	0.779092	0.792957	0.791095	0.799110	492
1	0.800294	0.792054	0.867739	0.798542	驾驶室辅助供电RADIO
1	0.034689	0.798890	0.038456	0.804265	B
1	0.946487	0.798890	0.950254	0.804265	B
1	0.111933	0.803217	0.123936	0.809370	285
1	0.639529	0.804216	0.655567	0.810369	5202
1	0.779092	0.804216	0.791095	0.810369	494
1	0.800471	0.803313	0.829418	0.809801	LIGHTER
1	0.111933	0.812193	0.123936	0.818346	286
1	0.111933	0.821031	0.123936	0.827184	287
1	0.293647	0.817470	0.309685	0.823623	6028
1	0.639529	0.815333	0.655567	0.821486	5104
1	0.763361	0.811980	0.775563	0.815924	X30-3
1	0.763361	0.823096	0.777983	0.827040	X30-12
1	0.779092	0.815333	0.791095	0.821486	445
1	0.800294	0.814429	0.871800	0.820918	驾驶室辅助供电WIPPER
1	0.873477	0.814429	0.896201	0.820918	MOTOR
1	0.898080	0.814429	0.920804	0.820918	POWER
1	0.111933	0.830007	0.123936	0.836160	288
1	0.639529	0.826449	0.655567	0.832602	5205
1	0.763361	0.834213	0.777983	0.838157	X30-14
1	0.800294	0.826751	0.848132	0.831169	驾驶室辅助供电
1	0.111933	0.838845	0.123936	0.844998	289
1	0.639529	0.837566	0.655567	0.843718	5206
1	0.779092	0.837566	0.791095	0.843718	484
1	0.800294	0.836662	0.860506	0.843150	驾驶室辅助供电CAB
1	0.862184	0.836662	0.881277	0.843150	DOME
1	0.882955	0.836662	0.902874	0.843150	LIGHT
1	0.111933	0.847821	0.123936	0.853974	290
1	0.391261	0.848682	0.407298	0.854835	5207
1	0.433210	0.845329	0.455899	0.849273	X16X17-35
1	0.483630	0.845329	0.506319	0.849273	X18X19-35
1	0.763361	0.845329	0.775563	0.849273	X35-6
1	0.779092	0.848682	0.791095	0.854835	640
1	0.800471	0.847778	0.811705	0.854267	AIR
1	0.812985	0.847778	0.849540	0.854267	CONDITION
1	0.850847	0.847778	0.894086	0.854267	CONTROLLER
1	0.111933	0.856659	0.123936	0.862812	291
1	0.272874	0.858516	0.293519	0.864668	TB1H
1	0.391261	0.859798	0.407298	0.865951	2803
1	0.779092	0.859798	0.791095	0.865951	458
1	0.800471	0.858895	0.830691	0.865383	SHUTTER
1	0.831972	0.858895	0.856186	0.865383	RELAY1
1	0.111933	0.865635	0.123936	0.871788	292
1	0.111933	0.874473	0.123936	0.880626	293
1	0.391261	0.870915	0.407298	0.877068	2804
1	0.779092	0.870915	0.791095	0.877068	463
1	0.800471	0.870011	0.830691	0.876499	SHUTTER
1	0.831972	0.870011	0.856186	0.876499	RELAY2
1	0.111933	0.883449	0.123936	0.889602	294
1	0.391261	0.882031	0.407298	0.888184	2601
1	0.779092	0.882031	0.791095	0.888184	648
1	0.800471	0.881128	0.813897	0.887616	FAN
1	0.815177	0.881128	0.841701	0.887616	CLUTCH
1	0.843026	0.881128	0.891213	0.887616	TEMPERATURE
1	0.892519	0.881128	0.917852	0.887616	SENSOR
1	0.919159	0.881128	0.942297	0.887616	POWER
1	0.111933	0.892287	0.123936	0.898440	295
1	0.034689	0.918178	0.038766	0.923553	A
1	0.946487	0.918178	0.950564	0.923553	A
1	0.725042	0.933427	0.735421	0.938802	Title
1	0.749647	0.935356	0.816617	0.946084	NTE200AC
1	0.819836	0.935356	0.843040	0.946084	24V
1	0.846038	0.935356	0.928683	0.946084	SCHEMATIC
1	0.725042	0.946680	0.734407	0.952055	Size
1	0.756502	0.946680	0.774315	0.952055	Number
1	0.882352	0.946680	0.901332	0.952055	Revision
1	0.728266	0.953380	0.734921	0.958755	A3
1	0.904336	0.949229	0.933734	0.959980	Russia
1	0.725042	0.960080	0.736898	0.965455	Date:
1	0.753278	0.960080	0.782881	0.965455	30-Mar-2019
1	0.850892	0.960080	0.863151	0.965455	Sheet
1	0.864605	0.960815	0.867429	0.965233	2
1	0.868842	0.960080	0.873546	0.965455	of
1	0.874689	0.960815	0.880336	0.965233	10
1	0.725042	0.964497	0.735076	0.969872	File:
1	0.753269	0.964497	0.810351	0.969872	E:\NTE200AC俄罗斯.ddb
1	0.850892	0.964497	0.865637	0.969872	Drawn
1	0.867049	0.964497	0.874871	0.969872	By:
1	0.887193	0.965233	0.918397	0.969651	CHAIJIANG
1	0.144605	0.971194	0.147429	0.976569	1
1	0.375529	0.971194	0.378353	0.976569	2
1	0.606252	0.971194	0.609076	0.976569	3
1	0.836974	0.971194	0.839797	0.976569	4
2	0.144605	0.023023	0.147429	0.028398	1
2	0.375529	0.023023	0.378353	0.028398	2
2	0.606252	0.023023	0.609076	0.028398	3
2	0.836974	0.023020	0.839797	0.028396	4
2	0.159018	0.040547	0.208678	0.047845	Примечание:
2	0.211507	0.040547	0.244419	0.047845	нажмите
2	0.247249	0.040547	0.282392	0.047845	тестовый
2	0.285222	0.040547	0.344994	0.047845	переключатель,
2	0.347823	0.040547	0.374728	0.047845	провод
2	0.377557	0.040547	0.384251	0.047845	№
2	0.387080	0.040547	0.403819	0.047845	3007
2	0.406649	0.040547	0.442674	0.047845	заземлен,
2	0.445503	0.040547	0.488236	0.047845	CBCU-C-32
2	0.491066	0.040547	0.522478	0.047845	входной
2	0.525307	0.040547	0.550488	0.047845	сигнал
2	0.553317	0.040547	0.556466	0.047845	с
2	0.559296	0.040547	0.587379	0.047845	низким
2	0.590208	0.040547	0.632688	0.047845	потенциал,
2	0.635518	0.040547	0.652563	0.047845	CAN
2	0.655392	0.040547	0.690439	0.047845	посылает
2	0.693268	0.040547	0.718449	0.047845	сигнал
2	0.721278	0.040547	0.729681	0.047845	на
2	0.732510	0.040547	0.775453	0.047845	приборную
2	0.778282	0.040547	0.806672	0.047845	панель,
2	0.809501	0.040547	0.850004	0.047845	загорается
2	0.852833	0.040547	0.896022	0.047845	сигнальная
2	0.898852	0.040547	0.923599	0.047845	лампа.
2	0.115160	0.054368	0.127162	0.062061	301
2	0.477983	0.053085	0.492273	0.060778	Test
2	0.494290	0.053085	0.516767	0.060778	Switch
2	0.901109	0.052230	0.918687	0.059923	GND
2	0.045991	0.063774	0.060286	0.071467	Test
2	0.062306	0.063774	0.084790	0.071467	Switch
2	0.115160	0.063345	0.127162	0.071037	302
2	0.157916	0.064669	0.193040	0.071376	CBCU-C-32
2	0.236571	0.063774	0.252609	0.071467	3307
2	0.874689	0.063774	0.896949	0.071467	G3007
2	0.115160	0.072182	0.127162	0.079875	303
2	0.115160	0.081159	0.127162	0.088851	304
2	0.162245	0.083244	0.205854	0.090542	Примечание:
2	0.207474	0.083244	0.246023	0.090542	воздушный
2	0.247643	0.083244	0.272238	0.090542	фильтр
2	0.273857	0.083244	0.321966	0.090542	заблокирован,
2	0.323585	0.083244	0.373597	0.090542	переключатель
2	0.375216	0.083244	0.415303	0.090542	блокировки
2	0.416922	0.083244	0.442241	0.090542	воздуха
2	0.443861	0.083244	0.469441	0.090542	закрыт,
2	0.471060	0.083244	0.489275	0.090542	когда
2	0.490895	0.083244	0.518676	0.090542	входной
2	0.520296	0.083244	0.542451	0.090542	сигнал
2	0.544070	0.083244	0.570859	0.090542	низкого
2	0.572479	0.083244	0.611095	0.090542	потенциала
2	0.612715	0.083244	0.642907	0.090542	I/O-B-17,
2	0.644526	0.083244	0.660361	0.090542	CAN
2	0.661980	0.083244	0.699448	0.090542	отправляет
2	0.701067	0.083244	0.723222	0.090542	сигнал
2	0.724841	0.083244	0.750817	0.090542	тревоги
2	0.752437	0.083244	0.792523	0.090542	блокировки
2	0.794143	0.083244	0.833655	0.090542	воздушного
2	0.835274	0.083244	0.863347	0.090542	фильтра
2	0.864966	0.083244	0.872764	0.090542	на
2	0.874383	0.083244	0.912485	0.090542	приборную
2	0.914105	0.083244	0.938864	0.090542	панель.
2	0.115160	0.089991	0.127162	0.097683	305
2	0.292437	0.092817	0.312706	0.097748	X40X41-4
2	0.380571	0.092817	0.401960	0.097748	X56X57-C
2	0.472336	0.089570	0.483694	0.097263	Air
2	0.485647	0.089570	0.504416	0.097263	Filter
2	0.506369	0.089570	0.528846	0.097263	Switch
2	0.045983	0.094558	0.057341	0.102251	Air
2	0.059294	0.094558	0.078064	0.102251	Filter
2	0.080017	0.094558	0.109733	0.102251	Warning
2	0.115160	0.098967	0.127162	0.106660	306
2	0.163563	0.095881	0.188963	0.102587	I/O-B-17
2	0.236571	0.094986	0.252609	0.102678	2531
2	0.874084	0.095413	0.896469	0.103106	G2531
2	0.115160	0.107805	0.127162	0.115497	307
2	0.447126	0.108240	0.463164	0.115932	2532
2	0.472942	0.111803	0.484300	0.119495	Air
2	0.486253	0.111803	0.505022	0.119495	Filter
2	0.506975	0.111803	0.529452	0.119495	Switch
2	0.535261	0.108240	0.557520	0.115932	G2532
2	0.115160	0.116781	0.127162	0.124474	308
2	0.115160	0.125619	0.127162	0.133311	309
2	0.115160	0.134601	0.127162	0.142293	310
2	0.447126	0.130615	0.463164	0.138308	2533
2	0.472942	0.133607	0.484300	0.141300	Air
2	0.486253	0.133607	0.505022	0.141300	Filter
2	0.506975	0.133607	0.529452	0.141300	Switch
2	0.535261	0.130615	0.557520	0.138308	G2533
2	0.034691	0.140887	0.038768	0.146262	D
2	0.115160	0.143433	0.127162	0.151125	311
2	0.946487	0.140884	0.950564	0.146259	D
2	0.115160	0.152409	0.127162	0.160102	312
2	0.447126	0.152848	0.463164	0.160540	2534
2	0.535267	0.152848	0.557527	0.160540	G2534
2	0.474153	0.156835	0.485511	0.164528	Air
2	0.487464	0.156835	0.506233	0.164528	Filter
2	0.508186	0.156835	0.530663	0.164528	Switch
2	0.115160	0.161247	0.127162	0.168939	313
2	0.115160	0.170223	0.127162	0.177916	314
2	0.115160	0.179061	0.127162	0.186753	315
2	0.130092	0.183818	0.179752	0.191116	Примечание:
2	0.182581	0.183818	0.203217	0.191116	когда
2	0.206046	0.183818	0.263318	0.191116	переключатель
2	0.266147	0.183818	0.285716	0.191116	света
2	0.288545	0.183818	0.327391	0.191116	находится
2	0.330220	0.183818	0.334115	0.191116	в
2	0.336945	0.183818	0.379678	0.191116	положении
2	0.382507	0.183818	0.416061	0.191116	дальнего
2	0.418891	0.183818	0.440960	0.191116	света,
2	0.443789	0.183818	0.486522	0.191116	CBCU-C-10
2	0.489352	0.183818	0.510845	0.191116	имеет
2	0.513675	0.183818	0.530660	0.191116	вход
2	0.533490	0.183818	0.562753	0.191116	сигнала
2	0.565582	0.183818	0.568731	0.191116	с
2	0.571560	0.183818	0.604898	0.191116	высоким
2	0.607727	0.183818	0.674731	0.191116	потенциалом24V,
2	0.682335	0.182207	0.698978	0.189899	High
2	0.700857	0.182207	0.719916	0.189899	Beam
2	0.721633	0.182207	0.740692	0.189899	Relay
2	0.115160	0.188037	0.127162	0.195730	316
2	0.136078	0.193174	0.153123	0.200472	CAN
2	0.155952	0.193174	0.190999	0.200472	посылает
2	0.193828	0.193174	0.225263	0.200472	дальний
2	0.228092	0.193174	0.262101	0.200472	световой
2	0.264931	0.193174	0.290111	0.200472	сигнал
2	0.292941	0.193174	0.301344	0.200472	на
2	0.304173	0.193174	0.330062	0.200472	панель
2	0.332892	0.193174	0.413113	0.200472	приборов,индикатор
2	0.415943	0.193174	0.449497	0.200472	дальнего
2	0.452326	0.193174	0.471894	0.200472	света
2	0.474724	0.193174	0.517727	0.200472	загорается.
2	0.556639	0.190727	0.579328	0.195658	X19X18-14
2	0.610084	0.190727	0.632773	0.195658	X17X16-14
2	0.650824	0.192896	0.666956	0.200589	4111
2	0.687328	0.191045	0.695326	0.198737	86
2	0.704269	0.191043	0.712267	0.198735	85
2	0.874689	0.192896	0.897074	0.200589	G4111
2	0.115160	0.196875	0.127162	0.204567	317
2	0.115160	0.205712	0.127162	0.213405	318
2	0.587294	0.202302	0.599297	0.209994	206
2	0.650824	0.201731	0.666861	0.209424	4112
2	0.687328	0.200021	0.695326	0.207714	30
2	0.704269	0.200019	0.712267	0.207712	87
2	0.735731	0.199705	0.758420	0.204637	X40X41-19
2	0.767193	0.199705	0.787462	0.204637	X62X63-J
2	0.823873	0.201731	0.839911	0.209424	4113
2	0.874703	0.201731	0.896962	0.209424	G4113
2	0.115160	0.214689	0.127162	0.222381	319
2	0.467294	0.211565	0.489784	0.219258	Switch
2	0.491663	0.211565	0.518020	0.219258	Column
2	0.843227	0.210710	0.859870	0.218403	High
2	0.861749	0.210710	0.880809	0.218403	Beam
2	0.045983	0.232515	0.063689	0.240208	Head
2	0.065779	0.232515	0.084093	0.240208	Light
2	0.115160	0.223526	0.127162	0.231219	320
2	0.115160	0.232508	0.127162	0.240201	321
2	0.115160	0.241346	0.127162	0.249038	322
2	0.159731	0.233370	0.171734	0.241063	210
2	0.236571	0.232943	0.252609	0.240635	4103
2	0.297479	0.222682	0.315800	0.230374	Light
2	0.304941	0.230236	0.308874	0.237928	3
2	0.317817	0.222682	0.340294	0.230374	Switch
2	0.323897	0.230236	0.327830	0.237928	1
2	0.411227	0.219974	0.423230	0.227666	209
2	0.446521	0.219546	0.462559	0.227239	4101
2	0.446521	0.232941	0.462559	0.240634	4201
2	0.481815	0.237791	0.489813	0.245484	7a
2	0.482420	0.224107	0.490419	0.231799	8a
2	0.502383	0.236079	0.510381	0.243772	6a
2	0.503193	0.226675	0.511192	0.234367	5a
2	0.650824	0.230663	0.666861	0.238355	4118
2	0.650824	0.239639	0.666861	0.247332	4119
2	0.771025	0.231700	0.806150	0.238406	CBCU-C-10
2	0.771025	0.240536	0.806150	0.247243	CBCU-C-11
2	0.824468	0.219976	0.840505	0.227668	4114
2	0.874693	0.219545	0.896952	0.227238	G4114
2	0.115160	0.250322	0.127162	0.258015	323
2	0.272269	0.244914	0.288307	0.252607	4103
2	0.304941	0.248050	0.308874	0.255742	6
2	0.323897	0.248050	0.327830	0.255742	2
2	0.556639	0.253150	0.579328	0.258081	X19X18-13
2	0.610084	0.253150	0.632773	0.258081	X17X16-13
2	0.650824	0.255176	0.666956	0.262868	4211
2	0.674218	0.244914	0.688774	0.252607	Low
2	0.687933	0.253464	0.695899	0.261157	86
2	0.690557	0.244914	0.709616	0.252607	Beam
2	0.704874	0.253465	0.712840	0.261158	85
2	0.711333	0.244914	0.730392	0.252607	Relay
2	0.874689	0.255176	0.897074	0.262868	G4211
2	0.115160	0.259160	0.127162	0.266853	324
2	0.115160	0.268136	0.127162	0.275829	325
2	0.587294	0.264582	0.599360	0.272274	207
2	0.650820	0.264154	0.666952	0.271847	4212
2	0.687933	0.262302	0.695899	0.269994	30
2	0.704874	0.262303	0.712840	0.269996	87
2	0.735731	0.261986	0.758420	0.266917	X40X41-20
2	0.767193	0.261986	0.786902	0.266917	X62X63-I
2	0.823862	0.264154	0.839994	0.271847	4213
2	0.874689	0.264154	0.897074	0.271847	G4213
2	0.115160	0.276974	0.127162	0.284667	326
2	0.115160	0.285951	0.127162	0.293643	327
2	0.377950	0.272990	0.394082	0.280683	4104
2	0.405382	0.285396	0.442467	0.292694	высокого
2	0.405489	0.279068	0.457165	0.286366	Примечание:
2	0.445700	0.285396	0.491577	0.292694	потенциала
2	0.460398	0.279068	0.481840	0.286366	когда
2	0.485073	0.279068	0.544765	0.286366	переключатель
2	0.494810	0.285396	0.511893	0.292694	24V,
2	0.515024	0.285626	0.532472	0.292924	CAN
2	0.535704	0.285626	0.572163	0.292924	посылает
2	0.547998	0.279068	0.562446	0.286366	фар
2	0.565679	0.279068	0.606138	0.286366	находится
2	0.575396	0.285626	0.601584	0.292924	сигнал
2	0.604817	0.285626	0.637171	0.292924	ночного
2	0.609371	0.279068	0.613266	0.286366	в
2	0.616499	0.279068	0.645859	0.286366	ночном
2	0.640403	0.285626	0.683108	0.292924	освещения
2	0.649092	0.279068	0.696141	0.286366	положении,
2	0.686341	0.285626	0.694946	0.292924	на
2	0.698179	0.285626	0.742734	0.292924	приборную
2	0.699373	0.279068	0.744354	0.286366	CBCU-D-25
2	0.745967	0.285626	0.775567	0.292924	панель,
2	0.747587	0.279068	0.769887	0.286366	имеет
2	0.773120	0.279068	0.805742	0.286366	входной
2	0.778800	0.285626	0.821118	0.292924	загорается
2	0.808975	0.279068	0.835164	0.286366	сигнал
2	0.824350	0.285626	0.863914	0.292924	подсветка
2	0.824471	0.282397	0.840603	0.290089	4214
2	0.844436	0.273417	0.858991	0.281109	Low
2	0.860774	0.273417	0.879833	0.281109	Beam
2	0.867147	0.285626	0.910792	0.292924	приборной
2	0.874689	0.281968	0.897074	0.289661	G4214
2	0.115160	0.294788	0.127162	0.302481	328
2	0.447126	0.295223	0.463164	0.302916	4320
2	0.515024	0.291954	0.545250	0.299252	панели.
2	0.770420	0.296261	0.805466	0.302967	CBCU-D-25
2	0.045983	0.301493	0.067814	0.309185	Guage
2	0.069759	0.301493	0.088065	0.309185	Light
2	0.115160	0.303765	0.127162	0.311457	329
2	0.345277	0.301066	0.384706	0.308759	TB2C-CAB
2	0.447126	0.306340	0.463258	0.314032	4320
2	0.115160	0.312602	0.127162	0.320295	330
2	0.510050	0.314891	0.526088	0.322583	4320
2	0.547765	0.314891	0.563803	0.322583	4320
2	0.582252	0.314891	0.598290	0.322583	4320
2	0.616941	0.314891	0.632979	0.322583	4320
2	0.651434	0.314891	0.667472	0.322583	4320
2	0.686118	0.314891	0.702156	0.322583	4320
2	0.720605	0.314891	0.736643	0.322583	4320
2	0.755294	0.314891	0.771332	0.322583	4320
2	0.793008	0.314891	0.809046	0.322583	4320
2	0.830723	0.314891	0.846761	0.322583	4320
2	0.115160	0.321584	0.127162	0.329277	331
2	0.495529	0.322872	0.510254	0.330564	Rest
2	0.526992	0.322872	0.550421	0.330564	Engine
2	0.565918	0.322872	0.583647	0.330564	Fault
2	0.600605	0.322872	0.616543	0.330564	Heat
2	0.635096	0.322872	0.651562	0.330564	Auto
2	0.665346	0.322444	0.690391	0.330136	Shutter
2	0.699230	0.322871	0.723794	0.330564	Hazard
2	0.738351	0.322871	0.752643	0.330563	Test
2	0.771632	0.322871	0.795062	0.330564	Engine
2	0.809950	0.322871	0.828271	0.330563	Light
2	0.115160	0.330422	0.127162	0.338114	332
2	0.333981	0.333136	0.350113	0.340828	4413
2	0.493107	0.327290	0.512127	0.334983	Mode
2	0.528809	0.327718	0.550487	0.335411	Warm
2	0.565918	0.327290	0.584073	0.334983	Reset
2	0.596775	0.327290	0.620407	0.334983	Mirror
2	0.636504	0.327290	0.650359	0.334983	Lub
2	0.665952	0.327290	0.688442	0.334983	Switch
2	0.700637	0.327290	0.723127	0.334983	Switch
2	0.735126	0.327717	0.757616	0.335410	Switch
2	0.776674	0.327290	0.790964	0.334983	Test
2	0.809345	0.327717	0.831834	0.335410	Switch
2	0.115160	0.339398	0.127162	0.347091	333
2	0.506826	0.337979	0.529085	0.345672	G4320
2	0.544538	0.337979	0.566797	0.345671	G4320
2	0.579224	0.337979	0.601483	0.345672	G4320
2	0.613716	0.337979	0.635976	0.345672	G4320
2	0.648413	0.337979	0.670672	0.345672	G4320
2	0.682893	0.337979	0.705152	0.345672	G3320
2	0.717580	0.337979	0.739839	0.345671	G4320
2	0.752069	0.337979	0.774329	0.345672	G4320
2	0.789784	0.337979	0.812043	0.345672	G4320
2	0.827496	0.337979	0.849755	0.345671	G4320
2	0.115160	0.348236	0.127162	0.355928	334
2	0.874689	0.346530	0.897074	0.354222	G4320
2	0.115160	0.357212	0.127162	0.364905	335
2	0.347697	0.355477	0.370387	0.360409	X19X18-23
2	0.512471	0.362176	0.535160	0.367107	X38X39-19
2	0.115160	0.366050	0.127162	0.373742	336
2	0.447126	0.364344	0.463164	0.372037	4104
2	0.579228	0.364345	0.595360	0.372037	4320
2	0.034689	0.380030	0.038456	0.385406	C
2	0.115160	0.375026	0.127162	0.382719	337
2	0.115160	0.383858	0.127162	0.391551	338
2	0.347697	0.379990	0.370387	0.384922	X17X16-23
2	0.632672	0.384724	0.650279	0.392417	Store
2	0.633884	0.380306	0.649947	0.387998	Data
2	0.651429	0.372753	0.667466	0.380445	4320
2	0.666558	0.380733	0.690796	0.388426	Service
2	0.668571	0.385152	0.686893	0.392844	Light
2	0.686118	0.372753	0.702156	0.380445	4320
2	0.704870	0.384724	0.723191	0.392417	Light
2	0.707489	0.380734	0.719900	0.388426	Fog
2	0.723832	0.372753	0.739870	0.380445	4320
2	0.740170	0.380733	0.765039	0.388426	Ladder
2	0.743395	0.385152	0.761716	0.392844	Light
2	0.761546	0.372753	0.777584	0.380445	4320
2	0.946487	0.380030	0.950254	0.385406	C
2	0.115160	0.392696	0.127162	0.400388	339
2	0.648403	0.395841	0.670663	0.403533	G4320
2	0.682893	0.395842	0.705152	0.403534	G4320
2	0.720607	0.395842	0.742867	0.403534	G4320
2	0.758319	0.395841	0.780579	0.403533	G4320
2	0.115160	0.401678	0.127162	0.409370	340
2	0.347697	0.402223	0.370387	0.407154	X40X41-23
2	0.874689	0.404392	0.897074	0.412084	G4320
2	0.115160	0.410510	0.127162	0.418202	341
2	0.045983	0.415080	0.067465	0.422772	Width
2	0.069344	0.415080	0.087665	0.422772	Light
2	0.115160	0.419486	0.127162	0.427179	342
2	0.361008	0.414653	0.412307	0.422346	TB3B-FRAME
2	0.469109	0.422634	0.485147	0.430327	4413
2	0.512471	0.420038	0.533299	0.424969	X56X57-F
2	0.833748	0.415081	0.843800	0.422773	LF
2	0.845836	0.415081	0.867317	0.422773	Width
2	0.869196	0.415081	0.887517	0.422773	Light
2	0.874689	0.422207	0.897074	0.429900	G4421
2	0.115160	0.428324	0.127162	0.436016	343
2	0.824467	0.433323	0.840500	0.441015	4421
2	0.842015	0.433323	0.852499	0.441015	RF
2	0.854535	0.433323	0.876016	0.441015	Width
2	0.877895	0.433323	0.896217	0.441015	Light
2	0.115160	0.437300	0.127162	0.444993	344
2	0.874689	0.440021	0.897074	0.447714	G4420
2	0.115160	0.446132	0.127162	0.453825	345
2	0.115160	0.455109	0.127162	0.462801	346
2	0.115160	0.463946	0.127162	0.471639	347
2	0.469109	0.460401	0.485147	0.468094	7409
2	0.512471	0.457948	0.533859	0.462879	X42X43-A
2	0.610084	0.457948	0.631472	0.462879	X44X45-A
2	0.650824	0.457948	0.663025	0.462879	X50-9
2	0.662723	0.460401	0.674726	0.468094	678
2	0.681076	0.460401	0.700604	0.468094	Select
2	0.702621	0.460401	0.725097	0.468094	Switch
2	0.726976	0.460401	0.752126	0.468094	Backup
2	0.754220	0.460401	0.772541	0.468094	Light
2	0.824468	0.451566	0.840506	0.459259	4422
2	0.842622	0.450710	0.853547	0.458403	LR
2	0.855564	0.450710	0.877045	0.458403	Width
2	0.874689	0.457836	0.897074	0.465529	G4422
2	0.878924	0.450710	0.897245	0.458403	Light
2	0.115160	0.472923	0.127162	0.480615	348
2	0.824471	0.469380	0.840508	0.477072	4423
2	0.842622	0.467529	0.853980	0.475222	RR
2	0.855996	0.467529	0.877478	0.475222	Width
2	0.874689	0.475508	0.897074	0.483201	G4424
2	0.879357	0.467529	0.897678	0.475222	Light
2	0.115160	0.481760	0.127162	0.489453	349
2	0.115160	0.490742	0.127162	0.498435	350
2	0.610084	0.497995	0.631472	0.502926	X94X95-D
2	0.825076	0.492468	0.830322	0.500160	L
2	0.832339	0.492468	0.875976	0.500160	Brake/Width
2	0.877855	0.492468	0.896176	0.500160	Light
2	0.045983	0.499592	0.069344	0.507285	Retard
2	0.071437	0.499592	0.089759	0.507285	Light
2	0.115160	0.499594	0.127162	0.507286	351
2	0.469109	0.500449	0.485147	0.508141	4423
2	0.874689	0.500021	0.897074	0.507714	G3415
2	0.115160	0.508570	0.127162	0.516263	352
2	0.512471	0.511249	0.535160	0.516181	X40X41-33
2	0.610084	0.511249	0.631472	0.516181	X94X95-A
2	0.115160	0.517408	0.127162	0.525100	353
2	0.406185	0.514313	0.440502	0.521019	CBCU-F-08
2	0.469109	0.513846	0.485147	0.521538	3415
2	0.115160	0.526384	0.127162	0.534077	354
2	0.407597	0.522102	0.429036	0.529545	Retard
2	0.430949	0.522102	0.450166	0.529545	Brake
2	0.452116	0.522102	0.458235	0.529545	&
2	0.460179	0.522102	0.483366	0.529545	Service
2	0.485316	0.522102	0.504533	0.529545	Brake
2	0.506483	0.522102	0.528597	0.529545	Output
2	0.532626	0.522102	0.541196	0.529545	To
2	0.543109	0.522102	0.560183	0.529545	Light
2	0.562196	0.522102	0.580210	0.529545	From
2	0.582357	0.522102	0.603156	0.529545	CBCU
2	0.796034	0.524962	0.812072	0.532654	4437
2	0.818224	0.524962	0.834262	0.532654	3416
2	0.115160	0.535222	0.127162	0.542914	355
2	0.214091	0.537889	0.276090	0.545187	электрического
2	0.214198	0.531561	0.265875	0.538859	Примечание:
2	0.269107	0.531561	0.290549	0.538859	когда
2	0.279322	0.537889	0.313639	0.545187	тормоза,
2	0.293782	0.531561	0.328196	0.538859	работает
2	0.317040	0.538642	0.373641	0.545940	электрический
2	0.331429	0.531561	0.390449	0.538859	электрический
2	0.376470	0.538642	0.421966	0.545940	стоп-сигнал
2	0.393682	0.531561	0.421012	0.538859	тормоз
2	0.424245	0.531561	0.438358	0.538859	или
2	0.424795	0.538642	0.467798	0.545940	загорается,
2	0.441591	0.531561	0.474511	0.538859	рабочий
2	0.470628	0.538642	0.474523	0.545940	в
2	0.477352	0.538642	0.485240	0.545940	то
2	0.477744	0.531561	0.507777	0.538859	тормоз,
2	0.488070	0.538642	0.497607	0.545940	же
2	0.500436	0.538642	0.522952	0.545940	время
2	0.511009	0.531561	0.554446	0.538859	CBCU-F-08
2	0.525782	0.538642	0.542827	0.545940	CAN
2	0.545656	0.538642	0.578075	0.545940	выводит
2	0.557679	0.531561	0.579979	0.538859	имеет
2	0.580905	0.538642	0.637505	0.545940	электрический
2	0.583212	0.531561	0.622222	0.538859	выходной
2	0.625455	0.531561	0.651644	0.538859	сигнал
2	0.640335	0.538642	0.681079	0.545940	тормозной
2	0.654876	0.531561	0.671960	0.538859	24V,
2	0.675193	0.531561	0.732720	0.538859	отправленный
2	0.683908	0.538642	0.709088	0.545940	сигнал
2	0.711918	0.538642	0.720321	0.545940	на
2	0.723150	0.538642	0.766092	0.545940	приборную
2	0.735953	0.531561	0.762142	0.538859	сигнал
2	0.768922	0.538642	0.797312	0.545940	панель,
2	0.800141	0.538642	0.840628	0.545940	индикатор
2	0.827498	0.532087	0.833177	0.539779	R
2	0.835194	0.532087	0.857350	0.539779	Brake/
2	0.859366	0.532087	0.880848	0.539779	Width
2	0.874689	0.540069	0.897074	0.547761	G3416
2	0.882727	0.532087	0.901048	0.539779	Light
2	0.115160	0.544198	0.127162	0.551891	356
2	0.316931	0.544970	0.376308	0.552268	электрического
2	0.379137	0.544970	0.409542	0.552268	тормоза
2	0.412371	0.544970	0.455375	0.552268	загорается.
2	0.115160	0.553036	0.127162	0.560728	357
2	0.115160	0.561873	0.127162	0.569566	358
2	0.512471	0.564694	0.532739	0.569625	X64X65-1
2	0.786756	0.560591	0.797682	0.568284	LR
2	0.799698	0.560591	0.821180	0.568284	Width
2	0.823059	0.560591	0.841380	0.568284	Light
2	0.115160	0.570850	0.127162	0.578542	359
2	0.469109	0.567288	0.485147	0.574980	4426
2	0.840202	0.573560	0.862461	0.581253	G4426
2	0.115160	0.579687	0.127162	0.587380	360
2	0.774050	0.578406	0.790088	0.586099	4526
2	0.852101	0.582508	0.872370	0.587439	X65X64-2
2	0.115160	0.588669	0.127162	0.596362	361
2	0.137692	0.587225	0.189369	0.594523	Примечание:
2	0.192601	0.587225	0.252294	0.594523	переключатель
2	0.255526	0.587225	0.292052	0.594523	поворота
2	0.295285	0.587225	0.299180	0.594523	в
2	0.302413	0.587225	0.325280	0.594523	левом
2	0.328513	0.587225	0.372860	0.594523	положении
2	0.376092	0.587225	0.377988	0.594523	,
2	0.381220	0.587225	0.425567	0.594523	CBCU-C-12
2	0.428800	0.587225	0.461422	0.594523	входной
2	0.464655	0.587225	0.493306	0.594523	низкий
2	0.496539	0.587225	0.540834	0.594523	потенциал,
2	0.544067	0.587225	0.547962	0.594523	в
2	0.551195	0.587225	0.563450	0.594523	это
2	0.566682	0.587225	0.590005	0.594523	время
2	0.593238	0.587225	0.636674	0.594523	CBCU-F-07
2	0.639907	0.587225	0.676365	0.594523	посылает
2	0.679598	0.587225	0.682747	0.594523	с
2	0.685980	0.587225	0.720527	0.594523	высоким
2	0.723760	0.587225	0.775697	0.594523	потенциалом
2	0.874689	0.584677	0.896949	0.592369	G4526
2	0.045983	0.597500	0.063267	0.605192	Turn
2	0.065146	0.597500	0.083467	0.605192	Light
2	0.115160	0.597507	0.127162	0.605199	362
2	0.137585	0.595676	0.151966	0.602974	24V
2	0.155199	0.595676	0.159176	0.602974	к
2	0.162409	0.595676	0.189553	0.602974	левому
2	0.192786	0.595676	0.232954	0.602974	указателю
2	0.236186	0.595676	0.275414	0.602974	поворота,
2	0.278647	0.595676	0.282542	0.602974	в
2	0.285775	0.595676	0.293865	0.602974	то
2	0.297097	0.595676	0.306836	0.602974	же
2	0.310069	0.595676	0.333392	0.602974	время
2	0.336624	0.595676	0.354073	0.602974	CAN
2	0.357305	0.595676	0.393764	0.602974	посылает
2	0.396996	0.595676	0.423185	0.602974	сигнал
2	0.426418	0.595676	0.452279	0.602974	левого
2	0.455511	0.595676	0.492037	0.602974	поворота
2	0.495270	0.595676	0.503874	0.602974	на
2	0.507107	0.595676	0.551663	0.602974	приборную
2	0.554896	0.595676	0.584495	0.602974	панель,
2	0.587728	0.595676	0.611819	0.602974	левый
2	0.615052	0.595676	0.653235	0.602974	указатель
2	0.656468	0.595676	0.692993	0.602974	поворота
2	0.696226	0.595676	0.741233	0.602974	загорается.
2	0.786151	0.592657	0.797509	0.600349	RR
2	0.799525	0.592657	0.821007	0.600349	Width
2	0.822886	0.592657	0.841207	0.600349	Light
2	0.045983	0.606482	0.070547	0.614175	Hazard
2	0.072638	0.606482	0.090952	0.614175	Light
2	0.115160	0.606483	0.127162	0.614176	363
2	0.137585	0.604297	0.719142	0.611989	注：转向开关在右转向位置，CBCU-C-17输入低电位，此时CBCU-F-11有24V高电位输出送到右转向灯，同时CAN发送右转向信号到组合仪表，右转向指示灯亮起。
2	0.034689	0.619033	0.038456	0.624408	B
2	0.115160	0.615321	0.127162	0.623013	364
2	0.137585	0.613035	0.189261	0.620333	Примечание:
2	0.192494	0.613035	0.226616	0.620333	нажмите
2	0.229849	0.613035	0.274255	0.620333	аварийный
2	0.277488	0.613035	0.332836	0.620333	выключатель,
2	0.336069	0.613035	0.368691	0.620333	входной
2	0.371924	0.613035	0.398113	0.620333	сигнал
2	0.401345	0.613035	0.445692	0.620333	CBCU-C-18
2	0.448925	0.613035	0.452074	0.620333	с
2	0.455307	0.613035	0.484398	0.620333	низким
2	0.487631	0.613035	0.542271	0.620333	потенциалом,
2	0.545503	0.613035	0.549399	0.620333	в
2	0.552631	0.613035	0.564886	0.620333	это
2	0.568119	0.613035	0.591441	0.620333	время
2	0.594674	0.613035	0.627998	0.620333	I/O-F-07
2	0.631231	0.613035	0.635604	0.620333	и
2	0.638837	0.613035	0.672161	0.620333	I/O-F-11
2	0.675394	0.613035	0.714322	0.620333	посылают
2	0.717555	0.613035	0.743744	0.620333	сигнал
2	0.746976	0.613035	0.750125	0.620333	с
2	0.946487	0.619033	0.950254	0.624408	B
2	0.115160	0.624297	0.127162	0.631990	365
2	0.137585	0.621486	0.172132	0.628784	высоким
2	0.137585	0.629938	0.185410	0.637236	поворотные
2	0.175365	0.621486	0.227302	0.628784	потенциалом
2	0.188643	0.629938	0.237132	0.637236	индикаторы
2	0.230535	0.621486	0.244916	0.628784	24V
2	0.240364	0.629938	0.287854	0.637236	загораются.
2	0.248149	0.621486	0.256754	0.628784	на
2	0.259987	0.621486	0.284078	0.628784	левый
2	0.287310	0.621486	0.291683	0.628784	и
2	0.294916	0.621486	0.324664	0.628784	правый
2	0.327897	0.621486	0.375722	0.628784	поворотные
2	0.378955	0.621486	0.399770	0.628784	огни,
2	0.403003	0.621486	0.406898	0.628784	в
2	0.410131	0.621486	0.418221	0.628784	то
2	0.421453	0.621486	0.444776	0.628784	время
2	0.448009	0.621486	0.461054	0.628784	как
2	0.464287	0.621486	0.481735	0.628784	CAN
2	0.480403	0.627000	0.497687	0.634692	Turn
2	0.484968	0.621486	0.521426	0.628784	посылает
2	0.499566	0.627000	0.522042	0.634692	Switch
2	0.524659	0.621486	0.550843	0.628784	сигнал
2	0.554075	0.621486	0.584892	0.628784	тревоги
2	0.588124	0.621486	0.596729	0.628784	на
2	0.599962	0.621486	0.626859	0.628784	панель
2	0.630092	0.621486	0.670835	0.628784	приборов,
2	0.674067	0.621486	0.698159	0.628784	левый
2	0.701391	0.621486	0.705764	0.628784	и
2	0.708997	0.621486	0.738745	0.628784	правый
2	0.115160	0.633135	0.127162	0.640827	366
2	0.157916	0.636736	0.193040	0.643442	CBCU-C-17
2	0.236571	0.635841	0.252609	0.643533	4316
2	0.491092	0.633558	0.495025	0.641251	3
2	0.504401	0.636265	0.508334	0.643958	2
2	0.115160	0.642111	0.127162	0.649804	367
2	0.157916	0.645714	0.193040	0.652421	CBCU-C-12
2	0.236571	0.644677	0.252609	0.652369	4315
2	0.874689	0.640259	0.896949	0.647951	G4301
2	0.115160	0.650949	0.127162	0.658641	368
2	0.491092	0.648810	0.495025	0.656502	1
2	0.115160	0.659925	0.127162	0.667618	369
2	0.476773	0.659926	0.501284	0.667619	Hazard
2	0.503376	0.659926	0.525862	0.667619	Switch
2	0.115160	0.668763	0.127162	0.676455	370
2	0.157916	0.670227	0.193040	0.676934	CBCU-C-18
2	0.236571	0.669190	0.252609	0.676882	4302
2	0.489882	0.668059	0.492706	0.673434	5
2	0.504403	0.668059	0.507227	0.673434	1
2	0.874689	0.669189	0.896949	0.676882	G4302
2	0.115160	0.677744	0.127163	0.685436	371
2	0.115160	0.686581	0.127163	0.694274	372
2	0.257950	0.693815	0.280639	0.698746	X19X18-21
2	0.295664	0.693815	0.318353	0.698746	X17X16-21
2	0.333378	0.693815	0.356067	0.698746	X40X41-21
2	0.361008	0.688430	0.412739	0.696122	TB1A-FRAME
2	0.512471	0.693815	0.534141	0.698746	X56X57-G
2	0.825681	0.687860	0.841951	0.695552	Turn
2	0.843828	0.687860	0.857134	0.695552	Left
2	0.858948	0.687860	0.904134	0.695552	Light（S/S）
2	0.115160	0.695558	0.127163	0.703250	373
2	0.157916	0.696878	0.192234	0.703585	CBCU-F-07
2	0.236571	0.695983	0.252609	0.703676	4311
2	0.469109	0.696411	0.485147	0.704103	4412
2	0.874689	0.695983	0.897074	0.703676	G4416
2	0.115160	0.704395	0.127163	0.712088	374
2	0.115160	0.713372	0.127163	0.721064	375
2	0.469109	0.716363	0.485147	0.724056	4432
2	0.512471	0.713910	0.533581	0.718841	X42X43-T
2	0.610084	0.713910	0.631195	0.718841	X44X45-T
2	0.650824	0.713910	0.663025	0.718841	X48-1
2	0.662723	0.716363	0.674726	0.724056	668
2	0.681681	0.717209	0.697914	0.724652	Turn
2	0.699786	0.717209	0.712649	0.724652	Left
2	0.714659	0.717209	0.735151	0.724652	Signal
2	0.737161	0.717209	0.745729	0.724652	To
2	0.747639	0.717209	0.773107	0.724652	Camera
2	0.775017	0.717209	0.788459	0.724652	SYS
2	0.809345	0.707955	0.825382	0.715647	4417
2	0.827495	0.706670	0.843960	0.714362	Turn
2	0.845832	0.706670	0.859128	0.714362	Left
2	0.860939	0.706670	0.906151	0.714365	Light（S/S）
2	0.874688	0.713797	0.896948	0.721489	G4417
2	0.115160	0.722209	0.127163	0.729902	376
2	0.115160	0.731047	0.127163	0.738739	377
2	0.512471	0.733862	0.533859	0.738793	X94X95-C
2	0.816200	0.728049	0.832470	0.735741	Turn
2	0.834562	0.728049	0.847865	0.735741	Left
2	0.849480	0.728049	0.904134	0.735742	Light（Dump）
2	0.469109	0.736458	0.485147	0.744151	4417
2	0.874689	0.736031	0.897074	0.743723	G4417
2	0.115160	0.740023	0.127163	0.747716	378
2	0.115160	0.748861	0.127163	0.756553	379
2	0.115160	0.757837	0.127163	0.765530	380
2	0.257950	0.765074	0.280639	0.770005	X19X18-22
2	0.295664	0.765074	0.318353	0.770005	X17X16-22
2	0.333378	0.765074	0.356067	0.770005	X40X41-22
2	0.361008	0.759546	0.412307	0.767239	TB1B-FRAME
2	0.512471	0.765074	0.533581	0.770005	X56X57-E
2	0.818218	0.759119	0.834489	0.766811	Turn
2	0.836367	0.759119	0.855351	0.766811	Right
2	0.857167	0.759119	0.902319	0.766811	Light（S/S）
2	0.115160	0.766675	0.127163	0.774367	381
2	0.157916	0.768137	0.192234	0.774844	CBCU-F-11
2	0.236571	0.767242	0.252609	0.774935	4312
2	0.469112	0.767667	0.485150	0.775359	4411
2	0.874689	0.767242	0.897074	0.774935	G4419
2	0.115160	0.775651	0.127163	0.783344	382
2	0.115160	0.784489	0.127163	0.792181	383
2	0.469112	0.787621	0.485150	0.795313	4433
2	0.512471	0.785026	0.533859	0.789957	X42X43-U
2	0.610084	0.785026	0.631472	0.789957	X44X45-U
2	0.650824	0.785026	0.663025	0.789957	X48-2
2	0.662723	0.787622	0.674726	0.795315	669
2	0.682286	0.787898	0.698519	0.795341	Turn
2	0.700391	0.787898	0.713254	0.795341	Left
2	0.715264	0.787898	0.735756	0.795341	Signal
2	0.737766	0.787898	0.746334	0.795341	To
2	0.748244	0.787898	0.773712	0.795341	Camera
2	0.775622	0.787898	0.789064	0.795341	SYS
2	0.808134	0.779214	0.824172	0.786906	4414
2	0.827496	0.777788	0.843968	0.785481	Turn
2	0.845845	0.777788	0.864829	0.785481	Right
2	0.866646	0.777788	0.911798	0.785481	Light（S/S）
2	0.874689	0.784914	0.897074	0.792607	G4414
2	0.115160	0.793465	0.127163	0.801158	384
2	0.115160	0.802303	0.127163	0.809995	385
2	0.512471	0.805121	0.533581	0.810052	X94X95-B
2	0.811160	0.799166	0.827430	0.806859	Turn
2	0.829522	0.799166	0.848506	0.806859	Right
2	0.850322	0.799166	0.904740	0.806859	Light（Dump）
2	0.469112	0.807714	0.485150	0.815406	4414
2	0.874689	0.807290	0.897074	0.814982	G4414
2	0.115160	0.811279	0.127163	0.818972	386
2	0.115160	0.820117	0.127163	0.827809	387
2	0.367224	0.822324	0.416883	0.829622	Примечание:
2	0.419712	0.822324	0.440347	0.829622	когда
2	0.443176	0.822324	0.500449	0.829622	переключатель
2	0.503278	0.822324	0.571662	0.829622	противотуманной
2	0.574492	0.822324	0.594724	0.829622	фары
2	0.597553	0.822324	0.626764	0.829622	закрыт,
2	0.629593	0.822324	0.672326	0.829622	CBCU-C-20
2	0.675156	0.822324	0.696649	0.829622	имеет
2	0.699479	0.822324	0.716464	0.829622	вход
2	0.719294	0.822324	0.744474	0.829622	сигнал
2	0.747304	0.822324	0.750453	0.829622	с
2	0.753282	0.822324	0.786619	0.829622	высоким
2	0.789449	0.822324	0.839369	0.829622	потенциалом
2	0.842199	0.822324	0.858677	0.829622	24V,
2	0.861506	0.822324	0.878551	0.829622	CAN
2	0.881381	0.822324	0.916427	0.829622	посылает
2	0.919257	0.822324	0.944437	0.829622	сигнал
2	0.115160	0.829093	0.127163	0.836786	388
2	0.367118	0.828651	0.435502	0.835949	противотуманной
2	0.438332	0.828651	0.458563	0.835949	фары
2	0.461393	0.828651	0.469796	0.835949	на
2	0.472625	0.828651	0.498514	0.835949	панель
2	0.501344	0.828651	0.581565	0.835949	приборов,индикатор
2	0.584395	0.828651	0.652779	0.835949	противотуманной
2	0.655608	0.828651	0.675840	0.835949	фары
2	0.678670	0.828651	0.721673	0.835949	загорается.
2	0.770420	0.832698	0.805545	0.839404	CBCU-C-20
2	0.115160	0.837931	0.127163	0.845623	389
2	0.034689	0.858178	0.038766	0.863553	A
2	0.045983	0.855746	0.058390	0.863438	Fog
2	0.060510	0.855746	0.078837	0.863438	Light
2	0.115160	0.846907	0.127163	0.854600	390
2	0.115160	0.855745	0.127163	0.863437	391
2	0.115160	0.864721	0.127163	0.872414	392
2	0.159731	0.854463	0.171734	0.862156	250
2	0.236571	0.854036	0.252609	0.861728	6101
2	0.472939	0.845059	0.485342	0.852752	Fog
2	0.487460	0.845059	0.505781	0.852752	Light
2	0.489882	0.853150	0.492403	0.858081	1
2	0.505008	0.853150	0.507529	0.858081	5
2	0.507797	0.845059	0.530274	0.852752	Switch
2	0.515697	0.860703	0.538386	0.865634	X39X38-12
2	0.572370	0.851867	0.595059	0.856798	X19X18-37
2	0.584269	0.863299	0.596272	0.870992	257
2	0.610084	0.851867	0.632773	0.856798	X17X16-37
2	0.650824	0.854034	0.666861	0.861727	4511
2	0.650824	0.862872	0.666861	0.870564	4512
2	0.674824	0.843347	0.687227	0.851039	Fog
2	0.687330	0.852184	0.695296	0.859877	86
2	0.687330	0.861161	0.695296	0.868853	30
2	0.689344	0.843347	0.707665	0.851039	Light
2	0.704269	0.852183	0.712235	0.859875	85
2	0.704269	0.861159	0.712235	0.868852	87
2	0.709682	0.843347	0.728741	0.851039	Relay
2	0.735731	0.860703	0.758420	0.865634	X40X41-32
2	0.767193	0.860703	0.788864	0.865634	X62X63-K
2	0.823866	0.862872	0.839903	0.870564	4513
2	0.874692	0.854033	0.897077	0.861726	G4511
2	0.874695	0.862872	0.896955	0.870564	G4513
2	0.946487	0.858178	0.950564	0.863553	A
2	0.115160	0.873559	0.127163	0.881251	393
2	0.845849	0.871280	0.858255	0.878973	Fog
2	0.860376	0.871280	0.878703	0.878973	Light
2	0.115160	0.882535	0.127163	0.890228	394
2	0.824471	0.881114	0.840508	0.888806	4514
2	0.874693	0.880686	0.896952	0.888378	G4514
2	0.115160	0.891373	0.127163	0.899065	395
2	0.725042	0.933427	0.735421	0.938802	Title
2	0.749647	0.933757	0.816617	0.947169	NTE200AC
2	0.819836	0.933757	0.843040	0.947169	24V
2	0.846038	0.933757	0.928683	0.947169	SCHEMATIC
2	0.725042	0.946680	0.734407	0.952055	Size
2	0.756502	0.946680	0.774315	0.952055	Number
2	0.882352	0.946680	0.901332	0.952055	Revision
2	0.728266	0.953380	0.734921	0.958755	A4
2	0.904336	0.949229	0.933734	0.959980	Russia
2	0.725042	0.960080	0.736898	0.965455	Date:
2	0.753278	0.960080	0.782881	0.965455	30-Mar-2019
2	0.850892	0.960080	0.863151	0.965455	Sheet
2	0.864605	0.960157	0.867429	0.965679	3
2	0.868842	0.960080	0.873546	0.965455	of
2	0.874689	0.960157	0.880336	0.965679	10
2	0.725042	0.964497	0.735076	0.969872	File:
2	0.753269	0.964497	0.810351	0.969872	E:\NTE200AC俄罗斯.ddb
2	0.850892	0.964497	0.865637	0.969872	Drawn
2	0.867049	0.964497	0.874871	0.969872	By:
2	0.887193	0.964575	0.918397	0.970097	CHAIJIANG
2	0.144605	0.971194	0.147429	0.976569	1
2	0.375529	0.971194	0.378353	0.976569	2
2	0.606252	0.971194	0.609076	0.976569	3
2	0.836974	0.971194	0.839797	0.976569	4
3	0.144605	0.023023	0.147429	0.028398	1
3	0.375529	0.023023	0.378353	0.028398	2
3	0.606252	0.023023	0.609076	0.028398	3
3	0.836974	0.023020	0.839797	0.028396	4
3	0.901109	0.043252	0.918687	0.050944	GND
3	0.111933	0.054368	0.123936	0.062061	401
3	0.111933	0.063345	0.123936	0.071037	402
3	0.034691	0.083024	0.038768	0.088400	H
3	0.045986	0.081163	0.070860	0.088855	Ladder
3	0.072813	0.081163	0.091134	0.088855	Light
3	0.111933	0.072182	0.123936	0.079875	403
3	0.111933	0.081159	0.123936	0.088851	404
3	0.159731	0.079736	0.171734	0.087429	252
3	0.236571	0.079309	0.252609	0.087001	4401
3	0.270454	0.068620	0.294709	0.076312	Ladder
3	0.296254	0.068620	0.314596	0.076312	Light
3	0.304336	0.078993	0.306857	0.083924	5
3	0.313815	0.086119	0.316336	0.091050	7
3	0.314420	0.077710	0.316941	0.082641	1
3	0.316410	0.068620	0.370891	0.076312	Switch（CAB）
3	0.374924	0.074891	0.390962	0.082583	4427
3	0.374924	0.083869	0.390962	0.091562	4428
3	0.415059	0.072865	0.437748	0.077796	X39X38-14
3	0.415059	0.081701	0.437748	0.086632	X39X38-15
3	0.499966	0.072865	0.522655	0.077796	X19X18-24
3	0.499966	0.081701	0.522655	0.086632	X19X18-25
3	0.534454	0.072865	0.557143	0.077796	X17X16-24
3	0.534454	0.081701	0.557143	0.086632	X17X16-25
3	0.606857	0.072865	0.629546	0.077796	X40X41-24
3	0.606857	0.081701	0.629546	0.086632	X40X41-25
3	0.654050	0.072865	0.674319	0.077796	X62X63-1
3	0.654050	0.081701	0.674319	0.086632	X62X63-2
3	0.681681	0.069190	0.705945	0.076882	Ladder
3	0.707495	0.069190	0.725845	0.076882	Light
3	0.709916	0.078565	0.712437	0.083496	1
3	0.709916	0.084409	0.712437	0.089340	2
3	0.725042	0.079420	0.727563	0.084352	3
3	0.727663	0.069190	0.789782	0.076882	Switch（Ladder）
3	0.755294	0.079306	0.771332	0.086999	4429
3	0.835157	0.072751	0.860030	0.080443	Ladder
3	0.861983	0.072751	0.880304	0.080443	Light
3	0.874689	0.079309	0.896949	0.087001	G4429
3	0.946487	0.083022	0.950564	0.088397	H
3	0.111933	0.089991	0.123936	0.097683	405
3	0.821244	0.090995	0.837282	0.098688	4430
3	0.111933	0.098967	0.123936	0.106660	406
3	0.874689	0.097123	0.896949	0.104816	G4430
3	0.111933	0.107805	0.123936	0.115497	407
3	0.836974	0.104677	0.861847	0.112370	Ladder
3	0.863800	0.104677	0.882121	0.112370	Light
3	0.045979	0.123483	0.069413	0.131176	Engine
3	0.063727	0.130036	0.082048	0.137729	Light
3	0.071368	0.123483	0.095593	0.131176	Service
3	0.111933	0.116781	0.123936	0.124474	408
3	0.111933	0.125619	0.123936	0.133311	409
3	0.159731	0.126482	0.171734	0.134175	217
3	0.236571	0.126055	0.252609	0.133747	4442
3	0.259765	0.116791	0.283421	0.124483	Engine
3	0.284969	0.116791	0.308611	0.124483	Service
3	0.304336	0.125311	0.306857	0.130242	1
3	0.309958	0.116791	0.328305	0.124483	Light
3	0.319462	0.125311	0.321983	0.130242	5
3	0.330119	0.116791	0.392269	0.124483	Switch（Ladder）
3	0.374118	0.126055	0.390155	0.133747	4443
3	0.415059	0.124028	0.435328	0.128960	X63X62-6
3	0.654050	0.124028	0.675721	0.128960	X56X57-H
3	0.827492	0.119353	0.850922	0.127046	Engine
3	0.852875	0.119353	0.877096	0.127046	Service
3	0.874689	0.126055	0.896949	0.133747	G4443
3	0.879049	0.119353	0.897370	0.127046	Light
3	0.111933	0.134601	0.123936	0.142293	410
3	0.827496	0.137741	0.843534	0.145434	4444
3	0.111933	0.143433	0.123936	0.151125	411
3	0.874689	0.143869	0.896949	0.151562	G4444
3	0.111933	0.152409	0.123936	0.160102	412
3	0.111933	0.161247	0.123936	0.168939	413
3	0.270454	0.159546	0.297781	0.167239	Axlebox
3	0.299898	0.159546	0.324119	0.167239	Service
3	0.326072	0.159546	0.344393	0.167239	Light
3	0.346410	0.159546	0.368887	0.167239	Switch
3	0.826281	0.161251	0.853608	0.168944	Axlebox
3	0.855726	0.161251	0.879946	0.168944	Service
3	0.881899	0.161251	0.900220	0.168944	Light
3	0.045979	0.167949	0.073311	0.175641	Axlebox
3	0.075430	0.167949	0.099655	0.175641	Service
3	0.111933	0.170223	0.123936	0.177916	414
3	0.159731	0.168810	0.171734	0.176502	220
3	0.236571	0.168382	0.252609	0.176075	4440
3	0.304336	0.167639	0.306857	0.172570	1
3	0.319462	0.167639	0.321983	0.172570	5
3	0.374924	0.168382	0.396743	0.176075	4440A
3	0.874689	0.168382	0.896949	0.176075	G4440
3	0.063727	0.174646	0.082048	0.182339	Light
3	0.111933	0.179061	0.123936	0.186753	415
3	0.111933	0.188037	0.123936	0.195730	416
3	0.159045	0.191871	0.192047	0.197394	Примечание:
3	0.193272	0.191871	0.215042	0.197394	селектор
3	0.216267	0.191871	0.239392	0.197394	передачи
3	0.240617	0.191871	0.266351	0.197394	находится
3	0.267576	0.191871	0.270524	0.197394	в
3	0.271749	0.191871	0.300425	0.197394	положении
3	0.301651	0.191871	0.320585	0.197394	заднего
3	0.321811	0.191871	0.334409	0.197394	хода,
3	0.335635	0.191871	0.356732	0.197394	I/O-E-12
3	0.357958	0.191871	0.372392	0.197394	имеет
3	0.373617	0.191871	0.395765	0.197394	высокий
3	0.396990	0.191871	0.423582	0.197394	потенциал
3	0.424808	0.191871	0.434470	0.197394	24V
3	0.435695	0.191871	0.444442	0.197394	для
3	0.445668	0.191871	0.451569	0.197394	на
3	0.452794	0.191871	0.470176	0.197394	подачу
3	0.471402	0.191871	0.474411	0.197394	к
3	0.475637	0.191871	0.486502	0.197394	реле
3	0.487727	0.191871	0.506662	0.197394	заднего
3	0.507887	0.191871	0.528330	0.197394	фонаря,
3	0.529555	0.191871	0.532503	0.197394	в
3	0.533728	0.191871	0.539240	0.197394	то
3	0.540465	0.191871	0.555673	0.197394	время
3	0.556898	0.191871	0.565550	0.197394	как
3	0.566775	0.191871	0.592023	0.197394	выходной
3	0.593248	0.191871	0.610014	0.197394	сигнал
3	0.611240	0.191871	0.630174	0.197394	заднего
3	0.631400	0.191871	0.642564	0.197394	хода
3	0.643790	0.191871	0.665949	0.197394	подается
3	0.667174	0.191871	0.673075	0.197394	на
3	0.674301	0.191871	0.693659	0.197394	систему
3	0.694884	0.191871	0.703705	0.197394	GE.
3	0.034689	0.202453	0.038766	0.207828	G
3	0.045983	0.203584	0.072273	0.211277	Reverse
3	0.045986	0.194606	0.071136	0.202298	Backup
3	0.073230	0.194606	0.091551	0.202298	Light
3	0.074228	0.203584	0.092552	0.211277	Light
3	0.111933	0.196875	0.123936	0.204567	417
3	0.111933	0.205712	0.123936	0.213405	418
3	0.111933	0.214689	0.123936	0.222381	419
3	0.165378	0.207726	0.185148	0.213102	I/O-E-12
3	0.236571	0.206292	0.252609	0.213985	5123
3	0.291832	0.200876	0.313783	0.208569	TB1M
3	0.374118	0.206292	0.390155	0.213985	5123
3	0.408202	0.215556	0.420204	0.223248	254
3	0.471731	0.215128	0.487769	0.222821	5107
3	0.499966	0.197425	0.515899	0.202356	Backup
3	0.508235	0.204441	0.516202	0.212134	86
3	0.508235	0.213418	0.516202	0.221111	30
3	0.516928	0.197425	0.528277	0.202356	Light
3	0.525176	0.204439	0.533143	0.212132	85
3	0.525176	0.213416	0.533143	0.221108	87
3	0.529407	0.197425	0.541417	0.202356	Relay
3	0.565919	0.215130	0.581957	0.222822	4430
3	0.606857	0.212960	0.629546	0.217891	X40X41-26
3	0.653445	0.209855	0.705176	0.217548	TB3D-FRAME
3	0.720000	0.215128	0.736038	0.222821	4431
3	0.748235	0.212960	0.769623	0.217891	X42X43-V
3	0.782924	0.212960	0.804313	0.217891	X44X45-V
3	0.811160	0.212960	0.823361	0.217891	X48-3
3	0.823059	0.215556	0.835062	0.223248	671
3	0.874689	0.206293	0.896948	0.213985	G5123
3	0.946487	0.202453	0.950564	0.207828	G
3	0.111933	0.223526	0.123936	0.231219	420
3	0.803092	0.222530	0.827909	0.229972	Reverse
3	0.829864	0.222530	0.850376	0.229972	Signal
3	0.852394	0.222530	0.860966	0.229972	To
3	0.862884	0.222530	0.888371	0.229972	Camera
3	0.890289	0.222530	0.903740	0.229972	SYS
3	0.111933	0.232508	0.123936	0.240201	421
3	0.111933	0.241346	0.123936	0.249038	422
3	0.374118	0.239642	0.390155	0.247334	1408
3	0.415059	0.237473	0.435610	0.242404	X75X76-p
3	0.496134	0.240069	0.526113	0.247761	CNX4-H
3	0.533244	0.240347	0.558061	0.247789	Reverse
3	0.560015	0.240347	0.580528	0.247789	Signal
3	0.582546	0.240347	0.591118	0.247789	To
3	0.593036	0.240347	0.603728	0.247789	GE
3	0.605513	0.240347	0.618964	0.247789	SYS
3	0.720004	0.237363	0.736042	0.245055	4430
3	0.770420	0.235335	0.791531	0.240266	X94X95-E
3	0.874689	0.237361	0.896949	0.245053	G4430
3	0.111933	0.250322	0.123936	0.258015	423
3	0.146187	0.253273	0.189796	0.260571	Примечание:
3	0.191415	0.253273	0.210809	0.260571	Когда
3	0.212428	0.253273	0.262440	0.260571	переключатель
3	0.264059	0.253273	0.323122	0.260571	стеклоочистителя
3	0.324742	0.253273	0.358747	0.260571	находится
3	0.360366	0.253273	0.364261	0.260571	в
3	0.365881	0.253273	0.410706	0.260571	прерывистом
3	0.412325	0.253273	0.452114	0.260571	положении,
3	0.453733	0.253273	0.466501	0.260571	24V
3	0.468120	0.253273	0.497387	0.260571	высокий
3	0.499006	0.253273	0.534145	0.260571	потенциал
3	0.535765	0.253273	0.568382	0.260571	поступает
3	0.570001	0.253273	0.577799	0.260571	на
3	0.579418	0.253273	0.616110	0.260571	CBCU-D-9,
3	0.617729	0.253273	0.654212	0.260571	замыкание
3	0.655831	0.253273	0.670755	0.260571	5116
3	0.672375	0.253273	0.709842	0.260571	отправляет
3	0.711462	0.253273	0.733617	0.260571	сигнал
3	0.735236	0.253273	0.748004	0.260571	24V
3	0.749623	0.253273	0.776524	0.260571	обратно
3	0.778144	0.253273	0.785942	0.260571	на
3	0.787561	0.253273	0.820275	0.260571	двигатель
3	0.824471	0.248905	0.840603	0.256597	4437
3	0.843227	0.246767	0.868376	0.254460	Backup
3	0.870470	0.246767	0.888791	0.254460	Light
3	0.874689	0.255176	0.897074	0.262868	G4437
3	0.111933	0.259160	0.123936	0.266853	424
3	0.263008	0.261655	0.323967	0.268953	стеклоочистителя,
3	0.325586	0.261655	0.329481	0.268953	в
3	0.331101	0.261655	0.341742	0.268953	это
3	0.343361	0.261655	0.363457	0.268953	время
3	0.365076	0.261655	0.402678	0.268953	CBCU-B-21
3	0.404297	0.261655	0.435109	0.268953	посылает
3	0.436728	0.261655	0.449496	0.268953	24V
3	0.451115	0.261655	0.480382	0.268953	высокий
3	0.482001	0.261655	0.517140	0.268953	потенциал
3	0.518760	0.261655	0.526558	0.268953	на
3	0.528177	0.261655	0.555944	0.268953	катушку
3	0.557563	0.261655	0.571920	0.268953	реле
3	0.573540	0.261655	0.609321	0.268953	медленной
3	0.610940	0.261655	0.640871	0.268953	скорости
3	0.642490	0.261655	0.703449	0.268953	стеклоочистителя.
3	0.111933	0.268136	0.123936	0.275829	425
3	0.140738	0.270037	0.184347	0.277335	Примечание:
3	0.185966	0.270037	0.235978	0.277335	переключатель
3	0.237597	0.270037	0.296660	0.277335	стеклоочистителя
3	0.298279	0.270037	0.332285	0.277335	находится
3	0.333904	0.270037	0.337799	0.277335	в
3	0.339418	0.270037	0.375640	0.277335	медленном
3	0.377259	0.270037	0.417048	0.277335	положении,
3	0.418667	0.270037	0.431435	0.277335	24V
3	0.433054	0.270037	0.462321	0.277335	высокий
3	0.463940	0.270037	0.499079	0.277335	потенциал
3	0.500699	0.270037	0.519645	0.277335	ввода
3	0.521264	0.270037	0.553882	0.277335	поступает
3	0.555501	0.270037	0.563299	0.277335	на
3	0.564918	0.270037	0.601610	0.277335	CBCU-D-8,
3	0.603229	0.270037	0.643793	0.277335	размыкание
3	0.645413	0.270037	0.660337	0.277335	5116
3	0.661956	0.270037	0.692768	0.277335	посылает
3	0.694387	0.270037	0.702185	0.277335	на
3	0.703804	0.270037	0.736518	0.277335	двигатель
3	0.738138	0.270037	0.797201	0.277335	стеклоочистителя
3	0.798820	0.270037	0.825721	0.277335	обратно
3	0.824471	0.266720	0.840603	0.274412	4434
3	0.845240	0.267716	0.870390	0.275408	Backup
3	0.872483	0.267716	0.889960	0.275408	Hron
3	0.874689	0.272990	0.897074	0.280683	G4434
3	0.111933	0.276974	0.123936	0.284667	426
3	0.264834	0.278420	0.279497	0.285718	24V,
3	0.281116	0.278420	0.285011	0.285718	в
3	0.286631	0.278420	0.297272	0.285718	это
3	0.298891	0.278420	0.318987	0.285718	время
3	0.320606	0.278420	0.358208	0.285718	CBCU-B-21
3	0.359827	0.278420	0.400854	0.285718	непрерывно
3	0.402474	0.278420	0.433285	0.285718	посылает
3	0.434904	0.278420	0.447672	0.285718	24V
3	0.449291	0.278420	0.478558	0.285718	высокий
3	0.480177	0.278420	0.515317	0.285718	потенциал
3	0.516936	0.278420	0.524734	0.285718	на
3	0.526353	0.278420	0.554120	0.285718	катушку
3	0.555739	0.278420	0.570096	0.285718	реле
3	0.571716	0.278420	0.607497	0.285718	медленной
3	0.609116	0.278420	0.639047	0.285718	скорости
3	0.640666	0.278420	0.701625	0.285718	стеклоочистителя.
3	0.111933	0.285951	0.123936	0.293643	427
3	0.111933	0.294788	0.123936	0.302481	428
3	0.490487	0.291660	0.516772	0.299353	Reverse
3	0.518725	0.291660	0.537047	0.299353	Light
3	0.539063	0.291660	0.558122	0.299353	Relay
3	0.111933	0.303765	0.123936	0.311457	429
3	0.111933	0.312602	0.123936	0.320295	430
3	0.374118	0.301921	0.390155	0.309614	4445
3	0.408202	0.311328	0.420204	0.319020	255
3	0.471731	0.310900	0.487863	0.318593	4455
3	0.508238	0.300212	0.516204	0.307905	86
3	0.508238	0.309050	0.516204	0.316743	30
3	0.525176	0.300211	0.533143	0.307904	85
3	0.525176	0.309049	0.533143	0.316741	87
3	0.565921	0.310900	0.582053	0.318593	4435
3	0.606857	0.308732	0.629546	0.313663	X40X41-31
3	0.654050	0.308732	0.675439	0.313663	X56X57-A
3	0.874689	0.310900	0.897074	0.318593	G4430
3	0.874689	0.301922	0.897075	0.309614	G4445
3	0.035294	0.321741	0.038434	0.327116	F
3	0.045983	0.323727	0.063436	0.331419	Horn
3	0.065317	0.323727	0.071869	0.331419	&
3	0.073789	0.323727	0.099640	0.331419	Wipper
3	0.111933	0.321584	0.123936	0.329277	431
3	0.133666	0.326784	0.183325	0.334082	Примечание:
3	0.186154	0.326784	0.206790	0.334082	когда
3	0.209619	0.326784	0.266891	0.334082	переключатель
3	0.269721	0.326784	0.337859	0.334082	стеклоочистителя
3	0.340689	0.326784	0.379534	0.334082	находится
3	0.382364	0.326784	0.386259	0.334082	в
3	0.389088	0.326784	0.431822	0.334082	положении
3	0.434651	0.326784	0.476385	0.334082	остановки,
3	0.479214	0.326784	0.520537	0.334082	замыкание
3	0.523367	0.326784	0.542607	0.334082	5116,
3	0.545436	0.326784	0.580483	0.334082	посылает
3	0.585536	0.326784	0.599510	0.334082	24V
3	0.602340	0.326784	0.610743	0.334082	на
3	0.613572	0.326784	0.643036	0.334082	возврат
3	0.645866	0.326784	0.683719	0.334082	двигателя
3	0.686548	0.326784	0.757187	0.334082	стеклоочистителя,
3	0.760017	0.326784	0.763912	0.334082	в
3	0.766741	0.326784	0.778593	0.334082	это
3	0.781422	0.326784	0.803938	0.334082	время
3	0.837580	0.318454	0.863870	0.326146	Reverse
3	0.865824	0.318454	0.884148	0.326146	Light
3	0.947092	0.321741	0.950232	0.327116	F
3	0.111933	0.330422	0.123936	0.338114	432
3	0.133558	0.335167	0.201398	0.342465	стеклоочиститель
3	0.204228	0.335167	0.208123	0.342465	в
3	0.210952	0.335167	0.245484	0.342465	исходное
3	0.248313	0.335167	0.292435	0.342465	положение.
3	0.111933	0.339398	0.123936	0.347091	433
3	0.133666	0.343549	0.183325	0.350847	Примечание:
3	0.186154	0.343549	0.206790	0.350847	когда
3	0.209619	0.343549	0.266891	0.350847	переключатель
3	0.269721	0.343549	0.337859	0.350847	стеклоочистителя
3	0.340689	0.343549	0.379534	0.350847	находится
3	0.382364	0.343549	0.386259	0.350847	в
3	0.389088	0.343549	0.461212	0.350847	высокоскоростном
3	0.464041	0.343549	0.509275	0.350847	положении,
3	0.512104	0.343549	0.547494	0.350847	замыкает
3	0.550324	0.343549	0.569564	0.350847	5111,
3	0.572393	0.343549	0.607440	0.350847	посылает
3	0.610269	0.343549	0.624247	0.350847	24V
3	0.627076	0.343549	0.635479	0.350847	на
3	0.638309	0.343549	0.675863	0.350847	двигатель
3	0.678693	0.343549	0.746832	0.350847	стеклоочистителя
3	0.749661	0.343549	0.783013	0.350847	высокую
3	0.785842	0.343549	0.821882	0.350847	скорость,
3	0.874689	0.344249	0.896949	0.351942	G5119
3	0.111933	0.348236	0.123936	0.355928	434
3	0.111933	0.357212	0.123936	0.364905	435
3	0.111933	0.366050	0.123936	0.373742	436
3	0.111933	0.375026	0.123936	0.382719	437
3	0.111933	0.383858	0.123936	0.391551	438
3	0.133558	0.351932	0.201398	0.359230	стеклоочиститель
3	0.159731	0.371470	0.171734	0.379163	223
3	0.204228	0.351932	0.243073	0.359230	находится
3	0.236571	0.370900	0.252609	0.378593	5103
3	0.245903	0.351932	0.249798	0.359230	в
3	0.252627	0.351932	0.324751	0.359230	высокоскоростном
3	0.287997	0.362922	0.305450	0.370614	Horn
3	0.303731	0.371012	0.308955	0.375943	1b
3	0.307330	0.362922	0.313882	0.370614	&
3	0.315802	0.362922	0.341653	0.370614	Wipper
3	0.327580	0.351932	0.358567	0.359230	режиме.
3	0.335193	0.370584	0.340417	0.375515	6b
3	0.335193	0.379135	0.340417	0.384067	2b
3	0.343608	0.362922	0.366088	0.370614	Switch
3	0.374118	0.370900	0.390155	0.378593	5114
3	0.374118	0.379879	0.390155	0.387571	5117
3	0.408202	0.362492	0.420204	0.370184	253
3	0.415059	0.368874	0.437748	0.373805	X19X18-34
3	0.415059	0.377710	0.437748	0.382641	X19X18-27
3	0.449748	0.368874	0.472437	0.373805	X17X16-34
3	0.449748	0.377710	0.472437	0.382641	X17X16-27
3	0.471731	0.362064	0.487769	0.369757	5106
3	0.503801	0.352228	0.521285	0.359921	Horn
3	0.508235	0.360211	0.516202	0.367904	30
3	0.508235	0.369188	0.516202	0.376880	86
3	0.523166	0.352228	0.542228	0.359921	Relay
3	0.525176	0.360213	0.533143	0.367906	87
3	0.525176	0.369190	0.533143	0.376882	85
3	0.565916	0.362064	0.581954	0.369757	5118
3	0.606857	0.359896	0.629546	0.364827	X40X41-37
3	0.606857	0.377710	0.629546	0.382641	X40X41-27
3	0.654050	0.359896	0.675439	0.364827	X56X57-D
3	0.654050	0.377710	0.675161	0.382641	X56X57-B
3	0.824471	0.351375	0.840508	0.359068	5119
3	0.847664	0.354938	0.865146	0.362631	Horn
3	0.854521	0.382587	0.861946	0.390279	M
3	0.874688	0.370898	0.896948	0.378590	G5114
3	0.874689	0.362064	0.896949	0.369757	G5118
3	0.874689	0.379879	0.897074	0.387571	G5117
3	0.111933	0.392696	0.123936	0.400388	439
3	0.111933	0.401678	0.123936	0.409370	440
3	0.335193	0.390252	0.340417	0.395183	3b
3	0.335193	0.396950	0.340417	0.401881	4b
3	0.335193	0.404076	0.340134	0.409007	4a
3	0.374118	0.390995	0.390155	0.398688	5113
3	0.374118	0.397693	0.390155	0.405386	5112
3	0.374118	0.404390	0.390155	0.412083	5111
3	0.498756	0.392429	0.523766	0.397805	CBCU-D-9
3	0.498756	0.399128	0.523771	0.404503	CBCU-D-8
3	0.536471	0.399128	0.552872	0.404503	Wipper
3	0.536471	0.392429	0.552873	0.397805	Wipper
3	0.554197	0.399128	0.564325	0.404503	Low
3	0.554198	0.392429	0.570873	0.397805	Interval
3	0.565491	0.399128	0.577145	0.404503	Input
3	0.572328	0.392429	0.583982	0.397805	Input
3	0.578600	0.399128	0.592271	0.404503	Signal
3	0.585437	0.392429	0.599108	0.397805	Signal
3	0.593727	0.399128	0.599777	0.404503	To
3	0.600563	0.392429	0.606613	0.397805	To
3	0.601189	0.399128	0.616157	0.404503	CBCU
3	0.608025	0.392429	0.622994	0.397805	CBCU
3	0.716975	0.402223	0.731597	0.407154	X30-15
3	0.745210	0.404392	0.766153	0.412084	yellow
3	0.833748	0.388715	0.863061	0.396407	Washing
3	0.865178	0.388715	0.884896	0.396407	Pump
3	0.111933	0.410510	0.123936	0.418202	441
3	0.111933	0.419486	0.123936	0.427179	442
3	0.159741	0.413228	0.171744	0.420920	209
3	0.236571	0.413228	0.252609	0.420920	4101
3	0.304941	0.413340	0.309882	0.418271	8a
3	0.335193	0.412485	0.340417	0.417416	5b
3	0.374118	0.413228	0.390250	0.420920	5116
3	0.840804	0.415934	0.866651	0.423627	Wipper
3	0.868604	0.415934	0.889451	0.423627	Motor
3	0.111933	0.428324	0.123936	0.436016	443
3	0.489880	0.428332	0.515727	0.436025	Wipper
3	0.517680	0.428332	0.532235	0.436025	Low
3	0.534018	0.428332	0.553077	0.436025	Relay
3	0.716975	0.428874	0.729176	0.433805	X30-2
3	0.745210	0.431043	0.763906	0.438736	green
3	0.035294	0.441028	0.038744	0.446403	E
3	0.111933	0.437300	0.123936	0.444993	444
3	0.111933	0.446132	0.123936	0.453825	445
3	0.198051	0.449728	0.217491	0.456216	Wipper
3	0.218863	0.449728	0.230703	0.456216	Low
3	0.231983	0.449728	0.250825	0.456216	Output
3	0.252363	0.449728	0.269611	0.456216	Signal
3	0.271148	0.449728	0.286374	0.456216	From
3	0.287499	0.449728	0.305165	0.456216	CBCU
3	0.306446	0.449728	0.313911	0.456216	To
3	0.315328	0.449728	0.330485	0.456216	Relay
3	0.339630	0.449752	0.374351	0.456459	CBCU-B-21
3	0.408202	0.440449	0.420204	0.448141	235
3	0.415059	0.446689	0.437748	0.451620	X19X18-32
3	0.449748	0.446689	0.472437	0.451620	X17X16-32
3	0.471731	0.440021	0.487769	0.447714	5126
3	0.471731	0.448857	0.487769	0.456550	5125
3	0.508235	0.438169	0.516201	0.445862	30
3	0.508235	0.447145	0.516201	0.454838	86
3	0.525176	0.438171	0.533143	0.445863	87
3	0.525176	0.447147	0.533143	0.454840	85
3	0.565916	0.440021	0.581954	0.447714	5127
3	0.618760	0.449284	0.630825	0.456976	286
3	0.666555	0.448857	0.682687	0.456550	5104
3	0.716975	0.437853	0.729176	0.442784	X30-1
3	0.716975	0.446689	0.729176	0.451620	X30-3
3	0.748238	0.440020	0.762591	0.447712	blue
3	0.748238	0.448857	0.759470	0.456550	red
3	0.859563	0.443166	0.864583	0.448541	M
3	0.947092	0.441028	0.950543	0.446403	E
3	0.111933	0.455109	0.123936	0.462801	446
3	0.111933	0.463946	0.123936	0.471639	447
3	0.874689	0.462254	0.896949	0.469947	G5125
3	0.045983	0.475081	0.069615	0.482773	Mirror
3	0.071570	0.475081	0.087528	0.482773	Heat
3	0.111933	0.472923	0.123936	0.480615	448
3	0.159018	0.475025	0.202627	0.482324	Примечание:
3	0.204247	0.475025	0.248826	0.482324	выключатель
3	0.250445	0.475025	0.279898	0.482324	обогрева
3	0.281518	0.475025	0.306747	0.482324	зеркала
3	0.308367	0.475025	0.333947	0.482324	закрыт,
3	0.335566	0.475025	0.343364	0.482324	на
3	0.344984	0.475025	0.382877	0.482324	CBCU-C-19
3	0.384496	0.475025	0.417113	0.482324	поступает
3	0.418732	0.475025	0.431500	0.482324	24V
3	0.433119	0.475025	0.436269	0.482324	с
3	0.437888	0.475025	0.467595	0.482324	высоким
3	0.469214	0.475025	0.513084	0.482324	потенциалом
3	0.514703	0.475025	0.516599	0.482324	,
3	0.518218	0.475025	0.536605	0.482324	после
3	0.538224	0.475025	0.541373	0.482324	с
3	0.542993	0.475025	0.578714	0.482324	задержкой
3	0.580333	0.475025	0.584229	0.482324	в
3	0.585848	0.475025	0.589579	0.482324	4
3	0.591198	0.475025	0.620614	0.482324	секунды,
3	0.622233	0.475025	0.625054	0.482324	I
3	0.626673	0.475025	0.629113	0.482324	/
3	0.630733	0.475025	0.650037	0.482324	O-B-6
3	0.651657	0.475025	0.682468	0.482324	посылает
3	0.684087	0.475025	0.696855	0.482324	24V
3	0.698474	0.475025	0.701623	0.482324	с
3	0.703243	0.475025	0.732950	0.482324	высоким
3	0.734569	0.475025	0.778439	0.482324	потенциалом
3	0.780058	0.475025	0.787856	0.482324	на
3	0.789476	0.475025	0.817242	0.482324	катушку
3	0.818862	0.475025	0.833219	0.482324	реле
3	0.834838	0.475025	0.864291	0.482324	обогрева
3	0.865911	0.475025	0.893036	0.482324	зеркала.
3	0.111933	0.481760	0.123936	0.489453	449
3	0.283563	0.486767	0.299495	0.494460	Heat
3	0.301512	0.486767	0.325154	0.494460	Mirror
3	0.327107	0.486767	0.349583	0.494460	Switch
3	0.111933	0.490742	0.123936	0.498435	450
3	0.111933	0.499574	0.123936	0.507267	451
3	0.159741	0.495603	0.171744	0.503296	270
3	0.236571	0.495603	0.252609	0.503296	5801
3	0.304336	0.494860	0.306857	0.499791	1
3	0.319462	0.494860	0.321983	0.499791	5
3	0.374118	0.495603	0.390155	0.503296	5802
3	0.405580	0.496498	0.440704	0.503205	CBCU-C-19
3	0.446521	0.496307	0.462044	0.503749	Heat
3	0.464061	0.496307	0.486047	0.503749	Mirror
3	0.488029	0.496307	0.505544	0.503749	Input
3	0.507561	0.496307	0.528069	0.503749	Signal
3	0.530086	0.496307	0.538657	0.503749	To
3	0.540573	0.496307	0.561377	0.503749	CBCU
3	0.606857	0.502413	0.629546	0.507344	X40X41-57
3	0.654050	0.502413	0.675161	0.507344	X56X57-T
3	0.826890	0.499163	0.857951	0.506855	L/Mirror
3	0.859904	0.499163	0.882781	0.506855	Heater
3	0.111933	0.508551	0.123936	0.516243	452
3	0.111933	0.517388	0.123936	0.525081	453
3	0.408202	0.516126	0.420204	0.523818	272
3	0.471731	0.515698	0.487769	0.523391	5180
3	0.498151	0.505865	0.521783	0.513557	Mirror
3	0.508235	0.513846	0.516202	0.521538	30
3	0.523738	0.505865	0.542800	0.513557	Relay
3	0.525176	0.513848	0.533143	0.521540	87
3	0.565916	0.504582	0.581954	0.512274	5182
3	0.565916	0.515698	0.581954	0.523391	5181
3	0.606857	0.513530	0.629546	0.518461	X40X41-56
3	0.654050	0.513530	0.674602	0.518461	X56X57-S
3	0.827496	0.510707	0.858989	0.518400	R/Mirror
3	0.860942	0.510707	0.883819	0.518400	Heater
3	0.874689	0.504582	0.896949	0.512274	G5125
3	0.874689	0.515698	0.896949	0.523391	G5125
3	0.111933	0.526365	0.123936	0.534057	454
3	0.241613	0.524810	0.257137	0.532253	Heat
3	0.259154	0.524810	0.281139	0.532253	Mirror
3	0.283121	0.524810	0.305243	0.532253	Output
3	0.307260	0.524810	0.327769	0.532253	Signal
3	0.329785	0.524810	0.347804	0.532253	From
3	0.349954	0.524810	0.370758	0.532253	CBCU
3	0.372570	0.524810	0.381141	0.532253	To
3	0.383057	0.524810	0.401039	0.532253	Relay
3	0.410622	0.525429	0.436021	0.532136	I/O-B-06
3	0.471731	0.524534	0.487769	0.532227	5803
3	0.508235	0.522822	0.516202	0.530515	86
3	0.525176	0.522824	0.533143	0.530517	85
3	0.874689	0.524534	0.896949	0.532227	G5803
3	0.111933	0.535202	0.123936	0.542895	455
3	0.111933	0.544179	0.123936	0.551871	456
3	0.499363	0.546339	0.524430	0.554032	Shutter
3	0.526383	0.546339	0.545442	0.554032	Relay
3	0.547358	0.546339	0.551291	0.554032	1
3	0.874689	0.542349	0.896949	0.550042	G2811
3	0.034689	0.560315	0.038766	0.565691	D
3	0.111933	0.553016	0.123936	0.560709	457
3	0.111933	0.561854	0.123936	0.569546	458
3	0.408202	0.560591	0.420204	0.568284	291
3	0.471731	0.560164	0.487769	0.567856	2803
3	0.508235	0.551758	0.521984	0.559450	87A
3	0.508235	0.558311	0.516202	0.566004	87
3	0.525176	0.555318	0.533143	0.563011	30
3	0.606857	0.555857	0.627126	0.560789	X40X41-6
3	0.657075	0.557884	0.673112	0.565576	2811
3	0.946487	0.560315	0.950564	0.565691	D
3	0.111933	0.570830	0.123936	0.578523	459
3	0.290017	0.572563	0.315084	0.580255	Shutter
3	0.317037	0.572563	0.339514	0.580255	Switch
3	0.405580	0.575810	0.428269	0.580741	X19X18-79
3	0.440269	0.575810	0.462958	0.580741	X17X16-79
3	0.471731	0.569000	0.487769	0.576693	2801
3	0.508238	0.566863	0.516206	0.574555	85
3	0.525176	0.566863	0.533144	0.574555	86
3	0.654658	0.568999	0.676918	0.576691	G2801
3	0.045988	0.581967	0.071032	0.589660	Shutter
3	0.111933	0.579668	0.123936	0.587360	460
3	0.111933	0.588650	0.123936	0.596342	461
3	0.111933	0.597487	0.123936	0.605180	462
3	0.111933	0.606464	0.123936	0.614156	463
3	0.159741	0.582397	0.171744	0.590089	261
3	0.236571	0.582397	0.252609	0.590089	2800
3	0.304336	0.582081	0.306857	0.587012	3
3	0.313815	0.589207	0.316336	0.594138	7
3	0.314420	0.580798	0.316941	0.585729	1
3	0.405580	0.593625	0.428269	0.598556	X19X18-80
3	0.408202	0.602919	0.420204	0.610612	293
3	0.440269	0.593625	0.462958	0.598556	X17X16-80
3	0.471731	0.595793	0.487769	0.603486	2802
3	0.471731	0.602492	0.487769	0.610184	2804
3	0.497546	0.585958	0.522600	0.593651	Shutter
3	0.508235	0.600639	0.516202	0.608331	87
3	0.508235	0.606480	0.521984	0.614173	87A
3	0.508238	0.593085	0.516206	0.600778	85
3	0.524553	0.585958	0.543612	0.593651	Relay
3	0.525176	0.593085	0.533144	0.600778	86
3	0.525176	0.604202	0.533143	0.611894	30
3	0.545528	0.585958	0.549460	0.593651	2
3	0.606857	0.604741	0.627126	0.609672	X40X41-7
3	0.654658	0.595795	0.676918	0.603487	G2802
3	0.660299	0.606912	0.676337	0.614605	2812
3	0.853311	0.582397	0.860736	0.590089	M
3	0.111933	0.615301	0.123936	0.622994	464
3	0.874689	0.620306	0.896949	0.627999	G2812
3	0.111933	0.624278	0.123936	0.631970	465
3	0.111933	0.633115	0.123936	0.640808	466
3	0.111933	0.642092	0.123936	0.649784	467
3	0.111933	0.650929	0.123936	0.658622	468
3	0.273681	0.656047	0.285882	0.660979	X30-4
3	0.328943	0.651800	0.342857	0.659493	Left
3	0.344874	0.651800	0.363229	0.659493	Glass
3	0.365211	0.651800	0.387688	0.659493	Switch
3	0.045983	0.657646	0.077955	0.665339	Electrical
3	0.079972	0.657646	0.098328	0.665339	Glass
3	0.111933	0.659906	0.123936	0.667598	469
3	0.159741	0.658074	0.171744	0.665766	222
3	0.236571	0.658074	0.252609	0.665766	5208
3	0.789786	0.657642	0.803699	0.665335	Left
3	0.805716	0.657642	0.824072	0.665335	Glass
3	0.826054	0.657642	0.846901	0.665335	Motor
3	0.853311	0.658074	0.860736	0.665766	M
3	0.111933	0.668743	0.123936	0.676436	470
3	0.034689	0.679603	0.038456	0.684978	C
3	0.111933	0.677725	0.123936	0.685418	471
3	0.946487	0.679603	0.950254	0.684978	C
3	0.111933	0.686563	0.123936	0.694255	472
3	0.111933	0.695539	0.123936	0.703232	473
3	0.111933	0.704377	0.123936	0.712069	474
3	0.327732	0.707527	0.346486	0.715219	Right
3	0.348503	0.707527	0.366858	0.715219	Glass
3	0.368841	0.707527	0.391317	0.715219	Switch
3	0.111933	0.713353	0.123936	0.721046	475
3	0.111933	0.722191	0.123936	0.729883	476
3	0.785350	0.726191	0.804103	0.733884	Right
3	0.806120	0.726191	0.824476	0.733884	Glass
3	0.826458	0.726191	0.847305	0.733884	Motor
3	0.853311	0.727052	0.860736	0.734745	M
3	0.111933	0.731029	0.123936	0.738721	477
3	0.111933	0.740005	0.123936	0.747697	478
3	0.403768	0.740020	0.422522	0.747713	Right
3	0.424539	0.740020	0.442895	0.747713	Glass
3	0.444877	0.740020	0.467353	0.747713	Switch
3	0.111933	0.748843	0.123936	0.756535	479
3	0.111933	0.757819	0.123936	0.765512	480
3	0.111933	0.766657	0.123936	0.774349	481
3	0.111933	0.775633	0.123936	0.783326	482
3	0.111933	0.784471	0.123936	0.792163	483
3	0.290622	0.784487	0.309672	0.792179	Dome
3	0.311625	0.784487	0.329946	0.792179	Light
3	0.331963	0.784487	0.354440	0.792179	Switch
3	0.034689	0.798890	0.038456	0.804265	B
3	0.045983	0.793466	0.065034	0.801159	Dome
3	0.066987	0.793466	0.085308	0.801159	Light
3	0.111933	0.793447	0.123936	0.801140	484
3	0.159741	0.793893	0.171744	0.801586	289
3	0.236571	0.793893	0.252609	0.801586	5206
3	0.273681	0.791724	0.288303	0.796656	X30-14
3	0.307563	0.793150	0.310084	0.798081	1
3	0.322689	0.793150	0.325210	0.798081	5
3	0.946487	0.798890	0.950254	0.804265	B
3	0.111933	0.802285	0.123936	0.809977	485
3	0.111933	0.811261	0.123936	0.818954	486
3	0.299294	0.809855	0.315725	0.817548	Door
3	0.307563	0.817520	0.310084	0.822451	1
3	0.317678	0.809855	0.340155	0.817548	Switch
3	0.322689	0.817520	0.325210	0.822451	5
3	0.841410	0.811705	0.860460	0.819398	Dome
3	0.862413	0.811705	0.880734	0.819398	Light
3	0.111933	0.820099	0.123936	0.827791	487
3	0.111933	0.829075	0.123936	0.836768	488
3	0.111933	0.837913	0.123936	0.845605	489
3	0.111933	0.846889	0.123936	0.854582	490
3	0.111933	0.855727	0.123936	0.863419	491
3	0.273681	0.860703	0.285882	0.865634	X30-7
3	0.045983	0.862446	0.066050	0.870138	Radio
3	0.111933	0.864703	0.123936	0.872396	492
3	0.159741	0.862872	0.171744	0.870564	284
3	0.236571	0.862872	0.252609	0.870564	5203
3	0.847664	0.863299	0.873845	0.870992	RADIO
3	0.111933	0.873541	0.123936	0.881233	493
3	0.845849	0.876691	0.871091	0.884384	Lighter
3	0.045983	0.882539	0.071225	0.890231	Lighter
3	0.111933	0.882517	0.123936	0.890210	494
3	0.159731	0.883394	0.171734	0.891087	285
3	0.236577	0.883394	0.252615	0.891087	5202
3	0.874689	0.882967	0.896949	0.890659	G5202
3	0.111933	0.891355	0.123936	0.899047	495
3	0.034689	0.918178	0.038766	0.923553	A
3	0.946487	0.918178	0.950564	0.923553	A
3	0.725042	0.933427	0.735421	0.938802	Title
3	0.749647	0.933757	0.816617	0.947169	NTE200AC
3	0.819836	0.933757	0.843040	0.947169	24V
3	0.846038	0.933757	0.928683	0.947169	SCHEMATIC
3	0.725042	0.946680	0.734407	0.952055	Size
3	0.756502	0.946680	0.774315	0.952055	Number
3	0.882352	0.946680	0.901332	0.952055	Revision
3	0.728266	0.953380	0.734921	0.958755	A3
3	0.904336	0.949229	0.933734	0.959980	Russia
3	0.725042	0.960080	0.736898	0.965455	Date:
3	0.753278	0.960080	0.782881	0.965455	30-Mar-2019
3	0.850892	0.960080	0.863151	0.965455	Sheet
3	0.864605	0.960157	0.867429	0.965679	4
3	0.868842	0.960080	0.873546	0.965455	of
3	0.874689	0.960157	0.880336	0.965679	10
3	0.725042	0.964497	0.735076	0.969872	File:
3	0.753269	0.964497	0.810351	0.969872	E:\NTE200AC俄罗斯.ddb
3	0.850892	0.964497	0.865637	0.969872	Drawn
3	0.867049	0.964497	0.874871	0.969872	By:
3	0.887193	0.964575	0.918397	0.970097	CHAIJIANG
3	0.144605	0.971194	0.147429	0.976569	1
3	0.375529	0.971194	0.378353	0.976569	2
3	0.606252	0.971194	0.609076	0.976569	3
3	0.836974	0.971194	0.839797	0.976569	4
4	0.144605	0.023023	0.147429	0.028398	1
4	0.375529	0.023023	0.378353	0.028398	2
4	0.606252	0.023023	0.609076	0.028398	3
4	0.836974	0.023020	0.839797	0.028396	4
4	0.130982	0.049268	0.182658	0.056566	Примечание:
4	0.185891	0.049268	0.220012	0.056566	нажмите
4	0.223245	0.049268	0.282937	0.056566	переключатель
4	0.286170	0.049268	0.332346	0.056566	аварийного
4	0.335579	0.049268	0.387307	0.056566	торможения,
4	0.390540	0.049268	0.418452	0.056566	провод
4	0.421685	0.049268	0.428379	0.056566	№
4	0.431612	0.049268	0.448956	0.056566	3424
4	0.452189	0.049268	0.489827	0.056566	заземлен,
4	0.493060	0.049268	0.501665	0.056566	на
4	0.504897	0.049268	0.545594	0.056566	CBCU-B11
4	0.548827	0.049268	0.588465	0.056566	входящий
4	0.591697	0.049268	0.620349	0.056566	низкий
4	0.623581	0.049268	0.667877	0.056566	потенциал,
4	0.671109	0.049268	0.679199	0.056566	от
4	0.682432	0.049268	0.715958	0.056566	I/O-E-16
4	0.719191	0.049268	0.728221	0.056566	по
4	0.731453	0.049268	0.763643	0.056566	проводу
4	0.766875	0.049268	0.784220	0.056566	1316
4	0.787453	0.049268	0.830412	0.056566	исходящие
4	0.833644	0.049268	0.848026	0.056566	24V
4	0.851258	0.049268	0.855236	0.056566	к
4	0.858468	0.049268	0.888680	0.056566	системе
4	0.901109	0.049950	0.918687	0.057643	GND
4	0.111933	0.054368	0.123936	0.062061	501
4	0.130874	0.056294	0.141441	0.063592	GE
4	0.144674	0.056294	0.177900	0.063592	CNX3-P,
4	0.181133	0.056294	0.193694	0.063592	нет
4	0.196926	0.056294	0.243319	0.063592	исходящего
4	0.246551	0.056294	0.255156	0.063592	на
4	0.258389	0.056294	0.275547	0.063592	стоп
4	0.278780	0.056294	0.304968	0.063592	сигнал
4	0.308201	0.056294	0.338062	0.063592	заднего
4	0.341295	0.056294	0.365947	0.063592	моста.
4	0.111933	0.063345	0.123936	0.071037	502
4	0.130874	0.061978	0.182550	0.069276	Примечание:
4	0.185783	0.061978	0.219905	0.069276	нажмите
4	0.223138	0.061978	0.231742	0.069276	на
4	0.234975	0.061978	0.268351	0.069276	рабочую
4	0.271584	0.061978	0.297922	0.069276	педаль
4	0.301154	0.061978	0.335471	0.069276	тормоза,
4	0.338704	0.061978	0.366617	0.069276	провод
4	0.369849	0.061978	0.387194	0.069276	3419
4	0.390427	0.061978	0.428065	0.069276	заземлен,
4	0.431297	0.061978	0.439902	0.069276	на
4	0.443135	0.061978	0.483832	0.069276	CBCU-B10
4	0.487065	0.061978	0.526136	0.069276	поступает
4	0.529368	0.061978	0.558020	0.069276	низкий
4	0.561253	0.061978	0.605548	0.069276	потенциал,
4	0.608781	0.061978	0.616870	0.069276	от
4	0.620103	0.061978	0.663540	0.069276	CBCU-F-08
4	0.666772	0.061978	0.675802	0.069276	по
4	0.679035	0.061978	0.711224	0.069276	проводу
4	0.714457	0.061978	0.731802	0.069276	3415
4	0.735035	0.061978	0.779105	0.069276	исходящий
4	0.782338	0.061978	0.796719	0.069276	24V
4	0.799952	0.061978	0.808557	0.069276	на
4	0.811789	0.061978	0.862004	0.069276	стоп-сигнал,
4	0.865237	0.061978	0.869132	0.069276	в
4	0.872365	0.061978	0.880454	0.069276	то
4	0.883687	0.061978	0.893426	0.069276	же
4	0.130874	0.068333	0.154197	0.075631	время
4	0.157429	0.068333	0.173371	0.075631	есть
4	0.176604	0.068333	0.184693	0.075631	от
4	0.187926	0.068333	0.205374	0.075631	CAN
4	0.208607	0.068333	0.252678	0.075631	исходящий
4	0.255911	0.068333	0.264515	0.075631	на
4	0.267748	0.068333	0.294646	0.075631	панель
4	0.297878	0.068333	0.338621	0.075631	приборов,
4	0.341854	0.068333	0.386642	0.075631	загораются
4	0.389874	0.068333	0.443775	0.075631	стоп-сигналы
4	0.447008	0.068333	0.451381	0.075631	и
4	0.454613	0.068333	0.502126	0.075631	стоп-сигнал
4	0.505358	0.068333	0.513963	0.075631	на
4	0.517196	0.068333	0.560841	0.075631	приборной
4	0.564074	0.068333	0.594296	0.075631	панели.
4	0.111933	0.072182	0.123936	0.079875	503
4	0.111933	0.081159	0.123936	0.088851	504
4	0.286792	0.082874	0.324213	0.090566	Emergency
4	0.326131	0.082874	0.346167	0.090566	Brake
4	0.348121	0.082874	0.360411	0.090566	SW
4	0.045980	0.089996	0.083401	0.097689	Emergency
4	0.085319	0.089996	0.105355	0.097689	Brake
4	0.111933	0.089991	0.123936	0.097683	505
4	0.158521	0.091463	0.193242	0.098169	CBCU-B-11
4	0.236571	0.090425	0.252609	0.098118	3424
4	0.874689	0.090425	0.897074	0.098118	G3424
4	0.111933	0.098967	0.123936	0.106660	506
4	0.159741	0.099404	0.171744	0.107096	225
4	0.236571	0.099404	0.252609	0.107096	3406
4	0.566521	0.099404	0.582559	0.107096	3451
4	0.644571	0.097235	0.667260	0.102166	X19X18-64
4	0.679261	0.097235	0.701950	0.102166	X17X16-64
4	0.735731	0.097235	0.758420	0.102166	X40X41-34
4	0.782924	0.097235	0.804313	0.102166	X56X57-Y
4	0.874689	0.099404	0.897074	0.107096	G3451
4	0.111933	0.107805	0.123936	0.115497	507
4	0.808740	0.106530	0.846160	0.114222	Emergency
4	0.848078	0.106530	0.868114	0.114222	Brake
4	0.870069	0.106530	0.885790	0.114222	SOL
4	0.111933	0.116781	0.123936	0.124474	508
4	0.274286	0.121636	0.290324	0.129329	3406
4	0.597378	0.124028	0.618207	0.128960	X75X76-P
4	0.669781	0.124028	0.682543	0.128960	X81-P
4	0.111933	0.125619	0.123936	0.133311	509
4	0.493109	0.127092	0.518509	0.133798	I/O-E-16
4	0.566521	0.126055	0.582559	0.133747	1316
4	0.684101	0.126482	0.712766	0.134175	CNX3-P
4	0.720000	0.125903	0.755558	0.133345	Emergency
4	0.757106	0.125903	0.778251	0.133345	Signal
4	0.780299	0.125903	0.798519	0.133345	From
4	0.800466	0.125903	0.821270	0.133345	CBCU
4	0.823085	0.125903	0.830850	0.133345	To
4	0.832564	0.125903	0.872744	0.133345	GE（24V）
4	0.034691	0.140887	0.038768	0.146262	D
4	0.045980	0.141304	0.070219	0.148996	Service
4	0.072173	0.141304	0.092209	0.148996	Brake
4	0.111933	0.134601	0.123936	0.142293	510
4	0.111933	0.143433	0.123936	0.151125	511
4	0.158521	0.147045	0.193242	0.153751	CBCU-B-10
4	0.236571	0.146150	0.252609	0.153842	3419
4	0.286185	0.131043	0.310423	0.138735	Service
4	0.304336	0.139563	0.307976	0.144494	A
4	0.304336	0.145834	0.307699	0.150765	B
4	0.312378	0.131043	0.332414	0.138735	Brake
4	0.336386	0.131043	0.365584	0.138735	Proximit
4	0.367603	0.131043	0.379892	0.138735	SW
4	0.946487	0.140884	0.950564	0.146259	D
4	0.111933	0.152420	0.123936	0.160113	512
4	0.304336	0.153387	0.307976	0.158318	C
4	0.111933	0.161258	0.123936	0.168950	513
4	0.874689	0.163961	0.897075	0.171654	G3419
4	0.111933	0.170229	0.123936	0.177921	514
4	0.111933	0.179066	0.123936	0.186759	515
4	0.157916	0.175976	0.192234	0.182682	CBCU-F-08
4	0.236571	0.175081	0.252704	0.182773	3415
4	0.351529	0.175508	0.363532	0.183201	353
4	0.369882	0.175357	0.389099	0.182799	Brake
4	0.390444	0.175357	0.411582	0.182799	Signal
4	0.413829	0.175357	0.421593	0.182799	To
4	0.423304	0.175357	0.442521	0.182799	Brake
4	0.443867	0.175357	0.491164	0.182799	Light（24V）
4	0.111933	0.188043	0.123936	0.195735	516
4	0.133558	0.191237	0.149358	0.198535	D-05,
4	0.133666	0.184909	0.172804	0.192207	Примечание:
4	0.173529	0.184909	0.218176	0.192207	переключатель
4	0.218901	0.184909	0.256420	0.192207	стояночного
4	0.257146	0.184909	0.281237	0.192207	тормоза
4	0.281963	0.184909	0.285858	0.192207	в
4	0.286583	0.184909	0.320900	0.192207	положении
4	0.321625	0.184909	0.341598	0.192207	releаse,
4	0.342324	0.184909	0.349674	0.192207	на
4	0.350400	0.184909	0.372043	0.192207	провод
4	0.373941	0.184909	0.387524	0.192207	3434
4	0.388249	0.184909	0.417290	0.192207	поступает
4	0.418015	0.184909	0.429889	0.192207	24V
4	0.430614	0.184909	0.457198	0.192207	высокий
4	0.457923	0.184909	0.489486	0.192207	потенциал
4	0.490211	0.184909	0.494189	0.192207	к
4	0.494914	0.184909	0.515960	0.192207	CBCU-
4	0.045980	0.196886	0.072460	0.204578	Parking
4	0.074575	0.196886	0.094601	0.204578	Brake
4	0.111933	0.196880	0.123936	0.204573	517
4	0.111933	0.205718	0.123936	0.213410	518
4	0.131652	0.209062	0.190335	0.216360	Переключатель
4	0.133666	0.197802	0.137561	0.205100	в
4	0.138286	0.197802	0.148033	0.205100	это
4	0.148758	0.197802	0.167066	0.205100	время
4	0.167791	0.197802	0.174627	0.205100	от
4	0.175352	0.197802	0.208758	0.205100	CBCU-F-01
4	0.193164	0.209062	0.228285	0.216360	давления
4	0.209483	0.197802	0.233336	0.205100	исходит
4	0.231115	0.209062	0.279155	0.216360	стояночного
4	0.234062	0.197802	0.245935	0.205100	24V
4	0.246660	0.197802	0.273245	0.205100	высокий
4	0.273970	0.197802	0.305533	0.205100	потенциал
4	0.281984	0.209062	0.312389	0.216360	тормоза
4	0.306258	0.197802	0.313609	0.205100	на
4	0.314334	0.197802	0.341867	0.205100	спускной
4	0.315218	0.209062	0.344429	0.216360	закрыт,
4	0.342592	0.197802	0.399307	0.205100	электромагнитный
4	0.347258	0.209062	0.355146	0.216360	от
4	0.357976	0.209062	0.388962	0.216360	провода
4	0.394016	0.209062	0.410755	0.216360	3413
4	0.400033	0.197802	0.421109	0.205100	клапан
4	0.413585	0.209062	0.421988	0.216360	на
4	0.421834	0.197802	0.459353	0.205100	стояночного
4	0.424817	0.209062	0.427638	0.216360	I
4	0.430467	0.209062	0.432907	0.216360	/
4	0.460079	0.197802	0.485619	0.205100	тормоза.
4	0.492504	0.198169	0.518998	0.205861	Parking
4	0.512471	0.205020	0.529665	0.210395	APPLY
4	0.521117	0.198169	0.541153	0.205861	Brake
4	0.543108	0.198169	0.555398	0.205861	SW
4	0.566524	0.206291	0.582562	0.213984	3437
4	0.647798	0.204123	0.670487	0.209055	X19X18-16
4	0.682286	0.204123	0.704975	0.209055	X17X16-16
4	0.738958	0.204123	0.761647	0.209055	X40X41-16
4	0.786151	0.204123	0.807539	0.209055	X56X57-V
4	0.819429	0.200021	0.845918	0.207714	Parking
4	0.848035	0.200021	0.868708	0.207714	Apply
4	0.870624	0.200021	0.886344	0.207714	SOL
4	0.877916	0.206292	0.895526	0.213985	GND
4	0.111933	0.214694	0.123936	0.222387	519
4	0.131545	0.216025	0.158531	0.223324	O-D-07
4	0.161360	0.216025	0.198818	0.223324	поступает
4	0.201647	0.216025	0.223484	0.223324	24V.В
4	0.226313	0.216025	0.234201	0.223324	то
4	0.237031	0.216025	0.246568	0.223324	же
4	0.249397	0.216025	0.271913	0.223324	время
4	0.274743	0.216025	0.291788	0.223324	CAN
4	0.294617	0.216025	0.329664	0.223324	посылает
4	0.332493	0.216025	0.357673	0.223324	сигнал
4	0.360503	0.216025	0.364420	0.223324	о
4	0.367250	0.216025	0.392088	0.223324	release
4	0.394917	0.216025	0.421784	0.223324	статусе
4	0.483630	0.215556	0.499668	0.223248	3433
4	0.508840	0.219270	0.532906	0.224646	RELEASE
4	0.566519	0.215127	0.582557	0.222819	3434
4	0.607462	0.216023	0.642587	0.222730	CBCU-D-05
4	0.646387	0.215832	0.672061	0.223274	Parking
4	0.673973	0.215832	0.693191	0.223274	Brake
4	0.695140	0.215832	0.719566	0.223274	Release
4	0.721545	0.215832	0.739054	0.223274	Input
4	0.741067	0.215832	0.761568	0.223274	Signal
4	0.763582	0.215832	0.772152	0.223274	To
4	0.774065	0.215832	0.794865	0.223274	CBCU
4	0.111933	0.223532	0.123936	0.231224	520
4	0.131545	0.222989	0.179585	0.230287	стояночного
4	0.182414	0.222989	0.212819	0.230287	тормоза
4	0.215648	0.222989	0.224051	0.230287	на
4	0.226880	0.222989	0.256091	0.230287	систему
4	0.258920	0.222989	0.303348	0.230287	управления
4	0.306178	0.222989	0.316543	0.230287	GE
4	0.319373	0.222989	0.323745	0.230287	и
4	0.326575	0.222989	0.369517	0.230287	приборную
4	0.372346	0.222989	0.400736	0.230287	панель,
4	0.403566	0.222989	0.444053	0.230287	индикатор
4	0.111933	0.232514	0.123936	0.240206	521
4	0.131545	0.229952	0.179585	0.237250	стояночного
4	0.182414	0.229952	0.212819	0.237250	тормоза
4	0.215648	0.229952	0.224051	0.237250	на
4	0.226880	0.229952	0.268912	0.237250	приборной
4	0.271742	0.229952	0.297146	0.237250	панеле
4	0.299975	0.229952	0.326156	0.237250	гаснет.
4	0.502387	0.235651	0.514389	0.243343	240
4	0.566519	0.235219	0.582557	0.242912	3402
4	0.585479	0.230235	0.611973	0.237928	Parking
4	0.614092	0.230235	0.634128	0.237928	Brake
4	0.636083	0.230235	0.664950	0.237928	Pressure
4	0.666904	0.230235	0.679194	0.237928	SW
4	0.667160	0.235223	0.683198	0.242916	3413
4	0.685513	0.233055	0.706623	0.237986	X57X56-Z
4	0.714958	0.236118	0.740754	0.242825	I/O-D-07
4	0.747025	0.235927	0.772699	0.243369	Parking
4	0.774612	0.235927	0.793829	0.243369	Brake
4	0.795779	0.235927	0.823693	0.243369	Pressure
4	0.825672	0.235927	0.836899	0.243369	SW
4	0.838774	0.235927	0.859275	0.243369	Signal
4	0.861289	0.235927	0.869859	0.243369	To
4	0.871772	0.235927	0.892572	0.243369	CBCU
4	0.111933	0.241351	0.123936	0.249044	522
4	0.132323	0.243656	0.181982	0.250954	Примечание:
4	0.184811	0.243656	0.242084	0.250954	переключатель
4	0.244913	0.243656	0.275318	0.250954	тормоза
4	0.278147	0.243656	0.312791	0.250954	погрузки
4	0.315620	0.243656	0.319515	0.250954	в
4	0.322345	0.243656	0.353383	0.250954	рабочем
4	0.356213	0.243656	0.401447	0.250954	положении,
4	0.404276	0.243656	0.412679	0.250954	на
4	0.448336	0.242033	0.471025	0.246964	X18X19-15
4	0.111933	0.250328	0.123936	0.258020	523
4	0.111933	0.259165	0.123936	0.266858	524
4	0.132215	0.251122	0.159119	0.258420	провод
4	0.132215	0.258587	0.174672	0.265885	исходящий
4	0.161949	0.251122	0.178688	0.258420	3441
4	0.177502	0.258587	0.181479	0.265885	к
4	0.181518	0.251122	0.218975	0.258420	поступает
4	0.184308	0.258587	0.213310	0.265885	системе
4	0.216139	0.258587	0.260567	0.265885	управления
4	0.221805	0.251122	0.235782	0.258420	24V
4	0.238612	0.251122	0.271509	0.258420	высокий
4	0.263397	0.258587	0.273762	0.265885	GE
4	0.274338	0.251122	0.314318	0.258420	потенциал
4	0.276592	0.258587	0.280964	0.265885	и
4	0.283794	0.258587	0.309198	0.265885	панеле
4	0.312028	0.258587	0.351157	0.265885	приборов,
4	0.317147	0.251122	0.321125	0.258420	к
4	0.323954	0.251122	0.355165	0.258420	I/O-A-5,
4	0.353986	0.258587	0.394473	0.265885	индикатор
4	0.357994	0.251122	0.361890	0.258420	в
4	0.364719	0.251122	0.376570	0.258420	это
4	0.379400	0.251122	0.401915	0.258420	время
4	0.397303	0.258587	0.401220	0.265885	о
4	0.404050	0.258587	0.428999	0.265885	работе
4	0.404745	0.251122	0.412633	0.258420	от
4	0.415462	0.251122	0.432507	0.258420	CAN
4	0.437647	0.255176	0.453685	0.262868	3439
4	0.476773	0.258162	0.502447	0.265604	Parking
4	0.504360	0.258162	0.523577	0.265604	Brake
4	0.525527	0.258162	0.549953	0.265604	Release
4	0.551932	0.258162	0.574046	0.265604	Output
4	0.576059	0.258162	0.584630	0.265604	To
4	0.586542	0.258162	0.601026	0.265604	SOL
4	0.608067	0.258351	0.642385	0.265057	CBCU-F-01
4	0.647798	0.255287	0.670487	0.260219	X19X18-46
4	0.682286	0.255287	0.704975	0.260219	X17X16-46
4	0.711328	0.257884	0.727366	0.265576	3430
4	0.738958	0.255287	0.761647	0.260219	X40X41-36
4	0.786151	0.255287	0.807539	0.260219	X56X57-X
4	0.814992	0.251614	0.841461	0.259307	Parking
4	0.843573	0.251614	0.859076	0.259307	Shut
4	0.861087	0.251614	0.872369	0.259307	Off
4	0.874380	0.251614	0.890094	0.259307	SOL
4	0.877916	0.257456	0.895526	0.265148	GND
4	0.111933	0.268142	0.123936	0.275834	525
4	0.132215	0.266053	0.162620	0.273351	тормоза
4	0.165449	0.266053	0.200093	0.273351	погрузки
4	0.202922	0.266053	0.243425	0.273351	загорается
4	0.246254	0.266053	0.254657	0.273351	на
4	0.257487	0.266053	0.282891	0.273351	панеле
4	0.285720	0.266053	0.324849	0.273351	приборов.
4	0.448336	0.270964	0.471025	0.275895	X16X17-15
4	0.811761	0.266717	0.827799	0.274410	3430
4	0.111933	0.276979	0.123936	0.284672	526
4	0.286793	0.277409	0.314293	0.285101	Loading
4	0.316410	0.277409	0.336443	0.285101	Brake
4	0.336403	0.284219	0.358074	0.289150	X45X44-G
4	0.338396	0.277409	0.350685	0.285101	SW
4	0.361613	0.284219	0.383284	0.289150	X43X42-G
4	0.415059	0.284219	0.437748	0.289150	X41X40-60
4	0.448941	0.280971	0.469587	0.288664	TB3H
4	0.818218	0.281969	0.844713	0.289662	Parking
4	0.846832	0.281969	0.871909	0.289662	Release
4	0.873892	0.281969	0.889614	0.289662	SOL
4	0.877916	0.275271	0.895526	0.282963	GND
4	0.045980	0.285962	0.073480	0.293654	Loading
4	0.075598	0.285962	0.095631	0.293654	Brake
4	0.111933	0.285956	0.123936	0.293648	527
4	0.159731	0.286815	0.171797	0.294507	219
4	0.236571	0.286387	0.252704	0.294080	3408
4	0.387429	0.286387	0.403466	0.294080	3438
4	0.566521	0.286387	0.582559	0.294080	3441
4	0.611899	0.287282	0.637500	0.293988	I/O-A-05
4	0.648403	0.286663	0.674884	0.294105	Loading
4	0.676797	0.286663	0.696014	0.294105	Brake
4	0.697964	0.286663	0.716343	0.294105	Apply
4	0.718293	0.286663	0.735802	0.294105	Input
4	0.737815	0.286663	0.758316	0.294105	Signal
4	0.760329	0.286663	0.768900	0.294105	To
4	0.770813	0.286663	0.791612	0.294105	CBCU
4	0.111933	0.294799	0.123936	0.302492	528
4	0.566521	0.297503	0.582559	0.305196	3440
4	0.738958	0.295335	0.759227	0.300266	X40X41-9
4	0.786151	0.295335	0.807539	0.300266	X56X57-U
4	0.814992	0.292230	0.842492	0.299923	Loading
4	0.844609	0.292230	0.865282	0.299923	Apply
4	0.867198	0.292230	0.882918	0.299923	SOL
4	0.877912	0.297506	0.895522	0.305198	GND
4	0.111933	0.303776	0.123936	0.311468	529
4	0.111933	0.312607	0.123936	0.320300	530
4	0.387429	0.308620	0.399431	0.316312	240
4	0.609277	0.309047	0.621280	0.316740	779
4	0.628234	0.309325	0.654715	0.316768	Loading
4	0.656628	0.309325	0.675845	0.316768	Brake
4	0.677795	0.309325	0.698296	0.316768	Signal
4	0.700310	0.309325	0.708880	0.316768	To
4	0.710793	0.309325	0.733512	0.316768	Weight
4	0.735525	0.309325	0.757912	0.316768	System
4	0.111933	0.321584	0.123936	0.329276	531
4	0.274286	0.324154	0.296105	0.331847	1416A
4	0.456743	0.324913	0.508419	0.332211	Примечание:
4	0.511652	0.324913	0.533094	0.332211	когда
4	0.536327	0.324913	0.596019	0.332211	переключатель
4	0.599252	0.324913	0.614596	0.332211	RSC
4	0.617829	0.324913	0.654347	0.332211	включен,
4	0.657579	0.324913	0.666609	0.332211	по
4	0.669842	0.324913	0.702031	0.332211	проводу
4	0.705264	0.324913	0.722609	0.332211	1416
4	0.725842	0.324913	0.740223	0.332211	24V
4	0.743456	0.324913	0.782527	0.332211	поступает
4	0.785759	0.324913	0.819866	0.332211	высокий
4	0.823099	0.324913	0.864692	0.332211	потенциал
4	0.867925	0.324913	0.876530	0.332211	на
4	0.879762	0.324913	0.916918	0.332211	I/O-A-03,
4	0.920151	0.324913	0.924904	0.332211	В
4	0.928137	0.324913	0.940392	0.332211	это
4	0.111933	0.330422	0.123936	0.338114	532
4	0.302521	0.330853	0.318316	0.338545	RSC
4	0.320333	0.330853	0.332622	0.338545	SW
4	0.456635	0.331240	0.479958	0.338538	время
4	0.483191	0.331240	0.500639	0.338538	CAN
4	0.503872	0.331240	0.540330	0.338538	посылает
4	0.543563	0.331240	0.569752	0.338538	сигнал
4	0.572984	0.331240	0.618511	0.338538	замедления
4	0.621744	0.331240	0.625639	0.338538	в
4	0.628872	0.331240	0.659292	0.338538	систему
4	0.662525	0.331240	0.708768	0.338538	управления
4	0.712001	0.331240	0.725270	0.338538	GE.
4	0.045980	0.337125	0.061775	0.344817	RSC
4	0.063792	0.337125	0.086268	0.344817	Switch
4	0.111933	0.339398	0.123936	0.347091	533
4	0.336403	0.337663	0.359193	0.342594	X45X44-W
4	0.361613	0.337663	0.384403	0.342594	X43X42-W
4	0.387429	0.339831	0.403466	0.347524	1416
4	0.415059	0.337663	0.437748	0.342594	X41X40-62
4	0.612504	0.340726	0.638105	0.347433	I/O-A-03
4	0.650218	0.340535	0.664741	0.347977	RSC
4	0.666554	0.340535	0.684067	0.347977	Input
4	0.686084	0.340535	0.706591	0.347977	Signal
4	0.708607	0.340535	0.717179	0.347977	To
4	0.719095	0.340535	0.739899	0.347977	CBCU
4	0.111933	0.348236	0.123936	0.355928	534
4	0.111933	0.357212	0.123936	0.364905	535
4	0.061714	0.366055	0.089417	0.373747	Steering
4	0.111933	0.366050	0.123936	0.373742	536
4	0.149622	0.366623	0.201298	0.373921	Примечание:
4	0.204531	0.366623	0.225973	0.373921	когда
4	0.229206	0.366623	0.281852	0.373921	выключатель
4	0.285085	0.366623	0.308482	0.373921	массы
4	0.311715	0.366623	0.341299	0.373921	кабины
4	0.344532	0.366623	0.387438	0.373921	выключен,
4	0.390671	0.366623	0.435018	0.373921	CBCU-C-13
4	0.438250	0.366623	0.466163	0.373921	провод
4	0.469396	0.366623	0.486740	0.373921	3502
4	0.489973	0.366623	0.515386	0.373921	теряет
4	0.518619	0.366623	0.535702	0.373921	24V,
4	0.538935	0.366623	0.542830	0.373921	в
4	0.546063	0.366623	0.558317	0.373921	это
4	0.561550	0.366623	0.584873	0.373921	время
4	0.588105	0.366623	0.631542	0.373921	CBCU-F-02
4	0.634775	0.366623	0.668404	0.373921	выводит
4	0.671637	0.366623	0.686018	0.373921	24V
4	0.689251	0.366623	0.723358	0.373921	высокий
4	0.726591	0.366623	0.768184	0.373921	потенциал
4	0.771417	0.366623	0.780447	0.373921	по
4	0.783679	0.366623	0.815862	0.373921	проводу
4	0.819095	0.366623	0.836440	0.373921	3512
4	0.839672	0.366623	0.843650	0.373921	к
4	0.846883	0.366623	0.925457	0.373921	электромагнитному
4	0.034689	0.380030	0.038456	0.385406	C
4	0.045983	0.372753	0.089003	0.380445	Accumulator
4	0.090956	0.372753	0.110456	0.380445	Drain
4	0.111933	0.375026	0.123936	0.382719	537
4	0.149514	0.372951	0.181136	0.380249	клапану
4	0.184369	0.372951	0.209998	0.380249	сброса
4	0.213231	0.372951	0.294792	0.380249	энергоаккумулятора
4	0.298024	0.372951	0.333050	0.380249	рулевого
4	0.336283	0.372951	0.385228	0.380249	управления,
4	0.388461	0.372951	0.425016	0.380249	задержка
4	0.428249	0.372951	0.441055	0.380249	180
4	0.444288	0.372951	0.472963	0.380249	секунд,
4	0.476196	0.372951	0.497809	0.380249	после
4	0.501042	0.372951	0.539546	0.380249	разгрузка
4	0.542779	0.372951	0.620070	0.380249	электромагнитного
4	0.623303	0.372951	0.654932	0.380249	клапана
4	0.658165	0.372951	0.708312	0.380249	отключается
4	0.946487	0.380030	0.950254	0.385406	C
4	0.111933	0.383858	0.123936	0.391551	538
4	0.159731	0.382587	0.171734	0.390279	277
4	0.236571	0.382017	0.252609	0.389709	3502
4	0.606857	0.383054	0.641982	0.389760	CBCU-C-13
4	0.651429	0.382863	0.673818	0.390305	Master
4	0.675771	0.382863	0.697223	0.390305	Switch
4	0.699102	0.382863	0.716617	0.390305	Input
4	0.718634	0.382863	0.739143	0.390305	Signal
4	0.741159	0.382863	0.749730	0.390305	To
4	0.751646	0.382863	0.772451	0.390305	CBCU
4	0.111933	0.392696	0.123936	0.400388	539
4	0.111933	0.401678	0.123936	0.409370	540
4	0.418286	0.405095	0.444889	0.412538	Steering
4	0.446797	0.405095	0.488478	0.412538	Accumulator
4	0.490452	0.405095	0.509299	0.412538	Drain
4	0.511170	0.405095	0.533272	0.412538	Output
4	0.535281	0.405095	0.553289	0.412538	From
4	0.555430	0.405095	0.576225	0.412538	CBCU
4	0.578030	0.405095	0.586598	0.412538	To
4	0.588507	0.405095	0.602985	0.412538	SOL
4	0.608067	0.405287	0.642385	0.411993	CBCU-F-02
4	0.647798	0.402223	0.670487	0.407154	X19X18-17
4	0.682286	0.402223	0.704975	0.407154	X17X16-17
4	0.711328	0.404392	0.727366	0.412084	3512
4	0.738958	0.402223	0.759227	0.407154	X40X41-8
4	0.792403	0.397692	0.820914	0.405384	Sreering
4	0.823033	0.397692	0.866061	0.405384	Accumulator
4	0.868015	0.397692	0.887518	0.405384	Drain
4	0.877916	0.404392	0.900175	0.412084	G3512
4	0.889399	0.397692	0.905120	0.405384	SOL
4	0.045983	0.415078	0.079696	0.422771	Hydraulic
4	0.081649	0.415078	0.092072	0.422771	Oil
4	0.094089	0.415078	0.116135	0.422771	Cooler
4	0.111933	0.410510	0.123936	0.418202	541
4	0.170336	0.412124	0.213945	0.419422	Примечание:
4	0.215564	0.412124	0.233780	0.419422	когда
4	0.235399	0.412124	0.276359	0.419422	температура
4	0.277978	0.412124	0.334116	0.419422	гидравлического
4	0.335735	0.412124	0.354406	0.419422	масла
4	0.356025	0.412124	0.374793	0.419422	выше
4	0.376412	0.410579	0.393232	0.419422	60℃,
4	0.394851	0.412124	0.444862	0.419422	переключатель
4	0.446482	0.412124	0.477860	0.419422	контроля
4	0.479480	0.412124	0.522544	0.419422	температуры
4	0.524163	0.412124	0.562511	0.419422	замыкается
4	0.564130	0.412124	0.571928	0.419422	на
4	0.573548	0.412124	0.596203	0.419422	землю,
4	0.597822	0.412124	0.606045	0.419422	по
4	0.607665	0.412124	0.628857	0.419422	линии
4	0.630477	0.412124	0.645401	0.419422	3614
4	0.647020	0.412124	0.654818	0.419422	на
4	0.656438	0.412124	0.685659	0.419422	I/O-D-05
4	0.687279	0.412124	0.719896	0.419422	поступает
4	0.721515	0.412124	0.746133	0.419422	низкий
4	0.747752	0.412124	0.784787	0.419422	потенциал,
4	0.786406	0.412124	0.789884	0.419422	а
4	0.791503	0.412124	0.795421	0.419422	о
4	0.797040	0.412124	0.824792	0.419422	подъеме
4	0.826411	0.412124	0.830784	0.419422	и
4	0.832403	0.412124	0.860274	0.419422	падении
4	0.861894	0.412124	0.872841	0.419422	нет
4	0.874460	0.412124	0.890295	0.419422	CAN
4	0.111933	0.419486	0.123936	0.427179	542
4	0.160427	0.421902	0.208439	0.429200	поступающего
4	0.210058	0.421902	0.235690	0.429200	сигнала
4	0.237310	0.421902	0.255697	0.429200	после
4	0.257316	0.421902	0.289120	0.429200	задержки
4	0.290739	0.421902	0.294634	0.429200	в
4	0.296254	0.421902	0.303716	0.429200	30
4	0.305335	0.421902	0.329169	0.429200	секунд,
4	0.330789	0.421902	0.348907	0.429200	затем
4	0.350526	0.421902	0.368368	0.429200	через
4	0.369987	0.421902	0.400694	0.429200	I/O-A-04,
4	0.402314	0.421902	0.410537	0.429200	по
4	0.412156	0.421902	0.433349	0.429200	линии
4	0.434968	0.421902	0.449893	0.429200	3612
4	0.451512	0.421902	0.478047	0.429200	исходит
4	0.479667	0.421902	0.508933	0.429200	высокий
4	0.510553	0.421902	0.545692	0.429200	потенциал
4	0.547311	0.421902	0.551289	0.429200	к
4	0.552908	0.421902	0.618575	0.429200	электромагнитному
4	0.620194	0.421902	0.646976	0.429200	клапану
4	0.648595	0.421902	0.706905	0.429200	маслоохладителя,
4	0.708524	0.421902	0.760379	0.429200	осуществляется
4	0.761998	0.421902	0.778467	0.429200	цикл
4	0.780086	0.421902	0.820263	0.429200	охлаждения
4	0.821882	0.421902	0.878020	0.429200	гидравлического
4	0.879639	0.421902	0.900205	0.429200	масла.
4	0.111933	0.428324	0.123936	0.436016	543
4	0.162958	0.434218	0.188754	0.440924	I/O-D-05
4	0.236571	0.433323	0.252609	0.441015	3614
4	0.484654	0.431922	0.526540	0.439614	Temperature
4	0.527972	0.431922	0.575970	0.439614	Sensor（60℃）
4	0.880941	0.433323	0.903326	0.441015	G3614
4	0.111933	0.437300	0.123936	0.444993	544
4	0.298687	0.442159	0.316191	0.449852	Hoist
4	0.318205	0.442159	0.342462	0.449852	Handle
4	0.518924	0.441456	0.522375	0.446831	T
4	0.111933	0.446132	0.123936	0.453825	545
4	0.111933	0.455109	0.123936	0.462801	546
4	0.159731	0.453703	0.171734	0.461396	238
4	0.236571	0.453275	0.252609	0.460968	3109
4	0.306353	0.451289	0.309176	0.456665	6
4	0.330150	0.454424	0.332973	0.459799	8
4	0.387429	0.453275	0.403466	0.460968	7301
4	0.609277	0.453703	0.621280	0.461396	724
4	0.627630	0.453979	0.656565	0.461421	PCAN-H
4	0.111933	0.463946	0.123936	0.471639	547
4	0.330150	0.464117	0.332973	0.469492	7
4	0.387429	0.462252	0.403466	0.469944	7302
4	0.609277	0.462682	0.621280	0.470374	725
4	0.627630	0.462955	0.655252	0.470398	PCAN-L
4	0.111933	0.472923	0.123936	0.480615	548
4	0.271059	0.471090	0.287097	0.478783	3110
4	0.328941	0.472668	0.334588	0.478043	11
4	0.336403	0.471202	0.357792	0.476133	X45X44-D
4	0.361613	0.471202	0.383002	0.476133	X43X42-D
4	0.387429	0.473370	0.403466	0.481063	3211
4	0.415059	0.471202	0.437748	0.476133	X41X40-55
4	0.613714	0.474265	0.639510	0.480972	I/O-D-01
4	0.646390	0.474072	0.663702	0.481514	Hoist
4	0.665718	0.474072	0.689379	0.481514	Handle
4	0.691332	0.474072	0.707163	0.481514	Lock
4	0.709079	0.474072	0.730532	0.481514	Switch
4	0.732411	0.474072	0.752919	0.481514	Signal
4	0.754936	0.474072	0.763507	0.481514	To
4	0.765423	0.474072	0.786228	0.481514	CBCU
4	0.111933	0.481760	0.123936	0.489453	549
4	0.306353	0.481503	0.312000	0.486878	12
4	0.330150	0.481074	0.332973	0.486450	5
4	0.874689	0.480069	0.897074	0.487761	G3109
4	0.111933	0.490742	0.123936	0.498435	550
4	0.735731	0.493435	0.758420	0.498366	X40X41-29
4	0.803695	0.488903	0.837407	0.496596	Hydraulic
4	0.839360	0.488903	0.849783	0.496596	Oil
4	0.851800	0.488903	0.873847	0.496596	Cooler
4	0.875800	0.488903	0.891520	0.496596	SOL
4	0.111933	0.499591	0.123936	0.507283	551
4	0.442084	0.496307	0.474309	0.503749	Hydraulic
4	0.476259	0.496307	0.486074	0.503749	Oil
4	0.488088	0.496307	0.509461	0.503749	Cooler
4	0.511411	0.496307	0.533525	0.503749	Output
4	0.535539	0.496307	0.553552	0.503749	From
4	0.555699	0.496307	0.576499	0.503749	CBCU
4	0.578308	0.496307	0.586878	0.503749	To
4	0.588791	0.496307	0.603274	0.503749	SOL
4	0.608672	0.496498	0.634306	0.503205	I/O-A-04
4	0.708101	0.495603	0.724139	0.503296	3612
4	0.874693	0.495603	0.896953	0.503296	G3612
4	0.111933	0.508567	0.123936	0.516260	552
4	0.387429	0.506720	0.399431	0.514412	100
4	0.464672	0.507147	0.476675	0.514840	774
4	0.486861	0.507425	0.509591	0.514867	Weight
4	0.511610	0.507425	0.534009	0.514867	System
4	0.536160	0.507425	0.556163	0.514867	Power
4	0.045983	0.512990	0.063497	0.520683	Hoist
4	0.111933	0.517405	0.123936	0.525097	553
4	0.133845	0.520199	0.172984	0.527497	Примечание:
4	0.173709	0.520199	0.198935	0.527497	вовремя
4	0.199660	0.520199	0.224946	0.527497	подъема
4	0.225671	0.520199	0.256496	0.527497	цилиндра,
4	0.257221	0.520199	0.273648	0.527497	когда
4	0.274373	0.520199	0.291628	0.527497	ручка
4	0.292353	0.520199	0.317639	0.527497	подъема
4	0.318365	0.520199	0.322260	0.527497	в
4	0.322985	0.520199	0.357301	0.527497	положении
4	0.358027	0.520199	0.376417	0.527497	вверх,
4	0.377142	0.520199	0.381037	0.527497	в
4	0.381762	0.520199	0.388599	0.527497	то
4	0.389324	0.520199	0.397809	0.527497	же
4	0.398534	0.520199	0.416841	0.527497	время
4	0.417567	0.520199	0.446681	0.527497	отжимает
4	0.447407	0.520199	0.492053	0.527497	переключатель
4	0.492779	0.520199	0.511385	0.527497	замка,
4	0.512110	0.520199	0.516006	0.527497	в
4	0.516731	0.520199	0.526478	0.527497	это
4	0.527203	0.520199	0.545510	0.527497	время
4	0.546236	0.520199	0.563491	0.527497	ручка
4	0.564216	0.520199	0.589502	0.527497	подъема
4	0.590227	0.520199	0.606281	0.527497	через
4	0.607006	0.520199	0.621947	0.527497	CAN
4	0.622672	0.520199	0.648779	0.527497	выводит
4	0.649504	0.520199	0.669424	0.527497	сигнал
4	0.670149	0.520199	0.695435	0.527497	подъема
4	0.696160	0.520199	0.703511	0.527497	на
4	0.704236	0.520199	0.724626	0.527497	CBCU,
4	0.725351	0.520199	0.729246	0.527497	в
4	0.729971	0.520199	0.736807	0.527497	то
4	0.737533	0.520199	0.755840	0.527497	время
4	0.756565	0.520199	0.767103	0.527497	как
4	0.767828	0.520199	0.787748	0.527497	сигнал
4	0.788473	0.520199	0.833419	0.527497	переключателя
4	0.834144	0.520199	0.870207	0.527497	блокировки
4	0.870932	0.520199	0.886986	0.527497	через
4	0.887711	0.520199	0.908474	0.527497	линию
4	0.909199	0.520199	0.922782	0.527497	3211
4	0.111933	0.526381	0.123936	0.534074	554
4	0.133738	0.526527	0.162779	0.533825	поступает
4	0.163504	0.526527	0.190088	0.533825	высокий
4	0.190813	0.526527	0.222376	0.533825	потенциал
4	0.223101	0.526527	0.230452	0.533825	на
4	0.231178	0.526527	0.258718	0.533825	I/O-D-01,
4	0.259444	0.526527	0.277452	0.533825	После
4	0.278178	0.526527	0.309353	0.533825	обработки
4	0.310078	0.526527	0.329019	0.533825	CBCU
4	0.329744	0.526527	0.336580	0.533825	от
4	0.337305	0.526527	0.364436	0.533825	I/O-A-20,
4	0.365161	0.526527	0.372937	0.533825	по
4	0.373662	0.526527	0.393067	0.533825	линии
4	0.393792	0.526527	0.408823	0.533825	3319,
4	0.409548	0.526527	0.433402	0.533825	исходит
4	0.434127	0.526527	0.460711	0.533825	высокий
4	0.461436	0.526527	0.492999	0.533825	потенциал
4	0.493724	0.526527	0.497702	0.533825	к
4	0.498427	0.526527	0.556941	0.533825	электромагнитному
4	0.557667	0.526527	0.581766	0.533825	клапану
4	0.582491	0.526527	0.609225	0.533825	подъема;
4	0.609951	0.526527	0.613846	0.533825	в
4	0.614571	0.526527	0.621407	0.533825	то
4	0.622132	0.526527	0.630617	0.533825	же
4	0.631343	0.526527	0.649650	0.533825	время
4	0.650375	0.526527	0.666429	0.533825	через
4	0.667154	0.526527	0.694285	0.533825	I/O-A-18,
4	0.695010	0.526527	0.702786	0.533825	по
4	0.703511	0.526527	0.722916	0.533825	линии
4	0.723641	0.526527	0.738672	0.533825	3300,
4	0.739398	0.526527	0.763251	0.533825	исходит
4	0.763976	0.526527	0.790560	0.533825	высокий
4	0.791286	0.526527	0.822848	0.533825	потенциал
4	0.823574	0.526527	0.827551	0.533825	к
4	0.828276	0.526527	0.869691	0.533825	перепускному
4	0.870416	0.526527	0.928930	0.533825	электромагнитному
4	0.111933	0.535219	0.123936	0.542911	555
4	0.133738	0.532854	0.157837	0.540152	клапану
4	0.158562	0.532854	0.160458	0.540152	,
4	0.161183	0.532854	0.180117	0.540152	чтобы
4	0.180842	0.532854	0.216921	0.540152	реализовать
4	0.217647	0.532854	0.246477	0.540152	функцию
4	0.247202	0.532854	0.273936	0.540152	подъема.
4	0.460437	0.538207	0.477749	0.545649	Hoist
4	0.479766	0.538207	0.507636	0.545649	Solenoid
4	0.509552	0.538207	0.531673	0.545649	Output
4	0.533690	0.538207	0.551708	0.545649	From
4	0.553858	0.538207	0.574663	0.545649	CBCU
4	0.576475	0.538207	0.585046	0.545649	To
4	0.586962	0.538207	0.601449	0.545649	SOL
4	0.610084	0.538826	0.635717	0.545532	I/O-A-20
4	0.708101	0.537931	0.724139	0.545624	3319
4	0.735731	0.535762	0.758420	0.540694	X40X41-40
4	0.822457	0.531659	0.839961	0.539352	Hoist
4	0.841975	0.531659	0.857692	0.539352	SOL
4	0.874693	0.537931	0.896953	0.545624	G3319
4	0.111933	0.544195	0.123936	0.551888	556
4	0.111933	0.553033	0.123936	0.560725	557
4	0.735731	0.557995	0.758420	0.562926	X40X41-42
4	0.818221	0.553036	0.849085	0.560728	Overflow
4	0.850865	0.553036	0.866582	0.560728	SOL
4	0.111933	0.561870	0.123936	0.569563	558
4	0.448336	0.560867	0.477508	0.568310	Overflow
4	0.479317	0.560867	0.507176	0.568310	Solenoid
4	0.509089	0.560867	0.531203	0.568310	Output
4	0.533216	0.560867	0.551230	0.568310	From
4	0.553377	0.560867	0.574176	0.568310	CBCU
4	0.575985	0.560867	0.584556	0.568310	To
4	0.586469	0.560867	0.600952	0.568310	SOL
4	0.609277	0.561059	0.634911	0.567765	I/O-A-18
4	0.708101	0.560164	0.724139	0.567856	3300
4	0.874693	0.560164	0.896953	0.567856	G3300
4	0.045983	0.573131	0.066835	0.580823	Power
4	0.068796	0.573131	0.087935	0.580823	Down
4	0.111933	0.570847	0.123936	0.578539	559
4	0.138543	0.575599	0.177681	0.582897	Примечание:
4	0.178406	0.575599	0.185772	0.582897	во
4	0.186497	0.575599	0.204805	0.582897	время
4	0.205530	0.575599	0.235913	0.582897	снижения
4	0.236639	0.575599	0.267395	0.582897	мощности
4	0.268120	0.575599	0.270016	0.582897	,
4	0.270741	0.575599	0.287168	0.582897	когда
4	0.287893	0.575599	0.305148	0.582897	ручка
4	0.305873	0.575599	0.331159	0.582897	подъема
4	0.331884	0.575599	0.362313	0.582897	находится
4	0.363038	0.575599	0.366934	0.582897	в
4	0.367659	0.575599	0.401975	0.582897	положении
4	0.402700	0.575599	0.427561	0.582897	падения
4	0.428286	0.575599	0.460491	0.582897	мощности,
4	0.461216	0.575599	0.504086	0.582897	одновременно
4	0.504811	0.575599	0.532306	0.582897	нажимая
4	0.533031	0.575599	0.577678	0.582897	переключатель
4	0.578403	0.575599	0.615915	0.582897	блокировки,
4	0.616640	0.575599	0.620536	0.582897	в
4	0.621261	0.575599	0.631008	0.582897	это
4	0.631733	0.575599	0.650040	0.582897	время
4	0.650766	0.575599	0.683522	0.582897	подъемная
4	0.684248	0.575599	0.701503	0.582897	ручка
4	0.702228	0.575599	0.718282	0.582897	через
4	0.719007	0.575599	0.733948	0.582897	CAN
4	0.734673	0.575599	0.760780	0.582897	выводит
4	0.761505	0.575599	0.781425	0.582897	сигнал
4	0.782150	0.575599	0.812533	0.582897	снижения
4	0.813258	0.575599	0.844015	0.582897	мощности
4	0.844740	0.575599	0.852091	0.582897	на
4	0.852816	0.575599	0.873205	0.582897	CBCU,
4	0.873931	0.575599	0.877826	0.582897	в
4	0.878551	0.575599	0.885387	0.582897	то
4	0.886112	0.575599	0.904420	0.582897	время
4	0.905145	0.575599	0.915683	0.582897	как
4	0.916408	0.575599	0.936328	0.582897	сигнал
4	0.111933	0.579684	0.123936	0.587377	560
4	0.138435	0.581927	0.174499	0.589225	блокировки
4	0.175224	0.581927	0.220169	0.589225	переключателя
4	0.220894	0.581927	0.228671	0.589225	по
4	0.229396	0.581927	0.248800	0.589225	линии
4	0.249525	0.581927	0.263109	0.589225	3211
4	0.263834	0.581927	0.290292	0.589225	получает
4	0.291017	0.581927	0.317601	0.589225	высокий
4	0.318327	0.581927	0.349890	0.589225	потенциал
4	0.350615	0.581927	0.357966	0.589225	на
4	0.358691	0.581927	0.386232	0.589225	I/O-D-01,
4	0.386957	0.581927	0.404966	0.589225	После
4	0.405691	0.581927	0.436866	0.589225	обработки
4	0.437591	0.581927	0.456532	0.589225	CBCU
4	0.457257	0.581927	0.464093	0.589225	от
4	0.464819	0.581927	0.490501	0.589225	I/O-A-22
4	0.491226	0.581927	0.499002	0.589225	по
4	0.499727	0.581927	0.519132	0.589225	линии
4	0.519857	0.581927	0.533440	0.589225	3315
4	0.534165	0.581927	0.558018	0.589225	исходит
4	0.558744	0.581927	0.585328	0.589225	высокий
4	0.586053	0.581927	0.617616	0.589225	потенциал
4	0.618341	0.581927	0.625692	0.589225	на
4	0.626417	0.581927	0.656995	0.589225	спусковой
4	0.657720	0.581927	0.714436	0.589225	электромагнитный
4	0.715161	0.581927	0.737686	0.589225	клапан;
4	0.738411	0.581927	0.742306	0.589225	в
4	0.743031	0.581927	0.749867	0.589225	то
4	0.750593	0.581927	0.759078	0.589225	же
4	0.759803	0.581927	0.778110	0.589225	время
4	0.778836	0.581927	0.794889	0.589225	через
4	0.795615	0.581927	0.822745	0.589225	I/O-A-18,
4	0.823470	0.581927	0.831246	0.589225	по
4	0.831972	0.581927	0.851376	0.589225	линии
4	0.852101	0.581927	0.867133	0.589225	3300,
4	0.867858	0.581927	0.891711	0.589225	исходит
4	0.892436	0.581927	0.919021	0.589225	высокий
4	0.919746	0.581927	0.951309	0.589225	потенциал
4	0.111933	0.588666	0.123936	0.596359	561
4	0.138435	0.588255	0.145786	0.595553	на
4	0.146511	0.588255	0.184463	0.595553	перепускной
4	0.185189	0.588255	0.241904	0.595553	электромагнитный
4	0.242629	0.588255	0.263706	0.595553	клапан
4	0.264431	0.588255	0.266326	0.595553	,
4	0.267051	0.588255	0.285986	0.595553	чтобы
4	0.286711	0.588255	0.322790	0.595553	реализовать
4	0.323515	0.588255	0.352345	0.595553	функцию
4	0.353070	0.588255	0.383454	0.595553	снижения
4	0.384179	0.588255	0.416384	0.595553	мощности.
4	0.735731	0.595905	0.758420	0.600836	X40X41-43
4	0.813173	0.590948	0.833997	0.598640	Power
4	0.835944	0.590948	0.855062	0.598640	Down
4	0.856934	0.590948	0.872648	0.598640	SOL
4	0.111933	0.597504	0.123936	0.605196	562
4	0.436437	0.598207	0.456432	0.605649	Power
4	0.458382	0.598207	0.477070	0.605649	Down
4	0.478946	0.598207	0.506805	0.605649	Solenoid
4	0.508718	0.598207	0.530831	0.605649	Output
4	0.532845	0.598207	0.550859	0.605649	From
4	0.553005	0.598207	0.573805	0.605649	CBCU
4	0.575614	0.598207	0.584184	0.605649	To
4	0.586097	0.598207	0.600581	0.605649	SOL
4	0.610084	0.598969	0.635717	0.605675	I/O-A-22
4	0.708101	0.597931	0.724139	0.605624	3315
4	0.874693	0.597931	0.896953	0.605624	G3319
4	0.111933	0.606480	0.123936	0.614173	563
4	0.735731	0.613720	0.758420	0.618651	X40X41-42
4	0.816200	0.609616	0.847064	0.617309	Overflow
4	0.848844	0.609616	0.864561	0.617309	SOL
4	0.034689	0.619033	0.038456	0.624408	B
4	0.045983	0.615317	0.063107	0.623010	Float
4	0.111933	0.615318	0.123936	0.623010	564
4	0.447731	0.616592	0.476903	0.624034	Overflow
4	0.478712	0.616592	0.506571	0.624034	Solenoid
4	0.508484	0.616592	0.530598	0.624034	Output
4	0.532611	0.616592	0.550625	0.624034	From
4	0.552772	0.616592	0.573571	0.624034	CBCU
4	0.575380	0.616592	0.583951	0.624034	To
4	0.585864	0.616592	0.600347	0.624034	SOL
4	0.610689	0.616783	0.636290	0.623490	I/O-A-18
4	0.708101	0.615746	0.724139	0.623438	3300
4	0.874693	0.615746	0.896953	0.623438	G3300
4	0.946487	0.619033	0.950254	0.624408	B
4	0.111933	0.624294	0.123936	0.631987	565
4	0.134229	0.623130	0.186796	0.630428	Примечание:
4	0.190206	0.623130	0.212833	0.630428	ручка
4	0.216244	0.623130	0.249587	0.630428	подъема
4	0.252998	0.623130	0.256893	0.630428	в
4	0.260304	0.623130	0.305364	0.630428	положении
4	0.308774	0.623130	0.365252	0.630428	удерживания,
4	0.368663	0.623130	0.373036	0.630428	и
4	0.376447	0.623130	0.398491	0.630428	кузов
4	0.401902	0.623130	0.446081	0.630428	опускается
4	0.449492	0.623130	0.458186	0.630428	на
4	0.461597	0.623130	0.482918	0.630428	раму,
4	0.486328	0.623130	0.547985	0.630428	бесконтактный
4	0.551396	0.623130	0.604933	0.630428	выключатель
4	0.608344	0.623130	0.658881	0.630428	разъединяет
4	0.662292	0.623130	0.688426	0.630428	линию
4	0.691837	0.623130	0.709448	0.630428	3111
4	0.712859	0.623130	0.727414	0.630428	24V
4	0.730825	0.623130	0.733974	0.630428	с
4	0.737385	0.623130	0.772877	0.630428	I/O-D-09
4	0.776288	0.623130	0.778184	0.630428	;
4	0.781595	0.623130	0.795885	0.630428	или
4	0.799296	0.623130	0.816520	0.630428	если
4	0.819931	0.623130	0.842557	0.630428	ручка
4	0.845968	0.623130	0.893013	0.630428	управления
4	0.134229	0.629483	0.173721	0.636781	подъемом
4	0.177132	0.629483	0.218303	0.636781	находится
4	0.221714	0.629483	0.225609	0.636781	в
4	0.229020	0.629483	0.274930	0.636781	плавающем
4	0.278341	0.629483	0.326192	0.636781	положении,
4	0.329603	0.629483	0.333498	0.636781	в
4	0.336909	0.629483	0.354319	0.636781	двух
4	0.357730	0.629483	0.422670	0.636781	вышеуказанных
4	0.426081	0.629483	0.456984	0.636781	случаях
4	0.460395	0.629483	0.505678	0.636781	CBCU-A-07
4	0.509089	0.629483	0.530514	0.636781	через
4	0.533925	0.629483	0.560059	0.636781	линию
4	0.563470	0.629483	0.581076	0.636781	3213
4	0.584487	0.629483	0.618651	0.636781	выводит
4	0.622062	0.629483	0.636621	0.636781	24V
4	0.640032	0.629483	0.648726	0.636781	на
4	0.652137	0.629483	0.728995	0.636781	электромагнитный
4	0.732406	0.629483	0.760196	0.636781	клапан
4	0.763607	0.629483	0.812600	0.636781	плавающего
4	0.816011	0.629483	0.848958	0.636781	режима,
4	0.852369	0.629483	0.874414	0.636781	кузов
4	0.877825	0.629483	0.918996	0.636781	находится
4	0.922407	0.629483	0.926302	0.636781	в
4	0.111933	0.633132	0.123936	0.640824	566
4	0.134229	0.635835	0.180139	0.643133	плавающем
4	0.183550	0.635835	0.228117	0.643133	состоянии.
4	0.231528	0.635835	0.262915	0.643133	Первый
4	0.266326	0.635835	0.293065	0.643133	способ
4	0.296476	0.635835	0.299028	0.643133	-
4	0.302439	0.635835	0.314871	0.643133	это
4	0.318282	0.635835	0.387013	0.643133	принудительный
4	0.390424	0.635835	0.437006	0.643133	плавающий
4	0.440417	0.635835	0.468991	0.643133	режим;
4	0.472402	0.635835	0.551357	0.643133	второй-плавающий
4	0.554768	0.635835	0.583342	0.643133	режим.
4	0.111933	0.642108	0.123936	0.649801	567
4	0.111933	0.650946	0.123936	0.658638	568
4	0.159731	0.649665	0.171734	0.657357	239
4	0.236571	0.649237	0.252609	0.656930	3108
4	0.291828	0.642538	0.328863	0.650230	Dumpbody
4	0.303731	0.652952	0.306554	0.658327	2
4	0.325714	0.652952	0.328538	0.658327	1
4	0.330777	0.642538	0.340829	0.650230	Up
4	0.335193	0.648470	0.362333	0.653993	24V=Dump
4	0.342921	0.642538	0.355223	0.650230	SW
4	0.363630	0.648470	0.375933	0.653993	Body
4	0.377143	0.648470	0.384316	0.653993	Up
4	0.387429	0.649237	0.403466	0.656930	3111
4	0.424538	0.647069	0.443965	0.652000	X57X56-j
4	0.496739	0.647069	0.519429	0.652000	X41X40-14
4	0.613109	0.650132	0.638905	0.656839	I/O-D-09
4	0.647193	0.649513	0.667055	0.656956	Dump
4	0.668967	0.649513	0.685161	0.656956	Body
4	0.687111	0.649513	0.696487	0.656956	Up
4	0.698400	0.649513	0.718901	0.656956	Signal
4	0.720915	0.649513	0.729485	0.656956	To
4	0.731398	0.649513	0.752198	0.656956	CBCU
4	0.111933	0.659922	0.123936	0.667615	569
4	0.277307	0.658075	0.296202	0.665767	Jump
4	0.303730	0.661787	0.306554	0.667162	3
4	0.325714	0.661787	0.328537	0.667162	4
4	0.332166	0.666284	0.359306	0.671807	24V=Dump
4	0.360603	0.666284	0.372906	0.671807	Body
4	0.374116	0.666284	0.387945	0.671807	Down
4	0.390454	0.662492	0.402457	0.670184	213
4	0.424538	0.660466	0.443965	0.665397	X44X45-t
4	0.467899	0.663062	0.479902	0.670754	780
4	0.490489	0.663340	0.525232	0.670782	Dumpbody
4	0.527182	0.663340	0.536558	0.670782	Up
4	0.538471	0.663340	0.558972	0.670782	Signal
4	0.560986	0.663340	0.569556	0.670782	To
4	0.571469	0.663340	0.594188	0.670782	Weight
4	0.596201	0.663340	0.618588	0.670782	System
4	0.045983	0.675462	0.062225	0.683155	Hold
4	0.111933	0.668760	0.123936	0.676452	570
4	0.111936	0.677737	0.123939	0.685429	571
4	0.138595	0.672910	0.177882	0.679485	Примечание.
4	0.138595	0.678610	0.152040	0.685185	3111
4	0.153499	0.678610	0.157082	0.685185	к
4	0.158541	0.678610	0.161082	0.685185	I
4	0.162541	0.678610	0.164740	0.685185	/
4	0.166198	0.678610	0.189492	0.685185	O-D-09,
4	0.179341	0.672910	0.213345	0.679485	Подъемная
4	0.190951	0.678610	0.194891	0.685185	и
4	0.196350	0.678610	0.199859	0.685185	в
4	0.201318	0.678610	0.210904	0.685185	это
4	0.212363	0.678610	0.230467	0.685185	время
4	0.214803	0.672910	0.231960	0.679485	ручка
4	0.231926	0.678610	0.262104	0.685185	состояние
4	0.233419	0.672910	0.264054	0.679485	находится
4	0.263563	0.678610	0.296410	0.685185	удержания
4	0.265513	0.672910	0.269022	0.679485	в
4	0.270481	0.672910	0.317170	0.679485	удерживающем
4	0.297869	0.678610	0.330286	0.685185	выводится
4	0.318629	0.672910	0.354474	0.679485	положении,
4	0.331745	0.678610	0.347819	0.685185	через
4	0.349277	0.678610	0.365250	0.685185	CAN.
4	0.355933	0.672910	0.359066	0.679485	а
4	0.360524	0.672910	0.377156	0.679485	кузов
4	0.378615	0.672910	0.385445	0.679485	не
4	0.386904	0.672910	0.393929	0.679485	на
4	0.395388	0.672910	0.411180	0.679485	раме,
4	0.412639	0.672910	0.458501	0.679485	бесконтактный
4	0.459960	0.672910	0.505015	0.679485	переключатель
4	0.461647	0.680582	0.478720	0.688025	Float
4	0.480734	0.680582	0.508593	0.688025	Solenoid
4	0.506474	0.672910	0.539865	0.679485	подключен
4	0.510506	0.680582	0.532619	0.688025	Output
4	0.534633	0.680582	0.552647	0.688025	From
4	0.541324	0.672910	0.544907	0.679485	к
4	0.546366	0.672910	0.565459	0.679485	линии
4	0.554793	0.680582	0.575593	0.688025	CBCU
4	0.566918	0.672910	0.573640	0.679485	24
4	0.575099	0.672910	0.579879	0.679485	V
4	0.577402	0.680582	0.585972	0.688025	To
4	0.581338	0.672910	0.592134	0.679485	под
4	0.587885	0.680582	0.602369	0.688025	SOL
4	0.593593	0.672910	0.619832	0.679485	номером
4	0.607462	0.681344	0.642385	0.688050	CBCU-A-07
4	0.647798	0.678280	0.670487	0.683211	X19X18-45
4	0.682286	0.678280	0.704975	0.683211	X17X16-45
4	0.711328	0.680306	0.727366	0.687999	3213
4	0.738958	0.678280	0.761647	0.683211	X40X41-41
4	0.825680	0.674179	0.842789	0.681872	Float
4	0.844805	0.674179	0.860525	0.681872	SOL
4	0.877916	0.680306	0.900175	0.687999	G3213
4	0.045983	0.695556	0.064740	0.703248	Front
4	0.066758	0.695556	0.086794	0.703248	Brake
4	0.088749	0.695556	0.105624	0.703248	Drag
4	0.111936	0.686574	0.123939	0.694267	572
4	0.111936	0.695551	0.123939	0.703243	573
4	0.135279	0.688374	0.174566	0.694949	Примечание:
4	0.135279	0.694075	0.153652	0.700650	номер
4	0.155111	0.694075	0.168556	0.700650	3606
4	0.170015	0.694075	0.198109	0.700650	заземлен,
4	0.176025	0.688374	0.192099	0.694949	через
4	0.193558	0.688374	0.200281	0.694949	15
4	0.199568	0.694075	0.202701	0.700650	а
4	0.201740	0.688374	0.221504	0.694949	секунд
4	0.204160	0.694075	0.211185	0.700650	на
4	0.212644	0.694075	0.252805	0.700650	выключатель
4	0.222963	0.688374	0.239528	0.694949	после
4	0.240987	0.688374	0.275582	0.694949	отпускания
4	0.254264	0.694075	0.256805	0.700650	I
4	0.258264	0.694075	0.260462	0.700650	/
4	0.261921	0.694075	0.283508	0.700650	O-D-11
4	0.277040	0.688374	0.297699	0.694949	педали
4	0.284966	0.694075	0.314351	0.700650	поступает
4	0.299158	0.688374	0.325820	0.694949	рабочего
4	0.315810	0.694075	0.340839	0.700650	входной
4	0.327279	0.688374	0.353108	0.694949	тормоза,
4	0.342297	0.694075	0.364476	0.700650	низкий
4	0.354566	0.688374	0.367662	0.694949	если
4	0.365934	0.694075	0.399299	0.700650	потенциал,
4	0.369121	0.688374	0.372630	0.694949	в
4	0.374089	0.688374	0.383676	0.694949	это
4	0.385135	0.688374	0.403239	0.694949	время
4	0.401859	0.694761	0.421818	0.701336	сигнал
4	0.401859	0.700462	0.436918	0.707037	аварийного
4	0.404698	0.688374	0.416879	0.694949	есть
4	0.418338	0.688374	0.445457	0.694949	давление
4	0.423277	0.694761	0.469005	0.701336	сопротивления
4	0.438376	0.700462	0.484104	0.707037	сопротивления
4	0.446916	0.688374	0.450425	0.694949	в
4	0.451884	0.688374	0.493141	0.694949	трубопроводе
4	0.470464	0.694761	0.500420	0.701336	переднего
4	0.485563	0.700462	0.515519	0.707037	переднего
4	0.494600	0.688374	0.524556	0.694949	переднего
4	0.501879	0.694761	0.526000	0.701336	тормоза
4	0.516978	0.700462	0.541099	0.707037	тормоза
4	0.526015	0.688374	0.551844	0.694949	тормоза,
4	0.527459	0.694761	0.559876	0.701336	выводится
4	0.542558	0.700462	0.546497	0.707037	и
4	0.547956	0.700462	0.570961	0.707037	зуммер.
4	0.553303	0.688374	0.585652	0.694949	тормозной
4	0.561334	0.694761	0.568360	0.701336	на
4	0.569818	0.694761	0.627082	0.701336	комбинированный
4	0.587111	0.688374	0.632166	0.694949	переключатель
4	0.628541	0.694761	0.662981	0.701336	измеритель
4	0.633625	0.688374	0.663581	0.694949	переднего
4	0.664440	0.694761	0.680514	0.701336	через
4	0.665040	0.688374	0.689161	0.694949	тормоза
4	0.681973	0.694761	0.697946	0.701336	CAN,
4	0.690620	0.688374	0.716314	0.694949	замкнут,
4	0.699405	0.694761	0.718074	0.701336	чтобы
4	0.717773	0.688374	0.739286	0.694949	провод
4	0.719533	0.694761	0.751358	0.701336	загореться
4	0.752817	0.694761	0.770679	0.701336	лампа
4	0.811765	0.689714	0.827803	0.697406	3214
4	0.827496	0.691993	0.844604	0.699685	Float
4	0.846621	0.691993	0.862341	0.699685	SOL
4	0.877916	0.698120	0.900175	0.705813	G3214
4	0.111936	0.704388	0.123939	0.712081	574
4	0.204504	0.711629	0.227193	0.716561	X40X41-38
4	0.260975	0.711629	0.283482	0.716561	X56X57-M
4	0.286185	0.709237	0.304942	0.716930	Front
4	0.306960	0.709237	0.326996	0.716930	Brake
4	0.328951	0.709237	0.357818	0.716930	Pressure
4	0.359772	0.709237	0.372062	0.716930	SW
4	0.111936	0.713365	0.123939	0.721057	575
4	0.163563	0.714693	0.189359	0.721399	I/O-D-11
4	0.236571	0.713798	0.252609	0.721491	3606
4	0.877916	0.713798	0.895526	0.721491	GND
4	0.111936	0.722202	0.123939	0.729895	576
4	0.279328	0.723489	0.303566	0.731182	Service
4	0.305521	0.723489	0.325557	0.731182	Brake
4	0.329529	0.723489	0.358727	0.731182	Proximit
4	0.360745	0.723489	0.373035	0.731182	SW
4	0.111936	0.731040	0.123939	0.738732	577
4	0.304336	0.731724	0.307976	0.736656	A
4	0.111936	0.740016	0.123939	0.747709	578
4	0.157311	0.739206	0.192032	0.745912	CBCU-B-10
4	0.236571	0.738169	0.252609	0.745861	3419
4	0.304336	0.737853	0.307699	0.742784	B
4	0.304336	0.745406	0.307976	0.750337	C
4	0.111936	0.748854	0.123939	0.756546	579
4	0.111936	0.757830	0.123939	0.765523	580
4	0.137134	0.761555	0.184489	0.768129	Примечание:
4	0.187561	0.761555	0.206862	0.768129	через
4	0.209934	0.761555	0.217464	0.768129	15
4	0.220536	0.761555	0.244334	0.768129	секунд
4	0.247407	0.761555	0.267198	0.768129	после
4	0.270271	0.761555	0.312126	0.768129	отпускания
4	0.315198	0.761555	0.344333	0.768129	рабочей
4	0.347406	0.761555	0.372098	0.768129	педали
4	0.375170	0.761555	0.404132	0.768129	тормоза
4	0.407204	0.761555	0.411144	0.768129	и
4	0.414214	0.761555	0.463854	0.768129	погрузочного
4	0.466927	0.761555	0.498402	0.768129	тормоза,
4	0.501474	0.761555	0.516990	0.768129	если
4	0.520063	0.761555	0.523572	0.768129	в
4	0.526644	0.761555	0.537844	0.768129	это
4	0.540916	0.761555	0.562247	0.768129	время
4	0.565320	0.761555	0.579921	0.768129	есть
4	0.582994	0.761555	0.615759	0.768129	давление
4	0.618831	0.761555	0.622340	0.768129	в
4	0.625412	0.761555	0.675543	0.768129	трубопроводе
4	0.678616	0.761555	0.705997	0.768129	заднего
4	0.709069	0.761555	0.740545	0.768129	тормоза,
4	0.743617	0.761555	0.782420	0.768129	тормозной
4	0.785493	0.761555	0.833721	0.768129	выключатель
4	0.836794	0.761555	0.864175	0.768129	заднего
4	0.867248	0.761555	0.896209	0.768129	тормоза
4	0.874689	0.755983	0.897074	0.763676	G3419
4	0.899281	0.761555	0.930622	0.768129	замкнут,
4	0.111936	0.766668	0.123939	0.774360	581
4	0.137028	0.767255	0.162574	0.773830	провод
4	0.165646	0.767255	0.187246	0.773830	номер
4	0.190318	0.767255	0.206184	0.773830	3607
4	0.209256	0.767255	0.243804	0.773830	заземлен,
4	0.246876	0.767255	0.250009	0.773830	а
4	0.253081	0.767255	0.260913	0.773830	на
4	0.263986	0.767255	0.312214	0.773830	выключатель
4	0.315286	0.767255	0.317828	0.773830	I
4	0.320898	0.767255	0.323096	0.773830	/
4	0.326169	0.767255	0.351789	0.773830	O-D-12
4	0.354861	0.767255	0.390700	0.773830	поступает
4	0.396038	0.767255	0.425907	0.773830	входной
4	0.428979	0.767255	0.455191	0.773830	низкий
4	0.458263	0.767255	0.496374	0.773830	потенциал
4	0.499446	0.767255	0.527661	0.773830	,Сигнал
4	0.530733	0.767255	0.586142	0.773830	сопротивления
4	0.589214	0.767255	0.616596	0.773830	заднего
4	0.619668	0.767255	0.648629	0.773830	тормоза
4	0.651701	0.767255	0.690572	0.773830	выводится
4	0.693644	0.767255	0.701476	0.773830	на
4	0.704548	0.767255	0.773106	0.773830	комбинированный
4	0.776178	0.767255	0.817879	0.773830	измеритель
4	0.820952	0.767255	0.829167	0.773830	по
4	0.832239	0.767255	0.850861	0.773830	шине
4	0.853933	0.767255	0.872326	0.773830	CAN,
4	0.045983	0.771233	0.062417	0.778925	Rear
4	0.064372	0.771233	0.084408	0.778925	Brake
4	0.086363	0.771233	0.103237	0.778925	Drag
4	0.111936	0.775644	0.123939	0.783337	582
4	0.135333	0.775125	0.149885	0.782423	при
4	0.153296	0.775125	0.171437	0.782423	этом
4	0.174848	0.775125	0.220437	0.782423	загораются
4	0.223848	0.775125	0.269654	0.782423	сигнальная
4	0.273065	0.775125	0.296475	0.782423	лампа
4	0.299886	0.775125	0.361394	0.782423	сопротивления
4	0.364804	0.775125	0.395200	0.782423	заднего
4	0.398611	0.775125	0.430760	0.782423	тормоза
4	0.434171	0.775125	0.438544	0.782423	и
4	0.441955	0.775125	0.472865	0.782423	зуммер.
4	0.111936	0.784482	0.123939	0.792174	583
4	0.111936	0.793458	0.123939	0.801151	584
4	0.162353	0.797068	0.188149	0.803775	I/O-D-12
4	0.204504	0.794005	0.227193	0.798936	X40X41-39
4	0.236571	0.796173	0.252609	0.803866	3607
4	0.260975	0.794005	0.282363	0.798936	X56X57-N
4	0.288000	0.791185	0.304434	0.798878	Rear
4	0.306389	0.791185	0.326425	0.798878	Brake
4	0.328379	0.791185	0.357247	0.798878	Pressure
4	0.359201	0.791185	0.371491	0.798878	SW
4	0.877916	0.796173	0.895526	0.803866	GND
4	0.111936	0.802296	0.123939	0.809988	585
4	0.111936	0.811272	0.123939	0.818965	586
4	0.289412	0.809430	0.316912	0.817122	Loading
4	0.319030	0.809430	0.339063	0.817122	Brake
4	0.336403	0.816237	0.358074	0.821169	X45X44-G
4	0.341016	0.809430	0.353305	0.817122	SW
4	0.361613	0.816237	0.383284	0.821169	X43X42-G
4	0.415059	0.816237	0.437748	0.821169	X41X40-60
4	0.448941	0.812990	0.469587	0.820683	TB3H
4	0.111936	0.820110	0.123939	0.827802	587
4	0.159731	0.818834	0.171734	0.826526	219
4	0.236571	0.818406	0.252609	0.826099	3408
4	0.387429	0.818406	0.403466	0.826099	3438
4	0.566521	0.818406	0.582559	0.826099	3441
4	0.613109	0.819301	0.638710	0.826007	I/O-A-05
4	0.646387	0.818682	0.672868	0.826124	Loading
4	0.674780	0.818682	0.693998	0.826124	Brake
4	0.695948	0.818682	0.714326	0.826124	Apply
4	0.716276	0.818682	0.733785	0.826124	Input
4	0.735798	0.818682	0.756299	0.826124	Signal
4	0.758313	0.818682	0.766883	0.826124	To
4	0.768796	0.818682	0.789596	0.826124	CBCU
4	0.111936	0.829086	0.123939	0.836779	588
4	0.127192	0.827365	0.176851	0.834663	Примечание:
4	0.179680	0.827365	0.200316	0.834663	когда
4	0.203145	0.827365	0.237482	0.834663	давление
4	0.240312	0.827365	0.244207	0.834663	в
4	0.247036	0.827365	0.287785	0.834663	тормозной
4	0.290614	0.827365	0.319616	0.834663	системе
4	0.322445	0.827365	0.341886	0.834663	ниже
4	0.344715	0.827365	0.361455	0.834663	2100
4	0.364284	0.827365	0.391554	0.834663	фунтов
4	0.394384	0.827365	0.402787	0.834663	на
4	0.405614	0.827365	0.451370	0.834663	квадратный
4	0.454200	0.827365	0.477193	0.834663	дюйм,
4	0.480022	0.827365	0.496195	0.834663	реле
4	0.499024	0.827365	0.529444	0.834663	низкого
4	0.532271	0.827365	0.567393	0.834663	давления
4	0.570222	0.827365	0.574117	0.834663	в
4	0.576947	0.827365	0.617695	0.834663	тормозной
4	0.620524	0.827365	0.649526	0.834663	системе
4	0.652355	0.827365	0.691201	0.834663	находится
4	0.694030	0.827365	0.697926	0.834663	в
4	0.700755	0.827365	0.740951	0.834663	замкнутом
4	0.743780	0.827365	0.785731	0.834663	состоянии,
4	0.788560	0.827365	0.815464	0.834663	провод
4	0.818294	0.827365	0.841108	0.834663	номер
4	0.843938	0.827365	0.860677	0.834663	3442
4	0.863506	0.827365	0.899531	0.834663	заземлен,
4	0.902361	0.827365	0.905838	0.834663	а
4	0.908667	0.827365	0.936310	0.834663	низкий
4	0.127086	0.833692	0.167065	0.840990	потенциал
4	0.169895	0.833692	0.203412	0.840990	подается
4	0.206241	0.833692	0.214644	0.840990	на
4	0.217473	0.833692	0.220294	0.840990	I
4	0.223124	0.833692	0.225564	0.840990	/
4	0.228393	0.833692	0.254311	0.840990	OA-13.
4	0.257140	0.833692	0.261893	0.840990	В
4	0.264723	0.833692	0.276574	0.840990	это
4	0.279403	0.833692	0.301919	0.840990	время
4	0.304749	0.833692	0.321793	0.840990	CAN
4	0.324623	0.833692	0.350990	0.840990	выдает
4	0.353819	0.833692	0.378999	0.840990	сигнал
4	0.381829	0.833692	0.412248	0.840990	низкого
4	0.415078	0.833692	0.450199	0.840990	давления
4	0.453028	0.833692	0.456924	0.840990	в
4	0.459753	0.833692	0.500501	0.840990	тормозной
4	0.503331	0.833692	0.532332	0.840990	системе
4	0.535162	0.833692	0.543565	0.840990	на
4	0.546394	0.833692	0.618424	0.840990	комбинированный
4	0.621253	0.833692	0.664928	0.840990	измеритель
4	0.667757	0.833692	0.672130	0.840990	и
4	0.674959	0.833692	0.746993	0.840990	комбинированный
4	0.749822	0.833692	0.795997	0.840990	измеритель.
4	0.798826	0.833692	0.840217	0.840990	Загорается
4	0.843046	0.833692	0.883533	0.840990	индикатор
4	0.886363	0.833692	0.916782	0.840990	низкого
4	0.045983	0.837931	0.060540	0.845624	Low
4	0.062325	0.837931	0.082361	0.845624	Brake
4	0.084315	0.837931	0.113182	0.845624	Pressure
4	0.111936	0.837924	0.123939	0.845616	589
4	0.127086	0.840020	0.162207	0.847318	давления
4	0.165036	0.840020	0.168931	0.847318	в
4	0.171761	0.840020	0.212509	0.847318	тормозной
4	0.204504	0.845169	0.227193	0.850100	X40X41-17
4	0.215339	0.840020	0.246841	0.847318	системе.
4	0.260975	0.845169	0.282363	0.850100	X56X57-R
4	0.286790	0.842349	0.301347	0.850042	Low
4	0.303131	0.842349	0.323167	0.850042	Brake
4	0.325122	0.842349	0.353989	0.850042	Pressure
4	0.355944	0.842349	0.368234	0.850042	SW
4	0.111936	0.846900	0.123939	0.854593	590
4	0.163563	0.848232	0.189164	0.854939	I/O-A-13
4	0.236571	0.847337	0.252609	0.855030	3442
4	0.877916	0.847337	0.895526	0.855030	GND
4	0.034689	0.858178	0.038766	0.863553	A
4	0.111936	0.855738	0.123939	0.863430	591
4	0.131166	0.856966	0.180826	0.864264	Примечание:
4	0.183655	0.856966	0.204291	0.864264	когда
4	0.207119	0.856966	0.241457	0.864264	давление
4	0.244286	0.856966	0.248181	0.864264	в
4	0.251011	0.856966	0.280012	0.864264	системе
4	0.282842	0.856966	0.316456	0.864264	рулевого
4	0.319285	0.856966	0.363713	0.864264	управления
4	0.366542	0.856966	0.385983	0.864264	ниже
4	0.388812	0.856966	0.405552	0.864264	2100
4	0.408381	0.856966	0.435651	0.864264	фунтов
4	0.438481	0.856966	0.446884	0.864264	на
4	0.449713	0.856966	0.495469	0.864264	квадратный
4	0.498299	0.856966	0.521292	0.864264	дюйм,
4	0.524121	0.856966	0.540294	0.864264	реле
4	0.543123	0.856966	0.573543	0.864264	низкого
4	0.576372	0.856966	0.611493	0.864264	давления
4	0.614323	0.856966	0.647937	0.864264	рулевого
4	0.650766	0.856966	0.695194	0.864264	управления
4	0.698023	0.856966	0.736869	0.864264	находится
4	0.739698	0.856966	0.743593	0.864264	в
4	0.746423	0.856966	0.786619	0.864264	замкнутом
4	0.789448	0.856966	0.831399	0.864264	состоянии,
4	0.834228	0.856966	0.861126	0.864264	провод
4	0.863956	0.856966	0.886770	0.864264	номер
4	0.889599	0.856966	0.906339	0.864264	3516
4	0.946487	0.858178	0.950564	0.863553	A
4	0.111936	0.864714	0.123939	0.872407	592
4	0.131059	0.863294	0.167084	0.870592	заземлен,
4	0.169914	0.863294	0.173391	0.870592	а
4	0.176221	0.863294	0.203864	0.870592	низкий
4	0.206693	0.863294	0.246673	0.870592	потенциал
4	0.249502	0.863294	0.283019	0.870592	подается
4	0.285848	0.863294	0.294251	0.870592	на
4	0.297081	0.863294	0.299901	0.870592	I
4	0.302731	0.863294	0.305171	0.870592	/
4	0.308000	0.863294	0.333920	0.870592	OA-11.
4	0.336749	0.863294	0.341502	0.870592	В
4	0.344332	0.863294	0.356183	0.870592	это
4	0.359012	0.863294	0.381528	0.870592	время
4	0.384358	0.863294	0.401402	0.870592	CAN
4	0.404232	0.863294	0.430599	0.870592	выдает
4	0.433428	0.863294	0.458609	0.870592	сигнал
4	0.461438	0.863294	0.491857	0.870592	низкого
4	0.494687	0.863294	0.529808	0.870592	давления
4	0.532638	0.863294	0.566252	0.870592	рулевого
4	0.569081	0.863294	0.613509	0.870592	управления
4	0.616338	0.863294	0.624741	0.870592	на
4	0.627571	0.863294	0.699604	0.870592	комбинированный
4	0.702433	0.863294	0.748608	0.870592	измеритель,
4	0.751437	0.863294	0.754915	0.870592	а
4	0.757744	0.863294	0.787015	0.870592	рулевое
4	0.789844	0.863294	0.833488	0.870592	управление
4	0.836318	0.863294	0.844721	0.870592	на
4	0.847550	0.863294	0.919584	0.870592	комбинированный
4	0.131059	0.869622	0.174733	0.876920	измеритель
4	0.177563	0.869622	0.218954	0.876920	Загорается
4	0.221783	0.869622	0.262270	0.876920	индикатор
4	0.265100	0.869622	0.295519	0.876920	низкого
4	0.298348	0.869622	0.335970	0.876920	давления.
4	0.111936	0.873552	0.123939	0.881244	593
4	0.204504	0.878518	0.227193	0.883449	X40X41-18
4	0.277916	0.875841	0.292473	0.883533	Low
4	0.294257	0.875841	0.321946	0.883533	Steering
4	0.324065	0.875841	0.352933	0.883533	Pressure
4	0.354887	0.875841	0.367177	0.883533	SW
4	0.045983	0.880257	0.060538	0.887949	Low
4	0.062322	0.880257	0.090005	0.887949	Steering
4	0.111936	0.882528	0.123939	0.890221	594
4	0.163563	0.881581	0.189164	0.888288	I/O-A-11
4	0.236571	0.880686	0.252609	0.888379	3516
4	0.877916	0.880686	0.895526	0.888379	GND
4	0.045983	0.886954	0.074835	0.894647	Pressure
4	0.111936	0.891366	0.123939	0.899058	595
4	0.725042	0.933427	0.735421	0.938802	Title
4	0.749647	0.933757	0.816617	0.947169	NTE200AC
4	0.819836	0.933757	0.843040	0.947169	24V
4	0.846038	0.933757	0.928683	0.947169	SCHEMATIC
4	0.725042	0.946680	0.734407	0.952055	Size
4	0.756502	0.946680	0.774315	0.952055	Number
4	0.882352	0.946680	0.901332	0.952055	Revision
4	0.728266	0.953380	0.734921	0.958755	A4
4	0.904336	0.949229	0.933734	0.959980	Russia
4	0.725042	0.960080	0.736898	0.965455	Date:
4	0.753278	0.960080	0.782881	0.965455	30-Mar-2019
4	0.850892	0.960080	0.863151	0.965455	Sheet
4	0.864605	0.960157	0.867429	0.965679	5
4	0.868842	0.960080	0.873546	0.965455	of
4	0.874689	0.960157	0.880336	0.965679	10
4	0.725042	0.964497	0.735076	0.969872	File:
4	0.753269	0.964497	0.810351	0.969872	E:\NTE200AC俄罗斯.ddb
4	0.850892	0.964497	0.865637	0.969872	Drawn
4	0.867049	0.964497	0.874871	0.969872	By:
4	0.887193	0.964575	0.918397	0.970097	CHAIJIANG
4	0.144605	0.971194	0.147429	0.976569	1
4	0.375529	0.971194	0.378353	0.976569	2
4	0.606252	0.971194	0.609076	0.976569	3
4	0.836974	0.971194	0.839797	0.976569	4
5	0.144605	0.023023	0.147429	0.028398	1
5	0.375529	0.023023	0.378353	0.028398	2
5	0.606252	0.023023	0.609076	0.028398	3
5	0.836974	0.023020	0.839797	0.028396	4
5	0.920067	0.045532	0.937645	0.053225	GND
5	0.045983	0.056648	0.060538	0.064341	Low
5	0.062322	0.056648	0.079730	0.064341	HYD
5	0.081746	0.056648	0.092170	0.064341	Oil
5	0.094186	0.056648	0.112309	0.064341	Level
5	0.111933	0.054368	0.123936	0.062061	601
5	0.127321	0.055417	0.176430	0.063635	Примечание:
5	0.178254	0.055417	0.200094	0.063635	Когда
5	0.201918	0.055417	0.231976	0.063635	уровень
5	0.233800	0.055417	0.297018	0.063635	гидравлического
5	0.298842	0.055417	0.319867	0.063635	масла
5	0.321691	0.055417	0.351548	0.063635	низкий,
5	0.353371	0.055417	0.398615	0.063635	сигнальный
5	0.400439	0.055417	0.426119	0.063635	штырь
5	0.427943	0.055417	0.457750	0.063635	датчика
5	0.459573	0.055417	0.486296	0.063635	уровня
5	0.488119	0.055417	0.551338	0.063635	гидравлического
5	0.553161	0.055417	0.574186	0.063635	масла
5	0.576010	0.055417	0.611127	0.063635	заземлен,
5	0.612951	0.055417	0.639842	0.063635	провод
5	0.641665	0.055417	0.664631	0.063635	номер
5	0.666455	0.055417	0.683262	0.063635	3002
5	0.685085	0.055417	0.720203	0.063635	заземлен,
5	0.722026	0.055417	0.725942	0.063635	а
5	0.727766	0.055417	0.755488	0.063635	низкий
5	0.757312	0.055417	0.796883	0.063635	потенциал
5	0.798707	0.055417	0.831682	0.063635	подается
5	0.833505	0.055417	0.842286	0.063635	на
5	0.844110	0.055417	0.847287	0.063635	I
5	0.849110	0.055417	0.851858	0.063635	/
5	0.853681	0.055417	0.879463	0.063635	OA-17.
5	0.881287	0.055417	0.886640	0.063635	В
5	0.888463	0.055417	0.900446	0.063635	это
5	0.902270	0.055417	0.924900	0.063635	время
5	0.926724	0.055417	0.944556	0.063635	CAN
5	0.111933	0.063345	0.123936	0.071037	602
5	0.127321	0.062543	0.159741	0.070761	выводит
5	0.161565	0.062543	0.186514	0.070761	сигнал
5	0.188338	0.062543	0.218506	0.070761	низкого
5	0.220329	0.062543	0.247052	0.070761	уровня
5	0.248876	0.062543	0.312094	0.070761	гидравлического
5	0.313918	0.062543	0.334943	0.070761	масла
5	0.336766	0.062543	0.345548	0.070761	на
5	0.347371	0.062543	0.418951	0.070761	комбинированный
5	0.420775	0.062543	0.465960	0.070761	измеритель,
5	0.467783	0.062543	0.471699	0.070761	а
5	0.473523	0.062543	0.532531	0.070761	гидравлическое
5	0.534354	0.062543	0.568254	0.070761	давление
5	0.570077	0.062543	0.572951	0.070761	-
5	0.574775	0.062543	0.583556	0.070761	на
5	0.585380	0.062543	0.656959	0.070761	комбинированный
5	0.658783	0.062543	0.703968	0.070761	измеритель.
5	0.705791	0.062543	0.746270	0.070761	Загорается
5	0.748093	0.062543	0.788236	0.070761	индикатор
5	0.790060	0.062543	0.820228	0.070761	низкого
5	0.822051	0.062543	0.848774	0.070761	уровня
5	0.850597	0.062543	0.873757	0.070761	масла.
5	0.111933	0.072182	0.123936	0.079875	603
5	0.159731	0.070900	0.171734	0.078593	236
5	0.236571	0.070473	0.252609	0.078165	3107
5	0.111933	0.081159	0.123936	0.088851	604
5	0.111933	0.089991	0.123936	0.097683	605
5	0.163563	0.091463	0.189164	0.098169	I/O-A-17
5	0.201277	0.088399	0.223966	0.093330	X40X41-11
5	0.236571	0.090425	0.252704	0.098118	3002
5	0.836975	0.091574	0.840115	0.096950	S
5	0.846456	0.085305	0.849641	0.090680	+
5	0.856542	0.091147	0.858422	0.096523	-
5	0.893647	0.090425	0.916032	0.098118	G3107
5	0.111933	0.098967	0.123936	0.106660	606
5	0.129975	0.096453	0.179084	0.104671	Примечание:
5	0.180908	0.096453	0.202748	0.104671	Когда
5	0.204571	0.096453	0.250697	0.104671	температура
5	0.252521	0.096453	0.315739	0.104671	гидравлического
5	0.317563	0.096453	0.338588	0.104671	масла
5	0.340412	0.096453	0.361546	0.104671	выше
5	0.363370	0.096453	0.371773	0.104671	80
5	0.373597	0.094713	0.384135	0.104671	℃,
5	0.385958	0.096453	0.411849	0.104671	датчик
5	0.413672	0.096453	0.462168	0.104671	температуры
5	0.463992	0.096453	0.527210	0.104671	гидравлического
5	0.529034	0.096453	0.550059	0.104671	масла
5	0.551882	0.096453	0.584000	0.104671	замкнут,
5	0.585823	0.096453	0.612714	0.104671	провод
5	0.614538	0.096453	0.637504	0.104671	номер
5	0.639327	0.096453	0.656134	0.104671	3004
5	0.657958	0.096453	0.696991	0.104671	заземлен,а
5	0.698815	0.096453	0.726537	0.104671	низкий
5	0.728361	0.096453	0.767932	0.104671	потенциал
5	0.769756	0.096453	0.802730	0.104671	подается
5	0.045983	0.105674	0.063391	0.113367	HYD
5	0.065408	0.105674	0.075831	0.113367	Oil
5	0.077848	0.105674	0.095766	0.113367	TEM
5	0.097806	0.105674	0.114450	0.113367	High
5	0.111933	0.107805	0.123936	0.115497	607
5	0.111933	0.116781	0.123936	0.124474	608
5	0.129975	0.103311	0.138756	0.111530	на
5	0.129975	0.110437	0.201555	0.118656	комбинированный
5	0.140580	0.103311	0.143756	0.111530	I
5	0.145580	0.103311	0.148328	0.111530	/
5	0.150151	0.103311	0.175933	0.111530	OA-15.
5	0.162958	0.120394	0.188559	0.127100	I/O-A-15
5	0.177756	0.103311	0.183109	0.111530	В
5	0.184933	0.103311	0.196916	0.111530	это
5	0.198739	0.103311	0.221370	0.111530	время
5	0.201277	0.117330	0.223966	0.122261	X40X41-12
5	0.203378	0.110437	0.248563	0.118656	измеритель.
5	0.223193	0.103311	0.241025	0.111530	CAN
5	0.236571	0.119356	0.252609	0.127049	3004
5	0.242849	0.103311	0.275269	0.111530	выводит
5	0.250387	0.110437	0.290866	0.118656	Загорается
5	0.277092	0.103311	0.302042	0.111530	сигнал
5	0.292689	0.110437	0.332832	0.118656	индикатор
5	0.303866	0.103311	0.336311	0.111530	высокой
5	0.334655	0.110437	0.367101	0.118656	высокой
5	0.338135	0.103311	0.386630	0.111530	температуры
5	0.368924	0.110437	0.417420	0.118656	температуры
5	0.388454	0.103311	0.451672	0.111530	гидравлического
5	0.419244	0.110437	0.442403	0.118656	масла.
5	0.453496	0.103311	0.474521	0.111530	масла
5	0.472336	0.114511	0.514175	0.122203	Temperature
5	0.476345	0.103311	0.485126	0.111530	на
5	0.486950	0.103311	0.558529	0.111530	комбинированный
5	0.515730	0.114511	0.553512	0.122203	Sensor（80
5	0.554017	0.115163	0.560646	0.121418	℃
5	0.560269	0.115850	0.567731	0.121124	）
5	0.560353	0.103311	0.605538	0.111530	измеритель,
5	0.607361	0.103311	0.611277	0.111530	а
5	0.613101	0.103311	0.672109	0.111530	гидравлическое
5	0.673932	0.103311	0.707831	0.111530	давление
5	0.709655	0.103311	0.718436	0.111530	на
5	0.813176	0.103822	0.830585	0.111514	HYD
5	0.832601	0.103822	0.843025	0.111514	Oil
5	0.845041	0.103822	0.863163	0.111514	Level
5	0.865180	0.103822	0.887415	0.111514	Sensor
5	0.893647	0.119356	0.915906	0.127049	G3004
5	0.111933	0.125619	0.123936	0.133311	609
5	0.518924	0.127631	0.522375	0.133007	T
5	0.111933	0.134601	0.123936	0.142293	610
5	0.136605	0.132257	0.185714	0.140475	Примечание.
5	0.187538	0.132257	0.212218	0.140475	Номер
5	0.214042	0.132257	0.244849	0.140475	провода
5	0.246672	0.132257	0.276479	0.140475	датчика
5	0.278303	0.132257	0.305025	0.140475	уровня
5	0.306849	0.132257	0.337353	0.140475	топлива
5	0.339177	0.132257	0.355983	0.140475	2558
5	0.357807	0.132257	0.383941	0.140475	вводит
5	0.385765	0.132257	0.430580	0.140475	аналоговый
5	0.432403	0.132257	0.457353	0.140475	сигнал
5	0.459177	0.132257	0.463563	0.140475	в
5	0.465387	0.132257	0.468563	0.140475	I
5	0.470387	0.132257	0.473134	0.140475	/
5	0.474958	0.132257	0.501202	0.140475	OD-13,
5	0.503025	0.132257	0.523731	0.140475	после
5	0.525555	0.132257	0.553538	0.140475	расчета
5	0.555361	0.132257	0.578201	0.140475	CBCU
5	0.580025	0.132257	0.597857	0.140475	CAN
5	0.599680	0.132257	0.625966	0.140475	выдает
5	0.627790	0.132257	0.652739	0.140475	сигнал
5	0.654563	0.132257	0.681285	0.140475	уровня
5	0.683109	0.132257	0.713613	0.140475	топлива
5	0.715437	0.132257	0.724218	0.140475	на
5	0.726041	0.132257	0.797621	0.140475	комбинированный
5	0.799445	0.132257	0.844630	0.140475	измеритель,
5	0.846453	0.132257	0.872344	0.140475	датчик
5	0.874167	0.132257	0.900890	0.140475	уровня
5	0.034691	0.140887	0.038768	0.146262	D
5	0.045983	0.145722	0.060677	0.153415	Fuel
5	0.062695	0.145722	0.080820	0.153415	Level
5	0.111933	0.143433	0.123936	0.151125	611
5	0.111933	0.152409	0.123936	0.160102	612
5	0.136605	0.139382	0.167109	0.147601	топлива
5	0.136605	0.146775	0.176748	0.154994	индикатор
5	0.168933	0.139382	0.212244	0.147601	показывает
5	0.178571	0.146775	0.208739	0.154994	низкого
5	0.201277	0.155097	0.223966	0.160029	X40X41-10
5	0.210563	0.146775	0.237286	0.154994	уровня
5	0.214067	0.139382	0.244126	0.147601	уровень
5	0.239109	0.145036	0.280151	0.154994	топлива.，
5	0.245950	0.139382	0.278588	0.147601	топлива;
5	0.280412	0.139382	0.300924	0.147601	когда
5	0.302748	0.139382	0.332807	0.147601	уровень
5	0.334630	0.139382	0.365134	0.147601	топлива
5	0.366958	0.139382	0.386807	0.147601	ниже
5	0.388630	0.139382	0.405588	0.147601	10%,
5	0.407412	0.139382	0.430252	0.147601	CBCU
5	0.432076	0.139382	0.464479	0.147601	передает
5	0.466302	0.139382	0.491252	0.147601	сигнал
5	0.492504	0.149285	0.507198	0.156977	Fuel
5	0.493076	0.139382	0.523244	0.147601	низкого
5	0.509216	0.149285	0.527341	0.156977	Level
5	0.525067	0.139382	0.551790	0.147601	уровня
5	0.529360	0.149285	0.551599	0.156977	Sensor
5	0.553613	0.139382	0.584117	0.147601	топлива
5	0.585941	0.139382	0.594143	0.147601	от
5	0.595966	0.139382	0.613798	0.147601	CAN
5	0.606252	0.151993	0.657550	0.159685	TB1E-FRAME
5	0.615622	0.139382	0.624403	0.147601	на
5	0.626227	0.139382	0.697806	0.147601	комбинированный
5	0.669781	0.155097	0.692471	0.160029	X41X40-35
5	0.699630	0.139382	0.731268	0.147601	счетчик,
5	0.733092	0.139382	0.738016	0.147601	и
5	0.739840	0.139382	0.748621	0.147601	на
5	0.745210	0.155097	0.767899	0.160029	X16X17-59
5	0.750445	0.139382	0.820646	0.147601	комбинированном
5	0.782924	0.155097	0.805613	0.160029	X18X19-59
5	0.822470	0.139382	0.855646	0.147601	счетчике
5	0.857470	0.139382	0.896949	0.147601	загорается
5	0.946487	0.140884	0.950564	0.146259	D
5	0.111933	0.161247	0.123936	0.168939	613
5	0.162958	0.158161	0.188754	0.164867	I/O-D-13
5	0.236571	0.157266	0.252609	0.164958	2558
5	0.560278	0.157266	0.576316	0.164958	5907
5	0.714353	0.157693	0.730391	0.165386	5907
5	0.821849	0.158161	0.856973	0.164867	CBCU-D-21
5	0.111933	0.170223	0.123936	0.177916	614
5	0.893647	0.168382	0.915906	0.176075	G2555
5	0.111933	0.179061	0.123936	0.186753	615
5	0.893647	0.177359	0.915906	0.185051	G2555
5	0.111933	0.188037	0.123936	0.195730	616
5	0.132627	0.185689	0.181736	0.193907	Примечание.
5	0.183560	0.185689	0.229139	0.193907	Аналоговые
5	0.230963	0.185689	0.262198	0.193907	сигналы
5	0.264022	0.185689	0.289845	0.193907	педали
5	0.291669	0.185689	0.342543	0.193907	акселератора,
5	0.344366	0.185689	0.370190	0.193907	педали
5	0.372013	0.185689	0.430022	0.193907	электрического
5	0.431845	0.185689	0.461997	0.193907	тормоза
5	0.463820	0.185689	0.468744	0.193907	и
5	0.470568	0.185689	0.517955	0.193907	скользящего
5	0.519778	0.185689	0.551417	0.193907	реостата
5	0.553240	0.185689	0.568702	0.193907	RSC
5	0.570526	0.185689	0.628072	0.193907	соответственно
5	0.629895	0.185689	0.663761	0.193907	вводятся
5	0.665584	0.185689	0.669971	0.193907	в
5	0.671794	0.185689	0.718089	0.193907	CUCU-D-11,
5	0.719912	0.185689	0.763299	0.193907	CBCU-D-12
5	0.765122	0.185689	0.770046	0.193907	и
5	0.771870	0.185689	0.817391	0.193907	CBCU-D-13,
5	0.819214	0.185689	0.823130	0.193907	а
5	0.824954	0.185689	0.845357	0.193907	затем
5	0.847181	0.185689	0.887332	0.193907	выводятся
5	0.889156	0.185689	0.898416	0.193907	по
5	0.900240	0.185689	0.918072	0.193907	CAN
5	0.919895	0.185689	0.924282	0.193907	в
5	0.926105	0.185689	0.954912	0.193907	систему
5	0.111933	0.196875	0.123936	0.204567	617
5	0.132627	0.192815	0.176526	0.201033	управления
5	0.178350	0.192815	0.189341	0.201033	GE
5	0.191165	0.192815	0.211871	0.201033	после
5	0.213694	0.192815	0.241677	0.201033	расчета
5	0.243501	0.192815	0.268476	0.201033	CBCU.
5	0.282353	0.196458	0.321781	0.204151	TB2D-CAB
5	0.498757	0.196029	0.533716	0.203722	Accelerate
5	0.535671	0.196029	0.554415	0.203722	Pedal
5	0.157916	0.202769	0.193040	0.209475	CBCU-D-31
5	0.236571	0.201731	0.252609	0.209424	5917
5	0.377950	0.201731	0.393987	0.209424	6304
5	0.045983	0.205723	0.080942	0.213415	Accelerate
5	0.082897	0.205723	0.101641	0.213415	Pedal
5	0.111933	0.205712	0.123936	0.213405	618
5	0.520134	0.207726	0.523901	0.213102	C
5	0.528204	0.210863	0.532281	0.216238	A
5	0.111933	0.214689	0.123936	0.222381	619
5	0.563496	0.212848	0.579534	0.220540	1446
5	0.673412	0.213885	0.708536	0.220592	CBCU-D-11
5	0.520744	0.221122	0.524511	0.226498	B
5	0.709916	0.218691	0.748912	0.226384	TB2E-CAB
5	0.111933	0.223526	0.123936	0.231219	620
5	0.563496	0.224114	0.579534	0.231807	1451
5	0.767803	0.224114	0.783841	0.231807	5887
5	0.820639	0.225002	0.855685	0.231708	CBCU-D-02
5	0.111933	0.232508	0.123936	0.240201	621
5	0.504405	0.234225	0.527762	0.241918	Retard
5	0.529854	0.234225	0.548605	0.241918	Pedal
5	0.045983	0.241351	0.069340	0.249043	Retard
5	0.071432	0.241351	0.090183	0.249043	Pedal
5	0.111933	0.241346	0.123936	0.249038	622
5	0.377950	0.239644	0.393987	0.247336	6303
5	0.523160	0.245636	0.526926	0.251011	C
5	0.531427	0.248629	0.535504	0.254004	A
5	0.111933	0.250322	0.123936	0.258015	623
5	0.566524	0.250760	0.582562	0.258453	1216
5	0.673412	0.251653	0.708536	0.258359	CBCU-D-12
5	0.111933	0.259160	0.123936	0.266853	624
5	0.523764	0.258889	0.527530	0.264264	B
5	0.566524	0.261882	0.582562	0.269575	1222
5	0.111933	0.268136	0.123936	0.275829	625
5	0.336403	0.275382	0.359092	0.280314	X19X18-75
5	0.402555	0.275382	0.425244	0.280314	X17X16-75
5	0.437042	0.275382	0.459731	0.280314	X40X41-63
5	0.471731	0.275382	0.493119	0.280314	X42X43-X
5	0.506222	0.271710	0.522017	0.279402	RSC
5	0.524033	0.271710	0.553102	0.279402	Rheostat
5	0.045983	0.276981	0.061778	0.284673	RSC
5	0.063795	0.276981	0.092863	0.284673	Rheostat
5	0.111933	0.276974	0.123936	0.284667	626
5	0.377950	0.277412	0.393987	0.285104	6302
5	0.111933	0.285951	0.123936	0.293643	627
5	0.523160	0.283403	0.526926	0.288779	C
5	0.531427	0.286540	0.535504	0.291915	A
5	0.540908	0.286499	0.562018	0.291430	X44X45-Z
5	0.566524	0.288673	0.582562	0.296365	1301
5	0.584874	0.286499	0.609983	0.291430	X41X40-101
5	0.616336	0.286499	0.639025	0.291430	X16X17-76
5	0.647798	0.286499	0.670487	0.291430	X18X19-76
5	0.673412	0.289562	0.708536	0.296269	CBCU-D-13
5	0.111933	0.294788	0.123936	0.302481	628
5	0.523764	0.296799	0.527530	0.302175	B
5	0.540908	0.297615	0.561176	0.302546	X44X45-a
5	0.584874	0.297615	0.609983	0.302546	X41X40-102
5	0.616336	0.297615	0.639025	0.302546	X16X17-77
5	0.647798	0.297615	0.670487	0.302546	X18X19-77
5	0.566521	0.299784	0.582559	0.307476	1311
5	0.111933	0.303765	0.123936	0.311457	629
5	0.111933	0.312602	0.123936	0.320295	630
5	0.496134	0.312183	0.510857	0.319875	Rest
5	0.512874	0.312183	0.531909	0.319875	Mode
5	0.533862	0.312183	0.556338	0.319875	Switch
5	0.045983	0.321591	0.060706	0.329284	Rest
5	0.062723	0.321591	0.081757	0.329284	Mode
5	0.111933	0.321584	0.123936	0.329277	631
5	0.159741	0.322017	0.171744	0.329709	268
5	0.236571	0.322017	0.252609	0.329709	2400
5	0.515092	0.320743	0.517916	0.326118	5
5	0.529613	0.320743	0.532437	0.326118	1
5	0.566521	0.322017	0.582559	0.329709	1415
5	0.821244	0.322912	0.855965	0.329618	CBCU-B-15
5	0.111933	0.330422	0.123936	0.338114	632
5	0.466084	0.335413	0.487903	0.343106	1434A
5	0.499361	0.331850	0.529349	0.339543	Warmup
5	0.531442	0.331850	0.553932	0.339543	Switch
5	0.045983	0.341545	0.075971	0.349237	Warmup
5	0.111933	0.339398	0.123936	0.347091	633
5	0.566521	0.341969	0.582559	0.349662	1528
5	0.821244	0.343007	0.855965	0.349713	CBCU-B-16
5	0.111933	0.348236	0.123936	0.355928	634
5	0.493716	0.351376	0.511493	0.359069	Reset
5	0.513110	0.351375	0.581042	0.359069	Switch（Override）
5	0.111933	0.357212	0.123936	0.364905	635
5	0.469109	0.355366	0.485147	0.363058	1455
5	0.669781	0.359896	0.692471	0.364827	X19X18-82
5	0.745210	0.359896	0.767899	0.364827	X17X16-82
5	0.782924	0.359896	0.802351	0.364827	X77X78-f
5	0.045983	0.361638	0.064138	0.369330	Reset
5	0.111933	0.366050	0.123936	0.373742	636
5	0.566521	0.362064	0.582559	0.369757	1434
5	0.825076	0.362492	0.853308	0.370184	CNX4-h
5	0.034689	0.380030	0.038456	0.385406	C
5	0.111933	0.375026	0.123936	0.382719	637
5	0.469109	0.375461	0.485147	0.383153	1459
5	0.484235	0.379990	0.506924	0.384922	X38X39-18
5	0.494924	0.371898	0.510987	0.379590	Data
5	0.512903	0.371898	0.530497	0.379590	Store
5	0.532450	0.371898	0.554927	0.379590	Switch
5	0.782924	0.379990	0.803193	0.384922	X39X38-1
5	0.946487	0.380030	0.950254	0.385406	C
5	0.045983	0.383871	0.062046	0.391563	Data
5	0.063962	0.383871	0.081556	0.391563	Store
5	0.111933	0.383858	0.123936	0.391551	638
5	0.566521	0.382017	0.582559	0.389709	1410
5	0.821244	0.383055	0.855965	0.389762	CBCU-B-14
5	0.111933	0.392696	0.123936	0.400388	639
5	0.272269	0.393703	0.283627	0.401396	Air
5	0.285580	0.393703	0.325340	0.401396	Conditioner
5	0.327293	0.393703	0.361810	0.401396	Controller
5	0.111933	0.401678	0.123936	0.409370	640
5	0.159731	0.402539	0.171734	0.410232	290
5	0.236571	0.402112	0.252609	0.409804	5207
5	0.305750	0.403546	0.308574	0.408922	6
5	0.324504	0.403546	0.327328	0.408922	1
5	0.669781	0.408922	0.694891	0.413853	X19X18-107
5	0.762152	0.404393	0.805982	0.412085	Temperature
5	0.807935	0.404393	0.833343	0.412085	Control
5	0.835360	0.404393	0.854382	0.412085	Valve
5	0.893647	0.402112	0.916032	0.409804	G5215
5	0.045983	0.417220	0.057341	0.424912	Air
5	0.059294	0.417220	0.099054	0.424912	Conditioner
5	0.111933	0.410510	0.123936	0.418202	641
5	0.111933	0.419486	0.123936	0.427179	642
5	0.324504	0.412098	0.327328	0.417473	2
5	0.324504	0.420933	0.327328	0.426308	5
5	0.374921	0.419928	0.386924	0.427620	611
5	0.377950	0.411090	0.386356	0.418783	1S
5	0.402555	0.426736	0.425244	0.431667	X19X18-28
5	0.440269	0.426736	0.462958	0.431667	X17X16-28
5	0.484235	0.426736	0.506924	0.431667	X40X41-28
5	0.508232	0.423917	0.556899	0.431610	ACPSW（Air
5	0.558445	0.423917	0.599057	0.431609	Conditioner
5	0.599997	0.423917	0.635697	0.431609	Pressure）
5	0.669781	0.417758	0.694891	0.422689	X19X18-106
5	0.713748	0.422207	0.725106	0.429899	Air
5	0.727059	0.422207	0.760036	0.429899	Condition
5	0.761915	0.422207	0.784437	0.429899	Clutch
5	0.799261	0.412526	0.802084	0.417901	2
5	0.799261	0.421361	0.802084	0.426736	1
5	0.812367	0.416943	0.815191	0.422318	3
5	0.842622	0.413340	0.867731	0.418271	X18X19-108
5	0.896672	0.415508	0.914991	0.423201	G611
5	0.111933	0.428324	0.123936	0.436016	643
5	0.324504	0.430339	0.327328	0.435714	3
5	0.374921	0.428765	0.390959	0.436458	5214
5	0.566521	0.428762	0.582559	0.436455	5215
5	0.896672	0.428765	0.914282	0.436457	GND
5	0.111933	0.437300	0.123936	0.444993	644
5	0.782924	0.442271	0.808034	0.447202	X41X40-100
5	0.111933	0.446132	0.123936	0.453825	645
5	0.566521	0.444442	0.582560	0.452134	2602
5	0.826995	0.445334	0.852655	0.452041	I/O-D-02
5	0.142282	0.449738	0.191392	0.457956	Примечание.
5	0.193215	0.449738	0.215055	0.457956	Когда
5	0.216879	0.449738	0.267181	0.457956	кондиционер
5	0.269005	0.449738	0.303534	0.457956	работает,
5	0.305358	0.449738	0.321526	0.457956	реле
5	0.323350	0.449738	0.358131	0.457956	давления
5	0.359955	0.449738	0.414173	0.457956	кондиционера
5	0.415997	0.449738	0.424778	0.457956	на
5	0.426602	0.449738	0.468913	0.457956	сушильном
5	0.470736	0.449738	0.500358	0.457956	баллоне
5	0.502182	0.449738	0.535400	0.457956	закрыто,
5	0.537224	0.449738	0.542148	0.457956	и
5	0.543971	0.449738	0.567467	0.457956	линия
5	0.569291	0.449738	0.586097	0.457956	2602
5	0.587921	0.449738	0.612795	0.457956	подает
5	0.614618	0.449738	0.647576	0.457956	высокий
5	0.649400	0.449738	0.688971	0.457956	потенциал
5	0.690795	0.449738	0.699198	0.457956	24
5	0.701022	0.449738	0.706996	0.457956	V
5	0.708820	0.449738	0.717601	0.457956	на
5	0.719425	0.449738	0.722601	0.457956	I
5	0.724425	0.449738	0.727173	0.457956	/
5	0.728996	0.449738	0.755240	0.457956	OD-02.
5	0.757063	0.449738	0.762416	0.457956	В
5	0.764240	0.449738	0.776223	0.457956	это
5	0.778047	0.449738	0.800677	0.457956	время
5	0.802500	0.449738	0.810904	0.457956	24
5	0.812727	0.449738	0.818702	0.457956	V
5	0.820526	0.449738	0.861046	0.457956	выводится
5	0.862870	0.449738	0.872131	0.457956	по
5	0.873954	0.449738	0.897820	0.457956	линии
5	0.899643	0.449738	0.916450	0.457956	2603
5	0.918274	0.449738	0.926803	0.457956	из
5	0.111933	0.455109	0.123936	0.462801	646
5	0.142282	0.456863	0.145459	0.465082	I
5	0.147282	0.456863	0.150030	0.465082	/
5	0.151854	0.456863	0.174450	0.465082	OE-17
5	0.176274	0.456863	0.185055	0.465082	на
5	0.186879	0.456863	0.212770	0.465082	датчик
5	0.214593	0.456863	0.263089	0.465082	температуры
5	0.264913	0.456863	0.314182	0.465082	вентилятора,
5	0.316005	0.456863	0.339341	0.465082	чтобы
5	0.341165	0.456863	0.378190	0.465082	включить
5	0.380013	0.456863	0.425366	0.465082	вентилятор.
5	0.427190	0.456863	0.467669	0.465082	Сцепление
5	0.469492	0.456863	0.540081	0.465082	комбинированное,
5	0.541904	0.456863	0.545820	0.465082	а
5	0.547644	0.456863	0.580643	0.465082	скорость
5	0.582467	0.456863	0.620173	0.465082	вращения
5	0.621996	0.456863	0.669131	0.465082	вентилятора
5	0.670954	0.456863	0.722055	0.465082	соответствует
5	0.723878	0.456863	0.751551	0.465082	частоте
5	0.753374	0.456863	0.791080	0.465082	вращения
5	0.792904	0.456863	0.832214	0.465082	двигателя.
5	0.111933	0.463946	0.123936	0.471639	647
5	0.408202	0.466356	0.429590	0.471287	X90X91-U
5	0.451928	0.461823	0.464975	0.469515	Fan
5	0.466856	0.461823	0.489382	0.469515	Clutch
5	0.491263	0.461823	0.535099	0.469515	Temperature
5	0.537054	0.461823	0.559293	0.469515	Sensor
5	0.678454	0.466356	0.699842	0.471287	X91X90-V
5	0.045983	0.468383	0.059029	0.476075	Fan
5	0.060908	0.468383	0.083430	0.476075	Clutch
5	0.111933	0.472923	0.123936	0.480615	648
5	0.159731	0.469380	0.171734	0.477072	294
5	0.236577	0.469380	0.252615	0.477072	2601
5	0.513075	0.470388	0.517152	0.475763	A
5	0.530824	0.470388	0.534590	0.475763	B
5	0.530824	0.479223	0.534901	0.484598	D
5	0.566521	0.477788	0.582559	0.485481	2604
5	0.818824	0.473370	0.831861	0.481063	Fan
5	0.833734	0.473370	0.856236	0.481063	Clutch
5	0.858108	0.473370	0.873822	0.481063	SOL
5	0.893647	0.468952	0.915906	0.476645	G2601
5	0.111933	0.481760	0.123936	0.489453	649
5	0.408202	0.484171	0.429313	0.489102	X90X91-T
5	0.163563	0.487662	0.188984	0.494368	I/O-E-17
5	0.236571	0.486767	0.252609	0.494460	2603
5	0.513882	0.488201	0.517649	0.493577	C
5	0.530824	0.488201	0.534274	0.493577	E
5	0.566521	0.486765	0.582559	0.494458	2605
5	0.111933	0.490742	0.123936	0.498435	650
5	0.111933	0.499574	0.123936	0.507267	651
5	0.111933	0.508551	0.123936	0.516243	652
5	0.479798	0.507147	0.496265	0.514840	Auto
5	0.497979	0.507147	0.537582	0.514840	Lubrication
5	0.539462	0.507147	0.573978	0.514840	Controller
5	0.045983	0.515127	0.062450	0.522820	Auto
5	0.064164	0.515127	0.103767	0.522820	Lubrication
5	0.111933	0.517388	0.123936	0.525081	653
5	0.159731	0.516126	0.171734	0.523818	283
5	0.236577	0.516126	0.252615	0.523818	7101
5	0.606252	0.524219	0.626239	0.529150	X45X44-c
5	0.643966	0.524219	0.663953	0.529150	X43X42-c
5	0.676034	0.524646	0.698723	0.529577	X41X40-48
5	0.751462	0.524646	0.774151	0.529577	X16X17-48
5	0.789176	0.524646	0.811865	0.529577	X18X19-48
5	0.828908	0.521083	0.839062	0.526014	Auto
5	0.840171	0.521083	0.848824	0.526014	Lub
5	0.849852	0.521083	0.863990	0.526014	Switch
5	0.893649	0.515700	0.915909	0.523392	G7101
5	0.111933	0.526365	0.123936	0.534057	654
5	0.566521	0.526812	0.582559	0.534504	7116
5	0.111933	0.535202	0.123936	0.542895	655
5	0.566521	0.537931	0.582559	0.545624	7117
5	0.606252	0.535335	0.626803	0.540266	X45X44-d
5	0.643966	0.535335	0.664518	0.540266	X43X42-d
5	0.676034	0.535762	0.698723	0.540694	X41X40-49
5	0.751462	0.535762	0.774151	0.540694	X16X17-49
5	0.789176	0.535762	0.811865	0.540694	X18X19-49
5	0.111933	0.544179	0.123936	0.551871	656
5	0.606252	0.546451	0.626239	0.551382	X45X44-e
5	0.643966	0.546451	0.663953	0.551382	X43X42-e
5	0.676034	0.546879	0.698723	0.551810	X41X40-50
5	0.566521	0.549047	0.582559	0.556740	7118
5	0.826891	0.549942	0.852290	0.556649	I/O-B-13
5	0.111933	0.553016	0.123936	0.560709	657
5	0.111933	0.561854	0.123936	0.569546	658
5	0.578528	0.558430	0.627637	0.566648	Примечание:
5	0.629460	0.558430	0.651301	0.566648	Когда
5	0.653124	0.558430	0.722552	0.566648	централизованная
5	0.724376	0.558430	0.753191	0.566648	система
5	0.755015	0.558430	0.780905	0.566648	смазки
5	0.782729	0.558430	0.814813	0.566648	выходит
5	0.816636	0.558430	0.825166	0.566648	из
5	0.826989	0.558430	0.850023	0.566648	строя,
5	0.851846	0.558430	0.895124	0.566648	контроллер
5	0.896947	0.558430	0.906208	0.566648	по
5	0.578528	0.565556	0.602393	0.573774	линии
5	0.604217	0.565556	0.621023	0.573774	7118
5	0.622847	0.565556	0.655267	0.573774	выводит
5	0.657091	0.565556	0.690048	0.573774	высокий
5	0.691872	0.565556	0.731443	0.573774	потенциал
5	0.733267	0.565556	0.741670	0.573774	24
5	0.743494	0.565556	0.749469	0.573774	V
5	0.751292	0.565556	0.760074	0.573774	на
5	0.761897	0.565556	0.765074	0.573774	I
5	0.766897	0.565556	0.769645	0.573774	/
5	0.771469	0.565556	0.800586	0.573774	O-D-13,
5	0.802410	0.565556	0.806326	0.573774	а
5	0.808149	0.565556	0.825981	0.573774	CAN
5	0.827805	0.565556	0.860225	0.573774	выводит
5	0.862048	0.565556	0.886998	0.573774	сигнал
5	0.888821	0.565556	0.912939	0.573774	отказа
5	0.111933	0.570830	0.123936	0.578523	659
5	0.578528	0.572682	0.648822	0.580900	централизованной
5	0.650645	0.572682	0.676536	0.580900	смазки
5	0.678359	0.572682	0.687141	0.580900	на
5	0.688964	0.572682	0.760544	0.580900	комбинированный
5	0.762368	0.572682	0.807552	0.580900	измеритель,
5	0.809376	0.572682	0.814300	0.580900	и
5	0.816124	0.572682	0.855603	0.580900	загорается
5	0.857426	0.572682	0.897569	0.580900	индикатор
5	0.111933	0.579668	0.123936	0.587360	660
5	0.487462	0.580686	0.523637	0.588379	Extinguish
5	0.525516	0.580686	0.560033	0.588379	Controller
5	0.578528	0.579808	0.634822	0.588026	неисправности
5	0.636645	0.579808	0.706939	0.588026	централизованной
5	0.708763	0.579808	0.734653	0.588026	смазки
5	0.736477	0.579808	0.809141	0.588026	комбинированного
5	0.810964	0.579808	0.856485	0.588026	измерителя.
5	0.045986	0.588669	0.082161	0.596361	Extinguish
5	0.084040	0.588669	0.107921	0.596361	System
5	0.111933	0.588667	0.123936	0.596360	661
5	0.159731	0.589522	0.171734	0.597215	275
5	0.236577	0.589522	0.252615	0.597215	7301
5	0.566521	0.589095	0.582559	0.596787	7302
5	0.823059	0.589522	0.835062	0.597215	906
5	0.111933	0.597505	0.123936	0.605197	662
5	0.448997	0.597793	0.498106	0.606012	Примечание:
5	0.499929	0.597793	0.520635	0.606012	после
5	0.522459	0.597793	0.567896	0.606012	распыления
5	0.569719	0.597793	0.629853	0.606012	автоматической
5	0.623691	0.604258	0.631153	0.609531	。
5	0.631677	0.597793	0.662862	0.606012	системы
5	0.664685	0.597793	0.731248	0.606012	пожаротушения?,
5	0.733072	0.597793	0.789391	0.606012	переключатель
5	0.791215	0.597793	0.817685	0.606012	внутри
5	0.034689	0.619033	0.038456	0.624408	B
5	0.111933	0.606481	0.123936	0.614174	663
5	0.111933	0.615319	0.123936	0.623011	664
5	0.448997	0.604919	0.491055	0.613138	системного
5	0.448997	0.612045	0.482240	0.620264	останова
5	0.484064	0.612045	0.523375	0.620264	двигателя,
5	0.492879	0.604919	0.540072	0.613138	контроллера
5	0.525198	0.612045	0.530122	0.620264	и
5	0.531946	0.612045	0.568786	0.620264	двигатель
5	0.541896	0.604919	0.587215	0.613138	замыкается,
5	0.570610	0.612045	0.626332	0.620264	автоматически
5	0.589038	0.604919	0.593963	0.613138	и
5	0.595786	0.604919	0.610164	0.613138	24V
5	0.611988	0.604919	0.644963	0.613138	подается
5	0.628156	0.612045	0.680147	0.620264	выключается.
5	0.646786	0.604919	0.655568	0.613138	на
5	0.657391	0.604919	0.699072	0.613138	стопорный
5	0.700895	0.604919	0.726131	0.613138	штифт
5	0.727954	0.604919	0.784610	0.613138	переключателя
5	0.786433	0.604919	0.817526	0.613138	запуска-
5	0.830118	0.609617	0.844435	0.617310	Seat
5	0.846451	0.609617	0.867298	0.617310	Motor
5	0.946487	0.619033	0.950254	0.624408	B
5	0.045983	0.624297	0.066823	0.631989	Power
5	0.068778	0.624297	0.083083	0.631989	Seat
5	0.111933	0.624295	0.123936	0.631988	665
5	0.159731	0.625152	0.171734	0.632844	281
5	0.236577	0.625152	0.252615	0.632844	5204
5	0.842017	0.625152	0.849442	0.632844	M
5	0.893647	0.624724	0.916032	0.632417	G5204
5	0.111933	0.633133	0.123936	0.640825	666
5	0.111933	0.642109	0.123936	0.649802	667
5	0.495529	0.642539	0.531266	0.650232	Panoramic
5	0.533220	0.642539	0.559777	0.650232	Camera
5	0.561695	0.642539	0.596218	0.650232	Controller
5	0.789788	0.640686	0.805825	0.648379	7200
5	0.823059	0.640686	0.835062	0.648379	806
5	0.843227	0.640535	0.865932	0.647977	Weight
5	0.867941	0.640535	0.881382	0.647977	SYS
5	0.883253	0.640535	0.903239	0.647977	Power
5	0.045983	0.650948	0.081720	0.658640	Panoramic
5	0.083674	0.650948	0.110231	0.658640	Camera
5	0.111933	0.650947	0.123936	0.658639	668
5	0.159731	0.651803	0.171797	0.659495	375
5	0.236577	0.651803	0.252710	0.659495	4432
5	0.514487	0.652952	0.517311	0.658327	1
5	0.111933	0.659923	0.123936	0.667616	669
5	0.159731	0.663062	0.171797	0.670754	383
5	0.236570	0.662489	0.252702	0.670182	4433
5	0.514487	0.664068	0.517311	0.669444	2
5	0.111933	0.668761	0.123936	0.676454	670
5	0.159731	0.674178	0.171797	0.681871	419
5	0.236577	0.674178	0.252710	0.681871	4431
5	0.514487	0.675186	0.517311	0.680561	3
5	0.111933	0.677743	0.123936	0.685436	671
5	0.111933	0.686580	0.123936	0.694273	672
5	0.159731	0.685294	0.171734	0.692987	802
5	0.236577	0.685294	0.252615	0.692987	8100
5	0.514487	0.686304	0.517311	0.691679	4
5	0.530219	0.686301	0.533042	0.691676	5
5	0.893647	0.684867	0.916032	0.692559	G8100
5	0.552353	0.691224	0.586882	0.699443	Селектор
5	0.588706	0.691224	0.618193	0.699443	передач
5	0.620017	0.691224	0.662210	0.699443	отправляет
5	0.664033	0.691224	0.715201	0.699443	нейтральные,
5	0.717025	0.691224	0.746403	0.699443	прямые
5	0.748227	0.691224	0.753151	0.699443	и
5	0.754974	0.691224	0.790815	0.699443	обратные
5	0.792638	0.691224	0.823873	0.699443	сигналы
5	0.825697	0.691224	0.872882	0.699443	контроллеру
5	0.874705	0.691224	0.897546	0.699443	CBCU
5	0.899369	0.691224	0.919462	0.699443	через
5	0.921285	0.691224	0.941773	0.699443	шину
5	0.943596	0.691224	0.961428	0.699443	CAN
5	0.111933	0.695557	0.123936	0.703250	673
5	0.503798	0.698121	0.519896	0.705814	Shift
5	0.521913	0.698121	0.548550	0.705814	Selector
5	0.552353	0.698350	0.557277	0.706569	и
5	0.559101	0.698350	0.591521	0.706569	выводит
5	0.593344	0.698350	0.605840	0.706569	эти
5	0.607664	0.698350	0.638899	0.706569	сигналы
5	0.640722	0.698350	0.644269	0.706569	с
5	0.646092	0.698350	0.673411	0.706569	разных
5	0.675235	0.698350	0.713764	0.706569	контактов
5	0.715588	0.698350	0.736294	0.706569	после
5	0.738117	0.698350	0.756336	0.706569	того,
5	0.758159	0.698350	0.771033	0.706569	как
5	0.772857	0.698350	0.816134	0.706569	контроллер
5	0.817958	0.698350	0.840798	0.706569	CBCU
5	0.842621	0.698350	0.885000	0.706569	рассчитает.
5	0.111933	0.704394	0.123936	0.712087	674
5	0.431395	0.707100	0.447527	0.714792	7406
5	0.514487	0.708534	0.517311	0.713909	6
5	0.530219	0.708534	0.533042	0.713909	5
5	0.554176	0.705476	0.576017	0.713695	Когда
5	0.577840	0.705476	0.610235	0.713695	селектор
5	0.612059	0.705476	0.641546	0.713695	передач
5	0.643370	0.705476	0.681664	0.713695	находится
5	0.683487	0.705476	0.687874	0.713695	в
5	0.689697	0.705476	0.732369	0.713695	положении
5	0.734193	0.705476	0.771638	0.713695	переднего
5	0.773462	0.705476	0.792210	0.713695	хода,
5	0.893647	0.707100	0.915906	0.714792	G7406
5	0.045983	0.713370	0.062081	0.721063	Shift
5	0.064098	0.713370	0.090735	0.721063	Selector
5	0.111933	0.713371	0.123936	0.721064	675
5	0.552353	0.712602	0.560555	0.720821	от
5	0.562378	0.712602	0.565555	0.720821	I
5	0.567378	0.712602	0.570126	0.720821	/
5	0.571950	0.712602	0.597420	0.720821	O-E-08
5	0.599244	0.712602	0.641605	0.720821	исходящий
5	0.643428	0.712602	0.668378	0.720821	сигнал
5	0.670201	0.712602	0.673748	0.720821	с
5	0.675571	0.712602	0.709025	0.720821	высоким
5	0.710848	0.712602	0.760252	0.720821	потенциалом
5	0.762075	0.712602	0.770479	0.720821	24
5	0.772302	0.712602	0.778277	0.720821	V
5	0.780100	0.712602	0.788882	0.720821	на
5	0.790705	0.712602	0.822235	0.720821	CNX4-p.
5	0.354756	0.718644	0.366759	0.726336	729
5	0.431398	0.718644	0.447436	0.726336	7401
5	0.514487	0.719650	0.517311	0.725026	8
5	0.111933	0.722208	0.123936	0.729901	676
5	0.111933	0.731046	0.123936	0.738739	677
5	0.354756	0.729760	0.366759	0.737453	731
5	0.431398	0.729760	0.447436	0.737453	7402
5	0.514487	0.730767	0.517311	0.736142	7
5	0.558393	0.727268	0.580234	0.735487	Когда
5	0.582057	0.727268	0.614452	0.735487	селектор
5	0.616276	0.727268	0.670788	0.735487	переключения
5	0.672612	0.727268	0.702099	0.735487	передач
5	0.703922	0.727268	0.742216	0.735487	находится
5	0.744040	0.727268	0.748426	0.735487	в
5	0.750250	0.727268	0.792922	0.735487	положении
5	0.794746	0.727268	0.829157	0.735487	передачи
5	0.830981	0.727268	0.859157	0.735487	заднего
5	0.860981	0.727268	0.879729	0.735487	хода,
5	0.881552	0.727268	0.889754	0.735487	от
5	0.891578	0.727268	0.894754	0.735487	I
5	0.896578	0.727268	0.899326	0.735487	/
5	0.901149	0.727268	0.926620	0.735487	O-E-12
5	0.558393	0.734394	0.600755	0.742613	исходящий
5	0.602578	0.734394	0.627528	0.742613	сигнал
5	0.629351	0.734394	0.632897	0.742613	с
5	0.634721	0.734394	0.668175	0.742613	высоким
5	0.669998	0.734394	0.719401	0.742613	потенциалом
5	0.721225	0.734394	0.729628	0.742613	24
5	0.731452	0.734394	0.737427	0.742613	V
5	0.739250	0.734394	0.748032	0.742613	на
5	0.759060	0.735554	0.771063	0.743247	418
5	0.111933	0.740022	0.123936	0.747715	678
5	0.354756	0.740876	0.366759	0.748569	347
5	0.431395	0.740449	0.447433	0.748141	7409
5	0.514487	0.741883	0.517311	0.747258	9
5	0.568538	0.745904	0.593937	0.752611	I/O-E-08
5	0.648405	0.744868	0.664443	0.752560	1442
5	0.825681	0.744867	0.853913	0.752559	CNX4-p
5	0.111933	0.748860	0.123936	0.756553	679
5	0.111933	0.757836	0.123936	0.765529	680
5	0.489885	0.758266	0.532943	0.765958	Combination
5	0.534822	0.758266	0.571927	0.765958	Instrument
5	0.045983	0.766674	0.089042	0.774366	Combination
5	0.111933	0.766674	0.123936	0.774367	681
5	0.159731	0.767670	0.171734	0.775362	249
5	0.236577	0.767670	0.252615	0.775362	2500
5	0.514487	0.768676	0.517311	0.774052	1
5	0.530219	0.768676	0.533042	0.774052	2
5	0.893647	0.767242	0.915906	0.774935	G2501
5	0.047996	0.773371	0.085067	0.781064	Instrument
5	0.111933	0.775650	0.123936	0.783343	682
5	0.159731	0.778786	0.171734	0.786479	278
5	0.236577	0.778786	0.252615	0.786479	2501
5	0.514487	0.779793	0.517311	0.785168	3
5	0.111933	0.784488	0.123936	0.792181	683
5	0.111933	0.793464	0.123936	0.801157	684
5	0.159731	0.789902	0.171734	0.797595	733
5	0.236577	0.789902	0.252615	0.797595	1721
5	0.514487	0.790909	0.517311	0.796284	4
5	0.111933	0.802302	0.123936	0.809995	685
5	0.159731	0.801019	0.171734	0.808711	737
5	0.236571	0.800591	0.252609	0.808284	1722
5	0.514487	0.802027	0.517311	0.807402	6
5	0.111933	0.811278	0.123936	0.818971	686
5	0.159731	0.812135	0.171734	0.819828	741
5	0.236571	0.811708	0.252609	0.819400	1723
5	0.111933	0.820116	0.123936	0.827809	687
5	0.111933	0.829093	0.123936	0.836785	688
5	0.111933	0.837930	0.123936	0.845623	689
5	0.111933	0.846907	0.123936	0.854599	690
5	0.034689	0.858178	0.038766	0.863553	A
5	0.111933	0.855744	0.123936	0.863437	691
5	0.946487	0.858178	0.950564	0.863553	A
5	0.111933	0.864721	0.123936	0.872413	692
5	0.111933	0.873558	0.123936	0.881251	693
5	0.111933	0.882535	0.123936	0.890227	694
5	0.111933	0.891372	0.123936	0.899065	695
5	0.725042	0.933427	0.735421	0.938802	Title
5	0.749647	0.933757	0.816617	0.947169	NTE200AC
5	0.819836	0.933757	0.843040	0.947169	24V
5	0.846038	0.933757	0.928683	0.947169	SCHEMATIC
5	0.725042	0.946680	0.734407	0.952055	Size
5	0.756502	0.946680	0.774315	0.952055	Number
5	0.882352	0.946680	0.901332	0.952055	Revision
5	0.728266	0.953380	0.734921	0.958755	A4
5	0.904336	0.949229	0.933734	0.959980	Russia
5	0.725042	0.960080	0.736898	0.965455	Date:
5	0.753278	0.960080	0.782881	0.965455	30-Mar-2019
5	0.850892	0.960080	0.863151	0.965455	Sheet
5	0.864605	0.960157	0.867429	0.965679	6
5	0.868842	0.960080	0.873546	0.965455	of
5	0.874689	0.960157	0.880336	0.965679	10
5	0.725042	0.964497	0.735076	0.969872	File:
5	0.753269	0.964497	0.810351	0.969872	E:\NTE200AC俄罗斯.ddb
5	0.850892	0.964497	0.865637	0.969872	Drawn
5	0.867049	0.964497	0.874871	0.969872	By:
5	0.887193	0.964575	0.918397	0.970097	CHAIJIANG
5	0.144605	0.971194	0.147429	0.976569	1
5	0.375529	0.971194	0.378353	0.976569	2
5	0.606252	0.971194	0.609076	0.976569	3
5	0.836974	0.971194	0.839797	0.976569	4
6	0.144605	0.023023	0.147429	0.028398	1
6	0.375529	0.023023	0.378353	0.028398	2
6	0.606252	0.023023	0.609076	0.028398	3
6	0.836974	0.023020	0.839797	0.028396	4
6	0.920067	0.045532	0.937645	0.053225	GND
6	0.111933	0.054368	0.123936	0.062061	701
6	0.111933	0.063345	0.123936	0.071037	702
6	0.579227	0.066055	0.595265	0.073747	1701
6	0.624403	0.067568	0.654953	0.073090	GE-CAN2-H
6	0.739563	0.066055	0.755601	0.073747	1601
6	0.784740	0.067568	0.815289	0.073090	GE-CAN1-H
6	0.111933	0.072182	0.123936	0.079875	703
6	0.579227	0.072753	0.595265	0.080445	1702
6	0.624403	0.074266	0.654326	0.079789	GE-CAN2-L
6	0.739563	0.072753	0.755601	0.080445	1602
6	0.784740	0.074266	0.814662	0.079789	GE-CAN1-L
6	0.111933	0.081159	0.123936	0.088851	704
6	0.579227	0.079309	0.595265	0.087001	1703
6	0.624403	0.080964	0.653699	0.086487	GE-CAN2-S
6	0.739563	0.079309	0.755601	0.087001	1603
6	0.784740	0.080964	0.814035	0.086487	GE-CAN1-S
6	0.045985	0.096695	0.070481	0.104388	P-CAN
6	0.111933	0.089991	0.123936	0.097683	705
6	0.111933	0.098967	0.123936	0.106660	706
6	0.157311	0.100299	0.192435	0.107005	CBCU-C-01
6	0.236571	0.099404	0.252609	0.107096	5834
6	0.257345	0.096268	0.296773	0.103961	TB3A-CAB
6	0.323899	0.097235	0.349008	0.102166	X19X18-102
6	0.365443	0.099402	0.381481	0.107094	1701
6	0.365445	0.086007	0.381483	0.093700	1707
6	0.365448	0.092709	0.381486	0.100402	6225
6	0.408202	0.086435	0.420204	0.094127	765
6	0.408202	0.093133	0.420204	0.100825	819
6	0.426353	0.086448	0.449186	0.092937	Message
6	0.426354	0.093146	0.444560	0.099635	Weight
6	0.446479	0.093146	0.466455	0.099635	Display
6	0.450581	0.086448	0.469463	0.092937	System
6	0.467841	0.093146	0.507225	0.099635	PCAN-H（No
6	0.470584	0.086448	0.495263	0.092937	PCAN-H
6	0.506219	0.097235	0.531328	0.102166	X17X16-102
6	0.508835	0.093147	0.525444	0.099635	Use）
6	0.613714	0.099404	0.629752	0.107096	6701
6	0.666555	0.099515	0.689244	0.104447	X40X41-97
6	0.744608	0.093985	0.795907	0.101678	TB2B-FRAME
6	0.802487	0.099404	0.818525	0.107096	7201
6	0.830118	0.097235	0.850669	0.102166	X42X43-S
6	0.867832	0.097235	0.888383	0.102166	X44X45-S
6	0.901713	0.099834	0.913716	0.107526	713
6	0.111933	0.107805	0.123936	0.115497	707
6	0.111933	0.116781	0.123936	0.124474	708
6	0.111933	0.125619	0.123936	0.133311	709
6	0.156706	0.113695	0.191830	0.120402	CBCU-C-02
6	0.157311	0.127092	0.192435	0.133798	CBCU-C-03
6	0.236568	0.126055	0.252606	0.133748	5836
6	0.236571	0.112800	0.252609	0.120493	5835
6	0.257345	0.109665	0.296340	0.117358	TB3B-CAB
6	0.257345	0.122919	0.296773	0.130612	TB3C-CAB
6	0.323899	0.110632	0.349008	0.115563	X19X18-103
6	0.323899	0.124028	0.349008	0.128960	X19X18-104
6	0.365442	0.126054	0.381480	0.133747	1703
6	0.365443	0.106102	0.381481	0.113794	1708
6	0.365448	0.112802	0.381486	0.120494	1702
6	0.365448	0.119358	0.381486	0.127050	6226
6	0.408202	0.106530	0.420204	0.114222	764
6	0.408202	0.119926	0.420204	0.127619	820
6	0.426353	0.106543	0.449186	0.113032	Message
6	0.426353	0.119940	0.444559	0.126428	Weight
6	0.446479	0.119940	0.466454	0.126428	Display
6	0.450581	0.106543	0.469463	0.113032	System
6	0.467840	0.119940	0.505813	0.126428	PCAN-L（No
6	0.470584	0.106543	0.494118	0.113032	PCAN-L
6	0.506219	0.110632	0.531328	0.115563	X17X16-103
6	0.506219	0.124028	0.531328	0.128960	X17X16-104
6	0.507423	0.119940	0.524234	0.126428	Use）
6	0.613714	0.126055	0.629752	0.133747	6703
6	0.613718	0.112798	0.629756	0.120490	6702
6	0.666555	0.112912	0.689244	0.117843	X40X41-98
6	0.666555	0.126166	0.689244	0.131097	X40X41-99
6	0.744605	0.107385	0.796336	0.115077	TB2C-FRAME
6	0.782316	0.120781	0.834047	0.128474	TB2D-FRAME
6	0.802487	0.112800	0.818525	0.120493	7202
6	0.830118	0.110632	0.851506	0.115563	X42X43-R
6	0.867832	0.110632	0.889220	0.115563	X44X45-R
6	0.901712	0.113226	0.913714	0.120918	715
6	0.111933	0.134601	0.123936	0.142293	710
6	0.365445	0.132753	0.381483	0.140445	6227
6	0.408202	0.133180	0.420204	0.140873	821
6	0.426353	0.133194	0.444559	0.139682	Weight
6	0.446479	0.133194	0.466454	0.139682	Display
6	0.467840	0.133194	0.505813	0.139682	PCAN-S（No
6	0.507423	0.133194	0.524234	0.139682	Use）
6	0.034691	0.140887	0.038768	0.146262	D
6	0.111933	0.143433	0.123936	0.151125	711
6	0.365445	0.139451	0.381483	0.147144	1709
6	0.408205	0.139880	0.420208	0.147572	766
6	0.426353	0.139892	0.449186	0.146381	Message
6	0.450581	0.139892	0.469463	0.146381	System
6	0.470584	0.139892	0.493741	0.146381	PCAN-S
6	0.946487	0.140884	0.950564	0.146259	D
6	0.282353	0.148430	0.301484	0.156122	DaLu
6	0.303363	0.148430	0.327732	0.156122	Weight
6	0.329748	0.148430	0.353629	0.156122	System
6	0.355346	0.148430	0.389862	0.156122	Controller
6	0.111933	0.152409	0.123936	0.160102	712
6	0.111933	0.161247	0.123936	0.168939	713
6	0.111933	0.170223	0.123936	0.177916	714
6	0.159731	0.164392	0.171734	0.172084	706
6	0.236570	0.163964	0.252607	0.171656	7201
6	0.300706	0.163483	0.308672	0.170970	19
6	0.320067	0.164392	0.332070	0.172084	812
6	0.363429	0.168824	0.378743	0.175312	DaLu
6	0.380582	0.168824	0.398815	0.175312	Weight
6	0.400543	0.168824	0.433613	0.175312	System（No
6	0.435225	0.168824	0.452032	0.175312	Use）
6	0.111933	0.179061	0.123936	0.186753	715
6	0.159731	0.177789	0.171734	0.185481	708
6	0.236571	0.177361	0.252609	0.185054	7202
6	0.300706	0.176737	0.308672	0.184224	20
6	0.320067	0.177789	0.332070	0.185481	813
6	0.111933	0.188037	0.123936	0.195730	716
6	0.111933	0.196875	0.123936	0.204567	717
6	0.111933	0.205712	0.123936	0.213405	718
6	0.111933	0.214689	0.123936	0.222381	719
6	0.111933	0.223526	0.123936	0.231219	720
6	0.365445	0.210712	0.381483	0.218404	7301
6	0.365445	0.224107	0.381483	0.231799	7302
6	0.448941	0.215280	0.453018	0.220655	A
6	0.450353	0.222834	0.454120	0.228209	B
6	0.457818	0.207149	0.479696	0.214841	PCAN
6	0.460439	0.219697	0.464205	0.225073	C
6	0.111933	0.232508	0.123936	0.240201	721
6	0.111933	0.241346	0.123936	0.249038	722
6	0.111933	0.250322	0.123936	0.258015	723
6	0.111933	0.259160	0.123936	0.266853	724
6	0.516303	0.257456	0.532340	0.265148	7301
6	0.540300	0.253036	0.558697	0.260729	120Ω
6	0.560667	0.253036	0.587723	0.260729	Resistor
6	0.607462	0.257456	0.623500	0.265148	7301
6	0.655262	0.248478	0.672767	0.256171	Hoist
6	0.662118	0.258890	0.664941	0.264265	8
6	0.672204	0.257885	0.684207	0.265578	546
6	0.674781	0.248478	0.699037	0.256171	Handle
6	0.111933	0.268136	0.123936	0.275829	725
6	0.516303	0.270853	0.532340	0.278545	7302
6	0.607462	0.270853	0.623500	0.278545	7302
6	0.662118	0.272287	0.664941	0.277662	7
6	0.672203	0.271281	0.684206	0.278974	547
6	0.111933	0.276974	0.123936	0.284667	726
6	0.111933	0.285951	0.123936	0.293643	727
6	0.111933	0.294788	0.123936	0.302481	728
6	0.774655	0.295223	0.790753	0.302916	Shift
6	0.792770	0.295223	0.819407	0.302916	Selector
6	0.111933	0.303765	0.123936	0.311457	729
6	0.726857	0.304202	0.742895	0.311894	7401
6	0.781714	0.305636	0.784538	0.311011	8
6	0.791797	0.304631	0.803800	0.312323	675
6	0.111933	0.312602	0.123936	0.320295	730
6	0.111933	0.321584	0.123936	0.329277	731
6	0.726857	0.317598	0.742895	0.325291	7402
6	0.781714	0.319033	0.784538	0.324408	7
6	0.791798	0.318026	0.803801	0.325719	677
6	0.111933	0.330422	0.123936	0.338114	732
6	0.111933	0.339398	0.123936	0.347091	733
6	0.365445	0.341969	0.381483	0.349662	1721
6	0.408202	0.342397	0.420204	0.350089	684
6	0.426353	0.342410	0.472471	0.348899	COMBINATION
6	0.473776	0.342410	0.516027	0.348899	INSTRUMENT
6	0.517489	0.342410	0.540558	0.348899	ICAN-H
6	0.045983	0.348240	0.068664	0.355932	I-CAN
6	0.111933	0.348236	0.123936	0.355928	734
6	0.111933	0.357212	0.123936	0.364905	735
6	0.157311	0.356261	0.192357	0.362967	CBCU-D-17
6	0.236571	0.355366	0.252609	0.363058	5903
6	0.257345	0.352230	0.296773	0.359923	TB3D-CAB
6	0.323899	0.353197	0.346588	0.358128	X19X18-97
6	0.365445	0.348667	0.381483	0.356360	1724
6	0.365445	0.355366	0.381483	0.363058	1724
6	0.408198	0.349095	0.420201	0.356788	825
6	0.426353	0.349109	0.444559	0.355597	Weight
6	0.446479	0.349109	0.466454	0.355597	Display
6	0.467840	0.349109	0.505813	0.355597	ICAN-H（No
6	0.507423	0.349109	0.524234	0.355597	Use）
6	0.512471	0.353197	0.535160	0.358128	X17X16-97
6	0.613714	0.355366	0.629752	0.363058	1724
6	0.682286	0.353197	0.704975	0.358128	X40X41-94
6	0.766588	0.353197	0.787699	0.358128	X42X43-B
6	0.802487	0.355366	0.814490	0.363058	223
6	0.864605	0.353197	0.885716	0.358128	X44X45-B
6	0.898689	0.355792	0.910692	0.363484	647
6	0.111933	0.366050	0.123936	0.373742	736
6	0.365445	0.362064	0.381483	0.369757	6228
6	0.365445	0.368762	0.381483	0.376455	6106
6	0.408202	0.362492	0.420204	0.370184	838
6	0.408202	0.369190	0.420204	0.376882	762
6	0.426353	0.362505	0.449422	0.368994	ICAN-H
6	0.426353	0.369204	0.449186	0.375692	Message
6	0.450581	0.369204	0.469463	0.375692	System
6	0.450747	0.362505	0.478443	0.368994	Connector
6	0.470584	0.369204	0.493650	0.375692	ICAN-H
6	0.034689	0.380030	0.038456	0.385406	C
6	0.111933	0.375026	0.123936	0.382719	737
6	0.365445	0.375461	0.381483	0.383153	1722
6	0.408202	0.375888	0.420204	0.383581	685
6	0.426353	0.375902	0.472471	0.382390	COMBINATION
6	0.473777	0.375902	0.516028	0.382390	INSTRUMENT
6	0.517491	0.375902	0.539414	0.382390	ICAN-L
6	0.946487	0.380030	0.950254	0.385406	C
6	0.111933	0.383858	0.123936	0.391551	738
6	0.111933	0.392696	0.123936	0.400388	739
6	0.162353	0.390292	0.190191	0.395667	CBCU-D-19
6	0.236571	0.388715	0.252609	0.396407	5905
6	0.257345	0.385579	0.296340	0.393272	TB3E-CAB
6	0.323899	0.386689	0.346588	0.391620	X19X18-98
6	0.365445	0.388717	0.381482	0.396409	1725
6	0.365445	0.382017	0.381483	0.389709	1725
6	0.365445	0.395413	0.381483	0.403106	6229
6	0.408202	0.382587	0.420204	0.390279	826
6	0.408202	0.395841	0.420204	0.403533	840
6	0.426353	0.382600	0.444559	0.389089	Weight
6	0.426353	0.395854	0.448277	0.402343	ICAN-L
6	0.446479	0.382600	0.466454	0.389089	Display
6	0.449739	0.395854	0.477435	0.402343	Connector
6	0.467840	0.382600	0.504605	0.389089	ICAN-L（No
6	0.506217	0.382600	0.523024	0.389089	Use）
6	0.512471	0.386689	0.535160	0.391620	X17X16-98
6	0.613714	0.388715	0.629752	0.396407	1725
6	0.682286	0.386689	0.704975	0.391620	X40X41-95
6	0.766588	0.386689	0.787976	0.391620	X42X43-C
6	0.802487	0.388715	0.814490	0.396407	237
6	0.864605	0.386689	0.885994	0.391620	X44X45-C
6	0.898691	0.389143	0.910694	0.396835	649
6	0.111933	0.401678	0.123936	0.409370	740
6	0.365445	0.402112	0.381483	0.409804	6107
6	0.408202	0.402539	0.420204	0.410232	761
6	0.426353	0.402553	0.449186	0.409041	Message
6	0.450581	0.402553	0.469463	0.409041	System
6	0.470584	0.402553	0.492505	0.409041	ICAN-L
6	0.111933	0.410510	0.123936	0.418202	741
6	0.365445	0.408810	0.381483	0.416502	1723
6	0.408202	0.409239	0.420205	0.416932	686
6	0.426353	0.409251	0.472471	0.415739	COMBINATION
6	0.473776	0.409251	0.516027	0.415739	INSTRUMENT
6	0.517489	0.409251	0.539036	0.415739	ICAN-S
6	0.111933	0.419486	0.123936	0.427179	742
6	0.162353	0.423641	0.190191	0.429016	CBCU-D-10
6	0.236571	0.422207	0.252609	0.429899	5895
6	0.257345	0.419071	0.295935	0.426764	TB3F-CAB
6	0.323899	0.420038	0.346588	0.424969	X19X18-99
6	0.365445	0.415510	0.381482	0.423202	1726
6	0.365445	0.422207	0.381483	0.429899	1726
6	0.408202	0.415936	0.420204	0.423628	827
6	0.426353	0.415949	0.444559	0.422438	Weight
6	0.446479	0.415949	0.466454	0.422438	Display
6	0.467840	0.415949	0.504605	0.422438	ICAN-S（No
6	0.506217	0.415949	0.523024	0.422438	Use）
6	0.512471	0.420038	0.535160	0.424969	X17X16-99
6	0.613714	0.422207	0.629752	0.429899	1726
6	0.685513	0.420038	0.708202	0.424969	X40X41-96
6	0.766588	0.420038	0.786297	0.424969	X42X43-s
6	0.111933	0.428324	0.123936	0.436016	743
6	0.365445	0.428762	0.381482	0.436454	6230
6	0.408202	0.429332	0.420204	0.437025	841
6	0.426353	0.429346	0.447900	0.435834	ICAN-S
6	0.449336	0.429346	0.477031	0.435834	Connector
6	0.111933	0.437300	0.123936	0.444993	744
6	0.365445	0.435461	0.381483	0.443153	6108
6	0.408202	0.435888	0.420204	0.443581	763
6	0.426353	0.435902	0.449186	0.442390	Message
6	0.450581	0.435902	0.469463	0.442390	System
6	0.470584	0.435902	0.492128	0.442390	ICAN-S
6	0.111933	0.446132	0.123936	0.453825	745
6	0.111933	0.455109	0.123936	0.462801	746
6	0.277311	0.459974	0.295708	0.467666	120Ω
6	0.297678	0.459974	0.324735	0.467666	Resistor
6	0.111933	0.463946	0.123936	0.471639	747
6	0.159731	0.464962	0.171734	0.472654	735
6	0.236571	0.464392	0.248574	0.472084	223
6	0.111933	0.472923	0.123936	0.480615	748
6	0.111933	0.481760	0.123936	0.489453	749
6	0.159732	0.478220	0.171735	0.485912	738
6	0.236571	0.477788	0.248574	0.485481	237
6	0.111933	0.490742	0.123936	0.498435	750
6	0.111936	0.499595	0.123939	0.507288	751
6	0.111936	0.508571	0.123939	0.516264	752
6	0.365449	0.511139	0.377451	0.518832	223
6	0.421311	0.509112	0.434632	0.514043	X52-A
6	0.475361	0.511138	0.487364	0.518830	304
6	0.518118	0.511565	0.530120	0.519258	768
6	0.536471	0.512149	0.555511	0.518637	Weight
6	0.557047	0.512149	0.575932	0.518637	System
6	0.577055	0.512149	0.604547	0.518637	Controller
6	0.605944	0.512149	0.629817	0.518637	CAN2-H
6	0.111936	0.517409	0.123939	0.525102	753
6	0.421311	0.522366	0.434355	0.527297	X52-B
6	0.111936	0.526385	0.123939	0.534078	754
6	0.365445	0.524535	0.377448	0.532227	237
6	0.475361	0.524534	0.487364	0.532227	305
6	0.518118	0.524962	0.530120	0.532654	770
6	0.536471	0.525831	0.555511	0.532319	Weight
6	0.557047	0.525831	0.575932	0.532319	System
6	0.577055	0.525831	0.604547	0.532319	Controller
6	0.605944	0.525831	0.628671	0.532319	CAN2-L
6	0.111936	0.535223	0.123939	0.542916	755
6	0.045980	0.544202	0.074225	0.551894	Message
6	0.076180	0.544202	0.100064	0.551894	System
6	0.111936	0.544199	0.123939	0.551892	756
6	0.286185	0.545912	0.314430	0.553605	Message
6	0.316385	0.545912	0.330862	0.553605	SYS
6	0.332957	0.545912	0.340924	0.553605	J1
6	0.111936	0.553037	0.123939	0.560730	757
6	0.159731	0.553893	0.171734	0.561586	259
6	0.236571	0.553465	0.252609	0.561158	6201
6	0.300706	0.554900	0.303529	0.560275	1
6	0.111936	0.561874	0.123939	0.569567	758
6	0.319462	0.561598	0.322286	0.566973	2
6	0.893645	0.560163	0.915905	0.567856	G6201
6	0.111936	0.570851	0.123939	0.578544	759
6	0.159728	0.567289	0.171731	0.574982	279
6	0.236571	0.566862	0.252609	0.574555	6203
6	0.300706	0.568296	0.303529	0.573672	3
6	0.111936	0.579689	0.123939	0.587381	760
6	0.286790	0.581114	0.315035	0.588806	Message
6	0.316990	0.581114	0.331467	0.588806	SYS
6	0.333562	0.581114	0.341529	0.588806	J2
6	0.111933	0.588667	0.123936	0.596360	761
6	0.159731	0.589522	0.171734	0.597215	740
6	0.236571	0.589095	0.252609	0.596787	6107
6	0.300706	0.590529	0.303529	0.595904	2
6	0.111933	0.597505	0.123936	0.605197	762
6	0.159731	0.598501	0.171734	0.606194	736
6	0.236570	0.597932	0.252608	0.605624	6106
6	0.300706	0.599508	0.303529	0.604883	3
6	0.111933	0.606481	0.123936	0.614174	763
6	0.159731	0.607337	0.171734	0.615030	744
6	0.236571	0.606910	0.252609	0.614602	6108
6	0.300706	0.608344	0.303529	0.613719	4
6	0.034689	0.619033	0.038456	0.624408	B
6	0.111933	0.615319	0.123936	0.623011	764
6	0.159731	0.616316	0.171734	0.624008	707
6	0.236570	0.615746	0.252608	0.623438	1708
6	0.300706	0.617323	0.303529	0.622698	6
6	0.946487	0.619033	0.950254	0.624408	B
6	0.111933	0.624295	0.123936	0.631988	765
6	0.159731	0.625152	0.171734	0.632844	705
6	0.236571	0.624724	0.252609	0.632417	1707
6	0.300706	0.626159	0.303529	0.631534	7
6	0.111933	0.633133	0.123936	0.640825	766
6	0.159731	0.634131	0.171734	0.641823	711
6	0.236571	0.633561	0.252609	0.641253	1709
6	0.300706	0.635137	0.303529	0.640512	8
6	0.111933	0.642109	0.123936	0.649802	767
6	0.615126	0.642967	0.639495	0.650659	Weight
6	0.641512	0.642967	0.665392	0.650659	System
6	0.667109	0.642967	0.701626	0.650659	Controller
6	0.703579	0.642967	0.709258	0.650659	N
6	0.339630	0.646957	0.358028	0.654650	120Ω
6	0.359997	0.646957	0.387054	0.654650	Resistor
6	0.587899	0.649349	0.614128	0.654280	X111X112-A
6	0.045983	0.650948	0.070352	0.658640	Weight
6	0.072369	0.650948	0.096250	0.658640	System
6	0.111933	0.650947	0.123936	0.658639	768
6	0.159731	0.651803	0.171734	0.659495	752
6	0.239597	0.651375	0.251599	0.659068	304
6	0.470319	0.651803	0.482322	0.659495	224
6	0.643361	0.652952	0.655664	0.658327	H124
6	0.111933	0.659923	0.123936	0.667616	769
6	0.587899	0.662603	0.613850	0.667534	X111X112-B
6	0.111933	0.668761	0.123936	0.676454	770
6	0.159731	0.665199	0.171734	0.672892	754
6	0.239597	0.664772	0.251599	0.672464	305
6	0.470319	0.665199	0.482322	0.672892	238
6	0.643361	0.666206	0.655664	0.671581	H138
6	0.111933	0.677743	0.123936	0.685436	771
6	0.111933	0.686580	0.123936	0.694273	772
6	0.159731	0.689711	0.171734	0.697404	788
6	0.470317	0.689714	0.482320	0.697407	223
6	0.587899	0.687116	0.613008	0.692047	X109X110-1
6	0.618151	0.680876	0.642520	0.688569	Weight
6	0.643361	0.690719	0.646185	0.696094	1
6	0.644537	0.680876	0.668417	0.688569	System
6	0.670135	0.680876	0.704651	0.688569	Controller
6	0.706604	0.680876	0.712283	0.688569	C
6	0.111933	0.695557	0.123936	0.703250	773
6	0.159729	0.698548	0.171732	0.706241	790
6	0.470317	0.698547	0.482320	0.706239	237
6	0.587899	0.696095	0.613008	0.701026	X109X110-2
6	0.643361	0.699698	0.646185	0.705073	2
6	0.111933	0.704394	0.123936	0.712087	774
6	0.159731	0.707527	0.171734	0.715220	552
6	0.239597	0.707100	0.251599	0.714792	100
6	0.292437	0.704931	0.304639	0.709862	X51-5
6	0.470319	0.707527	0.482322	0.715220	201
6	0.587899	0.704931	0.613008	0.709862	X109X110-5
6	0.643361	0.708534	0.646185	0.713909	5
6	0.665345	0.708534	0.668168	0.713909	3
6	0.707496	0.707527	0.720708	0.715220	B32
6	0.111933	0.713371	0.123936	0.721064	775
6	0.470319	0.716363	0.482322	0.724056	214
6	0.587899	0.713910	0.613008	0.718841	X109X110-6
6	0.643361	0.717513	0.646185	0.722888	6
6	0.111933	0.722208	0.123936	0.729901	776
6	0.470319	0.725342	0.482322	0.733034	208
6	0.587899	0.722746	0.613008	0.727677	X109X110-7
6	0.643361	0.726349	0.646185	0.731724	7
6	0.665345	0.726349	0.668168	0.731724	4
6	0.707496	0.725342	0.720708	0.733034	B33
6	0.897882	0.724914	0.915492	0.732607	GND
6	0.111933	0.731046	0.123936	0.738739	777
6	0.111933	0.740022	0.123936	0.747715	778
6	0.622588	0.741304	0.646957	0.748996	Weight
6	0.648974	0.741304	0.672854	0.748996	System
6	0.674572	0.741304	0.709088	0.748996	Controller
6	0.711041	0.741304	0.716287	0.748996	B
6	0.111933	0.748860	0.123936	0.756553	779
6	0.298689	0.745294	0.310692	0.752987	102
6	0.348502	0.751992	0.360505	0.759684	530
6	0.366655	0.749869	0.389058	0.756357	Loading
6	0.390476	0.749869	0.406642	0.756357	Brake
6	0.408059	0.749869	0.425307	0.756357	Signal
6	0.469108	0.751566	0.481111	0.759259	240
6	0.569143	0.749539	0.581345	0.754470	X51-1
6	0.587899	0.749539	0.613008	0.754470	X107X108-2
6	0.643361	0.753142	0.646185	0.758517	2
6	0.665345	0.753142	0.668168	0.758517	1
6	0.676034	0.749539	0.701143	0.754470	X108X107-1
6	0.706286	0.751993	0.718289	0.759685	216
6	0.732706	0.749539	0.744908	0.754470	X51-4
6	0.754689	0.749539	0.774958	0.754470	X45X44-v
6	0.779698	0.749539	0.802387	0.754470	X41X40-66
6	0.808134	0.749539	0.827561	0.754470	X78X77-j
6	0.827496	0.751565	0.843534	0.759258	1440
6	0.843832	0.749869	0.868282	0.756357	Overload
6	0.869699	0.749869	0.886947	0.756357	Signal
6	0.891628	0.751994	0.919861	0.759687	CNX4-n
6	0.111933	0.757836	0.123936	0.765529	780
6	0.111933	0.766674	0.123936	0.774367	781
6	0.111933	0.775650	0.123936	0.783343	782
6	0.275496	0.758375	0.300605	0.763306	X105X106-4
6	0.323899	0.778786	0.335902	0.786479	111
6	0.348503	0.760971	0.360506	0.768663	569
6	0.352740	0.769808	0.379218	0.777500	CNX3-f
6	0.357782	0.779793	0.361859	0.785168	A
6	0.363429	0.765403	0.379772	0.771891	Truck
6	0.366655	0.758705	0.395737	0.765193	Dumpbody
6	0.377949	0.779793	0.381716	0.785168	B
6	0.381167	0.765403	0.397127	0.771891	Speed
6	0.393681	0.769380	0.409718	0.777072	1332
6	0.397154	0.758705	0.405224	0.765193	Up
6	0.398522	0.765403	0.415764	0.771891	Signal
6	0.406642	0.758705	0.423889	0.765193	Signal
6	0.415059	0.776190	0.441010	0.781121	X114X113-B
6	0.418286	0.767354	0.439114	0.772285	X77X78-P
6	0.468504	0.778786	0.480507	0.786479	219
6	0.469109	0.760544	0.481112	0.768236	213
6	0.469109	0.769381	0.481112	0.777074	205
6	0.499966	0.767354	0.522655	0.772285	X40X41-65
6	0.531429	0.776190	0.556538	0.781121	X106X105-5
6	0.534454	0.767354	0.555005	0.772285	X44X45-u
6	0.569143	0.758375	0.581345	0.763306	X51-2
6	0.569143	0.767354	0.581345	0.772285	X51-3
6	0.587899	0.758375	0.613008	0.763306	X107X108-3
6	0.587899	0.767354	0.613008	0.772285	X107X108-4
6	0.587899	0.776190	0.613008	0.781121	X107X108-5
6	0.643361	0.761978	0.646185	0.767353	3
6	0.643361	0.770957	0.646185	0.776332	4
6	0.643361	0.779792	0.646185	0.785167	5
6	0.665345	0.766392	0.668169	0.771767	9
6	0.676034	0.762793	0.701143	0.767724	X108X107-9
6	0.706286	0.765389	0.718289	0.773082	230
6	0.840202	0.774226	0.852205	0.781918	230
6	0.855931	0.758693	0.876842	0.766385	Green
6	0.857748	0.772088	0.878627	0.779780	Green
6	0.878721	0.758693	0.904475	0.766385	Light/L
6	0.880506	0.772088	0.906693	0.779780	Light/R
6	0.899899	0.764962	0.917509	0.772654	GND
6	0.899899	0.778357	0.917509	0.786050	GND
6	0.111933	0.784488	0.123936	0.792181	783
6	0.111933	0.793464	0.123936	0.801157	784
6	0.111933	0.802302	0.123936	0.809995	785
6	0.111933	0.811278	0.123936	0.818971	786
6	0.111933	0.820116	0.123936	0.827809	787
6	0.336403	0.787622	0.348406	0.795315	112
6	0.336403	0.801019	0.348406	0.808711	113
6	0.336403	0.814416	0.348406	0.822108	114
6	0.357782	0.793190	0.361859	0.798565	A
6	0.357782	0.806444	0.361859	0.811819	A
6	0.357782	0.819840	0.361859	0.825216	A
6	0.377949	0.793190	0.381716	0.798565	B
6	0.377949	0.806444	0.381716	0.811819	B
6	0.377949	0.819840	0.381716	0.825216	B
6	0.415059	0.789587	0.441010	0.794518	X116X115-B
6	0.468501	0.792042	0.480504	0.799735	234
6	0.468504	0.805437	0.480507	0.813129	207
6	0.468504	0.818834	0.480507	0.826526	220
6	0.531429	0.789587	0.556538	0.794518	X106X105-6
6	0.531429	0.802841	0.556538	0.807772	X106X105-7
6	0.531429	0.816237	0.556538	0.821169	X106X105-8
6	0.587899	0.789587	0.613008	0.794518	X107X108-6
6	0.587899	0.802841	0.613008	0.807772	X107X108-7
6	0.587899	0.816237	0.613008	0.821169	X107X108-8
6	0.643361	0.793188	0.646185	0.798563	6
6	0.643361	0.806440	0.646185	0.811815	7
6	0.643361	0.819836	0.646185	0.825212	8
6	0.663533	0.790905	0.669180	0.796280	10
6	0.663533	0.815419	0.669180	0.820794	11
6	0.676034	0.787306	0.703563	0.792238	X108X107-10
6	0.676034	0.811819	0.703563	0.816751	X108X107-11
6	0.706286	0.789907	0.718289	0.797599	215
6	0.706286	0.814416	0.718289	0.822108	231
6	0.840202	0.798739	0.852205	0.806431	215
6	0.840202	0.823252	0.852205	0.830944	231
6	0.855933	0.783634	0.878722	0.791326	Yellow
6	0.855933	0.796601	0.878722	0.804293	Yellow
6	0.856538	0.808143	0.870019	0.815836	Red
6	0.856538	0.820971	0.870019	0.828664	Red
6	0.872112	0.808143	0.897866	0.815836	Light/L
6	0.872112	0.820971	0.898299	0.828664	Light/R
6	0.880506	0.783634	0.906260	0.791326	Light/L
6	0.880506	0.796601	0.906692	0.804293	Light/R
6	0.899899	0.789475	0.917509	0.797167	GND
6	0.899899	0.813988	0.917509	0.821681	GND
6	0.899901	0.802732	0.917511	0.810424	GND
6	0.111933	0.829093	0.123936	0.836785	788
6	0.376740	0.832809	0.380817	0.838185	A
6	0.405580	0.832230	0.417583	0.839923	404
6	0.429580	0.830062	0.440879	0.834993	120Ω
6	0.441882	0.830062	0.458854	0.834993	Resistor
6	0.468504	0.832230	0.480507	0.839923	304
6	0.531429	0.829634	0.556538	0.834565	X106X105-1
6	0.575998	0.831661	0.588001	0.839353	223
6	0.633882	0.827242	0.652280	0.834935	120Ω
6	0.654249	0.827242	0.681306	0.834935	Resistor
6	0.706286	0.832230	0.718289	0.839923	223
6	0.728269	0.829964	0.747309	0.836452	Weight
6	0.748845	0.829964	0.767730	0.836452	System
6	0.768853	0.829964	0.796346	0.836452	Controller
6	0.797742	0.829964	0.821615	0.836452	CAN1-H
6	0.829513	0.832230	0.841515	0.839923	772
6	0.899899	0.827242	0.917509	0.834935	GND
6	0.111933	0.837930	0.123936	0.845623	789
6	0.111933	0.846907	0.123936	0.854599	790
6	0.336403	0.838786	0.348406	0.846479	115
6	0.359194	0.846633	0.363271	0.852008	D
6	0.376740	0.846633	0.380506	0.852008	B
6	0.405580	0.845484	0.417583	0.853177	405
6	0.468504	0.845484	0.480507	0.853177	305
6	0.531429	0.843031	0.556538	0.847962	X106X105-2
6	0.575998	0.845058	0.588001	0.852750	237
6	0.706284	0.845487	0.718287	0.853180	237
6	0.728269	0.843360	0.747309	0.849849	Weight
6	0.748845	0.843360	0.767730	0.849849	System
6	0.768853	0.843360	0.796346	0.849849	Controller
6	0.797742	0.843360	0.820470	0.849849	CAN1-L
6	0.829513	0.845484	0.841515	0.853177	773
6	0.034689	0.858178	0.038766	0.863553	A
6	0.111933	0.855744	0.123936	0.863437	791
6	0.376740	0.859885	0.380506	0.865260	C
6	0.899899	0.858454	0.917509	0.866146	GND
6	0.946487	0.858178	0.950564	0.863553	A
6	0.111933	0.864721	0.123936	0.872413	792
6	0.111933	0.873558	0.123936	0.881251	793
6	0.111933	0.882535	0.123936	0.890227	794
6	0.111933	0.891372	0.123936	0.899065	795
6	0.725042	0.933427	0.735421	0.938802	Title
6	0.749647	0.933757	0.816617	0.947169	NTE200AC
6	0.819836	0.933757	0.843040	0.947169	24V
6	0.846038	0.933757	0.928683	0.947169	SCHEMATIC
6	0.725042	0.946680	0.734407	0.952055	Size
6	0.756502	0.946680	0.774315	0.952055	Number
6	0.882352	0.946680	0.901332	0.952055	Revision
6	0.728266	0.953380	0.734921	0.958755	A4
6	0.904336	0.949229	0.933734	0.959980	Russia
6	0.725042	0.960080	0.736898	0.965455	Date:
6	0.753278	0.960080	0.782881	0.965455	30-Mar-2019
6	0.850892	0.960080	0.863151	0.965455	Sheet
6	0.864605	0.960157	0.867429	0.965679	7
6	0.868842	0.960080	0.873546	0.965455	of
6	0.874689	0.960157	0.880336	0.965679	10
6	0.725042	0.964497	0.735076	0.969872	File:
6	0.753269	0.964497	0.810351	0.969872	E:\NTE200AC俄罗斯.ddb
6	0.850892	0.964497	0.865637	0.969872	Drawn
6	0.867049	0.964497	0.874871	0.969872	By:
6	0.887193	0.964575	0.918397	0.970097	CHAIJIANG
6	0.144605	0.971194	0.147429	0.976569	1
6	0.375529	0.971194	0.378353	0.976569	2
6	0.606252	0.971194	0.609076	0.976569	3
6	0.836974	0.971194	0.839797	0.976569	4
7	0.144605	0.023618	0.147429	0.028035	1
7	0.375529	0.023618	0.378353	0.028035	2
7	0.606252	0.023618	0.609076	0.028035	3
7	0.836974	0.023615	0.839797	0.028032	4
7	0.891629	0.046442	0.909206	0.052595	GND
7	0.111933	0.055285	0.123936	0.061438	801
7	0.046588	0.064264	0.070957	0.070417	Weight
7	0.072974	0.064264	0.087450	0.070417	SYS
7	0.111933	0.064262	0.123936	0.070415	802
7	0.365445	0.066972	0.381483	0.073125	8100
7	0.448941	0.067399	0.460944	0.073552	672
7	0.046588	0.073100	0.086118	0.079253	（Option）
7	0.111933	0.073099	0.123936	0.079252	803
7	0.111933	0.082076	0.123936	0.088229	804
7	0.111933	0.090908	0.123936	0.097061	805
7	0.284372	0.089634	0.308741	0.095787	Weight
7	0.310758	0.089634	0.334639	0.095787	System
7	0.336356	0.089634	0.370872	0.095787	Controller
7	0.034691	0.141481	0.038768	0.145899	D
7	0.111933	0.099884	0.123936	0.106037	806
7	0.111933	0.108722	0.123936	0.114875	807
7	0.111933	0.117698	0.123936	0.123851	808
7	0.111933	0.126536	0.123936	0.132689	809
7	0.111933	0.135518	0.123936	0.141671	810
7	0.111933	0.144350	0.123936	0.150503	811
7	0.159731	0.098468	0.171734	0.104621	667
7	0.159731	0.111865	0.171734	0.118018	810
7	0.159731	0.125261	0.171734	0.131414	811
7	0.179294	0.109251	0.189919	0.115739	R/F
7	0.181109	0.123665	0.189716	0.128083	L/R
7	0.190992	0.123665	0.209452	0.128083	Pressure
7	0.191195	0.109251	0.214385	0.115739	Pressure
7	0.210799	0.123665	0.224470	0.128083	Signal
7	0.215752	0.109251	0.232988	0.115739	Signal
7	0.236570	0.111438	0.252607	0.117591	7227
7	0.236570	0.124833	0.252607	0.130986	7228
7	0.236577	0.098468	0.252615	0.104621	7200
7	0.269849	0.108512	0.292356	0.112456	X44X45-M
7	0.269849	0.121909	0.291237	0.125853	X44X45-N
7	0.309981	0.125944	0.312804	0.130362	7
7	0.309983	0.099295	0.312807	0.103712	1
7	0.309983	0.112549	0.312807	0.116966	6
7	0.332168	0.117110	0.334992	0.121527	3
7	0.332168	0.125946	0.334992	0.130363	8
7	0.332168	0.134924	0.334992	0.139342	4
7	0.332168	0.108131	0.334992	0.112548	5
7	0.332168	0.099295	0.334992	0.103712	2
7	0.365445	0.115856	0.381483	0.122009	7221
7	0.365446	0.124837	0.381484	0.130990	7229
7	0.365447	0.107019	0.381484	0.113172	7226
7	0.392471	0.104094	0.413582	0.108038	X44X45-L
7	0.392471	0.113072	0.412739	0.117017	X45X44-J
7	0.392471	0.121909	0.413299	0.125853	X44X45-P
7	0.430185	0.104094	0.451296	0.108038	X42X43-L
7	0.430185	0.113072	0.450454	0.117017	X43X42-J
7	0.440873	0.142650	0.456911	0.148803	7221
7	0.461647	0.104094	0.484336	0.108038	X40X41-80
7	0.461647	0.113072	0.484336	0.117017	X41X40-78
7	0.496134	0.104094	0.517523	0.108038	X76X75-Y
7	0.496134	0.113072	0.517523	0.117017	X75X76-V
7	0.527597	0.104094	0.547866	0.108038	X70X69-7
7	0.527597	0.113072	0.547866	0.117017	X69X70-3
7	0.552202	0.103670	0.564279	0.111113	L/F
7	0.563497	0.124836	0.579534	0.130989	7221
7	0.566098	0.103670	0.594043	0.111113	Pressure
7	0.594353	0.117110	0.597538	0.121527	+
7	0.594353	0.130364	0.597538	0.134781	+
7	0.596032	0.103670	0.616554	0.111113	Signal
7	0.603025	0.132644	0.608045	0.137061	M
7	0.603630	0.114829	0.608650	0.119247	M
7	0.614319	0.117110	0.616200	0.121527	-
7	0.614319	0.130364	0.616200	0.134781	-
7	0.635697	0.120275	0.657957	0.126428	G7221
7	0.653445	0.126327	0.673714	0.130271	X70X69-5
7	0.653445	0.135305	0.673714	0.139249	X70X69-8
7	0.653445	0.146422	0.675116	0.150366	X95X94-H
7	0.676639	0.138088	0.692677	0.144241	7227
7	0.703664	0.126327	0.726454	0.130271	X76X75-W
7	0.703664	0.135305	0.724775	0.139249	X76X75-Z
7	0.735126	0.135305	0.757815	0.139249	X40X41-81
7	0.766588	0.135305	0.789096	0.139249	X42X43-M
7	0.766588	0.146422	0.787976	0.150366	X42X43-N
7	0.801076	0.138658	0.813079	0.144811	807
7	0.829513	0.126327	0.852202	0.130271	X40X41-79
7	0.865210	0.098040	0.887470	0.104193	G7200
7	0.946487	0.141478	0.950564	0.145896	D
7	0.111933	0.153332	0.123936	0.159485	812
7	0.159731	0.154193	0.171734	0.160345	713
7	0.236571	0.153765	0.252609	0.159918	7201
7	0.309983	0.154877	0.315630	0.159294	19
7	0.496134	0.155258	0.516963	0.159202	X94X95-F
7	0.594353	0.159295	0.597538	0.163712	+
7	0.603630	0.157157	0.608650	0.161575	M
7	0.614319	0.159295	0.616200	0.163712	-
7	0.653445	0.155258	0.675116	0.159202	X95X94-G
7	0.676639	0.149349	0.692677	0.155502	7228
7	0.676639	0.158185	0.699024	0.164338	G7221
7	0.766588	0.155258	0.788259	0.159202	X42X43-K
7	0.801076	0.149775	0.813079	0.155927	809
7	0.111933	0.162169	0.123936	0.168322	813
7	0.159731	0.163029	0.171734	0.169182	715
7	0.236577	0.163029	0.252615	0.169182	7202
7	0.309983	0.163855	0.315630	0.168273	20
7	0.563492	0.167019	0.579530	0.173172	7221
7	0.635697	0.167019	0.657957	0.173172	G7221
7	0.111933	0.171146	0.123936	0.177299	814
7	0.430185	0.177490	0.451013	0.181435	X42X43-P
7	0.496134	0.177490	0.516403	0.181435	X95X94-J
7	0.594353	0.172692	0.597538	0.177109	+
7	0.603025	0.174972	0.608045	0.179389	M
7	0.614319	0.172692	0.616200	0.177109	-
7	0.111933	0.179983	0.123936	0.186136	815
7	0.540907	0.177639	0.553388	0.185081	R/R
7	0.555206	0.177639	0.583152	0.185081	Pressure
7	0.585140	0.177639	0.605663	0.185081	Signal
7	0.111933	0.188960	0.123936	0.195113	816
7	0.359193	0.189394	0.381579	0.195547	G7221
7	0.392471	0.186469	0.414141	0.190413	X44X45-K
7	0.430185	0.186469	0.451855	0.190413	X42X43-K
7	0.111933	0.197798	0.123936	0.203950	817
7	0.111933	0.206635	0.123936	0.212788	818
7	0.285577	0.205358	0.309946	0.211510	Weight
7	0.311962	0.205358	0.335843	0.211510	System
7	0.337560	0.205358	0.362839	0.211510	Display
7	0.111933	0.215612	0.123936	0.221764	819
7	0.159731	0.214335	0.171734	0.220488	705
7	0.236570	0.213763	0.252607	0.219915	6225
7	0.309983	0.215020	0.312807	0.219438	1
7	0.111933	0.224449	0.123936	0.230602	820
7	0.159731	0.223171	0.171734	0.229324	708
7	0.236571	0.222744	0.252609	0.228896	6226
7	0.309983	0.223855	0.312807	0.228273	2
7	0.111933	0.233431	0.123936	0.239584	821
7	0.159731	0.232150	0.171734	0.238303	710
7	0.236571	0.231580	0.252609	0.237733	6227
7	0.309983	0.232834	0.312807	0.237251	3
7	0.111933	0.242269	0.123936	0.248422	822
7	0.159731	0.240986	0.171734	0.247139	224
7	0.236571	0.240558	0.252609	0.246711	8301
7	0.309983	0.241670	0.312807	0.246088	5
7	0.332168	0.241670	0.334992	0.246088	4
7	0.865210	0.240558	0.887470	0.246711	G8301
7	0.111933	0.251245	0.123936	0.257398	823
7	0.236571	0.251675	0.252609	0.257828	8301
7	0.111933	0.260083	0.123936	0.266236	824
7	0.309983	0.259484	0.312807	0.263901	2
7	0.111933	0.269059	0.123936	0.275212	825
7	0.159731	0.269917	0.171734	0.276070	734
7	0.236571	0.269489	0.252609	0.275642	1724
7	0.309983	0.270601	0.312807	0.275019	4
7	0.409412	0.267209	0.431671	0.273362	G8301
7	0.111933	0.277897	0.123936	0.284050	826
7	0.159731	0.278896	0.171734	0.285049	738
7	0.236571	0.278326	0.252609	0.284479	1725
7	0.309983	0.279580	0.312807	0.283997	5
7	0.332168	0.277300	0.334992	0.281717	3
7	0.111933	0.286873	0.123936	0.293026	827
7	0.159731	0.287732	0.171734	0.293885	741
7	0.236571	0.287304	0.252609	0.293457	1726
7	0.111933	0.295713	0.123936	0.301866	828
7	0.111933	0.304687	0.123936	0.310840	829
7	0.157916	0.308177	0.192637	0.313541	CBCU-E-04
7	0.236571	0.307257	0.252609	0.313410	7213
7	0.342050	0.304474	0.364740	0.308418	X19X18-63
7	0.395496	0.304474	0.418185	0.308418	X17X16-63
7	0.461647	0.304474	0.484336	0.308418	X40X41-47
7	0.527597	0.304474	0.547583	0.308418	X56X57-c
7	0.820031	0.300698	0.840943	0.306851	Green
7	0.842822	0.300698	0.868576	0.306851	Light/L
7	0.865210	0.307257	0.887595	0.313410	G7213
7	0.111933	0.313525	0.123936	0.319678	830
7	0.805513	0.314383	0.843365	0.322816	7213Green
7	0.845244	0.314383	0.871431	0.320536	Light/R
7	0.111933	0.322506	0.123936	0.328659	831
7	0.342050	0.328987	0.364740	0.332931	X19X18-62
7	0.395496	0.328987	0.418185	0.332931	X17X16-62
7	0.461647	0.328987	0.484336	0.332931	X40X41-46
7	0.527597	0.328987	0.548148	0.332931	X56X57-b
7	0.820638	0.326068	0.843428	0.332221	Yellow
7	0.845211	0.326068	0.870965	0.332221	Light/L
7	0.865211	0.320652	0.887596	0.326805	G7213
7	0.111933	0.331342	0.123936	0.337495	832
7	0.157311	0.332690	0.192435	0.338054	CBCU-C-52
7	0.236571	0.331770	0.252609	0.337923	7212
7	0.865210	0.331770	0.887595	0.337923	G7212
7	0.111933	0.340321	0.123936	0.346474	833
7	0.805513	0.338468	0.844033	0.347329	7212Yellow
7	0.845816	0.338468	0.872003	0.344621	Light/R
7	0.865212	0.345166	0.887597	0.351319	G7212
7	0.111933	0.349157	0.123936	0.355310	834
7	0.342050	0.353357	0.364740	0.357302	X19X18-61
7	0.395496	0.353357	0.418185	0.357302	X17X16-61
7	0.461647	0.353357	0.484336	0.357302	X40X41-45
7	0.527597	0.353357	0.547866	0.357302	X56X57-a
7	0.823865	0.351008	0.837346	0.357161	Red
7	0.839440	0.351008	0.865194	0.357161	Light/L
7	0.111933	0.358135	0.123936	0.364288	835
7	0.157311	0.357060	0.192435	0.362424	CBCU-C-50
7	0.236571	0.356283	0.252609	0.362436	7211
7	0.865210	0.356283	0.887595	0.362436	G7211
7	0.111933	0.366972	0.123936	0.373125	836
7	0.805513	0.365689	0.821550	0.371842	7211
7	0.824471	0.363409	0.837951	0.369562	Red
7	0.840045	0.363409	0.866232	0.369562	Light/R
7	0.865210	0.369679	0.887470	0.375832	G7211
7	0.034689	0.380625	0.038456	0.385042	C
7	0.111933	0.375950	0.123936	0.382103	837
7	0.303731	0.377233	0.323793	0.383386	ICAN
7	0.350321	0.380366	0.368719	0.386519	120Ω
7	0.370688	0.380366	0.397745	0.386519	Resistor
7	0.946487	0.380625	0.950254	0.385042	C
7	0.045983	0.387494	0.066016	0.393647	ICAN
7	0.068033	0.387494	0.098142	0.393647	Interface
7	0.111933	0.384786	0.123936	0.390939	838
7	0.159731	0.385641	0.171734	0.391794	735
7	0.236571	0.385214	0.252609	0.391367	6228
7	0.310790	0.389461	0.314867	0.393879	A
7	0.111933	0.393622	0.123936	0.399775	839
7	0.111933	0.402601	0.123936	0.408754	840
7	0.159731	0.399038	0.171734	0.405191	739
7	0.236570	0.398612	0.252607	0.404765	6229
7	0.311998	0.397015	0.315765	0.401433	B
7	0.322084	0.394022	0.325851	0.398440	C
7	0.111933	0.411437	0.123936	0.417590	841
7	0.159731	0.412435	0.171734	0.418588	743
7	0.236570	0.412007	0.252607	0.418160	6230
7	0.111933	0.420416	0.123936	0.426569	842
7	0.111933	0.429252	0.123936	0.435405	843
7	0.111933	0.438228	0.123936	0.444381	844
7	0.173042	0.436805	0.196872	0.442958	K-Line
7	0.045982	0.443075	0.069812	0.449228	K-Line
7	0.071765	0.443075	0.101875	0.449228	Interface
7	0.111933	0.447060	0.123936	0.453213	845
7	0.236571	0.445356	0.252609	0.451509	1727
7	0.313815	0.445784	0.325818	0.451937	271
7	0.111933	0.456037	0.123936	0.462190	846
7	0.865209	0.454190	0.887469	0.460343	G1726
7	0.111933	0.464874	0.123936	0.471027	847
7	0.236571	0.463171	0.252609	0.469324	5837
7	0.295664	0.463949	0.330788	0.469313	CBCU-C-04
7	0.111933	0.473851	0.123936	0.480004	848
7	0.175462	0.475998	0.191257	0.482151	DSC
7	0.045980	0.483125	0.061775	0.489278	DSC
7	0.063792	0.483125	0.093901	0.489278	Interface
7	0.111933	0.482688	0.123936	0.488841	849
7	0.111933	0.491670	0.123936	0.497823	850
7	0.111933	0.500502	0.123936	0.506655	851
7	0.111933	0.509479	0.123936	0.515632	852
7	0.178084	0.486516	0.180908	0.490933	2
7	0.178084	0.495494	0.180908	0.499912	3
7	0.178084	0.504329	0.180908	0.508747	5
7	0.236571	0.485404	0.252609	0.491557	1323
7	0.236571	0.494240	0.252609	0.500393	1322
7	0.236571	0.512055	0.252609	0.518208	1324
7	0.236572	0.503220	0.252610	0.509373	1330
7	0.342050	0.482479	0.364740	0.486423	X19X18-70
7	0.342050	0.491457	0.364740	0.495401	X19X18-71
7	0.342050	0.500293	0.364740	0.504238	X19X18-72
7	0.342050	0.509272	0.364740	0.513216	X19X18-73
7	0.395496	0.482479	0.418185	0.486423	X17X16-70
7	0.395496	0.491457	0.418185	0.495401	X17X16-71
7	0.395496	0.500293	0.418185	0.504238	X17X16-72
7	0.395496	0.509272	0.418185	0.513216	X17X16-73
7	0.527597	0.482479	0.549267	0.486423	X78X77-K
7	0.527597	0.491457	0.548708	0.495401	X78X77-L
7	0.527597	0.500293	0.550104	0.504238	X78X77-M
7	0.527597	0.509272	0.548985	0.513216	X78X77-N
7	0.664134	0.485831	0.695859	0.491984	CNX3-W
7	0.665345	0.494810	0.694883	0.500963	CNX3-V
7	0.665345	0.503646	0.693577	0.509799	CNX3-d
7	0.665345	0.512482	0.694883	0.518635	CNX3-X
7	0.111933	0.518316	0.123936	0.524469	853
7	0.045981	0.525453	0.069411	0.531606	Engine
7	0.047999	0.534430	0.078114	0.540582	Interface
7	0.073381	0.525453	0.108301	0.531606	Diagnostic
7	0.111933	0.527293	0.123936	0.533446	854
7	0.111933	0.536130	0.123936	0.542283	855
7	0.146017	0.523171	0.169447	0.529324	Engine
7	0.171400	0.523171	0.206320	0.529324	Diagnostic
7	0.176672	0.532833	0.180749	0.537251	A
7	0.176672	0.542239	0.180439	0.546657	B
7	0.208273	0.523171	0.238382	0.529324	Interface
7	0.236571	0.532150	0.252609	0.538303	2101
7	0.236571	0.540986	0.252609	0.547139	2102
7	0.269244	0.528801	0.289779	0.536243	Public
7	0.269244	0.537777	0.289779	0.545220	Public
7	0.291729	0.528801	0.307121	0.536243	Data
7	0.291729	0.537777	0.307121	0.545220	Data
7	0.309034	0.528801	0.324023	0.536243	Link
7	0.309034	0.537777	0.324023	0.545220	Link
7	0.325936	0.528801	0.330420	0.536243	+
7	0.325936	0.537777	0.328556	0.545220	-
7	0.339025	0.529224	0.361714	0.533169	X19X18-85
7	0.339025	0.538203	0.361714	0.542147	X19X18-86
7	0.392471	0.529224	0.415160	0.533169	X17X16-85
7	0.392471	0.538203	0.415160	0.542147	X17X16-86
7	0.461647	0.529224	0.484336	0.533169	X40X41-82
7	0.461647	0.538203	0.484336	0.542147	X40X41-83
7	0.530824	0.529224	0.552212	0.533169	X90X91-A
7	0.530824	0.538203	0.551934	0.542147	X90X91-B
7	0.660303	0.542240	0.664380	0.546658	H
7	0.660908	0.533262	0.663104	0.537679	J
7	0.672808	0.542240	0.676885	0.546658	H
7	0.673412	0.533262	0.675608	0.537679	J
7	0.728267	0.525450	0.746617	0.531603	ECM
7	0.728269	0.533262	0.731092	0.537679	6
7	0.728269	0.542240	0.731092	0.546658	8
7	0.111933	0.545107	0.123936	0.551260	856
7	0.111933	0.553944	0.123936	0.560097	857
7	0.111933	0.562782	0.123936	0.568935	858
7	0.045983	0.567779	0.081385	0.573932	Frequency
7	0.083303	0.567779	0.110766	0.573932	Throttle
7	0.111933	0.571758	0.123936	0.577911	859
7	0.159731	0.568207	0.186650	0.574360	CNX2-s
7	0.211362	0.572199	0.227400	0.578352	1247
7	0.111933	0.580596	0.123936	0.586749	860
7	0.111933	0.589578	0.123936	0.595731	861
7	0.111933	0.598416	0.123936	0.604569	862
7	0.111933	0.607392	0.123936	0.613545	863
7	0.159126	0.590440	0.186478	0.596593	CNX2-r
7	0.159126	0.599418	0.187359	0.605571	CNX2-q
7	0.159126	0.608254	0.186918	0.614407	CNX2-x
7	0.159731	0.581603	0.187964	0.587756	CNX2-u
7	0.236568	0.598845	0.252606	0.604998	1244
7	0.236570	0.607828	0.252608	0.613981	1250
7	0.236571	0.581176	0.252609	0.587329	1247
7	0.236571	0.590012	0.252609	0.596165	1243
7	0.252908	0.578420	0.281361	0.584908	Frequency
7	0.261582	0.587399	0.290036	0.593887	Frequency
7	0.275495	0.596237	0.294911	0.602725	Battery
7	0.281749	0.605075	0.298877	0.611564	Shield
7	0.282759	0.578420	0.304606	0.584908	Throttle
7	0.291434	0.587399	0.313280	0.593887	Throttle
7	0.296306	0.596237	0.315052	0.602725	Return
7	0.306004	0.578420	0.313065	0.584908	+5
7	0.314483	0.578420	0.333109	0.584908	Supply
7	0.314678	0.587399	0.331926	0.593887	Signal
7	0.316284	0.596237	0.318567	0.602725	-
7	0.339025	0.578251	0.359294	0.582195	X76X75-J
7	0.339025	0.587087	0.360696	0.591031	X76X75-G
7	0.339025	0.596065	0.360696	0.600010	X76X75-H
7	0.339025	0.604901	0.360696	0.608846	X76X75-K
7	0.396908	0.581176	0.412945	0.587329	1245
7	0.461647	0.578251	0.484336	0.582195	X40X41-86
7	0.461647	0.587087	0.484336	0.591031	X40X41-84
7	0.461647	0.596065	0.484336	0.600010	X40X41-85
7	0.461647	0.604901	0.484336	0.608846	X40X41-87
7	0.530824	0.578251	0.552212	0.582195	X90X91-C
7	0.530824	0.587087	0.552212	0.591031	X90X91-D
7	0.530824	0.596065	0.551934	0.600010	X90X91-E
7	0.530824	0.604901	0.551652	0.608846	X90X91-P
7	0.659698	0.600102	0.663775	0.604520	G
7	0.660303	0.582288	0.663753	0.586705	E
7	0.660303	0.591124	0.664380	0.595541	D
7	0.672203	0.600102	0.676280	0.604520	G
7	0.672808	0.582289	0.676258	0.586706	E
7	0.672808	0.591124	0.676885	0.595541	D
7	0.728269	0.582289	0.733916	0.586706	13
7	0.728269	0.591124	0.733916	0.595541	18
7	0.034689	0.619627	0.038456	0.624045	B
7	0.111933	0.616230	0.123936	0.622383	864
7	0.392471	0.622716	0.415160	0.626660	X19X18-90
7	0.423933	0.622716	0.446622	0.626660	X17X16-90
7	0.461647	0.622716	0.484336	0.626660	X40X41-88
7	0.530824	0.622716	0.551652	0.626660	X90X91-F
7	0.946487	0.619627	0.950254	0.624045	B
7	0.045983	0.625640	0.069413	0.631793	Engine
7	0.073383	0.625640	0.108303	0.631793	Diagnostic
7	0.111933	0.625206	0.123936	0.631359	865
7	0.260370	0.625641	0.283800	0.631794	Engine
7	0.285753	0.625641	0.320673	0.631794	Diagnostic
7	0.322626	0.625641	0.345102	0.631794	Switch
7	0.365445	0.625641	0.381483	0.631794	2110
7	0.601210	0.626419	0.636256	0.631783	CBCU-C-07
7	0.660303	0.626754	0.664381	0.631172	H
7	0.672807	0.626754	0.676884	0.631172	H
7	0.728269	0.626753	0.733916	0.631171	25
7	0.045983	0.634478	0.068473	0.640631	Switch
7	0.111933	0.634044	0.123936	0.640197	866
7	0.111933	0.643020	0.123936	0.649173	867
7	0.159731	0.635048	0.171734	0.641201	274
7	0.162958	0.644234	0.188618	0.649598	I/O-A-02
7	0.236541	0.643456	0.252580	0.649609	2107
7	0.236571	0.634478	0.252609	0.640631	2108
7	0.365445	0.634474	0.381483	0.640627	2106
7	0.461647	0.640531	0.484336	0.644475	X40X41-89
7	0.530824	0.640531	0.551375	0.644475	X90X91-S
7	0.659697	0.644568	0.663775	0.648985	G
7	0.660301	0.635733	0.663441	0.640151	F
7	0.672202	0.644568	0.676279	0.648985	G
7	0.672806	0.635733	0.675946	0.640151	F
7	0.708706	0.641337	0.716245	0.646227	5A
7	0.728269	0.635732	0.731092	0.640149	3
7	0.728269	0.644567	0.733916	0.648984	22
7	0.111933	0.651858	0.123936	0.658011	868
7	0.708706	0.650315	0.716245	0.655206	5A
7	0.728269	0.653545	0.733916	0.657963	23
7	0.111933	0.660834	0.123936	0.666987	869
7	0.128860	0.661868	0.177970	0.670087	Примечание:
7	0.179793	0.661868	0.200306	0.670087	когда
7	0.202129	0.661868	0.258449	0.670087	переключатель
7	0.260272	0.661868	0.288491	0.670087	запуска
7	0.290314	0.661868	0.327491	0.670087	двигателя
7	0.329314	0.661868	0.367608	0.670087	находится
7	0.369432	0.661868	0.373819	0.670087	в
7	0.375642	0.661868	0.418314	0.670087	положении
7	0.420138	0.661868	0.443785	0.670087	выкл.,
7	0.445608	0.661868	0.448785	0.670087	I
7	0.450608	0.661868	0.453356	0.670087	/
7	0.455180	0.661868	0.481701	0.670087	O-A-02
7	0.483524	0.661868	0.530911	0.670087	отключается
7	0.532734	0.661868	0.540936	0.670087	от
7	0.542760	0.661868	0.557138	0.670087	24V
7	0.558961	0.661868	0.576986	0.670087	ECM
7	0.578810	0.661868	0.618121	0.670087	двигателя,
7	0.619944	0.661868	0.624869	0.670087	и
7	0.626692	0.661868	0.663533	0.670087	двигатель
7	0.665356	0.661868	0.703650	0.670087	находится
7	0.705474	0.661868	0.709860	0.670087	в
7	0.711684	0.661868	0.751087	0.670087	нерабочем
7	0.752910	0.661868	0.794020	0.670087	состоянии.
7	0.111933	0.669672	0.123936	0.675825	870
7	0.276101	0.671532	0.296306	0.677685	TB3A
7	0.332773	0.671532	0.352546	0.677685	TB3B
7	0.461647	0.673880	0.486756	0.677824	X40X41-105
7	0.530824	0.673880	0.552212	0.677824	X90X91-N
7	0.762147	0.672810	0.775893	0.678963	24V
7	0.777910	0.672810	0.813061	0.678963	Alternator
7	0.815014	0.672810	0.832045	0.678963	Field
7	0.834139	0.672810	0.847821	0.678963	Coil
7	0.045983	0.679086	0.059729	0.685239	24V
7	0.061746	0.679086	0.096897	0.685239	Alternator
7	0.111933	0.678654	0.123936	0.684807	871
7	0.159731	0.677233	0.171734	0.683386	243
7	0.236571	0.676805	0.252609	0.682958	6132
7	0.365445	0.676800	0.381483	0.682953	2544
7	0.871664	0.676805	0.889274	0.682958	GND
7	0.045983	0.685785	0.062999	0.691938	Field
7	0.065093	0.685785	0.078775	0.691938	Coil
7	0.111933	0.687491	0.123936	0.693644	872
7	0.290016	0.683499	0.308414	0.689652	750Ω
7	0.310383	0.683499	0.337440	0.689652	Resistor
7	0.111933	0.696468	0.123936	0.702621	873
7	0.135571	0.691698	0.184681	0.699917	Примечание:
7	0.186504	0.691698	0.231319	0.699917	аналоговый
7	0.233143	0.691698	0.258092	0.699917	сигнал
7	0.259916	0.691698	0.294698	0.699917	давления
7	0.296521	0.691698	0.336311	0.699917	моторного
7	0.338135	0.691698	0.361294	0.699917	масла,
7	0.363118	0.691698	0.383210	0.699917	через
7	0.385034	0.691698	0.410429	0.699917	линию
7	0.414076	0.691698	0.430882	0.699917	2555
7	0.432706	0.691698	0.469437	0.699917	поступает
7	0.471261	0.691698	0.480042	0.699917	на
7	0.481866	0.691698	0.527387	0.699917	CBCU-D-14,
7	0.529210	0.691698	0.549916	0.699917	после
7	0.551739	0.691698	0.590874	0.699917	обработки
7	0.592697	0.691698	0.617672	0.699917	CBCU,
7	0.619496	0.691698	0.639588	0.699917	через
7	0.641412	0.691698	0.659243	0.699917	CAN
7	0.661067	0.691698	0.701588	0.699917	выводится
7	0.703411	0.691698	0.752361	0.699917	отображение
7	0.754184	0.691698	0.789134	0.699917	значения
7	0.790957	0.691698	0.825739	0.699917	давления
7	0.827562	0.691698	0.867352	0.699917	моторного
7	0.869176	0.691698	0.890201	0.699917	масла
7	0.892025	0.691698	0.900806	0.699917	на
7	0.902630	0.691698	0.945537	0.699917	приборную
7	0.042756	0.703599	0.066190	0.709752	Engine
7	0.068145	0.703599	0.078570	0.709752	Oil
7	0.080588	0.703599	0.109455	0.709752	Pressure
7	0.111933	0.705305	0.123936	0.711458	874
7	0.135571	0.698824	0.163454	0.707043	панель.
7	0.392471	0.709510	0.415160	0.713454	X19X18-87
7	0.423933	0.709510	0.446622	0.713454	X17X16-87
7	0.461647	0.709510	0.484336	0.713454	X40X41-88
7	0.530824	0.709510	0.551092	0.713454	X90X91-J
7	0.752672	0.703599	0.776106	0.709752	Engine
7	0.778061	0.703599	0.788486	0.709752	Oil
7	0.790504	0.703599	0.819371	0.709752	Pressure
7	0.821326	0.703599	0.843565	0.709752	Sensor
7	0.835765	0.709510	0.857435	0.713454	X90X91-H
7	0.111933	0.714282	0.123936	0.720435	875
7	0.157916	0.713212	0.193040	0.718576	CBCU-D-14
7	0.236571	0.712435	0.252609	0.718588	2555
7	0.865210	0.712435	0.887595	0.718588	G2555
7	0.111933	0.723119	0.123936	0.729272	876
7	0.131545	0.719681	0.180654	0.727899	Примечание:
7	0.182477	0.719681	0.227292	0.727899	аналоговый
7	0.229116	0.719681	0.254066	0.727899	сигнал
7	0.255889	0.719681	0.304385	0.727899	температуры
7	0.306208	0.719681	0.325528	0.727899	воды
7	0.327351	0.719681	0.366662	0.727899	двигателя,
7	0.368486	0.719681	0.388578	0.727899	через
7	0.390402	0.719681	0.415797	0.727899	линию
7	0.417620	0.719681	0.434427	0.727899	2556
7	0.436251	0.719681	0.472982	0.727899	поступает
7	0.474805	0.719681	0.483587	0.727899	на
7	0.485410	0.719681	0.530931	0.727899	CBCU-D-15,
7	0.532755	0.719681	0.553460	0.727899	после
7	0.555284	0.719681	0.594418	0.727899	обработки
7	0.596242	0.719681	0.621217	0.727899	CBCU,
7	0.623040	0.719681	0.643133	0.727899	через
7	0.644956	0.719681	0.662788	0.727899	CAN
7	0.664612	0.719681	0.705132	0.727899	выводится
7	0.706956	0.719681	0.755905	0.727899	отображение
7	0.757729	0.719681	0.792678	0.727899	значения
7	0.794502	0.719681	0.842998	0.727899	температуры
7	0.844821	0.719681	0.864140	0.727899	воды
7	0.865964	0.719681	0.903141	0.727899	двигателя
7	0.904964	0.719681	0.913746	0.727899	на
7	0.915569	0.719681	0.941317	0.727899	панель
7	0.111933	0.731957	0.123936	0.738110	877
7	0.131545	0.726806	0.170158	0.735025	приборов.
7	0.392471	0.736303	0.415160	0.740247	X19X18-88
7	0.423933	0.736303	0.446622	0.740247	X17X16-88
7	0.461647	0.736303	0.484336	0.740247	X40X41-88
7	0.530824	0.736303	0.551934	0.740247	X90X91-L
7	0.734521	0.727969	0.757951	0.734122	Engine
7	0.759904	0.727969	0.785716	0.734122	Coolant
7	0.787733	0.727969	0.831562	0.734122	Temperature
7	0.833515	0.727969	0.855750	0.734122	Sensor
7	0.835765	0.736303	0.857435	0.740247	X90X91-K
7	0.042756	0.741366	0.068569	0.747519	Coolant
7	0.070585	0.741366	0.114415	0.747519	Temperature
7	0.111933	0.740933	0.123936	0.747086	878
7	0.157916	0.740006	0.193040	0.745370	CBCU-D-15
7	0.236571	0.739086	0.252609	0.745239	2556
7	0.865210	0.739086	0.887595	0.745239	G2555
7	0.111933	0.749771	0.123936	0.755924	879
7	0.111933	0.758747	0.123936	0.764900	880
7	0.392471	0.760816	0.413582	0.764760	X76X75-L
7	0.042756	0.763599	0.057816	0.769752	Stop
7	0.059909	0.763599	0.083339	0.769752	Engine
7	0.085292	0.763599	0.115009	0.769752	Warning
7	0.111933	0.767585	0.123936	0.773738	881
7	0.162353	0.764519	0.187635	0.769883	I/O-E-18
7	0.236365	0.763599	0.252403	0.769752	1248
7	0.570958	0.764026	0.598750	0.770179	CNX2-v
7	0.111933	0.776561	0.123936	0.782714	882
7	0.139598	0.777881	0.188708	0.786100	Примечание:
7	0.190531	0.777881	0.206901	0.786100	если
7	0.208724	0.777881	0.245565	0.786100	двигатель
7	0.247388	0.777881	0.292817	0.786100	неисправен,
7	0.294640	0.777881	0.326035	0.786100	I/O-E-18
7	0.327859	0.777881	0.367145	0.786100	отключает
7	0.368968	0.777881	0.383346	0.786100	24V
7	0.385170	0.777881	0.439960	0.786100	отправленный
7	0.441783	0.777881	0.446170	0.786100	в
7	0.447993	0.777881	0.458985	0.786100	GE
7	0.460808	0.777881	0.489615	0.786100	систему
7	0.493262	0.777881	0.501464	0.786100	от
7	0.503287	0.777881	0.534128	0.786100	CNX2-v,
7	0.535951	0.777881	0.540876	0.786100	и
7	0.542699	0.777881	0.571514	0.786100	система
7	0.573338	0.777881	0.584329	0.786100	GE
7	0.586153	0.777881	0.620993	0.786100	сообщает
7	0.622817	0.777881	0.627228	0.786100	о
7	0.629052	0.777881	0.685346	0.786100	неисправности
7	0.687169	0.777881	0.701909	0.786100	619.
7	0.111933	0.785399	0.123936	0.791552	883
7	0.111933	0.794375	0.123936	0.800528	884
7	0.111933	0.803213	0.123936	0.809366	885
7	0.111933	0.812195	0.123936	0.818348	886
7	0.111933	0.821032	0.123936	0.827185	887
7	0.111933	0.830009	0.123936	0.836162	888
7	0.111933	0.838847	0.123936	0.844999	889
7	0.111933	0.847823	0.123936	0.853976	890
7	0.034689	0.858772	0.038766	0.863190	A
7	0.111933	0.856661	0.123936	0.862813	891
7	0.946487	0.858772	0.950564	0.863190	A
7	0.111933	0.865637	0.123936	0.871790	892
7	0.111933	0.874475	0.123936	0.880627	893
7	0.111933	0.883451	0.123936	0.889604	894
7	0.111933	0.892289	0.123936	0.898441	895
7	0.725042	0.934022	0.735421	0.938439	Title
7	0.749647	0.935356	0.816617	0.946084	NTE200AC
7	0.819836	0.935356	0.843040	0.946084	24V
7	0.846038	0.935356	0.928683	0.946084	SCHEMATIC
7	0.725042	0.947274	0.734407	0.951692	Size
7	0.756502	0.947274	0.774315	0.951692	Number
7	0.882352	0.947274	0.901332	0.951692	Revision
7	0.728266	0.953974	0.734921	0.958392	A4
7	0.904336	0.950419	0.933734	0.959254	Russia
7	0.725042	0.960674	0.736898	0.965092	Date:
7	0.753278	0.960674	0.782881	0.965092	30-Mar-2019
7	0.850892	0.960674	0.863151	0.965092	Sheet
7	0.865209	0.960816	0.868033	0.965233	8
7	0.868842	0.960674	0.873546	0.965092	of
7	0.875293	0.960816	0.880939	0.965233	10
7	0.725042	0.965092	0.735076	0.969509	File:
7	0.753269	0.965092	0.810351	0.969509	E:\NTE200AC俄罗斯.ddb
7	0.850892	0.965092	0.865637	0.969509	Drawn
7	0.867049	0.965092	0.874871	0.969509	By:
7	0.887193	0.965233	0.918397	0.969651	CHAIJIANG
7	0.144605	0.971789	0.147429	0.976206	1
7	0.375529	0.971789	0.378353	0.976206	2
7	0.606252	0.971789	0.609076	0.976206	3
7	0.836974	0.971789	0.839797	0.976206	4
8	0.144605	0.023618	0.147429	0.028035	1
8	0.375529	0.023618	0.378353	0.028035	2
8	0.606252	0.023618	0.609076	0.028035	3
8	0.836974	0.023615	0.839797	0.028032	4
8	0.111933	0.055285	0.123936	0.061438	901
8	0.904336	0.055285	0.921914	0.061438	GND
8	0.111933	0.064262	0.123936	0.070415	902
8	0.045983	0.071390	0.083404	0.077543	Emergency
8	0.085322	0.071390	0.108756	0.077543	Engine
8	0.111933	0.073099	0.123936	0.079252	903
8	0.159731	0.074098	0.171734	0.080250	266
8	0.236571	0.073670	0.252609	0.079823	2234
8	0.279326	0.068683	0.316741	0.074836	Emergency
8	0.318657	0.068683	0.342087	0.074836	Engine
8	0.344040	0.068683	0.359086	0.074836	Stop
8	0.361180	0.068683	0.383670	0.074836	Switch
8	0.387429	0.073670	0.403466	0.079823	2235
8	0.421311	0.071172	0.441580	0.075116	X63X62-4
8	0.462252	0.071172	0.482521	0.075116	X41X40-1
8	0.609277	0.074447	0.634677	0.079812	I/O-B-15
8	0.045983	0.080227	0.061040	0.086380	Stop
8	0.063132	0.080227	0.085618	0.086380	Switch
8	0.111933	0.082076	0.123936	0.088229	904
8	0.111933	0.090908	0.123936	0.097061	905
8	0.045983	0.098041	0.069413	0.104194	Engine
8	0.071366	0.098041	0.088289	0.104194	Start
8	0.090306	0.098041	0.102595	0.104194	SW
8	0.111933	0.099884	0.123936	0.106037	906
8	0.159741	0.098040	0.171744	0.104193	661
8	0.236571	0.098040	0.252609	0.104193	7302
8	0.111933	0.108722	0.123936	0.114875	907
8	0.296874	0.107874	0.320304	0.114027	Engine
8	0.322257	0.107874	0.339180	0.114027	Start
8	0.341196	0.107874	0.363673	0.114027	Switch
8	0.111933	0.117698	0.123936	0.123851	908
8	0.159731	0.116283	0.171734	0.122436	258
8	0.236577	0.116283	0.252615	0.122436	5351
8	0.322689	0.114972	0.337057	0.119389	STOP
8	0.387429	0.115855	0.403466	0.122008	2236
8	0.603630	0.116775	0.638755	0.122139	CBCU-C-06
8	0.111933	0.126536	0.123936	0.132689	909
8	0.295059	0.124834	0.311097	0.130987	5351
8	0.320673	0.128795	0.338989	0.133212	START
8	0.387429	0.124834	0.403466	0.130987	2401
8	0.604437	0.125611	0.639561	0.130975	CBCU-D-37
8	0.111933	0.135518	0.123936	0.141671	910
8	0.034691	0.141481	0.038768	0.145899	D
8	0.111933	0.144350	0.123936	0.150503	911
8	0.309378	0.140796	0.325476	0.146949	Shift
8	0.327493	0.140796	0.354130	0.146949	Selector
8	0.946487	0.141478	0.950564	0.145896	D
8	0.111933	0.153326	0.123936	0.159479	912
8	0.611899	0.154542	0.630996	0.159907	CBCU
8	0.652843	0.153124	0.674988	0.160566	Neural
8	0.677002	0.153124	0.697503	0.160566	Signal
8	0.699516	0.153124	0.708087	0.160566	To
8	0.710000	0.153124	0.730799	0.160566	CBCU
8	0.111933	0.162164	0.123936	0.168317	913
8	0.111933	0.171140	0.123936	0.177293	914
8	0.111933	0.179978	0.123936	0.186131	915
8	0.425748	0.181841	0.441352	0.187994	Fuse
8	0.683496	0.176853	0.695257	0.183006	Pre
8	0.697210	0.176853	0.736814	0.183006	Lubrication
8	0.738693	0.176853	0.757752	0.183006	Relay
8	0.809345	0.178677	0.817723	0.183095	Pre
8	0.819047	0.178677	0.847354	0.183095	Lubrication
8	0.848651	0.178677	0.863663	0.183095	Motor
8	0.045983	0.187117	0.057754	0.193270	Pre
8	0.059701	0.187117	0.075866	0.193270	LUB
8	0.111933	0.188954	0.123936	0.195107	916
8	0.159727	0.187544	0.171730	0.193697	943
8	0.232134	0.187542	0.255599	0.193695	101RD
8	0.462252	0.191315	0.482521	0.195259	X40X41-3
8	0.528202	0.191315	0.543630	0.195259	X1X2-1
8	0.768403	0.187114	0.792334	0.193267	301OR
8	0.830723	0.187114	0.838148	0.193267	M
8	0.873479	0.187114	0.891089	0.193267	GND
8	0.111933	0.197792	0.123936	0.203945	917
8	0.271664	0.196948	0.283425	0.203101	Pre
8	0.285378	0.196948	0.324982	0.203101	Lubrication
8	0.326861	0.196948	0.343784	0.203101	Start
8	0.345801	0.196948	0.364860	0.203101	Relay
8	0.387429	0.193812	0.403562	0.199965	2402
8	0.871664	0.193812	0.894049	0.199965	G2402
8	0.111933	0.206613	0.123936	0.212766	918
8	0.159731	0.207637	0.171734	0.213790	263
8	0.236570	0.207201	0.252608	0.213354	6152
8	0.319462	0.205356	0.327428	0.211509	30
8	0.336403	0.205359	0.344370	0.211511	87
8	0.389244	0.207987	0.414845	0.213351	I/O-A-01
8	0.462252	0.204711	0.484941	0.208656	X40X41-53
8	0.528202	0.204711	0.543630	0.208656	X1X2-2
8	0.557247	0.207208	0.573379	0.213361	2403
8	0.681073	0.202220	0.704507	0.208373	Engine
8	0.706462	0.202220	0.716887	0.208373	Oil
8	0.718905	0.202220	0.747772	0.208373	Pressure
8	0.749727	0.202220	0.772207	0.208373	Switch
8	0.871664	0.207208	0.894049	0.213361	G2403
8	0.111933	0.215606	0.123936	0.221759	919
8	0.162958	0.216823	0.188423	0.222187	I/O-B-04
8	0.236571	0.216045	0.252609	0.222198	6926
8	0.319462	0.214333	0.327428	0.220486	86
8	0.336403	0.214335	0.344370	0.220488	85
8	0.871664	0.216045	0.893923	0.222198	G6926
8	0.111933	0.224443	0.123936	0.230596	920
8	0.128188	0.222650	0.177297	0.230868	Примечание:
8	0.179121	0.222650	0.199634	0.230868	когда
8	0.201457	0.222650	0.257776	0.230868	переключатель
8	0.259600	0.222650	0.287818	0.230868	запуска
8	0.289642	0.222650	0.326818	0.230868	двигателя
8	0.328642	0.222650	0.366936	0.230868	находится
8	0.368760	0.222650	0.373146	0.230868	в
8	0.374970	0.222650	0.417642	0.230868	положении
8	0.419466	0.222650	0.452289	0.230868	"запуск",
8	0.454113	0.222650	0.477608	0.230868	линия
8	0.479432	0.222650	0.496239	0.230868	2401
8	0.498062	0.222650	0.524197	0.230868	вводит
8	0.526020	0.222650	0.558978	0.230868	высокий
8	0.560801	0.222650	0.600373	0.230868	потенциал
8	0.602196	0.222650	0.616575	0.230868	24V
8	0.618398	0.222650	0.627180	0.230868	на
8	0.629003	0.222650	0.674524	0.230868	CBCU-D-37;
8	0.676347	0.222650	0.680734	0.230868	в
8	0.682558	0.222650	0.690759	0.230868	то
8	0.692583	0.222650	0.702642	0.230868	же
8	0.704465	0.222650	0.727095	0.230868	время
8	0.728919	0.222650	0.761314	0.230868	селектор
8	0.763137	0.222650	0.792625	0.230868	передач
8	0.794448	0.222650	0.798835	0.230868	в
8	0.800658	0.222650	0.849566	0.230868	нейтральном
8	0.851389	0.222650	0.896196	0.230868	положении,
8	0.898019	0.222650	0.915851	0.230868	CAN
8	0.917675	0.222650	0.950095	0.230868	выводит
8	0.111933	0.233420	0.123936	0.239573	921
8	0.128188	0.229776	0.178474	0.237994	нейтральный
8	0.180297	0.229776	0.205247	0.237994	сигнал
8	0.207071	0.229776	0.215852	0.237994	на
8	0.217676	0.229776	0.242650	0.237994	CBCU,
8	0.244474	0.229776	0.264877	0.237994	затем
8	0.266701	0.229776	0.298566	0.237994	I/O-B-04
8	0.300390	0.229776	0.320482	0.237994	через
8	0.322306	0.229776	0.347701	0.237994	линию
8	0.349524	0.229776	0.366331	0.237994	6926
8	0.368155	0.229776	0.400575	0.237994	выводит
8	0.402398	0.229776	0.435356	0.237994	высокий
8	0.437180	0.229776	0.476751	0.237994	потенциал
8	0.478575	0.229776	0.492953	0.237994	24V
8	0.494777	0.229776	0.503558	0.237994	на
8	0.505382	0.229776	0.521550	0.237994	реле
8	0.523373	0.229776	0.588659	0.237994	предварительной
8	0.590482	0.229776	0.618507	0.237994	смазки,
8	0.620331	0.229776	0.684751	0.237994	предварительная
8	0.686574	0.229776	0.711457	0.237994	смазка
8	0.713280	0.229776	0.747776	0.237994	начинает
8	0.749599	0.229776	0.784675	0.237994	работать.
8	0.111933	0.242258	0.123936	0.248410	922
8	0.126175	0.239248	0.175284	0.247467	Примечание:
8	0.177108	0.239248	0.197620	0.247467	когда
8	0.199444	0.239248	0.233343	0.247467	давление
8	0.235166	0.239248	0.256192	0.247467	масла
8	0.258015	0.239248	0.306150	0.247467	установлено,
8	0.307973	0.239248	0.364292	0.247467	переключатель
8	0.366116	0.239248	0.400898	0.247467	давления
8	0.402721	0.239248	0.423746	0.247467	масла
8	0.425570	0.239248	0.477872	0.247467	закрыт,линия
8	0.479696	0.239248	0.496503	0.247467	2403
8	0.498326	0.239248	0.524460	0.247467	вводит
8	0.526284	0.239248	0.554007	0.247467	низкий
8	0.555830	0.239248	0.595401	0.247467	потенциал
8	0.597225	0.239248	0.606006	0.247467	на
8	0.607830	0.239248	0.638208	0.247467	I/O-A-1,
8	0.640032	0.239248	0.660435	0.247467	затем
8	0.662258	0.239248	0.685099	0.247467	CBCU
8	0.686922	0.239248	0.740670	0.247467	останавливает
8	0.742494	0.239248	0.765863	0.247467	выход
8	0.767687	0.239248	0.782065	0.247467	24V
8	0.783888	0.239248	0.792670	0.247467	на
8	0.794493	0.239248	0.828493	0.247467	I/O-B-04,
8	0.830317	0.239248	0.894737	0.247467	предварительная
8	0.896561	0.239248	0.921443	0.247467	смазка
8	0.111933	0.251234	0.123936	0.257387	923
8	0.111933	0.260072	0.123936	0.266224	924
8	0.126175	0.246374	0.163351	0.254593	двигателя
8	0.162353	0.255665	0.171532	0.261818	T1
8	0.165175	0.246374	0.209452	0.254593	прекращает
8	0.211276	0.246374	0.238334	0.254593	работу;
8	0.221445	0.257945	0.231057	0.264098	A1
8	0.240158	0.246374	0.244545	0.254593	в
8	0.246368	0.246374	0.254570	0.254593	то
8	0.256393	0.246374	0.266452	0.254593	же
8	0.268276	0.246374	0.290906	0.254593	время
8	0.268639	0.256349	0.271824	0.260767	+
8	0.292729	0.246374	0.324124	0.254593	I/O-E-02
8	0.297479	0.256349	0.299359	0.260767	-
8	0.309378	0.257945	0.323026	0.264098	2A1
8	0.325948	0.246374	0.346040	0.254593	через
8	0.333378	0.256349	0.336563	0.260767	+
8	0.347864	0.246374	0.373259	0.254593	линию
8	0.362218	0.256349	0.364099	0.260767	-
8	0.372310	0.257945	0.391910	0.264098	X30A
8	0.375082	0.246374	0.391889	0.254593	6966
8	0.393713	0.246374	0.426133	0.254593	выводит
8	0.427956	0.246374	0.442335	0.254593	24V
8	0.444158	0.246374	0.477116	0.254593	высокий
8	0.471126	0.257300	0.473647	0.261245	1
8	0.478940	0.246374	0.518511	0.254593	потенциал
8	0.486050	0.257300	0.488571	0.261245	5
8	0.520334	0.246374	0.529116	0.254593	на
8	0.530939	0.246374	0.547107	0.254593	реле
8	0.548931	0.246374	0.577149	0.254593	запуска
8	0.578973	0.246374	0.618284	0.254593	двигателя,
8	0.620107	0.246374	0.656948	0.254593	двигатель
8	0.658771	0.246374	0.693267	0.254593	начинает
8	0.695090	0.246374	0.730166	0.254593	работать.
8	0.870857	0.258801	0.890024	0.264954	X30E
8	0.111933	0.269048	0.123936	0.275201	925
8	0.221445	0.271200	0.230624	0.277353	B1
8	0.268639	0.269746	0.271824	0.274164	+
8	0.297479	0.269746	0.299359	0.274164	-
8	0.309374	0.271202	0.322587	0.277355	2B1
8	0.333378	0.269746	0.336563	0.274164	+
8	0.362218	0.269746	0.364099	0.274164	-
8	0.372303	0.271200	0.391469	0.277353	X30B
8	0.870857	0.267637	0.890024	0.273790	X30E
8	0.111933	0.277886	0.123936	0.284038	926
8	0.111933	0.286862	0.123936	0.293015	927
8	0.221445	0.284596	0.231057	0.290749	C1
8	0.268639	0.283143	0.271824	0.287560	+
8	0.297479	0.283143	0.299359	0.287560	-
8	0.309374	0.284597	0.323019	0.290750	2C1
8	0.333378	0.283143	0.336563	0.287560	+
8	0.362218	0.283143	0.364099	0.287560	-
8	0.372303	0.284597	0.391902	0.290750	X30C
8	0.045983	0.296141	0.069413	0.302294	Engine
8	0.071366	0.296141	0.088289	0.302294	Start
8	0.111933	0.295700	0.123936	0.301853	928
8	0.111933	0.304676	0.123936	0.310829	929
8	0.162353	0.300131	0.176774	0.306284	KS1
8	0.302521	0.302411	0.325951	0.308564	Engine
8	0.327904	0.302411	0.344827	0.308564	Start
8	0.346843	0.302411	0.365902	0.308564	Relay
8	0.871664	0.298421	0.893923	0.304574	G6966
8	0.111933	0.313514	0.123936	0.319667	930
8	0.111933	0.322496	0.123936	0.328649	931
8	0.191193	0.321081	0.203196	0.327234	264
8	0.193815	0.312595	0.219215	0.317959	I/O-E-02
8	0.236571	0.311817	0.252609	0.317970	6966
8	0.236576	0.321081	0.252614	0.327234	6153
8	0.320068	0.309968	0.328035	0.316121	86
8	0.320068	0.318945	0.328035	0.325098	30
8	0.337008	0.309964	0.344975	0.316117	85
8	0.337008	0.318941	0.344975	0.325094	87
8	0.384200	0.320655	0.400238	0.326808	2404
8	0.408807	0.318298	0.431496	0.322242	X40X41-54
8	0.443294	0.318298	0.459842	0.322242	X1X2-A
8	0.501782	0.314383	0.525638	0.320536	Starter
8	0.527591	0.314383	0.546650	0.320536	Relay
8	0.871664	0.320653	0.893923	0.326806	G2404
8	0.111933	0.331333	0.123936	0.337486	932
8	0.615126	0.329204	0.638983	0.335357	Starter
8	0.111933	0.340310	0.123936	0.346463	933
8	0.475359	0.336756	0.484971	0.342909	N1
8	0.566521	0.338896	0.576133	0.345049	N3
8	0.597378	0.337585	0.600518	0.342002	S
8	0.647801	0.337585	0.652194	0.342002	G
8	0.111933	0.349147	0.123936	0.355300	934
8	0.218827	0.347875	0.232472	0.354028	1D1
8	0.630050	0.347874	0.637475	0.354027	M
8	0.870857	0.347875	0.890897	0.354028	X30G
8	0.111933	0.358124	0.123936	0.364277	935
8	0.612507	0.357140	0.626253	0.363293	24V
8	0.628269	0.357140	0.663420	0.363293	Alternator
8	0.111933	0.366961	0.123936	0.373114	936
8	0.596169	0.365689	0.609814	0.371842	1D2
8	0.629445	0.365689	0.639630	0.371842	G1
8	0.034689	0.380625	0.038456	0.385042	C
8	0.111933	0.375938	0.123936	0.382091	937
8	0.111933	0.384770	0.123936	0.390923	938
8	0.459630	0.387498	0.475668	0.393651	2405
8	0.501782	0.381225	0.525638	0.387378	Starter
8	0.527591	0.381225	0.546650	0.387378	Relay
8	0.871664	0.387494	0.893923	0.393647	G2405
8	0.946487	0.380625	0.950254	0.385042	C
8	0.111933	0.393607	0.123936	0.399760	939
8	0.615126	0.395903	0.638983	0.402056	Starter
8	0.111933	0.402589	0.123936	0.408742	940
8	0.475361	0.403456	0.484973	0.409609	N2
8	0.566521	0.405736	0.576133	0.411889	N4
8	0.597378	0.404283	0.600518	0.408700	S
8	0.647801	0.404283	0.652194	0.408700	G
8	0.111933	0.411421	0.123936	0.417574	941
8	0.218826	0.414575	0.232039	0.420728	1E1
8	0.630050	0.414573	0.637475	0.420726	M
8	0.870857	0.414573	0.892203	0.420726	X30M
8	0.111933	0.420398	0.123936	0.426551	942
8	0.111933	0.429235	0.123936	0.435388	943
8	0.220840	0.430250	0.244305	0.436402	101RD
8	0.455395	0.430250	0.467398	0.436402	916
8	0.111933	0.438212	0.123936	0.444365	944
8	0.111933	0.447044	0.123936	0.453197	945
8	0.111933	0.456020	0.123936	0.462173	946
8	0.111933	0.464858	0.123936	0.471011	947
8	0.111933	0.473834	0.123936	0.479987	948
8	0.111933	0.482672	0.123936	0.488825	949
8	0.111933	0.491654	0.123936	0.497807	950
8	0.111934	0.500515	0.123936	0.506668	951
8	0.111934	0.509492	0.123936	0.515645	952
8	0.111934	0.518329	0.123936	0.524482	953
8	0.111934	0.527306	0.123936	0.533459	954
8	0.111934	0.536143	0.123936	0.542296	955
8	0.111934	0.545120	0.123936	0.551273	956
8	0.111934	0.553957	0.123936	0.560110	957
8	0.111934	0.562795	0.123936	0.568948	958
8	0.111934	0.571771	0.123936	0.577924	959
8	0.111934	0.580609	0.123936	0.586762	960
8	0.111934	0.589591	0.123936	0.595744	961
8	0.111934	0.598428	0.123936	0.604581	962
8	0.111934	0.607405	0.123936	0.613558	963
8	0.034689	0.619627	0.038456	0.624045	B
8	0.111934	0.616242	0.123936	0.622395	964
8	0.946487	0.619627	0.950254	0.624045	B
8	0.111934	0.625219	0.123936	0.631372	965
8	0.111934	0.634056	0.123936	0.640209	966
8	0.111934	0.643033	0.123936	0.649186	967
8	0.111934	0.651870	0.123936	0.658023	968
8	0.111934	0.660847	0.123936	0.667000	969
8	0.111934	0.669685	0.123936	0.675837	970
8	0.111934	0.678667	0.123936	0.684819	971
8	0.111934	0.687504	0.123936	0.693657	972
8	0.111934	0.696481	0.123936	0.702633	973
8	0.111934	0.705318	0.123936	0.711471	974
8	0.111934	0.714295	0.123936	0.720447	975
8	0.111934	0.723132	0.123936	0.729285	976
8	0.111934	0.731970	0.123936	0.738123	977
8	0.111934	0.740946	0.123936	0.747099	978
8	0.111934	0.749784	0.123936	0.755937	979
8	0.111934	0.758760	0.123936	0.764913	980
8	0.111933	0.767589	0.123936	0.773742	981
8	0.111933	0.776566	0.123936	0.782719	982
8	0.111933	0.785403	0.123936	0.791556	983
8	0.111933	0.794380	0.123936	0.800533	984
8	0.111933	0.803212	0.123936	0.809365	985
8	0.111933	0.812188	0.123936	0.818341	986
8	0.111933	0.821026	0.123936	0.827179	987
8	0.111933	0.830002	0.123936	0.836155	988
8	0.111933	0.838840	0.123936	0.844993	989
8	0.111933	0.847822	0.123936	0.853975	990
8	0.034689	0.858772	0.038766	0.863190	A
8	0.946487	0.858772	0.950564	0.863190	A
8	0.725042	0.934022	0.735421	0.938439	Title
8	0.749647	0.935356	0.816617	0.946084	NTE200AC
8	0.819836	0.935356	0.843040	0.946084	24V
8	0.846038	0.935356	0.928683	0.946084	SCHEMATIC
8	0.725042	0.947274	0.734407	0.951692	Size
8	0.756502	0.947274	0.774315	0.951692	Number
8	0.882352	0.947274	0.901332	0.951692	Revision
8	0.728266	0.953974	0.734921	0.958392	A4
8	0.904336	0.950419	0.933734	0.959254	Russia
8	0.725042	0.960674	0.736898	0.965092	Date:
8	0.753278	0.960674	0.782881	0.965092	30-Mar-2019
8	0.850892	0.960674	0.863151	0.965092	Sheet
8	0.865814	0.960816	0.868637	0.965233	9
8	0.868842	0.960674	0.873546	0.965092	of
8	0.875897	0.960816	0.881543	0.965233	10
8	0.725042	0.965092	0.735076	0.969509	File:
8	0.753269	0.965092	0.810351	0.969509	E:\NTE200AC俄罗斯.ddb
8	0.850892	0.965092	0.865637	0.969509	Drawn
8	0.867049	0.965092	0.874871	0.969509	By:
8	0.887193	0.965233	0.918397	0.969651	CHAIJIANG
8	0.144605	0.971789	0.147429	0.976206	1
8	0.375529	0.971789	0.378353	0.976206	2
8	0.606252	0.971789	0.609076	0.976206	3
8	0.836974	0.971789	0.839797	0.976206	4
9	0.144605	0.023618	0.147429	0.028035	1
9	0.375529	0.023618	0.378353	0.028035	2
9	0.606252	0.023618	0.609076	0.028035	3
9	0.836974	0.023615	0.839797	0.028032	4
9	0.108908	0.055285	0.124945	0.061438	1001
9	0.142787	0.052720	0.166221	0.058873	Engine
9	0.168175	0.052720	0.188256	0.058873	Speed
9	0.190351	0.052720	0.212604	0.058873	Sensor
9	0.045986	0.062414	0.069420	0.068567	Engine
9	0.045986	0.069111	0.068238	0.075264	Sensor
9	0.071374	0.062414	0.091455	0.068567	Speed
9	0.108908	0.064262	0.124945	0.070415	1002
9	0.161137	0.058851	0.196288	0.065004	Alternator
9	0.173042	0.067399	0.195460	0.073552	ESS-A
9	0.236571	0.066972	0.252609	0.073125	1145
9	0.272269	0.063625	0.287599	0.071068	REF
9	0.825076	0.067399	0.851995	0.073552	CNX1-s
9	0.108908	0.073099	0.124945	0.079252	1003
9	0.173648	0.075809	0.195633	0.081962	ESS-B
9	0.236571	0.075809	0.252609	0.081962	1150
9	0.272269	0.072463	0.289778	0.079905	COM
9	0.824471	0.076235	0.852263	0.082388	CNX1-x
9	0.108908	0.082076	0.124945	0.088229	1004
9	0.173042	0.084216	0.195460	0.090369	ESS-C
9	0.236571	0.084786	0.252609	0.090939	1149
9	0.272269	0.081439	0.292455	0.088882	Shield
9	0.823059	0.085214	0.852597	0.091367	CNX1-w
9	0.108908	0.090908	0.124945	0.097061	1005
9	0.108908	0.099884	0.124945	0.106037	1006
9	0.149037	0.102587	0.177782	0.108740	Traction
9	0.179661	0.102587	0.200508	0.108740	Motor
9	0.202461	0.102587	0.206393	0.108740	1
9	0.045986	0.107024	0.074731	0.113177	Traction
9	0.076610	0.107024	0.097457	0.113177	Motor
9	0.108908	0.108722	0.124945	0.114875	1007
9	0.155290	0.108290	0.175371	0.114443	Speed
9	0.177466	0.108290	0.199719	0.114443	Sensor
9	0.045986	0.113721	0.066087	0.119874	Speed
9	0.068179	0.113721	0.090424	0.119874	Sensor
9	0.108908	0.117698	0.124945	0.123851	1008
9	0.108908	0.126536	0.124945	0.132689	1009
9	0.161142	0.122980	0.195017	0.129133	TMSS1-A
9	0.161142	0.129678	0.195017	0.135831	TMSS1-D
9	0.161748	0.116283	0.195190	0.122436	TMSS1-B
9	0.236568	0.115856	0.252605	0.122009	1101
9	0.236568	0.122553	0.252605	0.128706	1102
9	0.236568	0.129251	0.252605	0.135404	1103
9	0.272267	0.112648	0.289775	0.120090	COM
9	0.272267	0.119201	0.289609	0.126643	+15V
9	0.276097	0.125893	0.285069	0.133335	V2
9	0.824471	0.116283	0.854009	0.122436	CNX1-A
9	0.824471	0.122981	0.853576	0.129134	CNX1-B
9	0.825076	0.129679	0.854614	0.135832	CNX1-C
9	0.034691	0.141481	0.038768	0.145899	D
9	0.108908	0.135518	0.124945	0.141671	1010
9	0.108908	0.144350	0.124945	0.150503	1011
9	0.108908	0.153326	0.124945	0.159479	1012
9	0.160332	0.155474	0.194647	0.161627	TMSS1-G
9	0.161142	0.142645	0.195017	0.148798	TMSS1-C
9	0.161142	0.149343	0.194584	0.155496	TMSS1-E
9	0.161748	0.135948	0.194749	0.142101	TMSS1-F
9	0.236568	0.135949	0.252605	0.142101	1104
9	0.236568	0.142646	0.252605	0.148799	1105
9	0.236568	0.149344	0.252605	0.155497	1106
9	0.236568	0.155897	0.252605	0.162050	1107
9	0.272267	0.152689	0.292453	0.160131	Shield
9	0.275492	0.132596	0.284463	0.140039	V2
9	0.275492	0.139294	0.284463	0.146736	V1
9	0.275492	0.146414	0.284463	0.153856	V1
9	0.823866	0.156473	0.853844	0.162626	CNX1-G
9	0.825681	0.136378	0.855219	0.142531	CNX1-D
9	0.825681	0.143076	0.854786	0.149229	CNX1-E
9	0.825681	0.149775	0.854346	0.155927	CNX1-F
9	0.946487	0.141478	0.950564	0.145896	D
9	0.108908	0.162164	0.124945	0.168317	1013
9	0.108908	0.171140	0.124945	0.177293	1014
9	0.149037	0.173707	0.177782	0.179860	Traction
9	0.179661	0.173707	0.200508	0.179860	Motor
9	0.202461	0.173707	0.206393	0.179860	2
9	0.108908	0.179978	0.124945	0.186131	1015
9	0.155290	0.179549	0.175371	0.185702	Speed
9	0.177466	0.179549	0.199719	0.185702	Sensor
9	0.108908	0.188954	0.124945	0.195107	1016
9	0.108908	0.197792	0.124945	0.203945	1017
9	0.161142	0.194239	0.195017	0.200392	TMSS2-A
9	0.161142	0.200937	0.195017	0.207090	TMSS2-D
9	0.161748	0.187542	0.195190	0.193695	TMSS2-B
9	0.236569	0.187115	0.252607	0.193268	1136
9	0.236569	0.193813	0.252607	0.199966	1137
9	0.236569	0.200510	0.252607	0.206663	1139
9	0.272267	0.183757	0.289775	0.191199	COM
9	0.272267	0.190454	0.289609	0.197897	+15V
9	0.276097	0.197152	0.285069	0.204594	V2
9	0.824471	0.200938	0.854882	0.207091	CNX1-m
9	0.825681	0.194240	0.853913	0.200393	CNX1-k
9	0.826286	0.187542	0.852764	0.193695	CNX1-j
9	0.108908	0.206613	0.124945	0.212766	1018
9	0.161748	0.207207	0.194749	0.213360	TMSS2-F
9	0.236569	0.207208	0.252607	0.213361	1140
9	0.275492	0.203850	0.284463	0.211292	V2
9	0.826286	0.207637	0.854518	0.213790	CNX1-n
9	0.108908	0.215606	0.124945	0.221759	1019
9	0.108908	0.224443	0.124945	0.230596	1020
9	0.160332	0.226727	0.194647	0.232880	TMSS2-G
9	0.161142	0.213760	0.195017	0.219913	TMSS2-C
9	0.161142	0.220457	0.194584	0.226610	TMSS2-E
9	0.236569	0.213761	0.252607	0.219914	1142
9	0.236569	0.220459	0.252607	0.226612	1143
9	0.236569	0.227156	0.252607	0.233309	1144
9	0.272267	0.223803	0.292453	0.231246	Shield
9	0.275492	0.210547	0.284463	0.217990	V1
9	0.275492	0.217673	0.284463	0.225115	V1
9	0.826286	0.214335	0.854518	0.220488	CNX1-p
9	0.826286	0.220891	0.854518	0.227044	CNX1-q
9	0.826286	0.227589	0.853637	0.233742	CNX1-r
9	0.108908	0.233420	0.124945	0.239573	1021
9	0.108908	0.242258	0.124945	0.248410	1022
9	0.149035	0.244972	0.167789	0.251125	Front
9	0.169806	0.244972	0.183719	0.251125	Left
9	0.185736	0.244972	0.206881	0.251125	Wheel
9	0.045985	0.253957	0.064742	0.260110	Front
9	0.045986	0.260513	0.066087	0.266666	Speed
9	0.066761	0.253957	0.087909	0.260110	Wheel
9	0.068179	0.260513	0.090424	0.266666	Sensor
9	0.108908	0.251234	0.124945	0.257387	1023
9	0.108908	0.260072	0.124945	0.266224	1024
9	0.108908	0.269048	0.124945	0.275201	1025
9	0.155288	0.250814	0.175389	0.256967	Speed
9	0.173646	0.265498	0.194849	0.271651	SS3-A
9	0.173646	0.272196	0.194849	0.278349	SS3-D
9	0.174252	0.258801	0.195022	0.264954	SS3-B
9	0.177482	0.250814	0.199726	0.256967	Sensor
9	0.236576	0.258370	0.252613	0.264523	1108
9	0.236576	0.265068	0.252613	0.271220	1110
9	0.236576	0.271765	0.252613	0.277918	1111
9	0.272265	0.255021	0.289773	0.262464	COM
9	0.272265	0.261719	0.289607	0.269161	+15V
9	0.276095	0.268416	0.285067	0.275859	V2
9	0.824471	0.258801	0.854449	0.264954	CNX1-H
9	0.824471	0.272197	0.854449	0.278350	CNX1-K
9	0.825076	0.265499	0.852868	0.271652	CNX1-J
9	0.108908	0.277886	0.124945	0.284038	1026
9	0.174252	0.278327	0.194581	0.284480	SS3-F
9	0.236576	0.278318	0.252613	0.284471	1112
9	0.275490	0.275114	0.284461	0.282556	V2
9	0.825076	0.278896	0.854181	0.285049	CNX1-L
9	0.108908	0.286862	0.124945	0.293015	1027
9	0.108908	0.295700	0.124945	0.301853	1028
9	0.173041	0.297992	0.194684	0.304144	SS3-G
9	0.173646	0.285024	0.194849	0.291177	SS3-C
9	0.173646	0.291722	0.194416	0.297875	SS3-E
9	0.236576	0.285016	0.252613	0.291169	1113
9	0.236576	0.291714	0.252613	0.297866	1114
9	0.236576	0.298411	0.252613	0.304564	1115
9	0.272265	0.295068	0.292451	0.302510	Shield
9	0.275490	0.281812	0.284461	0.289254	V1
9	0.275490	0.288937	0.284461	0.296380	V1
9	0.823059	0.285451	0.854343	0.291604	CNX1-M
9	0.824471	0.298848	0.854449	0.305001	CNX1-O
9	0.825076	0.292150	0.854614	0.298303	CNX1-N
9	0.108908	0.304676	0.124945	0.310829	1029
9	0.108908	0.313514	0.124945	0.319667	1030
9	0.146625	0.314952	0.165379	0.321105	Front
9	0.167396	0.314952	0.186150	0.321105	Right
9	0.188166	0.314952	0.209311	0.321105	Wheel
9	0.108908	0.322496	0.124945	0.328649	1031
9	0.156103	0.321505	0.176204	0.327658	Speed
9	0.178297	0.321505	0.200541	0.327658	Sensor
9	0.108908	0.331333	0.124945	0.337486	1032
9	0.108908	0.340310	0.124945	0.346463	1033
9	0.173646	0.336757	0.194849	0.342910	SS4-A
9	0.173646	0.343310	0.194849	0.349463	SS4-D
9	0.174252	0.330060	0.195022	0.336212	SS4-B
9	0.236574	0.329632	0.252612	0.335785	1116
9	0.236574	0.336330	0.252612	0.342483	1117
9	0.236574	0.342883	0.252612	0.349036	1118
9	0.272265	0.326274	0.289773	0.333717	COM
9	0.272265	0.332972	0.289607	0.340415	+15V
9	0.276095	0.339670	0.285067	0.347112	V2
9	0.824471	0.336758	0.854449	0.342911	CNX1-Q
9	0.825076	0.330060	0.853741	0.336212	CNX1-P
9	0.825076	0.343314	0.854614	0.349467	CNX1-R
9	0.108908	0.349147	0.124945	0.355300	1034
9	0.174252	0.349580	0.194581	0.355733	SS4-F
9	0.236574	0.349580	0.252612	0.355733	1119
9	0.275490	0.346228	0.284461	0.353671	V2
9	0.826286	0.350012	0.854518	0.356165	CNX1-S
9	0.108908	0.358124	0.124945	0.364277	1035
9	0.108908	0.366961	0.124945	0.373114	1036
9	0.173041	0.369245	0.194684	0.375398	SS4-G
9	0.173646	0.356278	0.194849	0.362430	SS4-C
9	0.173646	0.362975	0.194416	0.369128	SS4-E
9	0.236574	0.356278	0.252612	0.362431	1120
9	0.236574	0.362976	0.252612	0.369129	1121
9	0.236574	0.369673	0.252612	0.375826	1122
9	0.272265	0.366321	0.292451	0.373764	Shield
9	0.275490	0.352926	0.284461	0.360368	V1
9	0.275490	0.360052	0.284461	0.367494	V1
9	0.825076	0.363409	0.854614	0.369562	CNX1-U
9	0.825681	0.370107	0.855219	0.376260	CNX1-V
9	0.826286	0.356710	0.855391	0.362863	CNX1-T
9	0.034689	0.380625	0.038456	0.385042	C
9	0.108908	0.375938	0.124945	0.382091	1037
9	0.946487	0.380625	0.950254	0.385042	C
9	0.108908	0.384770	0.124945	0.390923	1038
9	0.108908	0.393607	0.124945	0.399760	1039
9	0.201277	0.400531	0.221546	0.404475	X75X76-v
9	0.260975	0.400531	0.281244	0.404475	X69X70-6
9	0.288000	0.398611	0.315332	0.404764	Axlebox
9	0.317451	0.398611	0.346318	0.404764	Pressure
9	0.348273	0.398611	0.360563	0.404764	SW
9	0.045985	0.403034	0.073317	0.409187	Axlebox
9	0.075436	0.403034	0.104304	0.409187	Pressure
9	0.108908	0.402589	0.124945	0.408742	1040
9	0.159731	0.403456	0.171734	0.409609	262
9	0.236571	0.403029	0.252609	0.409182	6151
9	0.447144	0.403034	0.463179	0.409187	1129
9	0.825076	0.403456	0.852427	0.409609	CNX1-c
9	0.045987	0.412009	0.068477	0.418162	Switch
9	0.108908	0.411421	0.124945	0.417574	1041
9	0.108908	0.420398	0.124945	0.426551	1042
9	0.818216	0.420843	0.832599	0.426996	DID
9	0.834616	0.420843	0.853155	0.426996	Panel
9	0.045987	0.429678	0.060370	0.435831	DID
9	0.062386	0.429678	0.080926	0.435831	Panel
9	0.108908	0.429235	0.124945	0.435388	1043
9	0.161748	0.430250	0.191286	0.436402	CNX3-C
9	0.201277	0.427324	0.222666	0.431268	X76X75-R
9	0.201277	0.434023	0.221829	0.437967	X76X75-S
9	0.236571	0.429680	0.252609	0.435833	1303
9	0.547160	0.427324	0.569849	0.431268	X40X41-71
9	0.547160	0.434023	0.569849	0.437967	X40X41-72
9	0.635092	0.427324	0.655644	0.431268	X42X43-k
9	0.635092	0.434023	0.654519	0.437967	X42X43-j
9	0.723227	0.427324	0.743778	0.431268	X44X45-k
9	0.723227	0.434023	0.742654	0.437967	X44X45-j
9	0.822448	0.429681	0.843383	0.435834	DID-1
9	0.108908	0.438212	0.124945	0.444365	1044
9	0.161748	0.436805	0.191286	0.442958	CNX3-D
9	0.201277	0.440721	0.222388	0.444665	X76X75-T
9	0.236571	0.436378	0.252609	0.442531	1304
9	0.547160	0.440721	0.569849	0.444665	X40X41-73
9	0.635092	0.440721	0.655644	0.444665	X42X43-h
9	0.723227	0.440721	0.743778	0.444665	X44X45-h
9	0.822448	0.436806	0.843383	0.442959	DID-2
9	0.108908	0.447044	0.124945	0.453197	1045
9	0.161143	0.443504	0.191122	0.449657	CNX3-H
9	0.161143	0.450202	0.191122	0.456355	CNX3-O
9	0.201277	0.447277	0.222666	0.451221	X76X75-U
9	0.236571	0.443076	0.252609	0.449229	1308
9	0.236571	0.449774	0.252609	0.455927	1315
9	0.547160	0.447277	0.569849	0.451221	X40X41-74
9	0.635092	0.447277	0.655361	0.451221	X42X43-g
9	0.723227	0.447277	0.743496	0.451221	X44X45-g
9	0.108908	0.456020	0.124945	0.462173	1046
9	0.108908	0.464858	0.124945	0.471011	1047
9	0.201277	0.467372	0.222666	0.471316	X76X75-A
9	0.108908	0.473834	0.124945	0.479987	1048
9	0.161748	0.470297	0.191286	0.476450	CNX2-A
9	0.161748	0.476995	0.190854	0.483148	CNX2-B
9	0.201277	0.474070	0.222388	0.478014	X76X75-B
9	0.236571	0.469867	0.252609	0.476020	1201
9	0.236571	0.476420	0.252609	0.482573	1202
9	0.108908	0.482672	0.124945	0.488825	1049
9	0.108908	0.491654	0.124945	0.497807	1050
9	0.161748	0.490250	0.191286	0.496402	CNX2-C
9	0.201277	0.487467	0.222666	0.491411	X76X75-C
9	0.201277	0.494023	0.222666	0.497967	X77X78-A
9	0.236571	0.489815	0.252609	0.495968	1203
9	0.317042	0.484549	0.337247	0.490702	TB3D
9	0.447124	0.489824	0.463162	0.495977	1805
9	0.508235	0.488796	0.522496	0.493213	5VDC
9	0.547160	0.487467	0.569849	0.491411	X40X41-67
9	0.635092	0.487467	0.655644	0.491411	X42X43-n
9	0.723227	0.487467	0.743778	0.491411	X44X45-n
9	0.822454	0.490250	0.843389	0.496402	DID-5
9	0.108908	0.500486	0.124945	0.506639	1051
9	0.161748	0.496948	0.191286	0.503101	CNX2-D
9	0.236571	0.496513	0.252609	0.502666	1204
9	0.108908	0.509462	0.124945	0.515615	1052
9	0.161748	0.510345	0.190854	0.516498	CNX2-E
9	0.201277	0.507419	0.222388	0.511363	X77X78-B
9	0.201277	0.514118	0.222666	0.518062	X77X78-C
9	0.236571	0.509917	0.252609	0.516070	1205
9	0.108908	0.518300	0.124945	0.524453	1053
9	0.162353	0.517043	0.191018	0.523196	CNX2-F
9	0.236571	0.516615	0.252609	0.522768	1206
9	0.108908	0.527276	0.124945	0.533429	1054
9	0.161143	0.530297	0.191122	0.536450	CNX2-G
9	0.201277	0.527514	0.222666	0.531458	X77X78-D
9	0.201277	0.534213	0.222388	0.538157	X77X78-E
9	0.236571	0.529869	0.252609	0.536022	1207
9	0.317042	0.524596	0.337247	0.530749	TB3C
9	0.447124	0.529871	0.463162	0.536024	1806
9	0.508235	0.528845	0.528338	0.533262	+15VDC
9	0.547160	0.527514	0.569849	0.531458	X40X41-68
9	0.635092	0.527514	0.655079	0.531458	X42X43-r
9	0.723227	0.527514	0.743213	0.531458	X44X45-r
9	0.822454	0.529868	0.843389	0.536021	DID-6
9	0.108908	0.536114	0.124945	0.542267	1055
9	0.161143	0.536995	0.191122	0.543148	CNX2-H
9	0.236571	0.536567	0.252609	0.542720	1208
9	0.108908	0.545090	0.124945	0.551243	1056
9	0.201277	0.547467	0.222106	0.551411	X77X78-F
9	0.108908	0.553928	0.124945	0.560081	1057
9	0.160336	0.557090	0.190315	0.563243	CNX2-K
9	0.161748	0.550392	0.189540	0.556545	CNX2-J
9	0.201277	0.554165	0.222948	0.558109	X77X78-G
9	0.236571	0.549964	0.252609	0.556117	1210
9	0.236571	0.556662	0.252609	0.562815	1211
9	0.108908	0.562765	0.124945	0.568918	1058
9	0.108908	0.571742	0.124945	0.577895	1059
9	0.161748	0.570487	0.190854	0.576640	CNX2-L
9	0.201277	0.567562	0.222948	0.571506	X77X78-H
9	0.201277	0.574260	0.221546	0.578204	X77X78-J
9	0.236571	0.569917	0.252609	0.576070	1212
9	0.508235	0.568893	0.527128	0.573311	-15VDC
9	0.547160	0.567562	0.569849	0.571506	X40X41-69
9	0.635092	0.567562	0.657040	0.571506	X42X43-m
9	0.723227	0.567562	0.745175	0.571506	X44X45-m
9	0.822454	0.569915	0.843389	0.576068	DID-9
9	0.108908	0.580579	0.124945	0.586732	1060
9	0.160336	0.577043	0.191621	0.583196	CNX2-M
9	0.236571	0.576615	0.252609	0.582768	1213
9	0.108908	0.589561	0.124945	0.595714	1061
9	0.108908	0.598399	0.124945	0.604552	1062
9	0.108908	0.607375	0.124945	0.613528	1063
9	0.389244	0.600273	0.409016	0.606426	TB3E
9	0.459630	0.605546	0.475668	0.611699	1810
9	0.508235	0.604524	0.519171	0.608942	RTN
9	0.547160	0.603191	0.569849	0.607135	X40X41-70
9	0.635092	0.603191	0.655644	0.607135	X42X43-p
9	0.723227	0.603191	0.743778	0.607135	X44X45-p
9	0.822454	0.605971	0.847422	0.612124	DID-10
9	0.034689	0.619627	0.038456	0.624045	B
9	0.108908	0.616213	0.124945	0.622366	1064
9	0.377947	0.616662	0.393985	0.622815	6305
9	0.946487	0.619627	0.950254	0.624045	B
9	0.108908	0.625189	0.124945	0.631342	1065
9	0.389244	0.626924	0.408576	0.633077	TB3F
9	0.108908	0.634027	0.124945	0.640180	1066
9	0.108908	0.643003	0.124945	0.649156	1067
9	0.108908	0.651841	0.124945	0.657994	1068
9	0.108908	0.660817	0.124945	0.666970	1069
9	0.228113	0.655166	0.286934	0.668184	Описание
9	0.289822	0.655166	0.359585	0.668184	соединений
9	0.362473	0.655166	0.452402	0.668184	коннекторов：
9	0.108908	0.669655	0.124945	0.675808	1070
9	0.108908	0.678637	0.124945	0.684790	1071
9	0.228175	0.673936	0.278791	0.682615	соединение
9	0.354017	0.673936	0.397925	0.682615	детальное
9	0.401057	0.673936	0.442356	0.682615	описание
9	0.520598	0.673936	0.545019	0.682615	место
9	0.548152	0.673936	0.599700	0.682615	соединения
9	0.602832	0.673936	0.654185	0.682615	коннектора
9	0.657317	0.673936	0.667194	0.682615	на
9	0.670326	0.673936	0.704588	0.682615	машине
9	0.108908	0.687475	0.124945	0.693627	1072
9	0.231529	0.686590	0.256233	0.693689	X1-X2
9	0.307504	0.685245	0.326042	0.693924	жгут
9	0.327968	0.685245	0.365655	0.693924	проводов
9	0.367581	0.685245	0.376242	0.693924	от
9	0.378168	0.685245	0.399518	0.693924	рамы
9	0.401444	0.685245	0.406174	0.693924	к
9	0.408099	0.685245	0.437889	0.693924	запуску
9	0.439815	0.685245	0.479073	0.693924	двигателя
9	0.511129	0.684973	0.533048	0.693652	левая
9	0.534974	0.684973	0.566166	0.693652	сторона
9	0.568091	0.684973	0.589442	0.693652	рамы
9	0.591368	0.684973	0.615886	0.693652	рядом
9	0.617812	0.684973	0.621557	0.693652	с
9	0.623482	0.684973	0.661587	0.693652	клапаном
9	0.663513	0.684973	0.679868	0.693652	упр.
9	0.681793	0.684973	0.715053	0.693652	подъема
9	0.716979	0.684973	0.743068	0.693652	кузова
9	0.108908	0.696451	0.124945	0.702604	1073
9	0.231529	0.695426	0.256233	0.702525	X3-X4
9	0.307385	0.694088	0.337893	0.702767	черный
9	0.339819	0.694088	0.357097	0.702767	к-ор
9	0.359022	0.694088	0.367683	0.702767	от
9	0.369609	0.694088	0.410216	0.702767	элек-щита
9	0.412142	0.694088	0.416872	0.702767	к
9	0.418797	0.694088	0.441319	0.702767	блоку
9	0.443245	0.694088	0.475360	0.702767	предохр
9	0.511415	0.693970	0.526845	0.702846	24V
9	0.528916	0.693970	0.570787	0.702846	элек-щите
9	0.572857	0.693970	0.582524	0.702846	на
9	0.584594	0.693970	0.607622	0.702846	блоке
9	0.609703	0.693970	0.679159	0.702846	предохранителей
9	0.108908	0.705289	0.124945	0.711441	1074
9	0.231529	0.704404	0.256233	0.711504	X5-X6
9	0.307385	0.702931	0.340387	0.711610	зеленый
9	0.342313	0.702931	0.359590	0.711610	к-ор
9	0.361516	0.702931	0.370177	0.711610	от
9	0.372103	0.702931	0.394634	0.711610	блока
9	0.396559	0.702931	0.433333	0.711610	предохор
9	0.435259	0.702931	0.439988	0.711610	к
9	0.441914	0.702931	0.482512	0.711610	элек-щиту
9	0.511415	0.703019	0.526845	0.711894	24V
9	0.528916	0.703019	0.570787	0.711894	элек-щите
9	0.572857	0.703019	0.582524	0.711894	на
9	0.584594	0.703019	0.607622	0.711894	блоке
9	0.609703	0.703019	0.679159	0.711894	предохранителей
9	0.108908	0.714265	0.124945	0.720418	1075
9	0.231529	0.713242	0.256233	0.720342	X7-X8
9	0.307385	0.711775	0.331868	0.720453	синий
9	0.333794	0.711775	0.351071	0.720453	к-ор
9	0.352997	0.711775	0.361658	0.720453	от
9	0.363584	0.711775	0.386115	0.720453	блока
9	0.388040	0.711775	0.424814	0.720453	предохор
9	0.426740	0.711775	0.431469	0.720453	к
9	0.433395	0.711775	0.473993	0.720453	элек-щиту
9	0.511415	0.711998	0.526599	0.720677	24V
9	0.528524	0.711998	0.568874	0.720677	элек-щите
9	0.570800	0.711998	0.580073	0.720677	на
9	0.581999	0.711998	0.604272	0.720677	блоке
9	0.606198	0.711998	0.674208	0.720677	предохранителей
9	0.108908	0.723103	0.124945	0.729255	1076
9	0.231529	0.722219	0.265109	0.729319	X16-X17
9	0.307385	0.720618	0.316046	0.729297	от
9	0.317972	0.720618	0.340644	0.729297	жгута
9	0.342570	0.720618	0.387179	0.729297	элект-щита
9	0.389105	0.720618	0.393835	0.729297	к
9	0.395761	0.720618	0.414769	0.729297	соед.
9	0.416694	0.720618	0.435232	0.729297	жгут
9	0.437158	0.720618	0.467542	0.729297	кабины
9	0.511417	0.720845	0.526600	0.729524	24V
9	0.528526	0.720845	0.570313	0.729524	коннектор
9	0.572239	0.720845	0.581512	0.729524	на
9	0.583438	0.720845	0.612039	0.729524	правой
9	0.613964	0.720845	0.644899	0.729524	стороне
9	0.646825	0.720845	0.680767	0.729524	снаружи
9	0.682693	0.720845	0.723300	0.729524	элек-щита
9	0.108908	0.731940	0.124945	0.738093	1077
9	0.231529	0.731057	0.265109	0.738156	X18-X19
9	0.307385	0.729461	0.316046	0.738140	от
9	0.317972	0.729461	0.359652	0.738140	соед.жгута
9	0.361578	0.729461	0.391963	0.738140	кабины
9	0.393888	0.729461	0.398618	0.738140	к
9	0.400544	0.729461	0.423208	0.738140	жгуту
9	0.425133	0.729461	0.455518	0.738140	кабины
9	0.511417	0.729692	0.545360	0.738370	снаружи
9	0.547285	0.729692	0.597982	0.738370	пасс.сиденья
9	0.599908	0.729692	0.621924	0.738370	снизу
9	0.623850	0.729692	0.660854	0.738370	накладки
9	0.108908	0.740917	0.124945	0.747070	1078
9	0.231529	0.740035	0.246958	0.747135	X30
9	0.307385	0.738304	0.316046	0.746983	от
9	0.317972	0.738304	0.340644	0.746983	жгута
9	0.342570	0.738304	0.372955	0.746983	кабины
9	0.374880	0.738304	0.379610	0.746983	к
9	0.381536	0.738304	0.398041	0.746983	доп.
9	0.399967	0.738304	0.435578	0.746983	питанию
9	0.437504	0.738304	0.469734	0.746983	эл.пров.
9	0.511417	0.738458	0.548377	0.747136	передняя
9	0.550303	0.738458	0.581494	0.747136	сторона
9	0.583420	0.738458	0.633185	0.747136	пасс.сиденье
9	0.635111	0.738458	0.662505	0.747136	позади
9	0.664431	0.738458	0.701435	0.747136	накладки
9	0.108908	0.749754	0.124945	0.755907	1079
9	0.231529	0.748873	0.265109	0.755972	X38-X39
9	0.307385	0.747148	0.316046	0.755826	от
9	0.317972	0.747148	0.340644	0.755826	жгута
9	0.342570	0.747148	0.372955	0.755826	кабины
9	0.374880	0.747148	0.379610	0.755826	к
9	0.381536	0.747148	0.404200	0.755826	жгуту
9	0.406125	0.747148	0.437894	0.755826	потолка
9	0.439820	0.747148	0.470204	0.755826	кабины
9	0.511417	0.747304	0.548377	0.755983	передняя
9	0.550303	0.747304	0.581494	0.755983	сторона
9	0.583420	0.747304	0.633185	0.755983	пасс.сиденье
9	0.635111	0.747304	0.662505	0.755983	позади
9	0.664430	0.747304	0.701435	0.755983	накладки
9	0.108908	0.758731	0.124945	0.764884	1080
9	0.231529	0.757849	0.265109	0.764948	X40-X41
9	0.307385	0.755991	0.316046	0.764670	от
9	0.317972	0.755991	0.358579	0.764670	элек-щита
9	0.360504	0.755991	0.365234	0.764670	к
9	0.367160	0.755991	0.390889	0.764670	жкуту
9	0.392814	0.755991	0.402088	0.764670	на
9	0.404013	0.755991	0.422604	0.764670	раме
9	0.511420	0.756405	0.563223	0.765084	24Vэлек-щит
9	0.565149	0.756405	0.599091	0.765084	снаружи
9	0.601017	0.756405	0.627639	0.765084	справа
9	0.108908	0.767568	0.124945	0.773721	1081
9	0.231529	0.766686	0.265109	0.773786	X42-X43
9	0.307385	0.764834	0.316046	0.773513	от
9	0.317972	0.764834	0.340644	0.773513	жгута
9	0.342570	0.764834	0.363921	0.773513	рамы
9	0.365846	0.764834	0.370576	0.773513	к
9	0.372502	0.764834	0.395166	0.773513	жгуту
9	0.397092	0.764834	0.447638	0.773513	палубы(блок
9	0.449563	0.764834	0.483968	0.773513	упра-ия)
9	0.511413	0.765281	0.545268	0.773959	гидр.бак
9	0.547193	0.765281	0.552393	0.773959	и
9	0.554319	0.765281	0.576522	0.773959	перед
9	0.578447	0.765281	0.625302	0.773959	элек-щитом
9	0.627228	0.765281	0.641479	0.773959	под
9	0.643405	0.765281	0.685068	0.773959	накладкой
9	0.686994	0.765281	0.716020	0.773959	палубы
9	0.108908	0.776545	0.124945	0.782698	1082
9	0.231529	0.775665	0.265109	0.782764	X44-X45
9	0.307385	0.773677	0.316046	0.782356	от
9	0.317972	0.773677	0.340644	0.782356	жгута
9	0.342570	0.773677	0.371597	0.782356	палубы
9	0.373522	0.773677	0.378252	0.782356	к
9	0.380178	0.773677	0.402842	0.782356	жгуту
9	0.404768	0.773677	0.451125	0.782356	управления
9	0.511420	0.774127	0.525672	0.782806	под
9	0.527597	0.774127	0.584764	0.782806	центр.консоль
9	0.586689	0.774127	0.605298	0.782806	упр.,
9	0.607223	0.774127	0.616497	0.782806	на
9	0.618422	0.774127	0.649721	0.782806	нижней
9	0.651647	0.774127	0.679582	0.782806	панели
9	0.108908	0.785382	0.124945	0.791535	1083
9	0.231529	0.784502	0.265109	0.791602	X56-X57
9	0.307385	0.782521	0.316046	0.791199	от
9	0.317972	0.782521	0.340644	0.791199	жгута
9	0.342570	0.782521	0.363921	0.791199	рамы
9	0.365846	0.782521	0.370576	0.791199	к
9	0.372502	0.782521	0.395166	0.791199	жгуту
9	0.397092	0.782521	0.455438	0.791199	палубы(другие
9	0.457364	0.782521	0.482370	0.791199	части)
9	0.511420	0.782893	0.545274	0.791572	гидр.бак
9	0.547200	0.782893	0.552400	0.791572	и
9	0.554326	0.782893	0.576528	0.791572	перед
9	0.578454	0.782893	0.625309	0.791572	элек-щитом
9	0.627234	0.782893	0.641486	0.791572	под
9	0.643411	0.782893	0.685075	0.791572	накладкой
9	0.687000	0.782893	0.716027	0.791572	палубы
9	0.108908	0.794359	0.124945	0.800512	1084
9	0.231529	0.793481	0.265109	0.800581	X62-X63
9	0.307385	0.791364	0.316046	0.800043	от
9	0.317972	0.791364	0.340644	0.800043	жгута
9	0.342570	0.791364	0.363921	0.800043	рамы
9	0.365846	0.791364	0.370576	0.800043	к
9	0.372502	0.791364	0.395166	0.800043	жгуту
9	0.397092	0.791364	0.433910	0.800043	передних
9	0.435835	0.791364	0.475662	0.800043	габаритов
9	0.511420	0.791821	0.533339	0.800500	левая
9	0.535265	0.791821	0.567104	0.800500	нижняя
9	0.569030	0.791821	0.590168	0.800500	часть
9	0.592093	0.791821	0.623046	0.800500	защиты
9	0.624971	0.791821	0.665419	0.800500	радиатора
9	0.108908	0.803191	0.124945	0.809343	1085
9	0.231529	0.802314	0.265109	0.809414	X69-X70
9	0.307385	0.800379	0.316046	0.809058	от
9	0.317972	0.801086	0.349236	0.808186	CNX2-5
9	0.351063	0.800379	0.355793	0.809058	к
9	0.357718	0.801086	0.381017	0.808186	CNX1
9	0.511420	0.800668	0.523027	0.809347	GE
9	0.524953	0.800668	0.547262	0.809347	шкаф
9	0.549188	0.800668	0.581027	0.809347	нижняя
9	0.582953	0.800668	0.604091	0.809347	часть
9	0.108908	0.812167	0.124945	0.818320	1086
9	0.231529	0.811295	0.265109	0.818395	X75-X76
9	0.307385	0.809251	0.316046	0.817930	от
9	0.317972	0.809251	0.358579	0.817930	элек-щита
9	0.360504	0.809251	0.365234	0.817930	к
9	0.367160	0.809251	0.389824	0.817930	жгуту
9	0.391750	0.809251	0.422374	0.817930	CNX2-5
9	0.511413	0.809688	0.563216	0.818367	24Vэлек-щит
9	0.565142	0.809688	0.599085	0.818367	снаружи
9	0.601010	0.809688	0.627632	0.818367	справа
9	0.108908	0.821005	0.124945	0.827157	1087
9	0.231529	0.820133	0.265109	0.827232	X77-X78
9	0.307385	0.818266	0.316046	0.826945	от
9	0.317972	0.818266	0.358579	0.826945	элек-щита
9	0.360504	0.818266	0.365234	0.826945	к
9	0.367160	0.818266	0.389824	0.826945	жгуту
9	0.391750	0.818973	0.422009	0.826073	CNX2-5
9	0.511129	0.818737	0.562933	0.827415	24Vэлек-щит
9	0.564858	0.818737	0.598801	0.827415	снаружи
9	0.600727	0.818737	0.627348	0.827415	справа
9	0.108908	0.829981	0.124945	0.836134	1088
9	0.231529	0.828968	0.265109	0.836067	X87-X88
9	0.307385	0.827310	0.316046	0.835989	от
9	0.317972	0.828017	0.341870	0.835117	CNX1
9	0.343940	0.826959	0.349168	0.835835	к
9	0.351238	0.826959	0.376181	0.835835	жкуту
9	0.378252	0.826959	0.415885	0.835835	освещ-ия
9	0.417955	0.826959	0.444737	0.835835	осевой
9	0.446807	0.826959	0.480554	0.835835	коробки
9	0.511990	0.827531	0.534615	0.836210	задний
9	0.535269	0.827531	0.550202	0.836210	мост
9	0.550857	0.827531	0.587793	0.836210	внутренняя
9	0.588448	0.827531	0.613246	0.836210	сторона
9	0.108908	0.838819	0.124945	0.844972	1089
9	0.231529	0.837944	0.265109	0.845044	X90-X91
9	0.307385	0.836182	0.316046	0.844861	от
9	0.317971	0.836182	0.340644	0.844861	жгута
9	0.342570	0.836182	0.363921	0.844861	рамы
9	0.365846	0.836182	0.370576	0.844861	к
9	0.372502	0.836182	0.395166	0.844861	жгуту
9	0.397092	0.836182	0.436350	0.844861	двигателя
9	0.511413	0.836459	0.530262	0.845138	рама
9	0.532187	0.836459	0.585032	0.845138	средняячасть
9	0.586957	0.836459	0.609790	0.845138	левой
9	0.611716	0.836459	0.645410	0.845138	стороны
9	0.108908	0.847801	0.124945	0.853954	1090
9	0.231529	0.846780	0.265109	0.853879	X94-X95
9	0.307385	0.845025	0.316046	0.853704	от
9	0.317971	0.845025	0.340644	0.853704	жгута
9	0.342570	0.845025	0.363921	0.853704	рамы
9	0.365846	0.845025	0.370576	0.853704	к
9	0.372502	0.845025	0.395166	0.853704	жгуту
9	0.397092	0.845025	0.424122	0.853704	задних
9	0.426047	0.845025	0.465874	0.853704	габаритов
9	0.511413	0.845306	0.530262	0.853984	рама
9	0.532187	0.845306	0.571739	0.853984	хвостовая
9	0.573664	0.845306	0.594802	0.853984	часть
9	0.034689	0.858772	0.038766	0.863190	A
9	0.231529	0.855760	0.273985	0.862859	X105-X106
9	0.307385	0.853599	0.336838	0.862278	вес.сис.
9	0.338763	0.853599	0.347424	0.862278	от
9	0.349350	0.853599	0.372023	0.862278	жгута
9	0.373948	0.853599	0.404333	0.862278	кабины
9	0.406259	0.853599	0.410988	0.862278	к
9	0.412914	0.853599	0.435578	0.862278	жгуту
9	0.437504	0.853599	0.458854	0.862278	рамы
9	0.511413	0.854152	0.525559	0.862831	низ
9	0.527484	0.854152	0.558765	0.862831	палубы,
9	0.560691	0.854152	0.590862	0.862831	гидр-ая
9	0.592788	0.854152	0.614449	0.862831	труба
9	0.616375	0.854152	0.621575	0.862831	и
9	0.623500	0.854152	0.648179	0.862831	выход
9	0.650104	0.854152	0.672777	0.862831	жгута
9	0.946487	0.858772	0.950564	0.863190	A
9	0.231529	0.864597	0.273985	0.871697	X107-X108
9	0.307385	0.862442	0.327893	0.871121	вес.с.
9	0.331515	0.862442	0.340176	0.871121	от
9	0.343799	0.862442	0.366471	0.871121	жгута
9	0.370093	0.862442	0.400477	0.871121	кабины
9	0.404099	0.862442	0.408829	0.871121	к
9	0.412451	0.862442	0.434973	0.871121	блоку
9	0.438595	0.862442	0.454950	0.871121	упр.
9	0.458572	0.862442	0.464224	0.871121	В
9	0.467846	0.862442	0.477120	0.871121	на
9	0.480742	0.862442	0.499333	0.871121	раме
9	0.511541	0.862999	0.525793	0.871678	под
9	0.527718	0.862999	0.564208	0.871678	сиденьем
9	0.566134	0.862999	0.607948	0.871678	пассажира
9	0.231529	0.873575	0.273985	0.880674	X109-X110
9	0.307385	0.871285	0.327893	0.879964	вес.с.
9	0.329818	0.871285	0.338479	0.879964	от
9	0.340405	0.871285	0.363078	0.879964	жгута
9	0.365004	0.871285	0.395388	0.879964	кабины
9	0.397314	0.871285	0.402043	0.879964	к
9	0.403969	0.871285	0.426491	0.879964	блоку
9	0.428417	0.871285	0.444771	0.879964	упр.
9	0.446697	0.871285	0.452696	0.879964	С
9	0.454622	0.871285	0.463895	0.879964	на
9	0.465820	0.871285	0.484411	0.879964	раме
9	0.511541	0.871846	0.525793	0.880525	под
9	0.527718	0.871846	0.564208	0.880525	сиденьем
9	0.566134	0.871846	0.607948	0.880525	пассажира
9	0.231529	0.882412	0.273985	0.889512	X111-X112
9	0.307504	0.880398	0.336673	0.889077	вес.с.от
9	0.338599	0.880398	0.361272	0.889077	жгута
9	0.363197	0.880398	0.393582	0.889077	кабины
9	0.395507	0.880398	0.400237	0.889077	к
9	0.402163	0.880398	0.424685	0.889077	блоку
9	0.426610	0.880398	0.442965	0.889077	упр.
9	0.444891	0.880398	0.451458	0.889077	N
9	0.453383	0.880398	0.462656	0.889077	на
9	0.464582	0.880398	0.483173	0.889077	раме
9	0.511541	0.880693	0.525793	0.889372	под
9	0.527718	0.880693	0.564208	0.889372	сиденьем
9	0.566134	0.880693	0.607948	0.889372	пассажира
9	0.231529	0.891388	0.273985	0.898487	X113-X114
9	0.307504	0.890560	0.336673	0.899238	вес.с.от
9	0.338599	0.890560	0.361272	0.899238	жгута
9	0.363197	0.890560	0.384548	0.899238	рамы
9	0.386474	0.890560	0.391203	0.899238	к
9	0.393129	0.890560	0.420612	0.899238	левому
9	0.422537	0.890560	0.438644	0.899238	пер.
9	0.440569	0.890560	0.479215	0.899238	цилиндру
9	0.511413	0.889539	0.543253	0.898218	нижняя
9	0.545179	0.889539	0.566317	0.898218	часть
9	0.568242	0.889539	0.597269	0.898218	палубы
9	0.231529	0.900225	0.273985	0.907325	X115-X116
9	0.307385	0.899403	0.325639	0.908082	вес.с
9	0.327564	0.899403	0.336225	0.908082	от
9	0.338151	0.899403	0.360824	0.908082	жгута
9	0.362750	0.899403	0.384100	0.908082	рамы
9	0.386026	0.899403	0.390756	0.908082	к
9	0.392681	0.899403	0.425932	0.908082	правому
9	0.427858	0.899403	0.482610	0.908082	пер.цилиндру
9	0.511413	0.898386	0.543253	0.907065	нижняя
9	0.545179	0.898386	0.566317	0.907065	часть
9	0.568242	0.898386	0.597269	0.907065	палубы
9	0.725042	0.934022	0.735421	0.938439	Title
9	0.750252	0.935356	0.817241	0.946084	NTE200AC
9	0.820460	0.935356	0.843664	0.946084	24V
9	0.846662	0.935356	0.929307	0.946084	SCHEMATIC
9	0.725042	0.947274	0.734407	0.951692	Size
9	0.756502	0.947274	0.774315	0.951692	Number
9	0.882352	0.947274	0.901332	0.951692	Revision
9	0.728266	0.953974	0.734921	0.958392	A4
9	0.904941	0.950419	0.934339	0.959254	Russia
9	0.725042	0.960674	0.736898	0.965092	Date:
9	0.753278	0.960674	0.782881	0.965092	30-Mar-2019
9	0.850892	0.960674	0.863151	0.965092	Sheet
9	0.862792	0.960816	0.868439	0.965233	10
9	0.868842	0.960674	0.873546	0.965092	of
9	0.874086	0.960816	0.879733	0.965233	10
9	0.725042	0.965092	0.735076	0.969509	File:
9	0.753269	0.965092	0.810351	0.969509	E:\NTE200AC俄罗斯.ddb
9	0.850892	0.965092	0.865637	0.969509	Drawn
9	0.867049	0.965092	0.874871	0.969509	By:
9	0.888000	0.965233	0.919204	0.969651	CHAIJIANG
9	0.144605	0.971789	0.147429	0.976206	1
9	0.375529	0.971789	0.378353	0.976206	2
9	0.606252	0.971789	0.609076	0.976206	3
9	0.836974	0.971789	0.839797	0.976206	4
