0	0.067702	0.023944	0.074030	0.041779	1
0	0.192562	0.023944	0.198889	0.041779	2
0	0.310672	0.023944	0.316999	0.041779	3
0	0.435532	0.023944	0.441859	0.041779	4
0	0.557016	0.023944	0.563344	0.041779	5
0	0.681876	0.023944	0.688203	0.041779	6
0	0.799986	0.023944	0.806313	0.041779	7
0	0.921471	0.023944	0.927798	0.041779	8
0	0.318054	0.241739	0.849550	0.291679	内蒙古北方重型汽车股份有限公司
0	0.393982	0.377531	0.571147	0.413202	电气系统原理图
0	0.352643	0.434605	0.581271	0.470276	驱动系统：GE200AC
0	0.352643	0.491678	0.657199	0.527349	适用车型：NTE200-Russia
0	0.352643	0.548752	0.377953	0.584422	图
0	0.428571	0.548752	0.479190	0.584422	号：
0	0.492688	0.548752	0.593926	0.584422	20062776
0	0.779591	0.793905	0.804900	0.811740	设计
0	0.820023	0.796156	0.847356	0.808998	李兆华
0	0.901012	0.796156	0.946569	0.808998	2018/08/02
0	0.779906	0.817591	0.805215	0.835427	审核
0	0.820023	0.819937	0.838245	0.832778	张强
0	0.901012	0.819937	0.946569	0.832778	2018/08/10
0	0.779701	0.840539	0.805010	0.858375	标准
0	0.779901	0.866944	0.805210	0.884780	工艺
0	0.779689	0.888043	0.804998	0.905879	审定
0	0.779528	0.914836	0.804837	0.932671	批准
0	0.022340	0.937118	0.047649	0.954954	车型
0	0.060742	0.937118	0.142998	0.954954	NTE200-Russia
0	0.222866	0.937368	0.248175	0.955203	内容
0	0.259843	0.937118	0.285152	0.954954	封面
0	0.472019	0.937118	0.661839	0.954954	内蒙古北方重型汽车股份有限公司
0	0.679134	0.937118	0.704443	0.954954	版本
0	0.717000	0.936577	0.723327	0.954412	A
0	0.746625	0.937118	0.771935	0.954954	图号
0	0.777840	0.937118	0.828459	0.954954	20062776
0	0.867688	0.937118	0.894052	0.954954	第1
0	0.901434	0.937118	0.934336	0.954954	页共
0	0.944882	0.933706	0.951209	0.951541	6
0	0.968926	0.937118	0.981580	0.954954	页
0	0.071077	0.960899	0.077404	0.978734	1
0	0.192562	0.960899	0.198889	0.978734	2
0	0.314047	0.960899	0.320374	0.978734	3
0	0.435532	0.960899	0.441859	0.978734	4
0	0.557016	0.960899	0.563344	0.978734	5
0	0.678501	0.960899	0.684828	0.978734	6
0	0.799986	0.960899	0.806313	0.978734	7
0	0.921471	0.960899	0.927798	0.978734	8
1	0.067702	0.023944	0.074030	0.041779	1
1	0.192562	0.023944	0.198889	0.041779	2
1	0.310672	0.023944	0.316999	0.041779	3
1	0.435532	0.023944	0.441859	0.041779	4
1	0.557016	0.023944	0.563344	0.041779	5
1	0.681876	0.023944	0.688203	0.041779	6
1	0.799986	0.023944	0.806313	0.041779	7
1	0.921471	0.023944	0.927798	0.041779	8
1	0.246344	0.077450	0.271653	0.095285	目录
1	0.725534	0.077450	0.750844	0.095285	目录
1	0.054837	0.101385	0.080146	0.119221	序号
1	0.109674	0.101385	0.160292	0.119221	功能代号
1	0.264483	0.101385	0.302447	0.119221	页描述
1	0.392295	0.101385	0.417604	0.119221	页号
1	0.436586	0.101385	0.474550	0.119221	总页数
1	0.534027	0.101385	0.559336	0.119221	序号
1	0.588864	0.101385	0.639482	0.119221	功能代号
1	0.743673	0.101385	0.781637	0.119221	页描述
1	0.871485	0.101385	0.896794	0.119221	页号
1	0.915776	0.101385	0.953740	0.119221	总页数
1	0.064328	0.125166	0.070655	0.143001	1
1	0.182227	0.125166	0.207537	0.143001	封面
1	0.401786	0.125166	0.408113	0.143001	1
1	0.452404	0.125166	0.458732	0.143001	7
1	0.540354	0.125166	0.553009	0.143001	34
1	0.607846	0.125166	0.620501	0.143001	表
1	0.661417	0.125166	0.724691	0.143001	接插件总览
1	0.880976	0.125166	0.887303	0.143001	4
1	0.928431	0.125166	0.941085	0.143001	14
1	0.064328	0.148946	0.070655	0.166782	2
1	0.182227	0.148946	0.207537	0.166782	目录
1	0.401786	0.148946	0.408113	0.166782	2
1	0.452404	0.148946	0.458732	0.166782	7
1	0.540354	0.148946	0.553009	0.166782	35
1	0.607846	0.148946	0.620501	0.166782	表
1	0.661417	0.148946	0.724691	0.166782	接插件总览
1	0.880976	0.148946	0.887303	0.166782	5
1	0.928431	0.148946	0.941085	0.166782	14
1	0.064328	0.172727	0.070655	0.190562	3
1	0.182227	0.172727	0.232846	0.190562	修改纪录
1	0.401786	0.172727	0.408113	0.190562	4
1	0.452404	0.172727	0.458732	0.190562	7
1	0.540354	0.172727	0.553009	0.190562	36
1	0.607846	0.172727	0.620501	0.190562	表
1	0.661417	0.172727	0.724691	0.190562	接插件总览
1	0.880976	0.172727	0.887303	0.190562	6
1	0.928431	0.172727	0.941085	0.190562	14
1	0.064328	0.196508	0.070655	0.214343	4
1	0.182227	0.196508	0.258155	0.214343	电气元件符号
1	0.401786	0.196508	0.408113	0.214343	5
1	0.452404	0.196508	0.458732	0.214343	7
1	0.540354	0.196508	0.553009	0.214343	37
1	0.607846	0.196508	0.620501	0.214343	表
1	0.661417	0.196508	0.724691	0.214343	接插件图表
1	0.880976	0.196508	0.887303	0.214343	7
1	0.928431	0.196508	0.941085	0.214343	14
1	0.064328	0.220288	0.070655	0.238123	5
1	0.182227	0.220288	0.258155	0.238123	电气元件符号
1	0.401786	0.220288	0.408113	0.238123	6
1	0.452404	0.220288	0.458732	0.238123	7
1	0.540354	0.220288	0.553009	0.238123	38
1	0.607846	0.220288	0.620501	0.238123	表
1	0.661417	0.220288	0.724691	0.238123	接插件图表
1	0.880976	0.220288	0.887303	0.238123	8
1	0.928431	0.220288	0.941085	0.238123	14
1	0.064328	0.244069	0.070655	0.261904	6
1	0.182227	0.244069	0.258155	0.261904	线号命名规则
1	0.401786	0.244069	0.408113	0.261904	7
1	0.452404	0.244069	0.458732	0.261904	7
1	0.540354	0.244069	0.553009	0.261904	39
1	0.607846	0.244069	0.620501	0.261904	表
1	0.661417	0.244069	0.712036	0.261904	线号列表
1	0.880976	0.244069	0.887303	0.261904	9
1	0.928431	0.244069	0.941085	0.261904	14
1	0.064328	0.267849	0.070655	0.285685	7
1	0.128656	0.267849	0.141310	0.285685	图
1	0.182227	0.267849	0.245500	0.285685	发动机起动
1	0.401786	0.267849	0.408113	0.285685	1
1	0.449241	0.267849	0.461895	0.285685	24
1	0.540354	0.267849	0.553009	0.285685	40
1	0.607846	0.267849	0.620501	0.285685	表
1	0.661417	0.267849	0.712036	0.285685	线号列表
1	0.877812	0.267849	0.890467	0.285685	10
1	0.928431	0.267849	0.941085	0.285685	14
1	0.064328	0.291630	0.070655	0.309465	8
1	0.128656	0.291630	0.141310	0.309465	图
1	0.182227	0.291630	0.220191	0.309465	断路器
1	0.401786	0.291630	0.408113	0.309465	2
1	0.449241	0.291630	0.461895	0.309465	24
1	0.540354	0.291630	0.553009	0.309465	41
1	0.607846	0.291630	0.620501	0.309465	表
1	0.661417	0.291630	0.712036	0.309465	线号列表
1	0.877812	0.291630	0.890467	0.309465	11
1	0.928431	0.291630	0.941085	0.309465	14
1	0.064328	0.315410	0.070655	0.333246	9
1	0.128656	0.315410	0.141310	0.333246	图
1	0.182227	0.315410	0.220191	0.333246	保险盒
1	0.401786	0.315410	0.408113	0.333246	3
1	0.449241	0.315410	0.461895	0.333246	24
1	0.540354	0.315410	0.553009	0.333246	42
1	0.607846	0.315410	0.620501	0.333246	表
1	0.661417	0.315410	0.712036	0.333246	线号列表
1	0.877812	0.315410	0.890467	0.333246	12
1	0.928431	0.315410	0.941085	0.333246	14
1	0.061164	0.339191	0.073819	0.357027	10
1	0.128656	0.339191	0.141310	0.357027	图
1	0.182227	0.339191	0.220191	0.357027	接线排
1	0.401786	0.339191	0.408113	0.357027	4
1	0.449241	0.339191	0.461895	0.357027	24
1	0.540354	0.339191	0.553009	0.357027	43
1	0.607846	0.339191	0.620501	0.357027	表
1	0.661417	0.339191	0.712036	0.357027	线号列表
1	0.877812	0.339191	0.890467	0.357027	13
1	0.928431	0.339191	0.941085	0.357027	14
1	0.061164	0.362972	0.073819	0.380807	11
1	0.128656	0.362972	0.141310	0.380807	图
1	0.182227	0.362972	0.245500	0.380807	继电器电路
1	0.401786	0.362972	0.408113	0.380807	5
1	0.449241	0.362972	0.461895	0.380807	24
1	0.540354	0.362972	0.553009	0.380807	44
1	0.607846	0.362972	0.620501	0.380807	表
1	0.661417	0.362972	0.712036	0.380807	线号列表
1	0.877812	0.362972	0.890467	0.380807	14
1	0.928431	0.362972	0.941085	0.380807	14
1	0.061164	0.386752	0.073819	0.404588	12
1	0.128656	0.386752	0.141310	0.404588	图
1	0.182227	0.386752	0.251828	0.404588	I/O模块电路
1	0.401786	0.386752	0.408113	0.404588	6
1	0.449241	0.386752	0.461895	0.404588	24
1	0.061164	0.410533	0.073819	0.428368	13
1	0.128656	0.410533	0.141310	0.428368	图
1	0.182227	0.410533	0.270810	0.428368	配电箱到驾驶室
1	0.401786	0.410533	0.408113	0.428368	7
1	0.449241	0.410533	0.461895	0.428368	24
1	0.061164	0.434313	0.073819	0.452149	14
1	0.128656	0.434313	0.141310	0.452149	图
1	0.182227	0.434313	0.270810	0.452149	配电箱到驾驶室
1	0.401786	0.434313	0.408113	0.452149	8
1	0.449241	0.434313	0.461895	0.452149	24
1	0.061164	0.458094	0.073819	0.475929	15
1	0.128656	0.458094	0.141310	0.475929	图
1	0.182227	0.458094	0.245500	0.475929	驾驶室接点
1	0.401786	0.458094	0.408113	0.475929	9
1	0.449241	0.458094	0.461895	0.475929	24
1	0.061164	0.481875	0.073819	0.499710	16
1	0.128656	0.481875	0.141310	0.499710	图
1	0.182227	0.481875	0.232846	0.499710	开关电路
1	0.398622	0.481875	0.411277	0.499710	10
1	0.449241	0.481875	0.461895	0.499710	24
1	0.061164	0.505655	0.073819	0.523491	17
1	0.128656	0.505655	0.141310	0.523491	图
1	0.182227	0.505655	0.232846	0.523491	开关电路
1	0.398622	0.505655	0.411277	0.523491	11
1	0.449241	0.505655	0.461895	0.523491	24
1	0.061164	0.529436	0.073819	0.547271	18
1	0.128656	0.529436	0.141310	0.547271	图
1	0.182227	0.529436	0.245500	0.547271	控制器电路
1	0.398622	0.529436	0.411277	0.547271	12
1	0.449241	0.529436	0.461895	0.547271	24
1	0.061164	0.553216	0.073819	0.571052	19
1	0.128656	0.553216	0.141310	0.571052	图
1	0.182227	0.553216	0.308774	0.571052	控制器及组合仪表电路
1	0.398622	0.553216	0.411277	0.571052	13
1	0.449241	0.553216	0.461895	0.571052	24
1	0.061164	0.576997	0.073819	0.594832	20
1	0.128656	0.576997	0.141310	0.594832	图
1	0.182227	0.576997	0.270810	0.594832	驾驶室辅助电路
1	0.398622	0.576997	0.411277	0.594832	14
1	0.449241	0.576997	0.461895	0.594832	24
1	0.061164	0.600778	0.073819	0.618613	21
1	0.128656	0.600778	0.141310	0.618613	图
1	0.182227	0.600778	0.296119	0.618613	车架线束到控制线束
1	0.398622	0.600778	0.411277	0.618613	15
1	0.449241	0.600778	0.461895	0.618613	24
1	0.061164	0.624558	0.073819	0.642393	22
1	0.128656	0.624558	0.141310	0.642393	图
1	0.182227	0.624558	0.232846	0.642393	车架接点
1	0.398622	0.624558	0.411277	0.642393	16
1	0.449241	0.624558	0.461895	0.642393	24
1	0.061164	0.648339	0.073819	0.666174	23
1	0.128656	0.648339	0.141310	0.666174	图
1	0.182227	0.648339	0.289792	0.666174	平台线束到用电器1
1	0.398622	0.648339	0.411277	0.666174	17
1	0.449241	0.648339	0.461895	0.666174	24
1	0.061164	0.672119	0.073819	0.689955	24
1	0.128656	0.672119	0.141310	0.689955	图
1	0.182227	0.672119	0.289792	0.689955	平台线束到用电器2
1	0.398622	0.672119	0.411277	0.689955	18
1	0.449241	0.672119	0.461895	0.689955	24
1	0.061164	0.695900	0.073819	0.713735	25
1	0.128656	0.695900	0.141310	0.713735	图
1	0.182227	0.695900	0.232846	0.713735	灯光电路
1	0.398622	0.695900	0.411277	0.713735	19
1	0.449241	0.695900	0.461895	0.713735	24
1	0.061164	0.719680	0.073819	0.737516	26
1	0.128656	0.719680	0.141310	0.737516	图
1	0.182227	0.719680	0.245500	0.737516	传感器电路
1	0.398622	0.719680	0.411277	0.737516	20
1	0.449241	0.719680	0.461895	0.737516	24
1	0.061164	0.743461	0.073819	0.761296	27
1	0.128656	0.743461	0.141310	0.761296	图
1	0.182227	0.743461	0.283464	0.761296	配电箱到驱动系统
1	0.398622	0.743461	0.411277	0.761296	21
1	0.449241	0.743461	0.461895	0.761296	24
1	0.061164	0.767242	0.073819	0.785077	28
1	0.128656	0.767242	0.141310	0.785077	图
1	0.182227	0.767242	0.283464	0.785077	配电箱到驱动系统
1	0.398622	0.767242	0.411277	0.785077	22
1	0.449241	0.767242	0.461895	0.785077	24
1	0.061164	0.791022	0.073819	0.808858	29
1	0.128656	0.791022	0.141310	0.808858	图
1	0.182227	0.791022	0.270810	0.808858	发动机接口电路
1	0.398622	0.791022	0.411277	0.808858	23
1	0.449241	0.791022	0.461895	0.808858	24
1	0.061164	0.814803	0.073819	0.832638	30
1	0.128656	0.814803	0.141310	0.832638	图
1	0.182227	0.814803	0.283464	0.832638	车架及驾驶室接地
1	0.398622	0.814803	0.411277	0.832638	24
1	0.449241	0.814803	0.461895	0.832638	24
1	0.061164	0.838583	0.073819	0.856419	31
1	0.128656	0.838583	0.141310	0.856419	表
1	0.182227	0.838583	0.232846	0.856419	设备列表
1	0.401786	0.838583	0.408113	0.856419	1
1	0.449241	0.838583	0.461895	0.856419	14
1	0.061164	0.862364	0.073819	0.880199	32
1	0.128656	0.862364	0.141310	0.880199	表
1	0.182227	0.862364	0.232846	0.880199	设备列表
1	0.401786	0.862364	0.408113	0.880199	2
1	0.449241	0.862364	0.461895	0.880199	14
1	0.061164	0.886144	0.073819	0.903980	33
1	0.128656	0.886144	0.141310	0.903980	表
1	0.182227	0.886144	0.232846	0.903980	设备列表
1	0.401786	0.886144	0.408113	0.903980	3
1	0.449241	0.886144	0.461895	0.903980	14
1	0.022340	0.937118	0.047649	0.954954	车型
1	0.060742	0.937118	0.142998	0.954954	NTE200-Russia
1	0.222866	0.937368	0.248175	0.955203	内容
1	0.259843	0.937118	0.285152	0.954954	目录
1	0.472019	0.937118	0.661839	0.954954	内蒙古北方重型汽车股份有限公司
1	0.679134	0.937118	0.704443	0.954954	版本
1	0.717000	0.936577	0.723327	0.954412	A
1	0.746625	0.937118	0.771935	0.954954	图号
1	0.777840	0.937118	0.828459	0.954954	20062776
1	0.867688	0.937118	0.894052	0.954954	第2
1	0.901434	0.937118	0.934336	0.954954	页共
1	0.944882	0.933706	0.951209	0.951541	6
1	0.968926	0.937118	0.981580	0.954954	页
1	0.071077	0.960899	0.077404	0.978734	1
1	0.192562	0.960899	0.198889	0.978734	2
1	0.314047	0.960899	0.320374	0.978734	3
1	0.435532	0.960899	0.441859	0.978734	4
1	0.557016	0.960899	0.563344	0.978734	5
1	0.678501	0.960899	0.684828	0.978734	6
1	0.799986	0.960899	0.806313	0.978734	7
1	0.921471	0.960899	0.927798	0.978734	8
2	0.067702	0.023944	0.074030	0.041779	1
2	0.192562	0.023944	0.198889	0.041779	2
2	0.310672	0.023944	0.316999	0.041779	3
2	0.435532	0.023944	0.441859	0.041779	4
2	0.557016	0.023944	0.563344	0.041779	5
2	0.681876	0.023944	0.688203	0.041779	6
2	0.799986	0.023944	0.806313	0.041779	7
2	0.921471	0.023944	0.927798	0.041779	8
2	0.465692	0.079407	0.536558	0.104377	修改记录
2	0.067492	0.125011	0.126547	0.142847	序号版本
2	0.151856	0.125011	0.177165	0.142847	修改
2	0.219348	0.125011	0.244657	0.142847	检查
2	0.293588	0.125011	0.318898	0.142847	时间
2	0.381327	0.125011	0.406637	0.142847	位置
2	0.658043	0.125011	0.708661	0.142847	修改记录
2	0.077615	0.153548	0.083943	0.171383	1
2	0.111361	0.153548	0.117688	0.171383	A
2	0.148481	0.153548	0.186445	0.171383	李兆华
2	0.219348	0.153548	0.244657	0.171383	张强
2	0.276715	0.153548	0.339989	0.171383	2018-08-10
2	0.442070	0.153548	0.492688	0.171383	新图下发
2	0.022340	0.937118	0.047649	0.954954	车型
2	0.060742	0.937118	0.142998	0.954954	NTE200-Russia
2	0.222866	0.937368	0.248175	0.955203	内容
2	0.259843	0.937118	0.310461	0.954954	修改纪录
2	0.472019	0.937118	0.661839	0.954954	内蒙古北方重型汽车股份有限公司
2	0.679134	0.937118	0.704443	0.954954	版本
2	0.717000	0.936577	0.723327	0.954412	A
2	0.746625	0.937118	0.771935	0.954954	图号
2	0.777840	0.937118	0.828459	0.954954	20062776
2	0.867688	0.937118	0.894052	0.954954	第4
2	0.901434	0.937118	0.934336	0.954954	页共
2	0.944882	0.933706	0.951209	0.951541	6
2	0.968926	0.937118	0.981580	0.954954	页
2	0.071077	0.960899	0.077404	0.978734	1
2	0.192562	0.960899	0.198889	0.978734	2
2	0.314047	0.960899	0.320374	0.978734	3
2	0.435532	0.960899	0.441859	0.978734	4
2	0.557016	0.960899	0.563344	0.978734	5
2	0.678501	0.960899	0.684828	0.978734	6
2	0.799986	0.960899	0.806313	0.978734	7
2	0.921471	0.960899	0.927798	0.978734	8
3	0.067702	0.023944	0.074030	0.041779	1
3	0.192562	0.023944	0.198889	0.041779	2
3	0.310672	0.023944	0.316999	0.041779	3
3	0.435532	0.023944	0.441859	0.041779	4
3	0.557016	0.023944	0.563344	0.041779	5
3	0.681876	0.023944	0.688203	0.041779	6
3	0.799986	0.023944	0.806313	0.041779	7
3	0.921471	0.023944	0.927798	0.041779	8
3	0.150816	0.114877	0.176125	0.132713	保险
3	0.413723	0.117934	0.418279	0.130775	1
3	0.452736	0.130503	0.528664	0.148338	手动操作开关
3	0.717435	0.132202	0.721991	0.145044	1
3	0.413723	0.156586	0.418279	0.169427	2
3	0.788508	0.148144	0.801162	0.165979	灯
3	0.717435	0.170854	0.721991	0.183696	2
3	0.109790	0.254387	0.114345	0.267228	1
3	0.735243	0.251105	0.739798	0.263947	1
3	0.410349	0.260617	0.414904	0.273459	1
3	0.150643	0.279047	0.188607	0.296882	断路器
3	0.451350	0.275989	0.565242	0.293825	按钮开关（保持型）
3	0.787837	0.277233	0.825801	0.295068	蜂鸣器
3	0.109790	0.302551	0.114345	0.315393	2
3	0.410349	0.299269	0.414904	0.312111	5
3	0.735243	0.308782	0.739798	0.321623	2
3	0.403611	0.417559	0.408167	0.430401	1
3	0.150923	0.426501	0.214197	0.444336	继电器线圈
3	0.451906	0.429193	0.565798	0.447029	按钮开关（自复位）
3	0.712880	0.436158	0.717942	0.450426	P
3	0.786964	0.429120	0.875546	0.446956	常开型压力开关
3	0.403611	0.456211	0.408167	0.469053	2
3	0.400225	0.545984	0.404781	0.558826	1
3	0.734308	0.541228	0.743419	0.554070	11
3	0.110011	0.555497	0.114567	0.568338	1
3	0.709505	0.559817	0.714567	0.574085	P
3	0.785194	0.552976	0.873776	0.570812	常闭型压力开关
3	0.452983	0.563473	0.566874	0.581308	旋钮开关（保持型）
3	0.150670	0.580905	0.201288	0.598741	常开触点
3	0.400225	0.584636	0.404781	0.597478	2
3	0.734308	0.579880	0.743419	0.592722	12
3	0.110011	0.603661	0.114567	0.616502	2
3	0.366307	0.699070	0.368838	0.706204	1
3	0.373056	0.699070	0.375587	0.706204	2
3	0.390101	0.688668	0.399213	0.701509	12
3	0.741057	0.693424	0.745613	0.706265	1
3	0.103262	0.712449	0.107818	0.725290	1
3	0.453467	0.705222	0.529395	0.723057	两位旋钮开关
3	0.702756	0.712013	0.707818	0.726281	P
3	0.787981	0.710883	0.901873	0.728718	单刀双掷型压力开关
3	0.151668	0.728928	0.202286	0.746763	常闭触点
3	0.403600	0.727320	0.412711	0.740161	11
3	0.727559	0.732076	0.732115	0.744917	2
3	0.741057	0.732076	0.745613	0.744917	3
3	0.103262	0.760613	0.107818	0.773454	2
3	0.741057	0.834205	0.745613	0.847047	1
3	0.095838	0.840864	0.100394	0.853705	2
3	0.406974	0.840864	0.416085	0.853705	13
3	0.151761	0.850411	0.202380	0.868246	转换触点
3	0.786571	0.852723	0.837189	0.870558	温度开关
3	0.453101	0.859286	0.529029	0.877122	三位旋钮开关
3	0.095838	0.879516	0.100394	0.892357	3
3	0.109336	0.879516	0.113892	0.892357	1
3	0.406974	0.879516	0.416085	0.892357	14
3	0.741057	0.876662	0.745613	0.889503	2
3	0.022340	0.937118	0.047649	0.954954	车型
3	0.060742	0.937118	0.142998	0.954954	NTE200-Russia
3	0.222866	0.937368	0.248175	0.955203	内容
3	0.259843	0.937118	0.335770	0.954954	电气元件符号
3	0.472019	0.937118	0.661839	0.954954	内蒙古北方重型汽车股份有限公司
3	0.679134	0.937118	0.704443	0.954954	版本
3	0.717000	0.936577	0.723327	0.954412	A
3	0.746625	0.937118	0.771935	0.954954	图号
3	0.777840	0.937118	0.828459	0.954954	20062776
3	0.867688	0.937118	0.894052	0.954954	第5
3	0.901434	0.937118	0.934336	0.954954	页共
3	0.944882	0.933706	0.951209	0.951541	6
3	0.968926	0.937118	0.981580	0.954954	页
3	0.071077	0.960899	0.077404	0.978734	1
3	0.192562	0.960899	0.198889	0.978734	2
3	0.314047	0.960899	0.320374	0.978734	3
3	0.435532	0.960899	0.441859	0.978734	4
3	0.557016	0.960899	0.563344	0.978734	5
3	0.678501	0.960899	0.684828	0.978734	6
3	0.799986	0.960899	0.806313	0.978734	7
3	0.921471	0.960899	0.927798	0.978734	8
4	0.067702	0.023944	0.074030	0.041779	1
4	0.192562	0.023944	0.198889	0.041779	2
4	0.310672	0.023944	0.316999	0.041779	3
4	0.435532	0.023944	0.441859	0.041779	4
4	0.557016	0.023944	0.563344	0.041779	5
4	0.681876	0.023944	0.688203	0.041779	6
4	0.799986	0.023944	0.806313	0.041779	7
4	0.921471	0.023944	0.927798	0.041779	8
4	0.123510	0.079885	0.128065	0.092726	1
4	0.117688	0.107864	0.125281	0.129267	M
4	0.427222	0.107233	0.431777	0.120074	C
4	0.757930	0.111989	0.762486	0.124830	1
4	0.200454	0.120233	0.251073	0.138069	起动马达
4	0.498924	0.128427	0.562197	0.146263	滑动电阻器
4	0.834963	0.126046	0.936200	0.143881	空调压缩机离合器
4	0.427222	0.155397	0.431777	0.168238	B
4	0.454218	0.155397	0.458774	0.168238	A
4	0.757930	0.150641	0.762486	0.163482	2
4	0.123510	0.166098	0.128065	0.178940	2
4	0.427222	0.246349	0.431777	0.259191	1
4	0.757930	0.245160	0.762486	0.258002	1
4	0.199087	0.263337	0.338288	0.281173	电磁阀（带续流二极管）
4	0.499918	0.264590	0.525228	0.282425	喇叭
4	0.833846	0.263973	0.871810	0.281808	传感器
4	0.427222	0.285001	0.431777	0.297843	2
4	0.757930	0.293324	0.762486	0.306166	2
4	0.833204	0.404038	0.858513	0.421873	屏蔽
4	0.193320	0.411467	0.357831	0.429303	继电器线圈（带续流二极管）
4	0.498545	0.415819	0.561818	0.433655	闪光继电器
4	0.113000	0.524315	0.117555	0.537156	1
4	0.197024	0.545764	0.298261	0.563599	发光二极管报警灯
4	0.828614	0.541342	0.879233	0.559177	接线端子
4	0.113386	0.565612	0.117941	0.578453	2
4	0.499115	0.555706	0.562388	0.573541	时间继电器
4	0.113386	0.612570	0.117941	0.625411	1
4	0.199297	0.633037	0.237261	0.650872	二极管
4	0.724185	0.640237	0.742407	0.653079	插头
4	0.766029	0.640237	0.784252	0.653079	插座
4	0.825056	0.641571	0.913638	0.659406	接插件接头插座
4	0.113386	0.660734	0.117941	0.673576	2
4	0.413723	0.664887	0.418279	0.677729	1
4	0.440720	0.664887	0.445276	0.677729	2
4	0.409800	0.682942	0.413597	0.693643	+
4	0.436797	0.682942	0.440593	0.693643	-
4	0.116760	0.702936	0.121316	0.715778	1
4	0.499070	0.694897	0.612962	0.712732	液位开关（光电式）
4	0.199382	0.724437	0.237346	0.742272	电阻器
4	0.413723	0.722564	0.418279	0.735405	3
4	0.830868	0.726045	0.868832	0.743881	中断点
4	0.116760	0.751101	0.121316	0.763942	2
4	0.197944	0.799913	0.235908	0.817749	蓄电池
4	0.413723	0.826595	0.418279	0.839437	B
4	0.440720	0.826595	0.445276	0.839437	C
4	0.684229	0.827342	0.709538	0.845177	-TB2
4	0.409800	0.844650	0.413597	0.855351	+
4	0.436797	0.844650	0.440593	0.855351	-
4	0.843226	0.834558	0.868535	0.852393	黑盒
4	0.500126	0.852327	0.550744	0.870162	接近开关
4	0.195945	0.868967	0.221254	0.886802	接地
4	0.413723	0.884272	0.418279	0.897113	A
4	0.022340	0.937118	0.047649	0.954954	车型
4	0.060742	0.937118	0.142998	0.954954	NTE200-Russia
4	0.222866	0.937368	0.248175	0.955203	内容
4	0.259843	0.937118	0.335770	0.954954	电气元件符号
4	0.472019	0.937118	0.661839	0.954954	内蒙古北方重型汽车股份有限公司
4	0.679134	0.937118	0.704443	0.954954	版本
4	0.717000	0.936577	0.723327	0.954412	A
4	0.746625	0.937118	0.771935	0.954954	图号
4	0.777840	0.937118	0.828459	0.954954	20062776
4	0.867688	0.937118	0.894052	0.954954	第6
4	0.901434	0.937118	0.934336	0.954954	页共
4	0.944882	0.933706	0.951209	0.951541	6
4	0.968926	0.937118	0.981580	0.954954	页
4	0.071077	0.960899	0.077404	0.978734	1
4	0.192562	0.960899	0.198889	0.978734	2
4	0.314047	0.960899	0.320374	0.978734	3
4	0.435532	0.960899	0.441859	0.978734	4
4	0.557016	0.960899	0.563344	0.978734	5
4	0.678501	0.960899	0.684828	0.978734	6
4	0.799986	0.960899	0.806313	0.978734	7
4	0.921471	0.960899	0.927798	0.978734	8
5	0.067702	0.023944	0.074030	0.041779	1
5	0.192562	0.023944	0.198889	0.041779	2
5	0.310672	0.023944	0.316999	0.041779	3
5	0.435532	0.023944	0.441859	0.041779	4
5	0.557016	0.023944	0.563344	0.041779	5
5	0.681876	0.023944	0.688203	0.041779	6
5	0.799986	0.023944	0.806313	0.041779	7
5	0.921471	0.023944	0.927798	0.041779	8
5	0.169573	0.239907	0.334083	0.257742	类型前辍定义，需要的时候有
5	0.668297	0.240117	0.832807	0.257952	延伸后辍标识，需要的时候有
5	0.245501	0.257743	0.334083	0.275578	G=所有信号接地
5	0.668297	0.257952	0.775862	0.275788	以A-B-C的顺序延伸
5	0.668297	0.275788	0.782189	0.293623	原则：过设备升级。
5	0.374511	0.358590	0.418839	0.374209	编号举例
5	0.422723	0.328861	0.449319	0.403831	G
5	0.451081	0.323699	0.477677	0.398669	1
5	0.504273	0.323699	0.530870	0.398669	1
5	0.557466	0.323699	0.584063	0.398669	0
5	0.610659	0.323699	0.637256	0.398669	1
5	0.639750	0.324105	0.666347	0.399075	A
5	0.572668	0.387185	0.620542	0.420921	}
5	0.098484	0.444279	0.332595	0.462114	系列及优先相关，优先级顺序按1-2-3规则
5	0.668174	0.444477	0.706138	0.462312	针脚号
5	0.231358	0.462114	0.332596	0.479949	1=驱动系统相关；
5	0.668174	0.462312	0.946576	0.480148	1.以数字编号的接插件，该号按具体的数字命名；
5	0.218704	0.479950	0.332596	0.497785	2=发动机系统相关；
5	0.668174	0.480148	0.946576	0.497983	2.以字母编号的接插件，该号以字母的顺序命名；
5	0.231358	0.497785	0.332596	0.515620	3=液压系统相关；
5	0.668174	0.497983	0.952903	0.515819	注：编号超过99，从100开始用A0,A1,A2……记数。
5	0.206049	0.515620	0.332596	0.533456	4=仪表照明系统相关；
5	0.668174	0.515819	0.794720	0.533654	但这种情况占少数。。
5	0.244013	0.533456	0.332596	0.551291	5=驾驶室相关；
5	0.244013	0.551291	0.332596	0.569127	6=配电箱相关；
5	0.206049	0.569127	0.332596	0.586962	7=滑润称重系统相关；
5	0.281977	0.586962	0.332596	0.604798	8=备用；
5	0.668297	0.587948	0.706261	0.605783	插头号
5	0.281977	0.604798	0.332596	0.622633	9=备用。
5	0.668297	0.605783	0.794844	0.623618	1=1XA或CNX1或接头A；
5	0.668297	0.623618	0.794844	0.641454	2=1XB或CNX2或接头B；
5	0.668297	0.641454	0.794844	0.659289	3=1XC或CNX3或接头C；
5	0.668297	0.659289	0.794844	0.677125	4=1XD或CNX4或接头D。
5	0.668297	0.677125	0.718916	0.694960	以此类推
5	0.022340	0.937118	0.047649	0.954954	车型
5	0.060742	0.937118	0.142998	0.954954	NTE200-Russia
5	0.222866	0.937368	0.248175	0.955203	内容
5	0.259843	0.937118	0.335770	0.954954	线号命名规则
5	0.472019	0.937118	0.661839	0.954954	内蒙古北方重型汽车股份有限公司
5	0.679134	0.937118	0.704443	0.954954	版本
5	0.717000	0.936577	0.723327	0.954412	A
5	0.746625	0.937118	0.771935	0.954954	图号
5	0.777840	0.937118	0.828459	0.954954	20062776
5	0.867688	0.937118	0.894052	0.954954	第7
5	0.901434	0.937118	0.934336	0.954954	页共
5	0.944882	0.933706	0.951209	0.951541	6
5	0.968926	0.937118	0.981580	0.954954	页
5	0.071077	0.960899	0.077404	0.978734	1
5	0.192562	0.960899	0.198889	0.978734	2
5	0.314047	0.960899	0.320374	0.978734	3
5	0.435532	0.960899	0.441859	0.978734	4
5	0.557016	0.960899	0.563344	0.978734	5
5	0.678501	0.960899	0.684828	0.978734	6
5	0.799986	0.960899	0.806313	0.978734	7
5	0.921471	0.960899	0.927798	0.978734	8
6	0.067702	0.023944	0.074030	0.041779	1
6	0.192562	0.023944	0.198889	0.041779	2
6	0.310672	0.023944	0.316999	0.041779	3
6	0.435532	0.023944	0.441859	0.041779	4
6	0.557016	0.023944	0.563344	0.041779	5
6	0.681876	0.023944	0.688203	0.041779	6
6	0.799986	0.023944	0.806313	0.041779	7
6	0.921471	0.023944	0.927798	0.041779	8
6	0.726888	0.063669	0.745870	0.081505	BUS
6	0.752197	0.063669	0.771179	0.081505	BAR
6	0.820023	0.080187	0.824578	0.093028	/
6	0.826400	0.080187	0.840067	0.093028	2.1
6	0.186235	0.096474	0.205216	0.114310	-S2
6	0.119797	0.120978	0.133464	0.133819	KS1
6	0.182396	0.117934	0.186952	0.130775	1
6	0.204499	0.117934	0.209055	0.130775	2
6	0.729310	0.110377	0.779929	0.128212	IGNITION
6	0.820023	0.127748	0.824578	0.140589	/
6	0.826400	0.127748	0.840067	0.140589	2.1
6	0.857618	0.113460	0.866729	0.139143	/5.6
6	0.894738	0.113460	0.903850	0.139143	/6.1
6	0.918360	0.113460	0.927471	0.139143	/5.7
6	0.826772	0.177329	0.852081	0.195164	-X40
6	0.854679	0.177329	0.861007	0.195164	=
6	0.867267	0.182142	0.871822	0.194983	3
6	0.904387	0.182142	0.913498	0.194983	53
6	0.928009	0.182142	0.937120	0.194983	54
6	0.826772	0.210621	0.852081	0.228457	-X41
6	0.854679	0.210621	0.861007	0.228457	=
6	0.867267	0.216037	0.871822	0.228879	3
6	0.904387	0.216037	0.913498	0.228879	53
6	0.928009	0.216037	0.937120	0.228879	54
6	0.830146	0.239158	0.849128	0.256993	-X1
6	0.851710	0.239158	0.858037	0.256993	=
6	0.867267	0.243971	0.871822	0.256813	1
6	0.904387	0.243971	0.908943	0.256813	2
6	0.928009	0.243971	0.932565	0.256813	3
6	0.948257	0.243971	0.952812	0.256813	4
6	0.830146	0.267695	0.849128	0.285530	-X2
6	0.851710	0.267695	0.858037	0.285530	=
6	0.867267	0.277867	0.871822	0.290708	1
6	0.904387	0.277867	0.908943	0.290708	2
6	0.928009	0.277867	0.932565	0.290708	3
6	0.948257	0.277867	0.952812	0.290708	4
6	0.248032	0.325491	0.261699	0.338332	1E1
6	0.248032	0.339759	0.261699	0.352601	1D1
6	0.083015	0.393789	0.087570	0.406630	1
6	0.404709	0.393357	0.413821	0.412620	1D1
6	0.031637	0.410540	0.050619	0.428376	-S1
6	0.083015	0.432441	0.087570	0.445282	2
6	0.597060	0.450431	0.606172	0.469693	1E1
6	0.431706	0.471120	0.440817	0.483961	N1
6	0.489074	0.458278	0.498185	0.483961	2404
6	0.637555	0.475876	0.646667	0.488717	N2
6	0.792786	0.458278	0.801897	0.483961	2405
6	0.850154	0.463035	0.859265	0.488717	2402
6	0.931144	0.458278	0.940255	0.483961	2403
6	0.067252	0.478968	0.076363	0.498230	1A1
6	0.134743	0.478968	0.143855	0.498230	1B1
6	0.178613	0.478968	0.187724	0.498230	1C1
6	0.239173	0.498676	0.258155	0.516511	-G7
6	0.383352	0.498423	0.392463	0.511265	30
6	0.447469	0.498423	0.456580	0.511265	30
6	0.504837	0.498423	0.513948	0.511265	85
6	0.568954	0.498423	0.578065	0.511265	30
6	0.633071	0.498423	0.642182	0.511265	30
6	0.791676	0.498423	0.800787	0.511265	85
6	0.879415	0.498423	0.888526	0.511265	85
6	0.946907	0.498423	0.951462	0.511265	1
6	0.208043	0.518907	0.258155	0.531748	24VDC，150A
6	0.318307	0.519953	0.322863	0.532795	2
6	0.348847	0.515167	0.367829	0.533003	-K1
6	0.412964	0.515167	0.431946	0.533003	-K2
6	0.463583	0.515167	0.482565	0.533003	-K2
6	0.534449	0.515167	0.553431	0.533003	-K3
6	0.598566	0.515167	0.617548	0.533003	-K4
6	0.750422	0.515167	0.769404	0.533003	-K4
6	0.838161	0.515167	0.857143	0.533003	-K5
6	0.895529	0.515167	0.914511	0.533003	-S3
6	0.922103	0.517012	0.927165	0.531280	P
6	0.041760	0.524680	0.060742	0.542515	-G1
6	0.095754	0.524680	0.114736	0.542515	-G3
6	0.149747	0.524680	0.168729	0.542515	-G5
6	0.312837	0.536359	0.340171	0.549201	发电机
6	0.383352	0.537075	0.392463	0.549917	87
6	0.447469	0.537075	0.456580	0.549917	87
6	0.504837	0.537075	0.513948	0.549917	86
6	0.568954	0.537075	0.578065	0.549917	87
6	0.633071	0.537075	0.642182	0.549917	87
6	0.791676	0.537075	0.800787	0.549917	86
6	0.879415	0.537075	0.888526	0.549917	86
6	0.946907	0.537075	0.951462	0.549917	2
6	0.284561	0.553594	0.289117	0.566436	1
6	0.318307	0.553594	0.322863	0.566436	3
6	0.067252	0.567669	0.076363	0.593352	2ABC
6	0.134743	0.567669	0.143855	0.593352	2ABC
6	0.178613	0.572425	0.187724	0.598108	2ABC
6	0.383015	0.572619	0.387570	0.585460	1
6	0.435081	0.566242	0.444192	0.579084	N3
6	0.447469	0.588790	0.456580	0.601631	85
6	0.568616	0.572619	0.573172	0.585460	1
6	0.633071	0.593546	0.642182	0.606387	85
6	0.637555	0.570998	0.646667	0.583840	N4
6	0.041760	0.619802	0.060742	0.637637	-G2
6	0.095754	0.615046	0.114736	0.632881	-G4
6	0.149747	0.619802	0.168729	0.637637	-G6
6	0.335349	0.610290	0.354331	0.628125	-M1
6	0.377531	0.597744	0.385124	0.619147	M
6	0.406215	0.605534	0.425197	0.623369	-K1
6	0.447469	0.627441	0.456580	0.640283	86
6	0.520951	0.610290	0.539933	0.628125	-M2
6	0.563133	0.597744	0.570726	0.619147	M
6	0.591817	0.610290	0.610799	0.628125	-K3
6	0.633071	0.632198	0.642182	0.645039	86
6	0.383015	0.653125	0.387570	0.665966	2
6	0.492448	0.632590	0.501560	0.664694	G2404
6	0.568616	0.653125	0.573172	0.665966	2
6	0.792786	0.642102	0.801897	0.674206	G2405
6	0.863652	0.642102	0.872763	0.674206	G2402
6	0.931144	0.642102	0.940255	0.674206	G2403
6	0.067252	0.667547	0.076363	0.693230	X30A
6	0.121245	0.667547	0.130356	0.693230	X30B
6	0.178613	0.667547	0.187724	0.693230	X30B
6	0.832255	0.729193	0.863892	0.747028	-GND2
6	0.067252	0.781694	0.076363	0.807377	X30D
6	0.408084	0.781694	0.417195	0.807377	X30E
6	0.035855	0.852852	0.067491	0.870687	-GND1
6	0.044713	0.872936	0.067491	0.885778	FRAME
6	0.022340	0.937118	0.047649	0.954954	车型
6	0.060742	0.937118	0.142998	0.954954	NTE200-Russia
6	0.222866	0.937368	0.248175	0.955203	内容
6	0.259843	0.937118	0.323116	0.954954	发动机起动
6	0.472019	0.937118	0.661839	0.954954	内蒙古北方重型汽车股份有限公司
6	0.679134	0.937118	0.704443	0.954954	版本
6	0.717000	0.936577	0.723327	0.954412	A
6	0.746625	0.937118	0.771935	0.954954	图号
6	0.777840	0.937118	0.828459	0.954954	20062776
6	0.867688	0.937118	0.894052	0.954954	第1
6	0.901434	0.937118	0.934336	0.954954	页共
6	0.944882	0.933706	0.957537	0.951541	24
6	0.968926	0.937118	0.981580	0.954954	页
6	0.071077	0.960899	0.077404	0.978734	1
6	0.192562	0.960899	0.198889	0.978734	2
6	0.314047	0.960899	0.320374	0.978734	3
6	0.435532	0.960899	0.441859	0.978734	4
6	0.557016	0.960899	0.563344	0.978734	5
6	0.678501	0.960899	0.684828	0.978734	6
6	0.799986	0.960899	0.806313	0.978734	7
6	0.921471	0.960899	0.927798	0.978734	8
7	0.067702	0.023944	0.074030	0.041779	1
7	0.192562	0.023944	0.198889	0.041779	2
7	0.310672	0.023944	0.316999	0.041779	3
7	0.435532	0.023944	0.441859	0.041779	4
7	0.557016	0.023944	0.563344	0.041779	5
7	0.681876	0.023944	0.688203	0.041779	6
7	0.799986	0.023944	0.806313	0.041779	7
7	0.921471	0.023944	0.927798	0.041779	8
7	0.102943	0.103042	0.121925	0.120878	BUS
7	0.128252	0.103042	0.147234	0.120878	BAR
7	0.848372	0.101718	0.867354	0.119554	BUS
7	0.873682	0.101718	0.892664	0.119554	BAR
7	0.033948	0.118236	0.047615	0.131077	1.7
7	0.049438	0.118236	0.053993	0.131077	/
7	0.941507	0.118236	0.946063	0.131077	/
7	0.102943	0.160116	0.153562	0.177951	IGNITION
7	0.852040	0.157226	0.902659	0.175061	IGNITION
7	0.033948	0.175309	0.047615	0.188150	1.7
7	0.049438	0.175309	0.053993	0.188150	/
7	0.944882	0.175309	0.949438	0.188150	/
7	0.844119	0.194314	0.853231	0.219997	/6.2
7	0.871116	0.189558	0.880227	0.215241	/6.7
7	0.080750	0.201448	0.089861	0.227131	6001
7	0.168489	0.201448	0.177600	0.227131	6002
7	0.242730	0.201448	0.251841	0.227131	6003
7	0.526194	0.201448	0.535306	0.227131	6005
7	0.590311	0.201448	0.599423	0.227131	6006
7	0.684799	0.201448	0.693911	0.227131	6007
7	0.755666	0.201448	0.764777	0.227131	6008
7	0.619235	0.220856	0.637458	0.233698	6026
7	0.700225	0.220856	0.718448	0.233698	6027
7	0.774466	0.220856	0.792688	0.233698	6028
7	0.096513	0.251105	0.101069	0.263947	1
7	0.167379	0.251105	0.171935	0.263947	1
7	0.255118	0.251105	0.259674	0.263947	1
7	0.359730	0.251105	0.364286	0.263947	1
7	0.541957	0.246349	0.546513	0.259191	1
7	0.602700	0.246349	0.607255	0.259191	1
7	0.697188	0.246349	0.701743	0.259191	1
7	0.768054	0.246349	0.772610	0.259191	1
7	0.045135	0.267849	0.064117	0.285685	-B1
7	0.116001	0.267849	0.134983	0.285685	-B2
7	0.203740	0.267849	0.222722	0.285685	-B3
7	0.308352	0.267849	0.327334	0.285685	-B4
7	0.490579	0.263093	0.509561	0.280929	-B5
7	0.551322	0.263093	0.570304	0.280929	-B6
7	0.645810	0.263093	0.664792	0.280929	-B7
7	0.716676	0.263093	0.735658	0.280929	-B8
7	0.050450	0.287934	0.064117	0.300775	25A
7	0.096513	0.289757	0.101069	0.302599	2
7	0.121316	0.287934	0.134983	0.300775	25A
7	0.167379	0.289757	0.171935	0.302599	2
7	0.209055	0.287934	0.222722	0.300775	25A
7	0.255118	0.289757	0.259674	0.302599	2
7	0.313667	0.287934	0.327334	0.300775	25A
7	0.359730	0.289757	0.364286	0.302599	2
7	0.495894	0.283178	0.509561	0.296019	25A
7	0.541957	0.285001	0.546513	0.297843	2
7	0.556637	0.283178	0.570304	0.296019	25A
7	0.602700	0.285001	0.607255	0.297843	2
7	0.651125	0.283178	0.664792	0.296019	25A
7	0.697188	0.285001	0.701743	0.297843	2
7	0.721991	0.283178	0.735658	0.296019	25A
7	0.768054	0.285001	0.772610	0.297843	2
7	0.113048	0.349271	0.131271	0.362113	6021
7	0.180540	0.339759	0.198763	0.352601	6022
7	0.271654	0.344515	0.289876	0.357357	6023
7	0.386389	0.344515	0.404612	0.357357	6024
7	0.544994	0.344515	0.563217	0.357357	6025
7	0.072132	0.401175	0.091114	0.419011	TB2
7	0.094248	0.391693	0.103360	0.417376	6011
7	0.168489	0.386937	0.177600	0.412620	6012
7	0.256228	0.382181	0.265339	0.407863	6013
7	0.364215	0.377425	0.373326	0.403107	6014
7	0.520951	0.401175	0.539933	0.419011	TB1
7	0.539693	0.382181	0.548804	0.407863	6015
7	0.590311	0.382181	0.599423	0.407863	6016
7	0.684799	0.382181	0.693911	0.407863	6017
7	0.755666	0.382181	0.764777	0.407863	6018
7	0.799535	0.382181	0.808647	0.407863	6019
7	0.840030	0.382181	0.849141	0.407863	6946
7	0.863652	0.382181	0.872763	0.407863	5123
7	0.099213	0.451164	0.103768	0.464005	A
7	0.149831	0.455920	0.154387	0.468761	B
7	0.170079	0.455920	0.174634	0.468761	C
7	0.210574	0.455920	0.215129	0.468761	D
7	0.257818	0.455920	0.262373	0.468761	E
7	0.305062	0.455920	0.309618	0.468761	F
7	0.362430	0.455920	0.366985	0.468761	G
7	0.413048	0.455920	0.417604	0.468761	H
7	0.433296	0.455920	0.437851	0.468761	J
7	0.450169	0.455920	0.454724	0.468761	K
7	0.463667	0.455920	0.468223	0.468761	L
7	0.477165	0.455920	0.481721	0.468761	M
7	0.544657	0.451164	0.549213	0.464005	A
7	0.558155	0.451164	0.562711	0.464005	B
7	0.605399	0.451164	0.609955	0.464005	C
7	0.649269	0.451164	0.653825	0.464005	D
7	0.699888	0.451164	0.704443	0.464005	E
7	0.720135	0.451164	0.724691	0.464005	F
7	0.770754	0.451164	0.775309	0.464005	G
7	0.801125	0.451164	0.805680	0.464005	H
7	0.814623	0.451164	0.819179	0.464005	J
7	0.838245	0.451164	0.842801	0.464005	K
7	0.855118	0.451164	0.859674	0.464005	L
7	0.882115	0.451164	0.886670	0.464005	M
7	0.080750	0.619986	0.089861	0.645669	4112
7	0.104372	0.619986	0.113483	0.645669	4212
7	0.121245	0.619986	0.130356	0.645669	5501
7	0.144867	0.619986	0.153978	0.645669	6111
7	0.168489	0.619986	0.177600	0.645669	5511
7	0.185362	0.619986	0.194473	0.645669	6112
7	0.212359	0.619986	0.221470	0.645669	5512
7	0.232606	0.619986	0.241717	0.645669	4440
7	0.252854	0.619986	0.261965	0.645669	5502
7	0.273101	0.619986	0.282212	0.645669	6121
7	0.293348	0.619986	0.302460	0.645669	4522
7	0.310221	0.619986	0.319333	0.645669	5126
7	0.330469	0.619986	0.339580	0.645669	5513
7	0.354091	0.619986	0.363202	0.645669	6131
7	0.374338	0.619986	0.383450	0.645669	6132
7	0.418208	0.624742	0.427319	0.650425	5504
7	0.435081	0.624742	0.444192	0.650425	5106
7	0.462077	0.624742	0.471189	0.650425	5107
7	0.482325	0.624742	0.491436	0.650425	4455
7	0.499198	0.624742	0.508309	0.650425	4512
7	0.529569	0.619986	0.538680	0.645669	5505
7	0.543067	0.619986	0.552178	0.645669	6151
7	0.559940	0.619986	0.569051	0.645669	6152
7	0.573438	0.619986	0.582550	0.645669	6153
7	0.590311	0.634255	0.599423	0.659938	5516
7	0.607184	0.634255	0.616296	0.659938	1544
7	0.620682	0.634255	0.629794	0.659938	5506
7	0.634181	0.634255	0.643292	0.659938	5180
7	0.684799	0.629499	0.693911	0.655182	5507
7	0.701672	0.629499	0.710784	0.655182	2108
7	0.718545	0.634255	0.727657	0.659938	5518
7	0.735418	0.634255	0.744530	0.659938	5508
7	0.748916	0.634255	0.758028	0.659938	5207
7	0.765789	0.634255	0.774901	0.659938	2803
7	0.779288	0.634255	0.788399	0.659938	2804
7	0.823157	0.653279	0.832269	0.678962	2601
7	0.840030	0.653279	0.849141	0.678962	6947
7	0.853528	0.653279	0.862640	0.678962	6948
7	0.870401	0.653279	0.879513	0.678962	6949
7	0.910896	0.648523	0.920008	0.674206	5123
7	0.927769	0.648523	0.936881	0.674206	1408
7	0.944642	0.648523	0.953753	0.674206	4445
7	0.088214	0.760292	0.097325	0.785975	/5.1
7	0.108461	0.760292	0.117573	0.785975	/5.2
7	0.125334	0.760292	0.134446	0.785975	/7.1
7	0.138833	0.760292	0.147944	0.785975	/3.3
7	0.159080	0.753871	0.168191	0.785975	/16.7
7	0.179328	0.760292	0.188439	0.785975	/3.3
7	0.199575	0.753871	0.208686	0.785975	/16.2
7	0.223197	0.753871	0.232308	0.785975	/21.4
7	0.243444	0.760292	0.252556	0.785975	/7.1
7	0.263692	0.760292	0.272803	0.785975	/3.1
7	0.283939	0.760292	0.293051	0.785975	/5.5
7	0.300812	0.760292	0.309924	0.785975	/5.6
7	0.321060	0.753871	0.330171	0.785975	/16.4
7	0.348056	0.760292	0.357168	0.785975	/3.2
7	0.368304	0.760292	0.377415	0.785975	/4.1
7	0.412173	0.760292	0.421285	0.785975	/7.1
7	0.429046	0.760292	0.438158	0.785975	/5.2
7	0.456043	0.760292	0.465154	0.785975	/5.3
7	0.476290	0.760292	0.485402	0.785975	/5.4
7	0.493163	0.760292	0.502275	0.785975	/5.4
7	0.533658	0.760292	0.542770	0.785975	/7.1
7	0.547157	0.753871	0.556268	0.785975	/21.5
7	0.564029	0.760292	0.573141	0.785975	/5.6
7	0.577528	0.760292	0.586639	0.785975	/5.7
7	0.594401	0.753871	0.603512	0.785975	/16.6
7	0.611274	0.753871	0.620385	0.785975	/21.6
7	0.624772	0.760292	0.633883	0.785975	/7.1
7	0.638270	0.760292	0.647382	0.785975	/5.8
7	0.688889	0.760292	0.698000	0.785975	/7.2
7	0.705762	0.760292	0.714873	0.785975	/8.4
7	0.722635	0.753871	0.731746	0.785975	/16.2
7	0.739507	0.760292	0.748619	0.785975	/7.2
7	0.753006	0.760292	0.762117	0.785975	/7.5
7	0.769879	0.760292	0.778990	0.785975	/4.7
7	0.783377	0.760292	0.792488	0.785975	/4.8
7	0.827247	0.753871	0.836358	0.785975	/23.3
7	0.844119	0.760292	0.853231	0.785975	/6.2
7	0.860992	0.760292	0.870104	0.785975	/6.2
7	0.874491	0.760292	0.883602	0.785975	/6.2
7	0.918360	0.760292	0.927471	0.785975	/5.3
7	0.935233	0.753871	0.944344	0.785975	/21.7
7	0.948731	0.760292	0.957843	0.785975	/5.3
7	0.022340	0.937118	0.047649	0.954954	车型
7	0.060742	0.937118	0.142998	0.954954	NTE200-Russia
7	0.222866	0.937368	0.248175	0.955203	内容
7	0.259843	0.937118	0.297806	0.954954	断路器
7	0.472019	0.937118	0.661839	0.954954	内蒙古北方重型汽车股份有限公司
7	0.679134	0.937118	0.704443	0.954954	版本
7	0.717000	0.936577	0.723327	0.954412	A
7	0.746625	0.937118	0.771935	0.954954	图号
7	0.777840	0.937118	0.828459	0.954954	20062776
7	0.867688	0.937118	0.894052	0.954954	第2
7	0.901434	0.937118	0.934336	0.954954	页共
7	0.944882	0.933706	0.957537	0.951541	24
7	0.968926	0.937118	0.981580	0.954954	页
7	0.071077	0.960899	0.077404	0.978734	1
7	0.192562	0.960899	0.198889	0.978734	2
7	0.314047	0.960899	0.320374	0.978734	3
7	0.435532	0.960899	0.441859	0.978734	4
7	0.557016	0.960899	0.563344	0.978734	5
7	0.678501	0.960899	0.684828	0.978734	6
7	0.799986	0.960899	0.806313	0.978734	7
7	0.921471	0.960899	0.927798	0.978734	8
8	0.067702	0.023944	0.074030	0.041779	1
8	0.192562	0.023944	0.198889	0.041779	2
8	0.310672	0.023944	0.316999	0.041779	3
8	0.435532	0.023944	0.441859	0.041779	4
8	0.557016	0.023944	0.563344	0.041779	5
8	0.681876	0.023944	0.688203	0.041779	6
8	0.799986	0.023944	0.806313	0.041779	7
8	0.921471	0.023944	0.927798	0.041779	8
8	0.088214	0.080167	0.097325	0.105850	/2.3
8	0.128709	0.080167	0.137820	0.105850	/2.3
8	0.304187	0.080167	0.313298	0.105850	/2.2
8	0.344682	0.080167	0.353793	0.105850	/2.2
8	0.386741	0.083496	0.395852	0.109179	/7.7
8	0.427236	0.083496	0.436347	0.109179	/7.7
8	0.080750	0.144375	0.089861	0.170058	6121
8	0.121245	0.144375	0.130356	0.170058	6131
8	0.296723	0.144375	0.305834	0.170058	6112
8	0.337218	0.144375	0.346329	0.170058	6111
8	0.377713	0.144375	0.386824	0.170058	5947
8	0.418208	0.144375	0.427319	0.170058	5941
8	0.040495	0.201109	0.078459	0.218944	保险盒
8	0.101237	0.232382	0.110349	0.245224	5S
8	0.141732	0.232382	0.150844	0.245224	6S
8	0.175478	0.229646	0.194460	0.247481	-X3
8	0.197042	0.229646	0.203369	0.247481	=
8	0.232846	0.234459	0.237402	0.247300	A
8	0.273341	0.234459	0.277896	0.247300	B
8	0.313836	0.234459	0.318391	0.247300	C
8	0.354331	0.234459	0.358886	0.247300	D
8	0.394826	0.234459	0.399381	0.247300	E
8	0.435321	0.234459	0.439876	0.247300	F
8	0.475816	0.234459	0.480371	0.247300	G
8	0.516310	0.234459	0.520866	0.247300	H
8	0.566929	0.229646	0.585911	0.247481	-X9
8	0.588493	0.229646	0.594820	0.247481	=
8	0.624297	0.234459	0.628853	0.247300	A
8	0.664792	0.234459	0.669347	0.247300	B
8	0.705287	0.234459	0.709843	0.247300	C
8	0.745782	0.234459	0.750337	0.247300	D
8	0.786277	0.234459	0.790832	0.247300	E
8	0.826772	0.234459	0.831327	0.247300	F
8	0.867267	0.234459	0.871822	0.247300	G
8	0.907762	0.234459	0.912317	0.247300	H
8	0.175478	0.267695	0.194460	0.285530	-X4
8	0.197042	0.267695	0.203369	0.285530	=
8	0.232846	0.268355	0.237402	0.281196	A
8	0.273341	0.268355	0.277896	0.281196	B
8	0.313836	0.268355	0.318391	0.281196	C
8	0.354331	0.268355	0.358886	0.281196	D
8	0.394826	0.268355	0.399381	0.281196	E
8	0.435321	0.268355	0.439876	0.281196	F
8	0.475816	0.268355	0.480371	0.281196	G
8	0.516310	0.268355	0.520866	0.281196	H
8	0.566929	0.267695	0.592238	0.285530	-X10
8	0.594837	0.267695	0.601164	0.285530	=
8	0.624297	0.268355	0.628853	0.281196	A
8	0.664792	0.268355	0.669347	0.281196	B
8	0.705287	0.268355	0.709843	0.281196	C
8	0.745782	0.268355	0.750337	0.281196	D
8	0.786277	0.268355	0.790832	0.281196	E
8	0.826772	0.268355	0.831327	0.281196	F
8	0.867267	0.268355	0.871822	0.281196	G
8	0.907762	0.268355	0.912317	0.281196	H
8	0.231496	0.303423	0.236052	0.316264	1
8	0.271991	0.303423	0.276547	0.316264	1
8	0.312486	0.303423	0.317042	0.316264	1
8	0.352981	0.303423	0.357536	0.316264	1
8	0.622947	0.303423	0.627503	0.316264	1
8	0.663442	0.303423	0.667998	0.316264	1
8	0.703937	0.303423	0.708493	0.316264	1
8	0.744432	0.303423	0.748988	0.316264	1
8	0.196991	0.324923	0.215973	0.342758	-F1
8	0.237486	0.324923	0.256468	0.342758	-F3
8	0.277981	0.324923	0.296963	0.342758	-F5
8	0.318476	0.324923	0.337458	0.342758	-F7
8	0.582115	0.324923	0.607424	0.342758	-F13
8	0.622610	0.324923	0.647919	0.342758	-F15
8	0.663105	0.324923	0.688414	0.342758	-?D1
8	0.703600	0.324923	0.728909	0.342758	-F17
8	0.789849	0.323889	0.827813	0.341725	二极管
8	0.206862	0.345007	0.215973	0.357849	5A
8	0.247357	0.345007	0.256468	0.357849	5A
8	0.287852	0.345007	0.296963	0.357849	5A
8	0.328346	0.345007	0.337458	0.357849	5A
8	0.598313	0.345007	0.607424	0.357849	5A
8	0.638808	0.345007	0.647919	0.357849	5A
8	0.719798	0.345007	0.728909	0.357849	5A
8	0.231496	0.351587	0.236052	0.364428	2
8	0.271991	0.351587	0.276547	0.364428	2
8	0.312486	0.351587	0.317042	0.364428	2
8	0.352981	0.351587	0.357536	0.364428	2
8	0.622947	0.351587	0.627503	0.364428	2
8	0.663442	0.351587	0.667998	0.364428	2
8	0.703937	0.351587	0.708493	0.364428	2
8	0.744432	0.351587	0.748988	0.364428	2
8	0.231496	0.607814	0.236052	0.620655	1
8	0.271991	0.607814	0.276547	0.620655	1
8	0.312486	0.607814	0.317042	0.620655	1
8	0.352981	0.607814	0.357536	0.620655	1
8	0.393476	0.607814	0.398032	0.620655	1
8	0.433971	0.607814	0.438526	0.620655	1
8	0.474466	0.607814	0.479021	0.620655	1
8	0.514961	0.607814	0.519516	0.620655	1
8	0.622947	0.607814	0.627503	0.620655	1
8	0.663442	0.607814	0.667998	0.620655	1
8	0.865917	0.607814	0.870472	0.620655	1
8	0.906412	0.607814	0.910967	0.620655	1
8	0.196991	0.629314	0.215973	0.647150	-F2
8	0.237486	0.629314	0.256468	0.647150	-F4
8	0.277981	0.629314	0.296963	0.647150	-F6
8	0.318476	0.629314	0.337458	0.647150	-F8
8	0.363728	0.629314	0.382710	0.647150	-F9
8	0.393138	0.629314	0.418448	0.647150	-F10
8	0.433633	0.629314	0.458943	0.647150	-F11
8	0.474128	0.629314	0.499437	0.647150	-F12
8	0.582115	0.629314	0.607424	0.647150	-F14
8	0.622610	0.629314	0.647919	0.647150	-F16
8	0.825084	0.629314	0.850394	0.647150	-F18
8	0.872240	0.629314	0.897549	0.647150	-F19
8	0.206862	0.649399	0.215973	0.662240	5A
8	0.247357	0.649399	0.256468	0.662240	5A
8	0.287852	0.649399	0.296963	0.662240	5A
8	0.328346	0.649399	0.337458	0.662240	5A
8	0.373599	0.649399	0.382710	0.662240	5A
8	0.404781	0.649399	0.418448	0.662240	10A
8	0.445276	0.649399	0.458943	0.662240	10A
8	0.485770	0.649399	0.499437	0.662240	10A
8	0.598313	0.649399	0.607424	0.662240	5A
8	0.638808	0.649399	0.647919	0.662240	5A
8	0.836727	0.649399	0.850394	0.662240	10A
8	0.888438	0.649399	0.897549	0.662240	5A
8	0.231496	0.655978	0.236052	0.668820	2
8	0.271991	0.655978	0.276547	0.668820	2
8	0.312486	0.655978	0.317042	0.668820	2
8	0.352981	0.655978	0.357536	0.668820	2
8	0.393476	0.655978	0.398032	0.668820	2
8	0.433971	0.655978	0.438526	0.668820	2
8	0.474466	0.655978	0.479021	0.668820	2
8	0.514961	0.655978	0.519516	0.668820	2
8	0.622947	0.655978	0.627503	0.668820	2
8	0.663442	0.655978	0.667998	0.668820	2
8	0.865917	0.655978	0.870472	0.668820	2
8	0.906412	0.655978	0.910967	0.668820	2
8	0.175478	0.705258	0.194460	0.723093	-X5
8	0.197042	0.705258	0.203369	0.723093	=
8	0.232846	0.710071	0.237402	0.722912	A
8	0.273341	0.710071	0.277896	0.722912	B
8	0.313836	0.710071	0.318391	0.722912	C
8	0.354331	0.710071	0.358886	0.722912	D
8	0.394826	0.710071	0.399381	0.722912	E
8	0.435321	0.710071	0.439876	0.722912	F
8	0.475816	0.710071	0.480371	0.722912	G
8	0.516310	0.710071	0.520866	0.722912	H
8	0.553431	0.705258	0.572413	0.723093	-X7
8	0.574994	0.705258	0.581322	0.723093	=
8	0.624297	0.710071	0.628853	0.722912	A
8	0.664792	0.710071	0.669347	0.722912	B
8	0.705287	0.710071	0.709843	0.722912	C
8	0.745782	0.710071	0.750337	0.722912	D
8	0.786277	0.710071	0.790832	0.722912	E
8	0.826772	0.710071	0.831327	0.722912	F
8	0.867267	0.710071	0.871822	0.722912	G
8	0.907762	0.710071	0.912317	0.722912	H
8	0.175478	0.743306	0.194460	0.761142	-X6
8	0.197042	0.743306	0.203369	0.761142	=
8	0.232846	0.743966	0.237402	0.756808	A
8	0.273341	0.743966	0.277896	0.756808	B
8	0.313836	0.743966	0.318391	0.756808	C
8	0.354331	0.743966	0.358886	0.756808	D
8	0.394826	0.743966	0.399381	0.756808	E
8	0.435321	0.743966	0.439876	0.756808	F
8	0.475816	0.743966	0.480371	0.756808	G
8	0.516310	0.743966	0.520866	0.756808	H
8	0.553431	0.743306	0.572413	0.761142	-X8
8	0.574994	0.743306	0.581322	0.761142	=
8	0.624297	0.743966	0.628853	0.756808	A
8	0.664792	0.743966	0.669347	0.756808	B
8	0.705287	0.743966	0.709843	0.756808	C
8	0.745782	0.743966	0.750337	0.756808	D
8	0.786277	0.743966	0.790832	0.756808	E
8	0.826772	0.743966	0.831327	0.756808	F
8	0.867267	0.743966	0.871822	0.756808	G
8	0.907762	0.743966	0.912317	0.756808	H
8	0.256228	0.829256	0.265339	0.854938	5928
8	0.337218	0.829256	0.346329	0.854938	5802
8	0.418208	0.829256	0.427319	0.854938	6908
8	0.458703	0.829256	0.467814	0.854938	6932
8	0.499198	0.829256	0.508309	0.854938	6910
8	0.607184	0.829256	0.616296	0.854938	5808
8	0.647679	0.829256	0.656790	0.854938	5934
8	0.850154	0.829256	0.859265	0.854938	6930
8	0.890649	0.829256	0.899760	0.854938	6974
8	0.263692	0.888707	0.272803	0.914390	/7.7
8	0.344682	0.888707	0.353793	0.914390	/7.8
8	0.425672	0.888707	0.434783	0.914390	/6.2
8	0.466167	0.888707	0.475278	0.914390	/6.5
8	0.506662	0.888707	0.515773	0.914390	/6.2
8	0.614648	0.888707	0.623759	0.914390	/7.8
8	0.655143	0.888707	0.664254	0.914390	/7.8
8	0.857618	0.888707	0.866729	0.914390	/6.5
8	0.898113	0.888707	0.907224	0.914390	/6.7
8	0.022340	0.937118	0.047649	0.954954	车型
8	0.060742	0.937118	0.142998	0.954954	NTE200-Russia
8	0.222866	0.937368	0.248175	0.955203	内容
8	0.259843	0.937118	0.297806	0.954954	保险盒
8	0.472019	0.937118	0.661839	0.954954	内蒙古北方重型汽车股份有限公司
8	0.679134	0.937118	0.704443	0.954954	版本
8	0.717000	0.936577	0.723327	0.954412	A
8	0.746625	0.937118	0.771935	0.954954	图号
8	0.777840	0.937118	0.828459	0.954954	20062776
8	0.867688	0.937118	0.894052	0.954954	第3
8	0.901434	0.937118	0.934336	0.954954	页共
8	0.944882	0.933706	0.957537	0.951541	24
8	0.968926	0.937118	0.981580	0.954954	页
8	0.071077	0.960899	0.077404	0.978734	1
8	0.192562	0.960899	0.198889	0.978734	2
8	0.314047	0.960899	0.320374	0.978734	3
8	0.435532	0.960899	0.441859	0.978734	4
8	0.557016	0.960899	0.563344	0.978734	5
8	0.678501	0.960899	0.684828	0.978734	6
8	0.799986	0.960899	0.806313	0.978734	7
8	0.921471	0.960899	0.927798	0.978734	8
9	0.067702	0.023944	0.074030	0.041779	1
9	0.192562	0.023944	0.198889	0.041779	2
9	0.310672	0.023944	0.316999	0.041779	3
9	0.435532	0.023944	0.441859	0.041779	4
9	0.557016	0.023944	0.563344	0.041779	5
9	0.681876	0.023944	0.688203	0.041779	6
9	0.799986	0.023944	0.806313	0.041779	7
9	0.921471	0.023944	0.927798	0.041779	8
9	0.071341	0.061143	0.080452	0.086825	/2.3
9	0.211262	0.061262	0.220374	0.093365	/15.8
9	0.263692	0.054722	0.272803	0.086825	/15.8
9	0.366493	0.064472	0.375604	0.090155	/6.2
9	0.612908	0.125166	0.644544	0.143001	-GND8
9	0.866001	0.120410	0.897638	0.138245	-GND8
9	0.067252	0.134862	0.076363	0.160545	6132
9	0.084111	0.147993	0.125112	0.160834	750Ω，1W
9	0.205609	0.134862	0.214721	0.160545	1805
9	0.259603	0.134862	0.268714	0.160545	1810
9	0.360840	0.134862	0.369951	0.160545	3441
9	0.458703	0.128442	0.467814	0.160545	G6001
9	0.600435	0.133198	0.609546	0.165302	G6002
9	0.711796	0.128442	0.720907	0.160545	G6003
9	0.853528	0.128442	0.862640	0.160545	G6004
9	0.095121	0.163060	0.114103	0.180896	-R1
9	0.619235	0.178051	0.642013	0.190893	G6013
9	0.649606	0.178051	0.672385	0.190893	G6014
9	0.723847	0.178051	0.746625	0.190893	G6015
9	0.750844	0.178051	0.773622	0.190893	G6016
9	0.865579	0.178051	0.888358	0.190893	G6017
9	0.895950	0.178051	0.918729	0.190893	G6018
9	0.291901	0.187564	0.310124	0.200405	6305
9	0.484252	0.187564	0.507030	0.200405	G6011
9	0.524747	0.187564	0.547525	0.200405	G6012
9	0.048931	0.215687	0.074241	0.233522	-TB3
9	0.127994	0.210960	0.137105	0.236643	2544
9	0.440382	0.215687	0.465692	0.233522	-TB4
9	0.082340	0.265675	0.086895	0.278517	A
9	0.143082	0.265675	0.147638	0.278517	B
9	0.173453	0.265675	0.178009	0.278517	C
9	0.220697	0.265675	0.225253	0.278517	D
9	0.274691	0.265675	0.279246	0.278517	E
9	0.325309	0.265675	0.329865	0.278517	F
9	0.352306	0.265675	0.356862	0.278517	G
9	0.375928	0.265675	0.380484	0.278517	H
9	0.392801	0.265675	0.397357	0.278517	J
9	0.406299	0.265675	0.410855	0.278517	K
9	0.419798	0.265675	0.424353	0.278517	L
9	0.433296	0.265675	0.437851	0.278517	M
9	0.477165	0.265675	0.481721	0.278517	A
9	0.514286	0.265675	0.518841	0.278517	B
9	0.558155	0.265675	0.562711	0.278517	C
9	0.615523	0.265675	0.620079	0.278517	D
9	0.649269	0.265675	0.653825	0.278517	E
9	0.676265	0.265675	0.680821	0.278517	F
9	0.726884	0.265675	0.731440	0.278517	G
9	0.750506	0.265675	0.755062	0.278517	H
9	0.774128	0.265675	0.778684	0.278517	J
9	0.868616	0.265675	0.873172	0.278517	K
9	0.892238	0.265675	0.896794	0.278517	L
9	0.919235	0.265675	0.923791	0.278517	M
9	0.853528	0.375760	0.862640	0.407863	G2811
9	0.867027	0.375760	0.876138	0.407863	G2812
9	0.877150	0.375760	0.886262	0.407863	G2801
9	0.890649	0.375760	0.899760	0.407863	G2802
9	0.904147	0.375760	0.913258	0.407863	G5083
9	0.909800	0.485388	0.918912	0.511071	/5.7
9	0.830621	0.531998	0.839732	0.557681	/2.7
9	0.884614	0.531998	0.893726	0.557681	/2.7
9	0.826532	0.586694	0.835643	0.612376	2803
9	0.880525	0.586694	0.889636	0.612376	2804
9	0.838920	0.612570	0.848031	0.625411	87
9	0.892913	0.612570	0.902025	0.625411	87
9	0.865579	0.620180	0.874691	0.633021	11
9	0.919573	0.620180	0.928684	0.633021	11
9	0.838920	0.651222	0.848031	0.664063	30
9	0.892913	0.651222	0.902025	0.664063	30
9	0.865579	0.662637	0.874691	0.675478	12
9	0.919573	0.662637	0.928684	0.675478	12
9	0.127994	0.667547	0.137105	0.693230	2544
9	0.158365	0.667547	0.167477	0.693230	1806
9	0.175238	0.667547	0.184349	0.693230	1207
9	0.188736	0.667547	0.197848	0.693230	1210
9	0.202235	0.667547	0.211346	0.693230	1201
9	0.222482	0.672304	0.231594	0.697987	1203
9	0.239355	0.672304	0.248466	0.697987	1205
9	0.256228	0.672304	0.265339	0.697987	1202
9	0.276476	0.672304	0.285587	0.697987	1204
9	0.289974	0.672304	0.299085	0.697987	1206
9	0.306847	0.672304	0.315958	0.697987	1208
9	0.330469	0.672304	0.339580	0.697987	1211
9	0.347342	0.672304	0.356453	0.697987	1213
9	0.360840	0.672304	0.369951	0.697987	3438
9	0.377713	0.672304	0.386824	0.697987	3440
9	0.391211	0.672304	0.400322	0.697987	3439
9	0.838583	0.672119	0.863892	0.689955	-K16
9	0.892576	0.672119	0.917885	0.689955	-K17
9	0.808549	0.703539	0.817660	0.716381	86
9	0.943532	0.703539	0.952643	0.716381	86
9	0.808549	0.740985	0.817660	0.753827	85
9	0.943532	0.740985	0.952643	0.753827	85
9	0.781215	0.767242	0.806524	0.785077	-K16
9	0.810827	0.762489	0.829809	0.780324	X40
9	0.840270	0.767144	0.844826	0.779985	6
9	0.894263	0.767144	0.898819	0.779985	7
9	0.916198	0.767242	0.941507	0.785077	-K17
9	0.495823	0.780030	0.504934	0.812133	G4111
9	0.516071	0.780030	0.525182	0.812133	G4211
9	0.529569	0.780030	0.538680	0.812133	G5114
9	0.543067	0.780030	0.552178	0.812133	G4511
9	0.559940	0.780030	0.569051	0.812133	G4521
9	0.573438	0.780030	0.582550	0.812133	G4445
9	0.586937	0.780030	0.596048	0.812133	G5123
9	0.600435	0.780030	0.609546	0.812133	G5125
9	0.617308	0.780030	0.626419	0.812133	G6966
9	0.634181	0.780030	0.643292	0.812133	G6926
9	0.661177	0.780030	0.670289	0.812133	G6907
9	0.678050	0.780030	0.687162	0.812133	G6909
9	0.694923	0.780030	0.704035	0.812133	G6929
9	0.711796	0.780030	0.720907	0.812133	G6931
9	0.732044	0.780030	0.741155	0.812133	G6973
9	0.810827	0.800534	0.829809	0.818370	X41
9	0.811586	0.782573	0.829809	0.795414	/1.7
9	0.840270	0.801040	0.844826	0.813881	6
9	0.894263	0.801040	0.898819	0.813881	7
9	0.811586	0.820619	0.829809	0.833460	/1.7
9	0.796161	0.829256	0.805272	0.854938	2801
9	0.826532	0.829256	0.835643	0.854938	2811
9	0.838920	0.831955	0.843476	0.844796	1
9	0.880525	0.829256	0.889636	0.854938	2812
9	0.892913	0.831351	0.897469	0.844193	2
9	0.931144	0.829256	0.940255	0.854938	2802
9	0.860096	0.854575	0.867688	0.875977	M
9	0.817913	0.881388	0.836895	0.899224	-M3
9	0.132083	0.887042	0.141195	0.919146	/23.3
9	0.162455	0.887042	0.171566	0.919146	/15.8
9	0.180891	0.886448	0.190003	0.918552	/22.2
9	0.194390	0.886448	0.203501	0.918552	/22.2
9	0.211262	0.886448	0.220374	0.918552	/22.2
9	0.228135	0.886448	0.237247	0.918552	/22.2
9	0.245008	0.886448	0.254120	0.918552	/22.2
9	0.263692	0.887042	0.272803	0.919146	/22.2
9	0.280565	0.887042	0.289676	0.919146	/22.2
9	0.294063	0.887042	0.303174	0.919146	/22.2
9	0.314311	0.887042	0.323422	0.919146	/22.2
9	0.334558	0.887042	0.343669	0.919146	/22.3
9	0.351431	0.887042	0.360542	0.919146	/22.3
9	0.366493	0.886448	0.375604	0.918552	/15.3
9	0.381802	0.887042	0.390914	0.919146	/18.4
9	0.395301	0.893463	0.404412	0.919146	/7.2
9	0.504851	0.889658	0.513962	0.915341	/5.1
9	0.521724	0.889658	0.530835	0.915341	/5.2
9	0.535222	0.889658	0.544333	0.915341	/5.2
9	0.548720	0.889658	0.557832	0.915341	/5.4
9	0.565593	0.889658	0.574705	0.915341	/5.5
9	0.579091	0.889658	0.588203	0.915341	/5.3
9	0.592590	0.889658	0.601701	0.915341	/5.3
9	0.606088	0.889658	0.615199	0.915341	/5.5
9	0.622961	0.889658	0.632072	0.915341	/5.7
9	0.639834	0.889658	0.648945	0.915341	/5.6
9	0.666831	0.889658	0.675942	0.915341	/6.2
9	0.683704	0.889658	0.692815	0.915341	/6.2
9	0.700576	0.889658	0.709688	0.915341	/6.5
9	0.717449	0.889658	0.726561	0.915341	/6.5
9	0.737697	0.889658	0.746808	0.915341	/6.7
9	0.801814	0.889658	0.810925	0.915341	/8.3
9	0.936797	0.889658	0.945908	0.915341	/8.3
9	0.022340	0.937118	0.047649	0.954954	车型
9	0.060742	0.937118	0.142998	0.954954	NTE200-Russia
9	0.222866	0.937368	0.248175	0.955203	内容
9	0.259843	0.937118	0.297806	0.954954	接线排
9	0.472019	0.937118	0.661839	0.954954	内蒙古北方重型汽车股份有限公司
9	0.679134	0.937118	0.704443	0.954954	版本
9	0.717000	0.936577	0.723327	0.954412	A
9	0.746625	0.937118	0.771935	0.954954	图号
9	0.777840	0.937118	0.828459	0.954954	20062776
9	0.867688	0.937118	0.894052	0.954954	第4
9	0.901434	0.937118	0.934336	0.954954	页共
9	0.944882	0.933706	0.957537	0.951541	24
9	0.968926	0.937118	0.981580	0.954954	页
9	0.071077	0.960899	0.077404	0.978734	1
9	0.192562	0.960899	0.198889	0.978734	2
9	0.314047	0.960899	0.320374	0.978734	3
9	0.435532	0.960899	0.441859	0.978734	4
9	0.557016	0.960899	0.563344	0.978734	5
9	0.678501	0.960899	0.684828	0.978734	6
9	0.799986	0.960899	0.806313	0.978734	7
9	0.921471	0.960899	0.927798	0.978734	8
10	0.067702	0.023944	0.074030	0.041779	1
10	0.192562	0.023944	0.198889	0.041779	2
10	0.310672	0.023944	0.316999	0.041779	3
10	0.435532	0.023944	0.441859	0.041779	4
10	0.557016	0.023944	0.563344	0.041779	5
10	0.681876	0.023944	0.688203	0.041779	6
10	0.799986	0.023944	0.806313	0.041779	7
10	0.921471	0.023944	0.927798	0.041779	8
10	0.057843	0.084923	0.066954	0.110606	/7.2
10	0.081465	0.084923	0.090576	0.110606	/2.1
10	0.132083	0.084923	0.141195	0.110606	/7.2
10	0.155705	0.084923	0.164817	0.110606	/2.1
10	0.206324	0.084923	0.215435	0.110606	/7.5
10	0.229946	0.084923	0.239057	0.110606	/2.4
10	0.280565	0.084923	0.289676	0.110606	/2.8
10	0.304187	0.084923	0.313298	0.110606	/2.4
10	0.354806	0.084923	0.363917	0.110606	/2.8
10	0.385177	0.084923	0.394288	0.110606	/2.4
10	0.435795	0.080167	0.444907	0.105850	/7.5
10	0.466167	0.080167	0.475278	0.105850	/2.4
10	0.516785	0.080167	0.525897	0.105850	/7.6
10	0.547157	0.080167	0.556268	0.105850	/2.3
10	0.597775	0.084923	0.606886	0.110606	/7.4
10	0.628146	0.084923	0.637258	0.110606	/2.3
10	0.678765	0.084923	0.687876	0.110606	/6.4
10	0.712511	0.084923	0.721622	0.110606	/2.5
10	0.763129	0.080167	0.772241	0.105850	/6.6
10	0.793501	0.080167	0.802612	0.105850	/2.5
10	0.847494	0.080167	0.856605	0.105850	/6.5
10	0.881240	0.080167	0.890351	0.105850	/2.6
10	0.053753	0.177667	0.062865	0.203350	4111
10	0.077375	0.177667	0.086487	0.203350	4112
10	0.127994	0.177667	0.137105	0.203350	4211
10	0.151616	0.177667	0.160727	0.203350	4212
10	0.198860	0.177667	0.207971	0.203350	5114
10	0.222482	0.177667	0.231594	0.203350	5106
10	0.273101	0.177667	0.282212	0.203350	5123
10	0.300098	0.177667	0.309209	0.203350	5107
10	0.347342	0.177667	0.356453	0.203350	4445
10	0.377713	0.177667	0.386824	0.203350	4455
10	0.428332	0.191936	0.437443	0.217619	4511
10	0.458703	0.191936	0.467814	0.217619	4512
10	0.509321	0.191936	0.518433	0.217619	4521
10	0.539693	0.191936	0.548804	0.217619	4522
10	0.593686	0.191936	0.602797	0.217619	5125
10	0.624057	0.191936	0.633168	0.217619	5126
10	0.671301	0.191936	0.680412	0.217619	6926
10	0.705047	0.191936	0.714158	0.217619	6152
10	0.759040	0.187180	0.768152	0.212863	6966
10	0.789411	0.187180	0.798523	0.212863	6153
10	0.843405	0.187180	0.852516	0.212863	5083
10	0.877150	0.187180	0.886262	0.212863	5180
10	0.045135	0.391508	0.064117	0.409344	-K6
10	0.119376	0.391508	0.138358	0.409344	-K7
10	0.193616	0.391508	0.212598	0.409344	-K8
10	0.267857	0.391508	0.286839	0.409344	-K9
10	0.335771	0.391508	0.361080	0.409344	-K10
10	0.416760	0.391508	0.442070	0.409344	-K11
10	0.497750	0.391508	0.523060	0.409344	-K12
10	0.578740	0.391508	0.604049	0.409344	-K13
10	0.659730	0.391508	0.685039	0.409344	-K14
10	0.744095	0.386752	0.769404	0.404588	-K15
10	0.828459	0.396264	0.853768	0.414100	-K18
10	0.066142	0.422325	0.075253	0.435167	86
10	0.140383	0.422325	0.149494	0.435167	86
10	0.214623	0.422325	0.223735	0.435167	86
10	0.288864	0.422325	0.297975	0.435167	86
10	0.363105	0.422325	0.372216	0.435167	86
10	0.444095	0.422325	0.453206	0.435167	86
10	0.525084	0.422325	0.534196	0.435167	86
10	0.606074	0.422325	0.615186	0.435167	86
10	0.687064	0.422325	0.696175	0.435167	86
10	0.771429	0.417569	0.780540	0.430411	86
10	0.855793	0.427082	0.864904	0.439923	86
10	0.066142	0.460977	0.075253	0.473819	85
10	0.140383	0.460977	0.149494	0.473819	85
10	0.214623	0.460977	0.223735	0.473819	85
10	0.288864	0.460977	0.297975	0.473819	85
10	0.363105	0.460977	0.372216	0.473819	85
10	0.444095	0.460977	0.453206	0.473819	85
10	0.525084	0.460977	0.534196	0.473819	85
10	0.606074	0.460977	0.615186	0.473819	85
10	0.687064	0.460977	0.696175	0.473819	85
10	0.771429	0.456221	0.780540	0.469063	85
10	0.855793	0.465734	0.864904	0.478575	85
10	0.889539	0.474643	0.898650	0.487484	30
10	0.089764	0.493667	0.098875	0.506509	30
10	0.164005	0.493667	0.173116	0.506509	30
10	0.238245	0.493667	0.247357	0.506509	30
10	0.312486	0.493667	0.321597	0.506509	30
10	0.393476	0.493667	0.402587	0.506509	30
10	0.474466	0.493667	0.483577	0.506509	30
10	0.555456	0.493667	0.564567	0.506509	30
10	0.636445	0.498423	0.645557	0.511265	30
10	0.720810	0.503179	0.729921	0.516021	30
10	0.801800	0.503179	0.810911	0.516021	30
10	0.855456	0.491387	0.880765	0.509222	-K18
10	0.065382	0.510411	0.084364	0.528247	-K6
10	0.139623	0.510411	0.158605	0.528247	-K7
10	0.213864	0.510411	0.232846	0.528247	-K8
10	0.288105	0.510411	0.307087	0.528247	-K9
10	0.362767	0.510411	0.388076	0.528247	-K10
10	0.443757	0.510411	0.469066	0.528247	-K11
10	0.524747	0.510411	0.550056	0.528247	-K12
10	0.605737	0.515167	0.631046	0.533003	-K13
10	0.686727	0.519924	0.712036	0.537759	-K14
10	0.771091	0.519924	0.796400	0.537759	-K15
10	0.889539	0.513295	0.898650	0.526136	87
10	0.089764	0.532319	0.098875	0.545161	87
10	0.164005	0.532319	0.173116	0.545161	87
10	0.238245	0.532319	0.247357	0.545161	87
10	0.312486	0.532319	0.321597	0.545161	87
10	0.393476	0.532319	0.402587	0.545161	87
10	0.474466	0.532319	0.483577	0.545161	87
10	0.555456	0.532319	0.564567	0.545161	87
10	0.636445	0.537075	0.645557	0.549917	87
10	0.720810	0.541831	0.729921	0.554673	87
10	0.801800	0.541831	0.810911	0.554673	87
10	0.053753	0.727712	0.062865	0.759816	G4111
10	0.077375	0.734133	0.086487	0.759816	4113
10	0.124619	0.727712	0.133731	0.759816	G4211
10	0.148242	0.734133	0.157353	0.759816	4213
10	0.198860	0.727712	0.207971	0.759816	G5114
10	0.222482	0.734133	0.231594	0.759816	5118
10	0.273101	0.727712	0.282212	0.759816	G5123
10	0.300098	0.734133	0.309209	0.759816	4430
10	0.347342	0.727712	0.356453	0.759816	G4445
10	0.377713	0.734133	0.386824	0.759816	4435
10	0.428332	0.737225	0.437443	0.769328	G4511
10	0.458703	0.743645	0.467814	0.769328	4513
10	0.509321	0.737225	0.518433	0.769328	G4521
10	0.539693	0.743645	0.548804	0.769328	4523
10	0.590311	0.737225	0.599423	0.769328	G5125
10	0.620682	0.743645	0.629794	0.769328	5127
10	0.671301	0.737225	0.680412	0.769328	G6926
10	0.708421	0.743645	0.717533	0.769328	2402
10	0.755666	0.732469	0.764777	0.764572	G6966
10	0.786037	0.738889	0.795148	0.764572	2404
10	0.843405	0.727712	0.852516	0.759816	G5083
10	0.887274	0.729377	0.896385	0.755060	5181
10	0.907522	0.729377	0.916633	0.755060	5182
10	0.057843	0.888707	0.066954	0.914390	/4.5
10	0.081465	0.882286	0.090576	0.914390	/19.2
10	0.132083	0.888707	0.141195	0.914390	/4.5
10	0.155705	0.882286	0.164817	0.914390	/19.1
10	0.206324	0.888707	0.215435	0.914390	/4.5
10	0.229946	0.882286	0.239057	0.914390	/17.6
10	0.280565	0.888707	0.289676	0.914390	/4.5
10	0.304187	0.882286	0.313298	0.914390	/16.7
10	0.354806	0.888707	0.363917	0.914390	/4.5
10	0.385177	0.882286	0.394288	0.914390	/17.6
10	0.435795	0.888707	0.444907	0.914390	/4.5
10	0.466167	0.882286	0.475278	0.914390	/19.2
10	0.516785	0.888707	0.525897	0.914390	/4.5
10	0.547157	0.882286	0.556268	0.914390	/19.3
10	0.597775	0.888707	0.606886	0.914390	/4.5
10	0.628146	0.888707	0.637258	0.914390	/7.5
10	0.678765	0.888707	0.687876	0.914390	/4.6
10	0.712511	0.888707	0.721622	0.914390	/1.7
10	0.763129	0.888707	0.772241	0.914390	/4.6
10	0.793501	0.888707	0.802612	0.914390	/1.8
10	0.847494	0.888707	0.856605	0.914390	/4.8
10	0.881240	0.882286	0.890351	0.914390	/18.6
10	0.901487	0.882286	0.910599	0.914390	/18.7
10	0.022340	0.937118	0.047649	0.954954	车型
10	0.060742	0.937118	0.142998	0.954954	NTE200-Russia
10	0.222866	0.937368	0.248175	0.955203	内容
10	0.259843	0.937118	0.323116	0.954954	继电器电路
10	0.472019	0.937118	0.661839	0.954954	内蒙古北方重型汽车股份有限公司
10	0.679134	0.937118	0.704443	0.954954	版本
10	0.717000	0.936577	0.723327	0.954412	A
10	0.746625	0.937118	0.771935	0.954954	图号
10	0.777840	0.937118	0.828459	0.954954	20062776
10	0.867688	0.937118	0.894052	0.954954	第5
10	0.901434	0.937118	0.934336	0.954954	页共
10	0.944882	0.933706	0.957537	0.951541	24
10	0.968926	0.937118	0.981580	0.954954	页
10	0.071077	0.960899	0.077404	0.978734	1
10	0.192562	0.960899	0.198889	0.978734	2
10	0.314047	0.960899	0.320374	0.978734	3
10	0.435532	0.960899	0.441859	0.978734	4
10	0.557016	0.960899	0.563344	0.978734	5
10	0.678501	0.960899	0.684828	0.978734	6
10	0.799986	0.960899	0.806313	0.978734	7
10	0.921471	0.960899	0.927798	0.978734	8
11	0.067702	0.023944	0.074030	0.041779	1
11	0.192562	0.023944	0.198889	0.041779	2
11	0.310672	0.023944	0.316999	0.041779	3
11	0.435532	0.023944	0.441859	0.041779	4
11	0.557016	0.023944	0.563344	0.041779	5
11	0.681876	0.023944	0.688203	0.041779	6
11	0.799986	0.023944	0.806313	0.041779	7
11	0.921471	0.023944	0.927798	0.041779	8
11	0.076279	0.083496	0.085391	0.109179	/1.8
11	0.089778	0.080286	0.098889	0.112390	/23.3
11	0.118585	0.073746	0.127696	0.105850	/15.6
11	0.133647	0.080286	0.142759	0.112390	/24.4
11	0.145582	0.084923	0.154693	0.110606	/4.3
11	0.174142	0.083496	0.183253	0.109179	/4.6
11	0.186077	0.080167	0.195188	0.105850	/3.4
11	0.199575	0.080167	0.208686	0.105850	/4.6
11	0.213073	0.080167	0.222185	0.105850	/3.5
11	0.226572	0.073746	0.235683	0.105850	/20.1
11	0.253568	0.078503	0.262680	0.110606	/18.4
11	0.280565	0.073746	0.289676	0.105850	/20.3
11	0.307561	0.078503	0.316673	0.110606	/20.2
11	0.321060	0.078503	0.330171	0.110606	/24.2
11	0.348056	0.078503	0.357168	0.110606	/24.1
11	0.375053	0.078503	0.384164	0.110606	/24.2
11	0.479665	0.084923	0.488776	0.110606	/5.6
11	0.508225	0.083496	0.517337	0.109179	/5.7
11	0.520160	0.084923	0.529271	0.110606	/4.6
11	0.533658	0.080167	0.542770	0.105850	/3.7
11	0.548720	0.083496	0.557832	0.109179	/4.6
11	0.560655	0.080167	0.569766	0.105850	/3.4
11	0.601150	0.073746	0.610261	0.105850	/15.7
11	0.628146	0.073746	0.637258	0.105850	/19.4
11	0.655143	0.073746	0.664254	0.105850	/17.7
11	0.751195	0.073152	0.760306	0.105256	/15.2
11	0.763129	0.073746	0.772241	0.105850	/20.4
11	0.805188	0.073152	0.814300	0.105256	/20.4
11	0.832185	0.073152	0.841296	0.105256	/18.1
11	0.857618	0.073746	0.866729	0.105850	/18.2
11	0.884614	0.078503	0.893726	0.110606	/18.3
11	0.898113	0.078503	0.907224	0.110606	/18.3
11	0.911611	0.073746	0.920722	0.105850	/20.5
11	0.925109	0.073746	0.934221	0.105850	/20.5
11	0.070626	0.153887	0.079738	0.179570	2403
11	0.084125	0.153887	0.093236	0.179570	2107
11	0.097623	0.153887	0.106734	0.179570	1249
11	0.114496	0.153887	0.123607	0.179570	1416
11	0.127994	0.153887	0.137105	0.179570	3612
11	0.141492	0.153887	0.150604	0.179570	3441
11	0.168489	0.152222	0.177600	0.184326	G6907
11	0.181987	0.153887	0.191099	0.179570	6908
11	0.195486	0.152222	0.204597	0.184326	G6909
11	0.208984	0.153887	0.218095	0.179570	6910
11	0.222482	0.153887	0.231594	0.179570	3516
11	0.249479	0.153887	0.258590	0.179570	3442
11	0.273101	0.153887	0.282212	0.179570	3004
11	0.303472	0.153887	0.312583	0.179570	3002
11	0.316970	0.153887	0.326082	0.179570	3300
11	0.343967	0.153887	0.353078	0.179570	3119
11	0.370964	0.153887	0.380075	0.179570	3315
11	0.475576	0.153887	0.484687	0.179570	6926
11	0.502572	0.153887	0.511683	0.179570	5083
11	0.516071	0.152222	0.525182	0.184326	G6929
11	0.529569	0.158643	0.538680	0.184326	6930
11	0.543067	0.152222	0.552178	0.184326	G6931
11	0.556565	0.153887	0.565677	0.179570	6932
11	0.597060	0.153887	0.606172	0.179570	7118
11	0.624057	0.153887	0.633168	0.179570	2235
11	0.651054	0.153887	0.660165	0.179570	2531
11	0.745542	0.153887	0.754653	0.179570	3211
11	0.759040	0.153887	0.768152	0.179570	2602
11	0.799535	0.153887	0.808647	0.179570	3614
11	0.826532	0.153887	0.835643	0.179570	3413
11	0.853528	0.153887	0.862640	0.179570	3111
11	0.880525	0.153887	0.889636	0.179570	3606
11	0.894023	0.153887	0.903135	0.179570	3607
11	0.907522	0.153887	0.916633	0.179570	2558
11	0.921020	0.153887	0.930131	0.179570	2560
11	0.053993	0.448427	0.060321	0.466263	A
11	0.421822	0.448736	0.428150	0.466572	B
11	0.728909	0.448736	0.735236	0.466572	D
11	0.074241	0.462752	0.078796	0.475594	1
11	0.087739	0.462752	0.092295	0.475594	2
11	0.118110	0.462752	0.122666	0.475594	3
11	0.131609	0.462752	0.136164	0.475594	4
11	0.145107	0.462752	0.149663	0.475594	5
11	0.158605	0.462752	0.163161	0.475594	6
11	0.172103	0.462752	0.176659	0.475594	7
11	0.185602	0.462752	0.190157	0.475594	8
11	0.199100	0.462752	0.203656	0.475594	9
11	0.209224	0.462752	0.218335	0.475594	10
11	0.222722	0.462752	0.231833	0.475594	11
11	0.236220	0.462752	0.245332	0.475594	12
11	0.249719	0.462752	0.258830	0.475594	13
11	0.263217	0.462752	0.272328	0.475594	14
11	0.276715	0.462752	0.285827	0.475594	15
11	0.290214	0.462752	0.299325	0.475594	16
11	0.303712	0.462752	0.312823	0.475594	17
11	0.317210	0.462752	0.326322	0.475594	18
11	0.330709	0.462752	0.339820	0.475594	19
11	0.344207	0.462752	0.353318	0.475594	20
11	0.357705	0.462752	0.366817	0.475594	21
11	0.371204	0.462752	0.380315	0.475594	22
11	0.438695	0.462752	0.443251	0.475594	1
11	0.452193	0.462752	0.456749	0.475594	2
11	0.465692	0.462752	0.470247	0.475594	3
11	0.479190	0.462752	0.483746	0.475594	4
11	0.492688	0.462752	0.497244	0.475594	5
11	0.506187	0.462752	0.510742	0.475594	6
11	0.519685	0.462752	0.524241	0.475594	7
11	0.533183	0.462752	0.537739	0.475594	8
11	0.546682	0.462752	0.551237	0.475594	9
11	0.556805	0.462752	0.565917	0.475594	10
11	0.570304	0.462752	0.579415	0.475594	11
11	0.583802	0.462752	0.592913	0.475594	12
11	0.597300	0.462752	0.606412	0.475594	13
11	0.610799	0.462752	0.619910	0.475594	14
11	0.624297	0.462752	0.633408	0.475594	15
11	0.637795	0.462752	0.646906	0.475594	16
11	0.651294	0.462752	0.660405	0.475594	17
11	0.664792	0.462752	0.673903	0.475594	18
11	0.759280	0.462752	0.763836	0.475594	1
11	0.772778	0.462752	0.777334	0.475594	2
11	0.786277	0.462752	0.790832	0.475594	3
11	0.799775	0.462752	0.804331	0.475594	4
11	0.813273	0.462752	0.817829	0.475594	5
11	0.826772	0.462752	0.831327	0.475594	6
11	0.840270	0.462752	0.844826	0.475594	7
11	0.853768	0.462752	0.858324	0.475594	8
11	0.867267	0.462752	0.871822	0.475594	9
11	0.880765	0.462752	0.889876	0.475594	10
11	0.894263	0.462752	0.903375	0.475594	11
11	0.907762	0.462752	0.916873	0.475594	12
11	0.921260	0.462752	0.930371	0.475594	13
11	0.934758	0.462752	0.943869	0.475594	14
11	0.030371	0.477273	0.055680	0.495108	-X11
11	0.058279	0.477273	0.064606	0.495108	=
11	0.394826	0.477273	0.420135	0.495108	-X12
11	0.422733	0.477273	0.429061	0.495108	=
11	0.701912	0.477273	0.727222	0.495108	-X13
11	0.729820	0.477273	0.736147	0.495108	=
11	0.425197	0.515013	0.494797	0.532848	I/O扩展模块
11	0.040495	0.543859	0.046822	0.561694	C
11	0.674916	0.543859	0.681243	0.561694	E
11	0.026997	0.572395	0.052306	0.590231	-X14
11	0.054904	0.572395	0.061232	0.590231	=
11	0.084364	0.572746	0.088920	0.585588	1
11	0.097863	0.572746	0.102418	0.585588	2
11	0.111361	0.572746	0.115917	0.585588	3
11	0.124859	0.572746	0.129415	0.585588	4
11	0.138358	0.572746	0.142913	0.585588	5
11	0.151856	0.572746	0.156412	0.585588	6
11	0.165354	0.572746	0.169910	0.585588	7
11	0.178853	0.572746	0.183408	0.585588	8
11	0.192351	0.572746	0.196907	0.585588	9
11	0.205849	0.572746	0.214961	0.585588	10
11	0.647919	0.572395	0.673228	0.590231	-X15
11	0.675827	0.572395	0.682154	0.590231	=
11	0.705287	0.572746	0.709843	0.585588	1
11	0.718785	0.572746	0.723341	0.585588	2
11	0.732283	0.572746	0.736839	0.585588	3
11	0.745782	0.572746	0.750337	0.585588	4
11	0.759280	0.572746	0.763836	0.585588	5
11	0.772778	0.572746	0.777334	0.585588	6
11	0.786277	0.572746	0.790832	0.585588	7
11	0.799775	0.572746	0.804331	0.585588	8
11	0.813273	0.572746	0.817829	0.585588	9
11	0.826772	0.572746	0.835883	0.585588	10
11	0.840270	0.572746	0.849381	0.585588	11
11	0.853768	0.572746	0.862879	0.585588	12
11	0.867267	0.572746	0.876378	0.585588	13
11	0.880765	0.572746	0.889876	0.585588	14
11	0.894263	0.572746	0.903375	0.585588	15
11	0.907762	0.572746	0.916873	0.585588	16
11	0.921260	0.572746	0.930371	0.585588	17
11	0.934758	0.572746	0.943869	0.585588	18
11	0.080750	0.757914	0.089861	0.783597	5861
11	0.094248	0.757914	0.103360	0.783597	5860
11	0.107747	0.757914	0.116858	0.783597	6943
11	0.134743	0.757914	0.143855	0.783597	6943
11	0.148242	0.757914	0.157353	0.783597	6946
11	0.161740	0.757914	0.170851	0.783597	6947
11	0.175238	0.757914	0.184349	0.783597	6948
11	0.188736	0.757914	0.197848	0.783597	6949
11	0.705047	0.757914	0.714158	0.783597	6966
11	0.786037	0.757914	0.795148	0.783597	1442
11	0.799535	0.751493	0.808647	0.783597	G6973
11	0.813034	0.757914	0.822145	0.783597	6974
11	0.840030	0.757914	0.849141	0.783597	5123
11	0.867027	0.757914	0.876138	0.783597	1418
11	0.894023	0.757914	0.903135	0.783597	1316
11	0.907522	0.757914	0.916633	0.783597	2603
11	0.921020	0.757914	0.930131	0.783597	1248
11	0.076279	0.858744	0.085391	0.884426	/8.2
11	0.089778	0.858744	0.098889	0.884426	/8.2
11	0.103276	0.861122	0.112387	0.886804	/6.2
11	0.130273	0.858744	0.139384	0.884426	/6.1
11	0.143771	0.858744	0.152882	0.884426	/2.7
11	0.157269	0.858744	0.166381	0.884426	/2.7
11	0.170768	0.858744	0.179879	0.884426	/2.7
11	0.184266	0.858744	0.193377	0.884426	/2.8
11	0.710700	0.858744	0.719811	0.884426	/5.7
11	0.791690	0.855533	0.800801	0.887637	/21.8
11	0.805188	0.858744	0.814300	0.884426	/4.6
11	0.818687	0.861122	0.827798	0.886804	/3.8
11	0.845683	0.858744	0.854795	0.884426	/2.8
11	0.872680	0.855533	0.881791	0.887637	/21.7
11	0.899677	0.855533	0.908788	0.887637	/22.5
11	0.913175	0.855533	0.922286	0.887637	/23.3
11	0.926673	0.855533	0.935784	0.887637	/22.3
11	0.022340	0.937118	0.047649	0.954954	车型
11	0.060742	0.937118	0.142998	0.954954	NTE200-Russia
11	0.222866	0.937368	0.248175	0.955203	内容
11	0.259843	0.937118	0.329443	0.954954	I/O模块电路
11	0.472019	0.937118	0.661839	0.954954	内蒙古北方重型汽车股份有限公司
11	0.679134	0.937118	0.704443	0.954954	版本
11	0.717000	0.936577	0.723327	0.954412	A
11	0.746625	0.937118	0.771935	0.954954	图号
11	0.777840	0.937118	0.828459	0.954954	20062776
11	0.867688	0.937118	0.894052	0.954954	第6
11	0.901434	0.937118	0.934336	0.954954	页共
11	0.944882	0.933706	0.957537	0.951541	24
11	0.968926	0.937118	0.981580	0.954954	页
11	0.071077	0.960899	0.077404	0.978734	1
11	0.192562	0.960899	0.198889	0.978734	2
11	0.314047	0.960899	0.320374	0.978734	3
11	0.435532	0.960899	0.441859	0.978734	4
11	0.557016	0.960899	0.563344	0.978734	5
11	0.678501	0.960899	0.684828	0.978734	6
11	0.799986	0.960899	0.806313	0.978734	7
11	0.921471	0.960899	0.927798	0.978734	8
12	0.067702	0.023944	0.074030	0.041779	1
12	0.192562	0.023944	0.198889	0.041779	2
12	0.310672	0.023944	0.316999	0.041779	3
12	0.435532	0.023944	0.441859	0.041779	4
12	0.557016	0.023944	0.563344	0.041779	5
12	0.681876	0.023944	0.688203	0.041779	6
12	0.799986	0.023944	0.806313	0.041779	7
12	0.921471	0.023944	0.927798	0.041779	8
12	0.040970	0.080167	0.050081	0.105850	/2.2
12	0.054468	0.080167	0.063579	0.105850	/2.2
12	0.081465	0.080167	0.090576	0.105850	/2.4
12	0.094963	0.080167	0.104074	0.105850	/2.5
12	0.108461	0.080167	0.117573	0.105850	/2.6
12	0.121960	0.080167	0.131071	0.105850	/2.6
12	0.138833	0.080167	0.147944	0.105850	/2.6
12	0.204513	0.083496	0.213625	0.109179	/5.2
12	0.218012	0.083496	0.227123	0.109179	/5.1
12	0.229946	0.080167	0.239057	0.105850	/4.4
12	0.245008	0.080286	0.254120	0.112390	/18.4
12	0.256943	0.080167	0.266054	0.105850	/7.3
12	0.321060	0.080881	0.330171	0.112984	/16.1
12	0.334558	0.080881	0.343669	0.112984	/16.2
12	0.349620	0.080286	0.358731	0.112390	/16.7
12	0.363118	0.080286	0.372230	0.112390	/19.3
12	0.376617	0.080286	0.385728	0.112390	/19.3
12	0.402050	0.080881	0.411161	0.112984	/18.6
12	0.415548	0.080881	0.424659	0.112984	/20.4
12	0.487978	0.083496	0.497089	0.109179	/5.5
12	0.514974	0.083496	0.524086	0.109179	/5.2
12	0.526909	0.087301	0.536020	0.112984	/2.7
12	0.582466	0.083496	0.591577	0.109179	/5.4
12	0.607899	0.080167	0.617010	0.105850	/5.6
12	0.690453	0.083496	0.699564	0.109179	/5.5
12	0.703951	0.083496	0.713062	0.109179	/7.6
12	0.717449	0.080286	0.726561	0.112390	/18.5
12	0.730948	0.083496	0.740059	0.109179	/7.6
12	0.771442	0.080286	0.780554	0.112390	/10.2
12	0.798439	0.080286	0.807550	0.112390	/10.2
12	0.825436	0.083496	0.834547	0.109179	/3.4
12	0.838934	0.083496	0.848045	0.109179	/3.4
12	0.852432	0.083496	0.861544	0.109179	/3.3
12	0.879429	0.083496	0.888540	0.109179	/3.6
12	0.892927	0.083496	0.902039	0.109179	/3.5
12	0.906426	0.083496	0.915537	0.109179	/3.3
12	0.946921	0.080286	0.956032	0.112390	/16.3
12	0.047004	0.191936	0.056116	0.217619	5501
12	0.060503	0.191936	0.069614	0.217619	5502
12	0.087499	0.191936	0.096610	0.217619	5504
12	0.100997	0.191936	0.110109	0.217619	5505
12	0.114496	0.191936	0.123607	0.217619	5506
12	0.127994	0.191936	0.137105	0.217619	5507
12	0.144867	0.191936	0.153978	0.217619	5508
12	0.195486	0.191936	0.204597	0.217619	4211
12	0.208984	0.191936	0.218095	0.217619	4111
12	0.222482	0.191936	0.231594	0.217619	3439
12	0.235981	0.191936	0.245092	0.217619	3437
12	0.249479	0.191936	0.258590	0.217619	3512
12	0.327094	0.191936	0.336206	0.217619	4311
12	0.340593	0.191936	0.349704	0.217619	4312
12	0.354091	0.191936	0.363202	0.217619	4413
12	0.367589	0.191936	0.376700	0.217619	4427
12	0.381087	0.191936	0.390199	0.217619	4428
12	0.408084	0.191936	0.417195	0.217619	5117
12	0.421582	0.191936	0.430694	0.217619	5214
12	0.492448	0.191936	0.501560	0.217619	5125
12	0.519445	0.191936	0.528556	0.217619	5114
12	0.532943	0.191936	0.542055	0.217619	5207
12	0.586937	0.191936	0.596048	0.217619	4511
12	0.613933	0.191936	0.623045	0.217619	5127
12	0.694923	0.191936	0.704035	0.217619	4521
12	0.708421	0.191936	0.717533	0.217619	3213
12	0.721920	0.191936	0.731031	0.217619	3430
12	0.735418	0.191936	0.744530	0.217619	3415
12	0.775913	0.191936	0.785024	0.217619	7116
12	0.802910	0.191936	0.812021	0.217619	7117
12	0.829906	0.191936	0.839018	0.217619	5947
12	0.843405	0.191936	0.852516	0.217619	5941
12	0.856903	0.191936	0.866014	0.217619	5928
12	0.883900	0.191936	0.893011	0.217619	5934
12	0.897398	0.191936	0.906509	0.217619	5808
12	0.910896	0.191936	0.920008	0.217619	5802
12	0.951391	0.191936	0.960502	0.217619	5907
12	0.290214	0.286719	0.315523	0.304555	-X41
12	0.318121	0.286719	0.324449	0.304555	=
12	0.330709	0.291532	0.339820	0.304374	21
12	0.344207	0.291532	0.353318	0.304374	22
12	0.779528	0.291532	0.788639	0.304374	48
12	0.806524	0.291532	0.815635	0.304374	49
12	0.290214	0.320012	0.315523	0.337847	-X40
12	0.318121	0.320012	0.324449	0.337847	=
12	0.330709	0.325428	0.339820	0.338270	21
12	0.344207	0.325428	0.353318	0.338270	22
12	0.779528	0.325428	0.788639	0.338270	48
12	0.806524	0.325428	0.815635	0.338270	49
12	0.327094	0.353644	0.336206	0.379327	4311
12	0.340593	0.353644	0.349704	0.379327	4312
12	0.775913	0.353644	0.785024	0.379327	7116
12	0.802910	0.353644	0.812021	0.379327	7117
12	0.013498	0.434159	0.038808	0.451994	-X16
12	0.041406	0.434159	0.047733	0.451994	=
12	0.050619	0.443728	0.055174	0.456569	1
12	0.064117	0.443728	0.068673	0.456569	2
12	0.077615	0.443728	0.082171	0.456569	3
12	0.091114	0.443728	0.095669	0.456569	4
12	0.104612	0.443728	0.109168	0.456569	5
12	0.118110	0.443728	0.122666	0.456569	6
12	0.131609	0.443728	0.136164	0.456569	7
12	0.148481	0.443728	0.153037	0.456569	8
12	0.158605	0.443728	0.163161	0.456569	9
12	0.172103	0.443728	0.181215	0.456569	10
12	0.185602	0.443728	0.194713	0.456569	11
12	0.199100	0.443728	0.208211	0.456569	12
12	0.212598	0.443728	0.221710	0.456569	13
12	0.226097	0.443728	0.235208	0.456569	14
12	0.239595	0.443728	0.248706	0.456569	15
12	0.253093	0.443728	0.262205	0.456569	16
12	0.266592	0.443728	0.275703	0.456569	17
12	0.280090	0.443728	0.289201	0.456569	18
12	0.293588	0.443728	0.302700	0.456569	19
12	0.317210	0.443728	0.326322	0.456569	20
12	0.330709	0.443728	0.339820	0.456569	21
12	0.344207	0.443728	0.353318	0.456569	22
12	0.357705	0.443728	0.366817	0.456569	23
12	0.371204	0.443728	0.380315	0.456569	24
12	0.384702	0.443728	0.393813	0.456569	25
12	0.398200	0.443728	0.407312	0.456569	26
12	0.411699	0.443728	0.420810	0.456569	27
12	0.425197	0.443728	0.434308	0.456569	28
12	0.438695	0.443728	0.447806	0.456569	29
12	0.452193	0.443728	0.461305	0.456569	30
12	0.465692	0.443728	0.474803	0.456569	31
12	0.496063	0.443728	0.505174	0.456569	32
12	0.509561	0.443728	0.518673	0.456569	33
12	0.523060	0.443728	0.532171	0.456569	34
12	0.536558	0.443728	0.545669	0.456569	35
12	0.563555	0.443728	0.572666	0.456569	36
12	0.590551	0.443728	0.599662	0.456569	37
12	0.617548	0.443728	0.626659	0.456569	38
12	0.631046	0.443728	0.640157	0.456569	39
12	0.644545	0.443728	0.653656	0.456569	40
12	0.658043	0.443728	0.667154	0.456569	41
12	0.671541	0.443728	0.680652	0.456569	42
12	0.685039	0.443728	0.694151	0.456569	43
12	0.698538	0.443728	0.707649	0.456569	44
12	0.712036	0.443728	0.721147	0.456569	45
12	0.725534	0.443728	0.734646	0.456569	46
12	0.739033	0.443728	0.748144	0.456569	47
12	0.779528	0.443728	0.788639	0.456569	48
12	0.806524	0.443728	0.815635	0.456569	49
12	0.820023	0.443728	0.829134	0.456569	50
12	0.833521	0.443728	0.842632	0.456569	51
12	0.847019	0.443728	0.856130	0.456569	52
12	0.860518	0.443728	0.869629	0.456569	53
12	0.887514	0.443728	0.896625	0.456569	54
12	0.901012	0.443728	0.910124	0.456569	55
12	0.914511	0.443728	0.923622	0.456569	56
12	0.928009	0.443728	0.937120	0.456569	57
12	0.941507	0.443728	0.950618	0.456569	58
12	0.955006	0.443728	0.964117	0.456569	59
12	0.968504	0.443728	0.977615	0.456569	60
12	0.329359	0.455920	0.347581	0.468761	/7.1
12	0.050619	0.477624	0.055174	0.490465	1
12	0.064117	0.477624	0.068673	0.490465	2
12	0.077615	0.477624	0.082171	0.490465	3
12	0.091114	0.477624	0.095669	0.490465	4
12	0.104612	0.477624	0.109168	0.490465	5
12	0.118110	0.477624	0.122666	0.490465	6
12	0.131609	0.477624	0.136164	0.490465	7
12	0.148481	0.477624	0.153037	0.490465	8
12	0.158605	0.477624	0.163161	0.490465	9
12	0.172103	0.477624	0.181215	0.490465	10
12	0.185602	0.477624	0.194713	0.490465	11
12	0.199100	0.477624	0.208211	0.490465	12
12	0.212598	0.477624	0.221710	0.490465	13
12	0.226097	0.477624	0.235208	0.490465	14
12	0.239595	0.477624	0.248706	0.490465	15
12	0.253093	0.477624	0.262205	0.490465	16
12	0.266592	0.477624	0.275703	0.490465	17
12	0.280090	0.477624	0.289201	0.490465	18
12	0.293588	0.477624	0.302700	0.490465	19
12	0.317210	0.477624	0.326322	0.490465	20
12	0.330709	0.477624	0.339820	0.490465	21
12	0.344207	0.477624	0.353318	0.490465	22
12	0.357705	0.477624	0.366817	0.490465	23
12	0.371204	0.477624	0.380315	0.490465	24
12	0.384702	0.477624	0.393813	0.490465	25
12	0.398200	0.477624	0.407312	0.490465	26
12	0.411699	0.477624	0.420810	0.490465	27
12	0.425197	0.477624	0.434308	0.490465	28
12	0.438695	0.477624	0.447806	0.490465	29
12	0.452193	0.477624	0.461305	0.490465	30
12	0.465692	0.477624	0.474803	0.490465	31
12	0.496063	0.477624	0.505174	0.490465	32
12	0.509561	0.477624	0.518673	0.490465	33
12	0.523060	0.477624	0.532171	0.490465	34
12	0.536558	0.477624	0.545669	0.490465	35
12	0.563555	0.477624	0.572666	0.490465	36
12	0.590551	0.477624	0.599662	0.490465	37
12	0.617548	0.477624	0.626659	0.490465	38
12	0.631046	0.477624	0.640157	0.490465	39
12	0.644545	0.477624	0.653656	0.490465	40
12	0.658043	0.477624	0.667154	0.490465	41
12	0.671541	0.477624	0.680652	0.490465	42
12	0.685039	0.477624	0.694151	0.490465	43
12	0.698538	0.477624	0.707649	0.490465	44
12	0.712036	0.477624	0.721147	0.490465	45
12	0.725534	0.477624	0.734646	0.490465	46
12	0.739033	0.477624	0.748144	0.490465	47
12	0.779528	0.477624	0.788639	0.490465	48
12	0.806524	0.477624	0.815635	0.490465	49
12	0.820023	0.477624	0.829134	0.490465	50
12	0.833521	0.477624	0.842632	0.490465	51
12	0.847019	0.477624	0.856130	0.490465	52
12	0.860518	0.477624	0.869629	0.490465	53
12	0.887514	0.477624	0.896625	0.490465	54
12	0.901012	0.477624	0.910124	0.490465	55
12	0.914511	0.477624	0.923622	0.490465	56
12	0.928009	0.477624	0.937120	0.490465	57
12	0.941507	0.477624	0.950618	0.490465	58
12	0.955006	0.477624	0.964117	0.490465	59
12	0.968504	0.477624	0.977615	0.490465	60
12	0.013498	0.486476	0.038808	0.504312	-X17
12	0.041406	0.486476	0.047733	0.504312	=
12	0.047004	0.534376	0.056116	0.560059	5501
12	0.060503	0.534376	0.069614	0.560059	5502
12	0.087499	0.534376	0.096610	0.560059	5504
12	0.100997	0.534376	0.110109	0.560059	5505
12	0.114496	0.534376	0.123607	0.560059	5506
12	0.127994	0.534376	0.137105	0.560059	5507
12	0.144867	0.534376	0.153978	0.560059	5508
12	0.208984	0.534376	0.218095	0.560059	4211
12	0.222482	0.534376	0.231594	0.560059	4111
12	0.235981	0.534376	0.245092	0.560059	3439
12	0.249479	0.534376	0.258590	0.560059	3437
12	0.262977	0.534376	0.272089	0.560059	3512
12	0.327094	0.534376	0.336206	0.560059	4311
12	0.340593	0.534376	0.349704	0.560059	4312
12	0.354091	0.534376	0.363202	0.560059	4413
12	0.367589	0.534376	0.376700	0.560059	4427
12	0.381087	0.534376	0.390199	0.560059	4428
12	0.408084	0.534376	0.417195	0.560059	5117
12	0.421582	0.534376	0.430694	0.560059	5214
12	0.492448	0.534376	0.501560	0.560059	5125
12	0.519445	0.534376	0.528556	0.560059	5114
12	0.532943	0.534376	0.542055	0.560059	5207
12	0.586937	0.534376	0.596048	0.560059	4511
12	0.613933	0.534376	0.623045	0.560059	5127
12	0.694923	0.534376	0.704035	0.560059	4521
12	0.711796	0.534376	0.720907	0.560059	3213
12	0.721920	0.534376	0.731031	0.560059	3430
12	0.735418	0.534376	0.744530	0.560059	3415
12	0.775913	0.534376	0.785024	0.560059	7116
12	0.802910	0.534376	0.812021	0.560059	7117
12	0.833281	0.534376	0.842392	0.560059	5947
12	0.846779	0.534376	0.855891	0.560059	5941
12	0.860278	0.534376	0.869389	0.560059	5928
12	0.887274	0.534376	0.896385	0.560059	5934
12	0.897398	0.534376	0.906509	0.560059	5808
12	0.914271	0.534376	0.923382	0.560059	5802
12	0.954766	0.534376	0.963877	0.560059	5907
12	0.013498	0.581599	0.038808	0.599434	-X18
12	0.041406	0.581599	0.047733	0.599434	=
12	0.050619	0.591771	0.055174	0.604612	1
12	0.064117	0.591771	0.068673	0.604612	2
12	0.077615	0.591771	0.082171	0.604612	3
12	0.091114	0.591771	0.095669	0.604612	4
12	0.104612	0.591771	0.109168	0.604612	5
12	0.118110	0.591771	0.122666	0.604612	6
12	0.131609	0.591771	0.136164	0.604612	7
12	0.148481	0.591771	0.153037	0.604612	8
12	0.158605	0.591771	0.163161	0.604612	9
12	0.172103	0.591771	0.181215	0.604612	10
12	0.185602	0.591771	0.194713	0.604612	11
12	0.199100	0.591771	0.208211	0.604612	12
12	0.212598	0.591771	0.221710	0.604612	13
12	0.226097	0.591771	0.235208	0.604612	14
12	0.239595	0.591771	0.248706	0.604612	15
12	0.253093	0.591771	0.262205	0.604612	16
12	0.266592	0.591771	0.275703	0.604612	17
12	0.280090	0.591771	0.289201	0.604612	18
12	0.293588	0.591771	0.302700	0.604612	19
12	0.317210	0.591771	0.326322	0.604612	20
12	0.330709	0.591771	0.339820	0.604612	21
12	0.344207	0.591771	0.353318	0.604612	22
12	0.357705	0.591771	0.366817	0.604612	23
12	0.371204	0.591771	0.380315	0.604612	24
12	0.384702	0.591771	0.393813	0.604612	25
12	0.398200	0.591771	0.407312	0.604612	26
12	0.411699	0.591771	0.420810	0.604612	27
12	0.425197	0.591771	0.434308	0.604612	28
12	0.438695	0.591771	0.447806	0.604612	29
12	0.452193	0.591771	0.461305	0.604612	30
12	0.465692	0.591771	0.474803	0.604612	31
12	0.496063	0.591771	0.505174	0.604612	32
12	0.509561	0.591771	0.518673	0.604612	33
12	0.523060	0.591771	0.532171	0.604612	34
12	0.536558	0.591771	0.545669	0.604612	35
12	0.563555	0.591771	0.572666	0.604612	36
12	0.590551	0.591771	0.599662	0.604612	37
12	0.617548	0.591771	0.626659	0.604612	38
12	0.631046	0.591771	0.640157	0.604612	39
12	0.644545	0.591771	0.653656	0.604612	40
12	0.658043	0.591771	0.667154	0.604612	41
12	0.671541	0.591771	0.680652	0.604612	42
12	0.685039	0.591771	0.694151	0.604612	43
12	0.698538	0.591771	0.707649	0.604612	44
12	0.712036	0.591771	0.721147	0.604612	45
12	0.725534	0.591771	0.734646	0.604612	46
12	0.739033	0.591771	0.748144	0.604612	47
12	0.779528	0.591771	0.788639	0.604612	48
12	0.806524	0.591771	0.815635	0.604612	49
12	0.820023	0.591771	0.829134	0.604612	50
12	0.833521	0.591771	0.842632	0.604612	51
12	0.847019	0.591771	0.856130	0.604612	52
12	0.860518	0.591771	0.869629	0.604612	53
12	0.887514	0.591771	0.896625	0.604612	54
12	0.901012	0.591771	0.910124	0.604612	55
12	0.914511	0.591771	0.923622	0.604612	56
12	0.928009	0.591771	0.937120	0.604612	57
12	0.941507	0.591771	0.950618	0.604612	58
12	0.955006	0.591771	0.964117	0.604612	59
12	0.968504	0.591771	0.977615	0.604612	60
12	0.013498	0.633916	0.038808	0.651751	-X19
12	0.041406	0.633916	0.047733	0.651751	=
12	0.050619	0.633973	0.055174	0.646814	1
12	0.064117	0.633973	0.068673	0.646814	2
12	0.077615	0.633973	0.082171	0.646814	3
12	0.091114	0.633973	0.095669	0.646814	4
12	0.104612	0.633973	0.109168	0.646814	5
12	0.118110	0.633973	0.122666	0.646814	6
12	0.131609	0.633973	0.136164	0.646814	7
12	0.148481	0.633973	0.153037	0.646814	8
12	0.158605	0.633973	0.163161	0.646814	9
12	0.172103	0.629819	0.181215	0.642661	10
12	0.185602	0.633973	0.194713	0.646814	11
12	0.199100	0.633973	0.208211	0.646814	12
12	0.212598	0.633973	0.221710	0.646814	13
12	0.226097	0.633973	0.235208	0.646814	14
12	0.239595	0.633973	0.248706	0.646814	15
12	0.253093	0.633973	0.262205	0.646814	16
12	0.266592	0.633973	0.275703	0.646814	17
12	0.280090	0.633973	0.289201	0.646814	18
12	0.293588	0.633973	0.302700	0.646814	19
12	0.317210	0.633973	0.326322	0.646814	20
12	0.330709	0.633973	0.339820	0.646814	21
12	0.344207	0.633973	0.353318	0.646814	22
12	0.357705	0.633973	0.366817	0.646814	23
12	0.371204	0.633973	0.380315	0.646814	24
12	0.384702	0.633973	0.393813	0.646814	25
12	0.398200	0.633973	0.407312	0.646814	26
12	0.411699	0.633973	0.420810	0.646814	27
12	0.425197	0.633973	0.434308	0.646814	28
12	0.438695	0.633973	0.447806	0.646814	29
12	0.452193	0.633973	0.461305	0.646814	30
12	0.465692	0.633973	0.474803	0.646814	31
12	0.496063	0.633973	0.505174	0.646814	32
12	0.509561	0.633973	0.518673	0.646814	33
12	0.523060	0.633973	0.532171	0.646814	34
12	0.536558	0.633973	0.545669	0.646814	35
12	0.563555	0.633973	0.572666	0.646814	36
12	0.590551	0.633973	0.599662	0.646814	37
12	0.617548	0.633973	0.626659	0.646814	38
12	0.631046	0.633973	0.640157	0.646814	39
12	0.644545	0.633973	0.653656	0.646814	40
12	0.658043	0.633973	0.667154	0.646814	41
12	0.671541	0.633973	0.680652	0.646814	42
12	0.685039	0.633973	0.694151	0.646814	43
12	0.698538	0.633973	0.707649	0.646814	44
12	0.712036	0.629819	0.721147	0.642661	45
12	0.725534	0.633973	0.734646	0.646814	46
12	0.739033	0.633973	0.748144	0.646814	47
12	0.779528	0.633973	0.788639	0.646814	48
12	0.806524	0.633973	0.815635	0.646814	49
12	0.820023	0.633973	0.829134	0.646814	50
12	0.833521	0.633973	0.842632	0.646814	51
12	0.847019	0.633973	0.856130	0.646814	52
12	0.860518	0.633973	0.869629	0.646814	53
12	0.887514	0.633973	0.896625	0.646814	54
12	0.901012	0.633973	0.910124	0.646814	55
12	0.914511	0.633973	0.923622	0.646814	56
12	0.928009	0.633973	0.937120	0.646814	57
12	0.941507	0.633973	0.950618	0.646814	58
12	0.955006	0.633973	0.964117	0.646814	59
12	0.968504	0.633973	0.977615	0.646814	60
12	0.047004	0.667547	0.056116	0.693230	5501
12	0.060503	0.667547	0.069614	0.693230	5502
12	0.087499	0.667547	0.096610	0.693230	5504
12	0.100997	0.667547	0.110109	0.693230	5505
12	0.114496	0.667547	0.123607	0.693230	5506
12	0.127994	0.667547	0.137105	0.693230	5507
12	0.144867	0.667547	0.153978	0.693230	5508
12	0.208984	0.667547	0.218095	0.693230	4211
12	0.222482	0.667547	0.231594	0.693230	4111
12	0.235981	0.667547	0.245092	0.693230	3439
12	0.249479	0.667547	0.258590	0.693230	3437
12	0.262977	0.667547	0.272089	0.693230	3512
12	0.327094	0.667547	0.336206	0.693230	4311
12	0.340593	0.667547	0.349704	0.693230	4312
12	0.354091	0.667547	0.363202	0.693230	4413
12	0.367589	0.667547	0.376700	0.693230	4427
12	0.381087	0.667547	0.390199	0.693230	4428
12	0.408084	0.667547	0.417195	0.693230	5117
12	0.421582	0.667547	0.430694	0.693230	5214
12	0.492448	0.667547	0.501560	0.693230	5125
12	0.519445	0.667547	0.528556	0.693230	5114
12	0.532943	0.667547	0.542055	0.693230	5207
12	0.586937	0.667547	0.596048	0.693230	4511
12	0.613933	0.667547	0.623045	0.693230	5127
12	0.694923	0.667547	0.704035	0.693230	4521
12	0.711796	0.667547	0.720907	0.693230	3213
12	0.725294	0.667547	0.734406	0.693230	3430
12	0.738793	0.667547	0.747904	0.693230	3415
12	0.775913	0.667547	0.785024	0.693230	7116
12	0.802910	0.667547	0.812021	0.693230	7117
12	0.829906	0.667547	0.839018	0.693230	5947
12	0.843405	0.667547	0.852516	0.693230	5941
12	0.856903	0.667547	0.866014	0.693230	5928
12	0.883900	0.667547	0.893011	0.693230	5934
12	0.897398	0.667547	0.906509	0.693230	5808
12	0.910896	0.667547	0.920008	0.693230	5802
12	0.951391	0.667547	0.960502	0.693230	5907
12	0.040970	0.860170	0.050081	0.885853	/9.1
12	0.054468	0.860170	0.063579	0.885853	/9.1
12	0.081465	0.860170	0.090576	0.885853	/9.2
12	0.094963	0.860170	0.104074	0.885853	/9.2
12	0.108461	0.860170	0.117573	0.885853	/9.3
12	0.121960	0.860170	0.131071	0.885853	/9.4
12	0.138833	0.860170	0.147944	0.885853	/9.4
12	0.204513	0.867423	0.213625	0.899527	/10.8
12	0.218012	0.867423	0.227123	0.899527	/10.7
12	0.229946	0.863262	0.239057	0.895365	/11.4
12	0.245008	0.867423	0.254120	0.899527	/11.4
12	0.256943	0.869683	0.266054	0.895365	/7.3
12	0.321060	0.863262	0.330171	0.895365	/12.7
12	0.334558	0.863262	0.343669	0.895365	/12.8
12	0.349620	0.867423	0.358731	0.899527	/10.5
12	0.363118	0.867423	0.372230	0.899527	/11.3
12	0.376617	0.867423	0.385728	0.899527	/11.3
12	0.402050	0.863262	0.411161	0.895365	/10.6
12	0.415548	0.863262	0.424659	0.895365	/14.3
12	0.487978	0.867423	0.497089	0.899527	/12.5
12	0.514974	0.867423	0.524086	0.899527	/10.6
12	0.526909	0.863262	0.536020	0.895365	/14.3
12	0.582466	0.867423	0.591577	0.899527	/11.2
12	0.607899	0.863262	0.617010	0.895365	/14.5
12	0.690453	0.862667	0.699564	0.894771	/11.2
12	0.703951	0.865878	0.713062	0.891561	/7.6
12	0.717449	0.862667	0.726561	0.894771	/12.6
12	0.730948	0.865878	0.740059	0.891561	/7.6
12	0.771442	0.862667	0.780554	0.894771	/15.7
12	0.796875	0.863262	0.805987	0.895365	/15.7
12	0.823872	0.863262	0.832983	0.895365	/12.8
12	0.837370	0.863262	0.846482	0.895365	/12.7
12	0.850869	0.863262	0.859980	0.895365	/12.7
12	0.877865	0.863262	0.886976	0.895365	/12.8
12	0.891364	0.863262	0.900475	0.895365	/12.2
12	0.904862	0.863262	0.913973	0.895365	/12.2
12	0.946921	0.862667	0.956032	0.894771	/13.4
12	0.022340	0.937118	0.047649	0.954954	车型
12	0.060742	0.937118	0.142998	0.954954	NTE200-Russia
12	0.222866	0.937368	0.248175	0.955203	内容
12	0.259843	0.937118	0.348425	0.954954	配电箱到驾驶室
12	0.472019	0.937118	0.661839	0.954954	内蒙古北方重型汽车股份有限公司
12	0.679134	0.937118	0.704443	0.954954	版本
12	0.717000	0.936577	0.723327	0.954412	A
12	0.746625	0.937118	0.771935	0.954954	图号
12	0.777840	0.937118	0.828459	0.954954	20062776
12	0.867688	0.937118	0.894052	0.954954	第7
12	0.901434	0.937118	0.934336	0.954954	页共
12	0.944882	0.933706	0.957537	0.951541	24
12	0.968926	0.937118	0.981580	0.954954	页
12	0.071077	0.960899	0.077404	0.978734	1
12	0.192562	0.960899	0.198889	0.978734	2
12	0.314047	0.960899	0.320374	0.978734	3
12	0.435532	0.960899	0.441859	0.978734	4
12	0.557016	0.960899	0.563344	0.978734	5
12	0.678501	0.960899	0.684828	0.978734	6
12	0.799986	0.960899	0.806313	0.978734	7
12	0.921471	0.960899	0.927798	0.978734	8
13	0.067702	0.023944	0.074030	0.041779	1
13	0.192562	0.023944	0.198889	0.041779	2
13	0.310672	0.023944	0.316999	0.041779	3
13	0.435532	0.023944	0.441859	0.041779	4
13	0.557016	0.023944	0.563344	0.041779	5
13	0.681876	0.023944	0.688203	0.041779	6
13	0.799986	0.023944	0.806313	0.041779	7
13	0.921471	0.023944	0.927798	0.041779	8
13	0.062781	0.070774	0.071892	0.102878	/17.3
13	0.076279	0.070774	0.085391	0.102878	/17.4
13	0.089778	0.070774	0.098889	0.102878	/17.5
13	0.103276	0.070774	0.112387	0.102878	/18.5
13	0.128709	0.075411	0.137820	0.101094	/6.1
13	0.142207	0.075411	0.151319	0.101094	/6.1
13	0.155705	0.075411	0.164817	0.101094	/8.2
13	0.182702	0.068990	0.191813	0.101094	/22.5
13	0.196200	0.068990	0.205312	0.101094	/22.5
13	0.223197	0.068990	0.232308	0.101094	/22.6
13	0.236695	0.068990	0.245807	0.101094	/22.6
13	0.265256	0.070774	0.274367	0.102878	/15.6
13	0.278754	0.070774	0.287865	0.102878	/13.3
13	0.290689	0.068990	0.299800	0.101094	/15.6
13	0.322623	0.073984	0.331735	0.099667	/4.7
13	0.339496	0.073984	0.348608	0.099667	/4.8
13	0.364929	0.068990	0.374041	0.101094	/21.7
13	0.406988	0.070774	0.416099	0.102878	/23.1
13	0.423861	0.070774	0.432972	0.102878	/23.1
13	0.444108	0.070774	0.453220	0.102878	/23.2
13	0.457607	0.070774	0.466718	0.102878	/23.2
13	0.469541	0.075411	0.478653	0.101094	/2.6
13	0.484603	0.070774	0.493715	0.102878	/23.2
13	0.601150	0.068990	0.610261	0.101094	/15.2
13	0.628146	0.068990	0.637258	0.101094	/15.2
13	0.655143	0.068990	0.664254	0.101094	/15.1
13	0.722635	0.068990	0.731746	0.101094	/16.5
13	0.736133	0.068990	0.745244	0.101094	/22.4
13	0.749631	0.068990	0.758743	0.101094	/16.5
13	0.763129	0.068990	0.772241	0.101094	/22.4
13	0.776628	0.068990	0.785739	0.101094	/16.5
13	0.790126	0.068990	0.799237	0.101094	/22.4
13	0.715171	0.139619	0.724282	0.165302	6701
13	0.742167	0.144375	0.751279	0.170058	6702
13	0.769164	0.144375	0.778275	0.170058	6703
13	0.057128	0.229985	0.066239	0.255668	7211
13	0.070626	0.229985	0.079738	0.255668	7212
13	0.084125	0.229985	0.093236	0.255668	7213
13	0.097623	0.229985	0.106734	0.255668	3451
13	0.124619	0.229985	0.133731	0.255668	5860
13	0.138118	0.229985	0.147229	0.255668	5861
13	0.151616	0.229985	0.160727	0.255668	5862
13	0.178613	0.229985	0.187724	0.255668	1323
13	0.192111	0.229985	0.201222	0.255668	1322
13	0.219108	0.229985	0.228219	0.255668	1330
13	0.232606	0.229985	0.241717	0.255668	1324
13	0.259603	0.229985	0.268714	0.255668	6302
13	0.273101	0.229985	0.282212	0.255668	1301
13	0.286599	0.229985	0.295711	0.255668	1311
13	0.316970	0.229985	0.326082	0.255668	2801
13	0.333843	0.229985	0.342955	0.255668	2802
13	0.360840	0.229985	0.369951	0.255668	1434
13	0.401335	0.229985	0.410446	0.255668	2101
13	0.418208	0.229985	0.427319	0.255668	2102
13	0.438455	0.229985	0.447567	0.255668	2555
13	0.451954	0.229985	0.461065	0.255668	2556
13	0.465452	0.229985	0.474563	0.255668	2108
13	0.478950	0.229985	0.488061	0.255668	2106
13	0.597060	0.229985	0.606172	0.255668	1724
13	0.624057	0.229985	0.633168	0.255668	1725
13	0.651054	0.229985	0.660165	0.255668	1726
13	0.732044	0.229985	0.741155	0.255668	1701
13	0.759040	0.229985	0.768152	0.255668	1702
13	0.786037	0.229985	0.795148	0.255668	1703
13	0.025309	0.324926	0.050619	0.342761	-X16
13	0.070866	0.329581	0.079977	0.342423	61
13	0.084364	0.329581	0.093476	0.342423	62
13	0.097863	0.329581	0.106974	0.342423	63
13	0.111361	0.329581	0.120472	0.342423	64
13	0.124859	0.329581	0.133971	0.342423	65
13	0.138358	0.329581	0.147469	0.342423	66
13	0.151856	0.329581	0.160967	0.342423	67
13	0.165354	0.329581	0.174466	0.342423	68
13	0.178853	0.329581	0.187964	0.342423	69
13	0.192351	0.329581	0.201462	0.342423	70
13	0.205849	0.329581	0.214961	0.342423	71
13	0.232846	0.329581	0.241957	0.342423	72
13	0.246344	0.329581	0.255455	0.342423	73
13	0.259843	0.329581	0.268954	0.342423	74
13	0.273341	0.329581	0.282452	0.342423	75
13	0.286839	0.329581	0.295950	0.342423	76
13	0.300337	0.329581	0.309449	0.342423	77
13	0.313836	0.329581	0.322947	0.342423	78
13	0.330709	0.329581	0.339820	0.342423	79
13	0.347582	0.329581	0.356693	0.342423	80
13	0.361080	0.329581	0.370191	0.342423	81
13	0.374578	0.329581	0.383690	0.342423	82
13	0.388077	0.329581	0.397188	0.342423	83
13	0.401575	0.329581	0.410686	0.342423	84
13	0.415073	0.329581	0.424184	0.342423	85
13	0.431946	0.329581	0.441057	0.342423	86
13	0.452193	0.329581	0.461305	0.342423	87
13	0.465692	0.329581	0.474803	0.342423	88
13	0.479190	0.329581	0.488301	0.342423	89
13	0.492688	0.329581	0.501800	0.342423	90
13	0.506187	0.329581	0.515298	0.342423	91
13	0.523060	0.329581	0.532171	0.342423	92
13	0.539933	0.329581	0.549044	0.342423	93
13	0.560180	0.329581	0.569291	0.342423	94
13	0.573678	0.329581	0.582790	0.342423	95
13	0.587177	0.329581	0.596288	0.342423	96
13	0.610799	0.329581	0.619910	0.342423	97
13	0.637795	0.329581	0.646906	0.342423	98
13	0.664792	0.329581	0.673903	0.342423	99
13	0.691789	0.329581	0.705456	0.342423	100
13	0.718785	0.329581	0.732452	0.342423	101
13	0.745782	0.329581	0.759449	0.342423	102
13	0.772778	0.329581	0.786445	0.342423	103
13	0.799775	0.329581	0.813442	0.342423	104
13	0.826772	0.329581	0.840439	0.342423	105
13	0.853768	0.329581	0.867435	0.342423	106
13	0.880765	0.329581	0.894432	0.342423	107
13	0.907762	0.329581	0.921428	0.342423	108
13	0.025309	0.362479	0.050619	0.380315	-X17
13	0.070866	0.363477	0.079977	0.376319	61
13	0.084364	0.363477	0.093476	0.376319	62
13	0.097863	0.363477	0.106974	0.376319	63
13	0.111361	0.363477	0.120472	0.376319	64
13	0.124859	0.363477	0.133971	0.376319	65
13	0.138358	0.363477	0.147469	0.376319	66
13	0.151856	0.363477	0.160967	0.376319	67
13	0.165354	0.363477	0.174466	0.376319	68
13	0.178853	0.363477	0.187964	0.376319	69
13	0.192351	0.363477	0.201462	0.376319	70
13	0.205849	0.363477	0.214961	0.376319	71
13	0.232846	0.363477	0.241957	0.376319	72
13	0.246344	0.363477	0.255455	0.376319	73
13	0.259843	0.363477	0.268954	0.376319	74
13	0.273341	0.363477	0.282452	0.376319	75
13	0.286839	0.363477	0.295950	0.376319	76
13	0.300337	0.363477	0.309449	0.376319	77
13	0.313836	0.363477	0.322947	0.376319	78
13	0.330709	0.363477	0.339820	0.376319	79
13	0.347582	0.363477	0.356693	0.376319	80
13	0.361080	0.363477	0.370191	0.376319	81
13	0.374578	0.363477	0.383690	0.376319	82
13	0.388077	0.363477	0.397188	0.376319	83
13	0.401575	0.363477	0.410686	0.376319	84
13	0.415073	0.363477	0.424184	0.376319	85
13	0.431946	0.363477	0.441057	0.376319	86
13	0.452193	0.363477	0.461305	0.376319	87
13	0.465692	0.363477	0.474803	0.376319	88
13	0.479190	0.363477	0.488301	0.376319	89
13	0.492688	0.363477	0.501800	0.376319	90
13	0.506187	0.363477	0.515298	0.376319	91
13	0.523060	0.363477	0.532171	0.376319	92
13	0.539933	0.363477	0.549044	0.376319	93
13	0.560180	0.363477	0.569291	0.376319	94
13	0.573678	0.363477	0.582790	0.376319	95
13	0.587177	0.363477	0.596288	0.376319	96
13	0.610799	0.363477	0.619910	0.376319	97
13	0.637795	0.363477	0.646906	0.376319	98
13	0.664792	0.363477	0.673903	0.376319	99
13	0.691789	0.363477	0.705456	0.376319	100
13	0.718785	0.363477	0.732452	0.376319	101
13	0.745782	0.363477	0.759449	0.376319	102
13	0.772778	0.363477	0.786445	0.376319	103
13	0.799775	0.363477	0.813442	0.376319	104
13	0.826772	0.363477	0.840439	0.376319	105
13	0.853768	0.363477	0.867435	0.376319	106
13	0.880765	0.363477	0.894432	0.376319	107
13	0.907762	0.363477	0.921428	0.376319	108
13	0.826350	0.413065	0.845332	0.430901	-U1
13	0.898313	0.415319	0.934758	0.428160	电控水阀
13	0.852081	0.444591	0.877390	0.462427	-X72
13	0.897975	0.460026	0.902531	0.472868	1
13	0.924972	0.460026	0.929528	0.472868	2
13	0.951969	0.460026	0.956524	0.472868	3
13	0.057128	0.453522	0.066239	0.479205	7211
13	0.070626	0.453522	0.079738	0.479205	7212
13	0.084125	0.453522	0.093236	0.479205	7213
13	0.097623	0.453522	0.106734	0.479205	3451
13	0.124619	0.453522	0.133731	0.479205	5860
13	0.138118	0.453522	0.147229	0.479205	5861
13	0.151616	0.453522	0.160727	0.479205	5862
13	0.178613	0.453522	0.187724	0.479205	1323
13	0.192111	0.453522	0.201222	0.479205	1322
13	0.219108	0.453522	0.228219	0.479205	1330
13	0.232606	0.453522	0.241717	0.479205	1324
13	0.259603	0.453522	0.268714	0.479205	6302
13	0.273101	0.453522	0.282212	0.479205	1301
13	0.286599	0.453522	0.295711	0.479205	1311
13	0.316970	0.453522	0.326082	0.479205	2801
13	0.333843	0.453522	0.342955	0.479205	2802
13	0.357465	0.453522	0.366577	0.479205	1434
13	0.401335	0.453522	0.410446	0.479205	2101
13	0.418208	0.453522	0.427319	0.479205	2102
13	0.438455	0.453522	0.447567	0.479205	2555
13	0.451954	0.453522	0.461065	0.479205	2556
13	0.465452	0.453522	0.474563	0.479205	2108
13	0.478950	0.453522	0.488061	0.479205	2106
13	0.597060	0.453522	0.606172	0.479205	1724
13	0.624057	0.453522	0.633168	0.479205	1725
13	0.651054	0.453522	0.660165	0.479205	1726
13	0.732044	0.453522	0.741155	0.479205	1701
13	0.759040	0.453522	0.768152	0.479205	1702
13	0.786037	0.453522	0.795148	0.479205	1703
13	0.850154	0.521773	0.859265	0.541035	611
13	0.877150	0.528193	0.886262	0.541035	1S
13	0.944642	0.515352	0.953753	0.541035	G611
13	0.025309	0.591675	0.050619	0.609511	-X18
13	0.070866	0.595924	0.079977	0.608765	61
13	0.084364	0.595924	0.093476	0.608765	62
13	0.097863	0.595924	0.106974	0.608765	63
13	0.111361	0.595924	0.120472	0.608765	64
13	0.124859	0.595924	0.133971	0.608765	65
13	0.138358	0.595924	0.147469	0.608765	66
13	0.151856	0.595924	0.160967	0.608765	67
13	0.165354	0.595924	0.174466	0.608765	68
13	0.178853	0.595924	0.187964	0.608765	69
13	0.192351	0.595924	0.201462	0.608765	70
13	0.205849	0.595924	0.214961	0.608765	71
13	0.232846	0.595924	0.241957	0.608765	72
13	0.246344	0.595924	0.255455	0.608765	73
13	0.259843	0.595924	0.268954	0.608765	74
13	0.273341	0.595924	0.282452	0.608765	75
13	0.286839	0.595924	0.295950	0.608765	76
13	0.300337	0.595924	0.309449	0.608765	77
13	0.313836	0.595924	0.322947	0.608765	78
13	0.330709	0.595924	0.339820	0.608765	79
13	0.347582	0.595924	0.356693	0.608765	80
13	0.361080	0.595924	0.370191	0.608765	81
13	0.374578	0.595924	0.383690	0.608765	82
13	0.388077	0.595924	0.397188	0.608765	83
13	0.401575	0.595924	0.410686	0.608765	84
13	0.415073	0.595924	0.424184	0.608765	85
13	0.431946	0.595924	0.441057	0.608765	86
13	0.452193	0.595924	0.461305	0.608765	87
13	0.465692	0.595924	0.474803	0.608765	88
13	0.479190	0.595924	0.488301	0.608765	89
13	0.492688	0.595924	0.501800	0.608765	90
13	0.506187	0.595924	0.515298	0.608765	91
13	0.523060	0.595924	0.532171	0.608765	92
13	0.539933	0.595924	0.549044	0.608765	93
13	0.560180	0.595924	0.569291	0.608765	94
13	0.573678	0.595924	0.582790	0.608765	95
13	0.587177	0.595924	0.596288	0.608765	96
13	0.610799	0.595924	0.619910	0.608765	97
13	0.637795	0.595924	0.646906	0.608765	98
13	0.664792	0.595924	0.673903	0.608765	99
13	0.691789	0.595924	0.705456	0.608765	100
13	0.718785	0.595924	0.732452	0.608765	101
13	0.745782	0.595924	0.759449	0.608765	102
13	0.772778	0.595924	0.786445	0.608765	103
13	0.799775	0.595924	0.813442	0.608765	104
13	0.826772	0.595924	0.840439	0.608765	105
13	0.853768	0.595924	0.867435	0.608765	106
13	0.880765	0.595924	0.894432	0.608765	107
13	0.907762	0.595924	0.921428	0.608765	108
13	0.025309	0.629317	0.050619	0.647153	-X19
13	0.070866	0.629819	0.079977	0.642661	61
13	0.084364	0.629819	0.093476	0.642661	62
13	0.097863	0.629819	0.106974	0.642661	63
13	0.111361	0.629819	0.120472	0.642661	64
13	0.124859	0.629819	0.133971	0.642661	65
13	0.138358	0.629819	0.147469	0.642661	66
13	0.151856	0.629819	0.160967	0.642661	67
13	0.165354	0.629819	0.174466	0.642661	68
13	0.178853	0.629819	0.187964	0.642661	69
13	0.192351	0.629819	0.201462	0.642661	70
13	0.205849	0.629819	0.214961	0.642661	71
13	0.232846	0.629819	0.241957	0.642661	72
13	0.246344	0.629819	0.255455	0.642661	73
13	0.259843	0.629819	0.268954	0.642661	74
13	0.273341	0.629819	0.282452	0.642661	75
13	0.286839	0.629819	0.295950	0.642661	76
13	0.300337	0.629819	0.309449	0.642661	77
13	0.313836	0.629819	0.322947	0.642661	78
13	0.330709	0.629819	0.339820	0.642661	79
13	0.347582	0.629819	0.356693	0.642661	80
13	0.361080	0.629819	0.370191	0.642661	81
13	0.374578	0.629819	0.383690	0.642661	82
13	0.388077	0.629819	0.397188	0.642661	83
13	0.401575	0.629819	0.410686	0.642661	84
13	0.415073	0.629819	0.424184	0.642661	85
13	0.431946	0.629819	0.441057	0.642661	86
13	0.452193	0.629819	0.461305	0.642661	87
13	0.465692	0.629819	0.474803	0.642661	88
13	0.479190	0.629819	0.488301	0.642661	89
13	0.492688	0.629819	0.501800	0.642661	90
13	0.506187	0.629819	0.515298	0.642661	91
13	0.523060	0.629819	0.532171	0.642661	92
13	0.539933	0.629819	0.549044	0.642661	93
13	0.560180	0.629819	0.569291	0.642661	94
13	0.573678	0.629819	0.582790	0.642661	95
13	0.587177	0.629819	0.596288	0.642661	96
13	0.610799	0.629819	0.619910	0.642661	97
13	0.637795	0.629819	0.646906	0.642661	98
13	0.664792	0.629819	0.673903	0.642661	99
13	0.691789	0.629819	0.705456	0.642661	100
13	0.718785	0.629819	0.732452	0.642661	101
13	0.745782	0.629819	0.759449	0.642661	102
13	0.772778	0.629819	0.786445	0.642661	103
13	0.799775	0.629819	0.813442	0.642661	104
13	0.826772	0.629819	0.840439	0.642661	105
13	0.853768	0.629819	0.867435	0.642661	106
13	0.880765	0.629819	0.894432	0.642661	107
13	0.907762	0.629819	0.921428	0.642661	108
13	0.057128	0.738889	0.066239	0.764572	7211
13	0.070626	0.738889	0.079738	0.764572	7212
13	0.084125	0.738889	0.093236	0.764572	7213
13	0.097623	0.738889	0.106734	0.764572	3451
13	0.124619	0.738889	0.133731	0.764572	5860
13	0.138118	0.738889	0.147229	0.764572	5861
13	0.151616	0.738889	0.160727	0.764572	5862
13	0.178613	0.738889	0.187724	0.764572	1323
13	0.192111	0.738889	0.201222	0.764572	1322
13	0.205609	0.738889	0.214721	0.764572	1330
13	0.232606	0.738889	0.241717	0.764572	1324
13	0.259603	0.738889	0.268714	0.764572	6302
13	0.273101	0.738889	0.282212	0.764572	1301
13	0.286599	0.738889	0.295711	0.764572	1311
13	0.320345	0.738889	0.329456	0.764572	2801
13	0.337218	0.738889	0.346329	0.764572	2802
13	0.360840	0.738889	0.369951	0.764572	1434
13	0.401335	0.738889	0.410446	0.764572	2101
13	0.418208	0.738889	0.427319	0.764572	2102
13	0.438455	0.738889	0.447567	0.764572	2555
13	0.451954	0.738889	0.461065	0.764572	2556
13	0.465452	0.738889	0.474563	0.764572	2108
13	0.478950	0.738889	0.488061	0.764572	2106
13	0.597060	0.738889	0.606172	0.764572	1724
13	0.624057	0.738889	0.633168	0.764572	1725
13	0.651054	0.738889	0.660165	0.764572	1726
13	0.732044	0.738889	0.741155	0.764572	1701
13	0.759040	0.738889	0.768152	0.764572	1702
13	0.786037	0.738889	0.795148	0.764572	1703
13	0.840030	0.740554	0.849141	0.759816	611
13	0.867027	0.742218	0.876138	0.755060	1S
13	0.894023	0.738889	0.903135	0.764572	G611
13	0.062781	0.867423	0.071892	0.899527	/12.7
13	0.076279	0.867423	0.085391	0.899527	/12.7
13	0.089778	0.867423	0.098889	0.899527	/12.8
13	0.103276	0.867423	0.112387	0.899527	/11.6
13	0.128709	0.863262	0.137820	0.895365	/12.4
13	0.142207	0.863262	0.151319	0.895365	/12.4
13	0.155705	0.869683	0.164817	0.895365	/8.2
13	0.182702	0.863262	0.191813	0.895365	/14.7
13	0.196200	0.863262	0.205312	0.895365	/14.8
13	0.223197	0.863262	0.232308	0.895365	/14.8
13	0.236695	0.863262	0.245807	0.895365	/14.8
13	0.265256	0.870634	0.274367	0.896317	/9.5
13	0.278754	0.867423	0.287865	0.899527	/15.6
13	0.290689	0.869683	0.299800	0.895365	/9.5
13	0.322623	0.867423	0.331735	0.899527	/10.4
13	0.339496	0.867423	0.348608	0.899527	/10.5
13	0.364929	0.863262	0.374041	0.895365	/10.2
13	0.406988	0.867423	0.416099	0.899527	/13.7
13	0.423861	0.867423	0.432972	0.899527	/13.7
13	0.444108	0.867423	0.453220	0.899527	/13.3
13	0.457607	0.867423	0.466718	0.899527	/13.3
13	0.469541	0.863262	0.478653	0.895365	/10.3
13	0.484603	0.867423	0.493715	0.899527	/10.3
13	0.601150	0.869683	0.610261	0.895365	/9.7
13	0.628146	0.869683	0.637258	0.895365	/9.7
13	0.655143	0.869683	0.664254	0.895365	/9.8
13	0.736133	0.869683	0.745244	0.895365	/9.6
13	0.763129	0.869683	0.772241	0.895365	/9.6
13	0.790126	0.869683	0.799237	0.895365	/9.6
13	0.844119	0.863262	0.853231	0.895365	/14.3
13	0.871116	0.863262	0.880227	0.895365	/14.2
13	0.898113	0.863262	0.907224	0.895365	/24.5
13	0.022340	0.937118	0.047649	0.954954	车型
13	0.060742	0.937118	0.142998	0.954954	NTE200-Russia
13	0.222866	0.937368	0.248175	0.955203	内容
13	0.259843	0.937118	0.348425	0.954954	配电箱到驾驶室
13	0.472019	0.937118	0.661839	0.954954	内蒙古北方重型汽车股份有限公司
13	0.679134	0.937118	0.704443	0.954954	版本
13	0.717000	0.936577	0.723327	0.954412	A
13	0.746625	0.937118	0.771935	0.954954	图号
13	0.777840	0.937118	0.828459	0.954954	20062776
13	0.867688	0.937118	0.894052	0.954954	第8
13	0.901434	0.937118	0.934336	0.954954	页共
13	0.944882	0.933706	0.957537	0.951541	24
13	0.968926	0.937118	0.981580	0.954954	页
13	0.071077	0.960899	0.077404	0.978734	1
13	0.192562	0.960899	0.198889	0.978734	2
13	0.314047	0.960899	0.320374	0.978734	3
13	0.435532	0.960899	0.441859	0.978734	4
13	0.557016	0.960899	0.563344	0.978734	5
13	0.678501	0.960899	0.684828	0.978734	6
13	0.799986	0.960899	0.806313	0.978734	7
13	0.921471	0.960899	0.927798	0.978734	8
14	0.067702	0.023944	0.074030	0.041779	1
14	0.192562	0.023944	0.198889	0.041779	2
14	0.310672	0.023944	0.316999	0.041779	3
14	0.435532	0.023944	0.441859	0.041779	4
14	0.557016	0.023944	0.563344	0.041779	5
14	0.681876	0.023944	0.688203	0.041779	6
14	0.799986	0.023944	0.806313	0.041779	7
14	0.921471	0.023944	0.927798	0.041779	8
14	0.061217	0.137241	0.070329	0.162923	/7.1
14	0.101712	0.137241	0.110824	0.162923	/7.1
14	0.159080	0.137241	0.168191	0.162923	/7.1
14	0.206324	0.137241	0.215435	0.162923	/7.1
14	0.253568	0.137241	0.262680	0.162923	/7.1
14	0.385177	0.137241	0.394288	0.162923	/7.2
14	0.445919	0.137241	0.455031	0.162923	/7.2
14	0.466167	0.130820	0.475278	0.162923	/10.6
14	0.510036	0.130820	0.519147	0.162923	/13.5
14	0.688889	0.137241	0.698000	0.162923	/8.6
14	0.712511	0.137241	0.721622	0.162923	/8.7
14	0.729384	0.137241	0.738495	0.162923	/8.7
14	0.746257	0.130820	0.755368	0.162923	/13.4
14	0.823872	0.130820	0.832983	0.162923	/13.4
14	0.901487	0.130820	0.910599	0.162923	/13.4
14	0.558844	0.137359	0.567955	0.169463	/13.2
14	0.057128	0.320351	0.066239	0.346034	5501
14	0.097623	0.320351	0.106734	0.346034	5502
14	0.154991	0.320351	0.164102	0.346034	5504
14	0.202235	0.320351	0.211346	0.346034	5505
14	0.249479	0.320351	0.258590	0.346034	5506
14	0.381087	0.320351	0.390199	0.346034	5507
14	0.441830	0.320351	0.450941	0.346034	5508
14	0.462077	0.320351	0.471189	0.346034	4104
14	0.505947	0.320351	0.515058	0.346034	5917
14	0.553191	0.320351	0.562302	0.346034	5887
14	0.684799	0.320351	0.693911	0.346034	1701
14	0.708421	0.320351	0.717533	0.346034	1702
14	0.725294	0.320351	0.734406	0.346034	1703
14	0.742167	0.320351	0.751279	0.346034	1721
14	0.819783	0.320351	0.828894	0.346034	1722
14	0.897398	0.320351	0.906509	0.346034	1723
14	0.016873	0.443980	0.067491	0.461816	-TB1-CAB
14	0.330709	0.443980	0.381327	0.461816	-TB2-CAB
14	0.641170	0.443826	0.691788	0.461661	-TB3-CAB
14	0.072216	0.493969	0.076772	0.506810	A
14	0.112711	0.493969	0.117267	0.506810	B
14	0.136333	0.493969	0.140889	0.506810	C
14	0.170079	0.493969	0.174634	0.506810	D
14	0.217323	0.493969	0.221879	0.506810	E
14	0.264567	0.493969	0.269123	0.506810	F
14	0.396175	0.493969	0.400731	0.506810	A
14	0.456918	0.493969	0.461474	0.506810	B
14	0.477165	0.493969	0.481721	0.506810	C
14	0.521035	0.493969	0.525591	0.506810	D
14	0.568279	0.493969	0.572835	0.506810	E
14	0.591901	0.493969	0.596457	0.506810	F
14	0.699888	0.493969	0.704443	0.506810	A
14	0.723510	0.493969	0.728065	0.506810	B
14	0.740383	0.493969	0.744938	0.506810	C
14	0.757255	0.493969	0.761811	0.506810	D
14	0.834871	0.493969	0.839426	0.506810	E
14	0.912486	0.493969	0.917042	0.506810	F
14	0.057128	0.715109	0.066239	0.740792	4101
14	0.074001	0.715109	0.083112	0.740792	4103
14	0.087499	0.715109	0.096610	0.740792	5940
14	0.107747	0.715109	0.116858	0.740792	5208
14	0.124619	0.715109	0.133731	0.740792	5103
14	0.138118	0.715109	0.147229	0.740792	8301
14	0.151616	0.715109	0.160727	0.740792	3406
14	0.165114	0.715109	0.174226	0.740792	2500
14	0.181987	0.715109	0.191099	0.740792	6101
14	0.195486	0.715109	0.204597	0.740792	4401
14	0.212359	0.715109	0.221470	0.740792	5351
14	0.229231	0.715109	0.238343	0.740792	6201
14	0.242730	0.715109	0.251841	0.740792	2800
14	0.259603	0.715109	0.268714	0.740792	2400
14	0.276476	0.715109	0.285587	0.740792	5081
14	0.289974	0.715109	0.299085	0.740792	1727
14	0.330469	0.715109	0.339580	0.740792	7301
14	0.347342	0.715109	0.356453	0.740792	3502
14	0.360840	0.715109	0.369951	0.740792	2501
14	0.374338	0.715109	0.383450	0.740792	6203
14	0.397960	0.715109	0.407072	0.740792	5203
14	0.414833	0.715109	0.423945	0.740792	5202
14	0.428332	0.715109	0.437443	0.740792	5104
14	0.441830	0.715109	0.450941	0.740792	5205
14	0.455328	0.715109	0.464439	0.740792	5206
14	0.472201	0.715109	0.481312	0.740792	4104
14	0.489074	0.715109	0.498185	0.740792	4320
14	0.502572	0.715109	0.511683	0.740792	4320
14	0.516071	0.715109	0.525182	0.740792	6302
14	0.532943	0.715109	0.542055	0.740792	6303
14	0.546442	0.715109	0.555553	0.740792	6304
14	0.563315	0.715109	0.572426	0.740792	1311
14	0.580188	0.715109	0.589299	0.740792	1222
14	0.593686	0.715109	0.602797	0.740792	1451
14	0.617308	0.715109	0.626419	0.740792	1707
14	0.634181	0.715109	0.643292	0.740792	5834
14	0.647679	0.715109	0.656790	0.740792	6225
14	0.661177	0.715109	0.670289	0.740792	1708
14	0.678050	0.715109	0.687162	0.740792	5835
14	0.694923	0.715109	0.704035	0.740792	6226
14	0.705047	0.715109	0.714158	0.740792	1709
14	0.721920	0.715109	0.731031	0.740792	5836
14	0.735418	0.715109	0.744530	0.740792	6227
14	0.752291	0.715109	0.761402	0.740792	6106
14	0.769164	0.715109	0.778275	0.740792	5903
14	0.786037	0.715109	0.795148	0.740792	1724
14	0.802910	0.715109	0.812021	0.740792	1724
14	0.816408	0.715109	0.825519	0.740792	6228
14	0.829906	0.715109	0.839018	0.740792	6107
14	0.846779	0.715109	0.855891	0.740792	5905
14	0.860278	0.715109	0.869389	0.740792	1725
14	0.873776	0.715109	0.882887	0.740792	1725
14	0.887274	0.715109	0.896385	0.740792	6229
14	0.907522	0.715109	0.916633	0.740792	6108
14	0.924395	0.715109	0.933506	0.740792	5895
14	0.941267	0.715109	0.950379	0.740792	1726
14	0.954766	0.715109	0.963877	0.740792	1726
14	0.968264	0.715109	0.977375	0.740792	6230
14	0.061217	0.787164	0.070329	0.819268	/10.8
14	0.078090	0.787164	0.087201	0.819268	/10.5
14	0.091589	0.787164	0.100700	0.819268	/12.7
14	0.101712	0.787164	0.110824	0.819268	/14.5
14	0.118585	0.787164	0.127696	0.819268	/10.6
14	0.132083	0.787164	0.141195	0.819268	/13.2
14	0.145582	0.787164	0.154693	0.819268	/11.6
14	0.159080	0.787164	0.168191	0.819268	/13.3
14	0.175953	0.787164	0.185064	0.819268	/11.2
14	0.189451	0.787164	0.198563	0.819268	/11.3
14	0.206324	0.787164	0.215435	0.819268	/11.5
14	0.223197	0.787164	0.232308	0.819268	/13.5
14	0.236695	0.787164	0.245807	0.819268	/10.4
14	0.253568	0.787164	0.262680	0.819268	/10.1
14	0.270441	0.787164	0.279552	0.819268	/10.4
14	0.283939	0.787164	0.293051	0.819268	/14.6
14	0.324434	0.787164	0.333546	0.819268	/14.4
14	0.341307	0.787164	0.350419	0.819268	/12.3
14	0.354806	0.787164	0.363917	0.819268	/13.4
14	0.368304	0.787164	0.377415	0.819268	/13.5
14	0.391926	0.787164	0.401037	0.819268	/14.5
14	0.408799	0.787164	0.417910	0.819268	/14.4
14	0.422297	0.787164	0.431408	0.819268	/14.5
14	0.435795	0.787164	0.444907	0.819268	/14.5
14	0.449294	0.787164	0.458405	0.819268	/14.6
14	0.466167	0.787164	0.475278	0.819268	/11.3
14	0.483040	0.787164	0.492151	0.819268	/10.6
14	0.496538	0.787164	0.505649	0.819268	/13.4
14	0.510036	0.793585	0.519147	0.819268	/8.3
14	0.526909	0.787164	0.536020	0.819268	/14.1
14	0.540407	0.787164	0.549519	0.819268	/14.1
14	0.558844	0.794536	0.567955	0.820219	/8.3
14	0.575717	0.791326	0.584828	0.823429	/14.2
14	0.589215	0.791326	0.598327	0.823429	/14.1
14	0.611274	0.787164	0.620385	0.819268	/13.6
14	0.628146	0.787164	0.637258	0.819268	/12.1
14	0.641645	0.787164	0.650756	0.819268	/14.2
14	0.655143	0.787164	0.664254	0.819268	/13.6
14	0.672016	0.787164	0.681127	0.819268	/12.1
14	0.688889	0.787164	0.698000	0.819268	/14.2
14	0.699013	0.787164	0.708124	0.819268	/13.6
14	0.715886	0.787164	0.724997	0.819268	/12.2
14	0.729384	0.787164	0.738495	0.819268	/14.3
14	0.746257	0.787164	0.755368	0.819268	/13.6
14	0.763129	0.787164	0.772241	0.819268	/13.3
14	0.780002	0.793585	0.789114	0.819268	/8.5
14	0.810374	0.787164	0.819485	0.819268	/14.1
14	0.823872	0.787164	0.832983	0.819268	/13.6
14	0.840745	0.787164	0.849856	0.819268	/13.4
14	0.854243	0.793585	0.863354	0.819268	/8.6
14	0.881240	0.787164	0.890351	0.819268	/14.1
14	0.901487	0.787164	0.910599	0.819268	/13.6
14	0.918360	0.787164	0.927471	0.819268	/13.3
14	0.935233	0.793585	0.944344	0.819268	/8.6
14	0.962230	0.787164	0.971341	0.819268	/14.1
14	0.796875	0.896555	0.805987	0.928658	/13.3
14	0.867741	0.896555	0.876853	0.928658	/13.3
14	0.022340	0.937118	0.047649	0.954954	车型
14	0.060742	0.937118	0.142998	0.954954	NTE200-Russia
14	0.222866	0.937368	0.248175	0.955203	内容
14	0.259843	0.937118	0.323116	0.954954	驾驶室接点
14	0.472019	0.937118	0.661839	0.954954	内蒙古北方重型汽车股份有限公司
14	0.679134	0.937118	0.704443	0.954954	版本
14	0.717000	0.936577	0.723327	0.954412	A
14	0.746625	0.937118	0.771935	0.954954	图号
14	0.777840	0.937118	0.828459	0.954954	20062776
14	0.867688	0.937118	0.894052	0.954954	第9
14	0.901434	0.937118	0.934336	0.954954	页共
14	0.944882	0.933706	0.957537	0.951541	24
14	0.968926	0.937118	0.981580	0.954954	页
14	0.071077	0.960899	0.077404	0.978734	1
14	0.192562	0.960899	0.198889	0.978734	2
14	0.314047	0.960899	0.320374	0.978734	3
14	0.435532	0.960899	0.441859	0.978734	4
14	0.557016	0.960899	0.563344	0.978734	5
14	0.678501	0.960899	0.684828	0.978734	6
14	0.799986	0.960899	0.806313	0.978734	7
14	0.921471	0.960899	0.927798	0.978734	8
15	0.067702	0.023944	0.074030	0.041779	1
15	0.192562	0.023944	0.198889	0.041779	2
15	0.310672	0.023944	0.316999	0.041779	3
15	0.435532	0.023944	0.441859	0.041779	4
15	0.557016	0.023944	0.563344	0.041779	5
15	0.681876	0.023944	0.688203	0.041779	6
15	0.799986	0.023944	0.806313	0.041779	7
15	0.921471	0.023944	0.927798	0.041779	8
15	0.037595	0.084923	0.046706	0.110606	/9.3
15	0.147146	0.080286	0.156257	0.112390	/11.1
15	0.199575	0.084923	0.208686	0.110606	/7.7
15	0.253568	0.078503	0.262680	0.110606	/12.3
15	0.307561	0.078503	0.316673	0.110606	/12.5
15	0.346246	0.083496	0.355357	0.109179	/8.4
15	0.363118	0.080286	0.372230	0.112390	/12.2
15	0.430610	0.080286	0.439721	0.112390	/12.3
15	0.491352	0.083496	0.500464	0.109179	/8.3
15	0.518349	0.083496	0.527460	0.109179	/8.3
15	0.575717	0.080286	0.584828	0.112390	/10.8
15	0.658518	0.084923	0.667629	0.110606	/9.4
15	0.707325	0.083496	0.716437	0.109179	/7.5
15	0.724198	0.083496	0.733310	0.109179	/7.4
15	0.744446	0.080286	0.753557	0.112390	/13.2
15	0.764693	0.080286	0.773805	0.112390	/14.6
15	0.784941	0.080286	0.794052	0.112390	/13.2
15	0.803624	0.078503	0.812736	0.110606	/12.3
15	0.830621	0.078503	0.839732	0.110606	/12.3
15	0.845683	0.080286	0.854795	0.112390	/12.2
15	0.862556	0.083496	0.871667	0.109179	/7.2
15	0.892927	0.083496	0.902039	0.109179	/7.2
15	0.909800	0.080286	0.918912	0.112390	/12.2
15	0.930048	0.080286	0.939159	0.112390	/14.5
15	0.952106	0.084923	0.961217	0.110606	/9.1
15	0.033506	0.191936	0.042617	0.217619	2400
15	0.141492	0.191936	0.150604	0.217619	1459
15	0.195486	0.191936	0.204597	0.217619	7116
15	0.249479	0.191936	0.258590	0.217619	4302
15	0.303472	0.191936	0.312583	0.217619	3007
15	0.340593	0.191936	0.349704	0.217619	2106
15	0.357465	0.191936	0.366577	0.217619	2110
15	0.424957	0.191936	0.434068	0.217619	5082
15	0.485699	0.191936	0.494811	0.217619	2801
15	0.512696	0.191936	0.521807	0.217619	2802
15	0.570064	0.191936	0.579175	0.217619	4201
15	0.654428	0.191936	0.663540	0.217619	4320
15	0.701672	0.191936	0.710784	0.217619	5114
15	0.718545	0.191936	0.727657	0.217619	5117
15	0.738793	0.191936	0.747904	0.217619	5112
15	0.759040	0.191936	0.768152	0.217619	5111
15	0.779288	0.191936	0.788399	0.217619	5113
15	0.799535	0.191936	0.808647	0.217619	4316
15	0.826532	0.191936	0.835643	0.217619	4315
15	0.840030	0.191936	0.849141	0.217619	4118
15	0.856903	0.191936	0.866014	0.217619	4111
15	0.887274	0.191936	0.896385	0.217619	4211
15	0.904147	0.191936	0.913258	0.217619	4119
15	0.924395	0.191936	0.933506	0.217619	5116
15	0.948017	0.191936	0.957128	0.217619	4101
15	0.059055	0.244637	0.081833	0.257478	1434A
15	0.109674	0.244637	0.127896	0.257478	1455
15	0.102925	0.320735	0.121147	0.333576	4320
15	0.156918	0.320735	0.175140	0.333576	4320
15	0.207537	0.320735	0.225759	0.333576	4320
15	0.258155	0.320735	0.276378	0.333576	4320
15	0.315523	0.320735	0.333746	0.333576	4320
15	0.352643	0.320735	0.370866	0.333576	4320
15	0.410011	0.320735	0.428234	0.333576	4320
15	0.474128	0.320735	0.492351	0.333576	4320
15	0.679977	0.339346	0.705287	0.357181	-S19
15	0.668841	0.359577	0.705287	0.372419	组合开关
15	0.555118	0.391508	0.580427	0.409344	-S10
15	0.582115	0.396642	0.586670	0.409484	1
15	0.595613	0.391508	0.620922	0.409344	-S10
15	0.626322	0.396642	0.630877	0.409484	6
15	0.652981	0.397594	0.657537	0.410435	8
15	0.715411	0.389334	0.724522	0.402176	6b
15	0.735658	0.389334	0.744769	0.402176	2b
15	0.755905	0.389334	0.765017	0.402176	3b
15	0.776153	0.389334	0.785264	0.402176	4b
15	0.796400	0.389334	0.805512	0.402176	4a
15	0.816648	0.389334	0.825759	0.402176	3a
15	0.843644	0.389334	0.852756	0.402176	1a
15	0.874016	0.389334	0.883127	0.402176	5a
15	0.904387	0.389334	0.913498	0.402176	6a
15	0.941507	0.389334	0.950618	0.402176	5b
15	0.965129	0.389334	0.974241	0.402176	8a
15	0.075506	0.410533	0.094488	0.428368	-S5
15	0.099888	0.417569	0.104443	0.430411	1
15	0.129499	0.410533	0.148481	0.428368	-S6
15	0.153881	0.417569	0.158436	0.430411	1
15	0.183493	0.410533	0.202475	0.428368	-S7
15	0.207874	0.417569	0.212430	0.430411	1
15	0.237486	0.410533	0.256468	0.428368	-S8
15	0.261867	0.417569	0.266423	0.430411	1
15	0.291479	0.410533	0.310461	0.428368	-S9
15	0.315860	0.417569	0.320416	0.430411	1
15	0.339145	0.405777	0.364454	0.423612	-S42
15	0.369854	0.412813	0.374409	0.425655	1
15	0.406637	0.405777	0.431946	0.423612	-S43
15	0.437345	0.412813	0.441901	0.425655	1
15	0.467379	0.410533	0.492688	0.428368	-S44
15	0.498088	0.417569	0.502643	0.430411	3
15	0.636108	0.420045	0.661417	0.437880	-S10
15	0.666817	0.427082	0.675928	0.439923	10
15	0.582115	0.439099	0.586670	0.451941	3
15	0.626322	0.439099	0.630877	0.451941	2
15	0.021513	0.453338	0.040495	0.471173	-S4
15	0.045894	0.460374	0.050450	0.473216	1
15	0.099888	0.456221	0.104443	0.469063	5
15	0.153881	0.456221	0.158436	0.469063	5
15	0.207874	0.456221	0.212430	0.469063	5
15	0.261867	0.456221	0.266423	0.469063	5
15	0.315860	0.456221	0.320416	0.469063	5
15	0.369516	0.453338	0.394826	0.471173	-S42
15	0.369854	0.451465	0.374409	0.464307	3
15	0.400225	0.460374	0.409336	0.473216	10
15	0.437008	0.453338	0.462317	0.471173	-S43
15	0.437345	0.451465	0.441901	0.464307	5
15	0.467717	0.460374	0.476828	0.473216	10
15	0.498088	0.456221	0.502643	0.469063	5
15	0.099128	0.462850	0.118110	0.480685	-S5
15	0.123510	0.469887	0.132621	0.482728	10
15	0.153122	0.462850	0.172104	0.480685	-S6
15	0.177503	0.469887	0.186614	0.482728	10
15	0.207115	0.462850	0.226097	0.480685	-S7
15	0.231496	0.469887	0.240607	0.482728	10
15	0.261108	0.462850	0.280090	0.480685	-S8
15	0.285489	0.469887	0.294601	0.482728	10
15	0.315101	0.462850	0.334083	0.480685	-S9
15	0.339483	0.469887	0.348594	0.482728	10
15	0.497750	0.462850	0.523060	0.480685	-S44
15	0.528459	0.469887	0.537570	0.482728	10
15	0.666817	0.465734	0.671372	0.478575	9
15	0.045894	0.499026	0.050450	0.511868	5
15	0.400225	0.499026	0.404781	0.511868	9
15	0.467717	0.499026	0.472272	0.511868	9
15	0.045135	0.505655	0.064117	0.523491	-S4
15	0.069516	0.512692	0.078628	0.525533	10
15	0.123510	0.508539	0.128065	0.521380	9
15	0.177503	0.508539	0.182059	0.521380	9
15	0.231496	0.508539	0.236052	0.521380	9
15	0.285489	0.508539	0.290045	0.521380	9
15	0.339483	0.508539	0.344038	0.521380	9
15	0.528459	0.508539	0.533015	0.521380	9
15	0.624057	0.496327	0.633168	0.522010	4103
15	0.718785	0.522505	0.727896	0.535347	1b
15	0.830146	0.522505	0.839258	0.535347	2a
15	0.904387	0.522505	0.913498	0.535347	7a
15	0.069516	0.551344	0.074072	0.564185	9
15	0.099550	0.601346	0.122328	0.614187	G4320
15	0.153543	0.601346	0.176322	0.614187	G4320
15	0.207537	0.601346	0.230315	0.614187	G4320
15	0.261530	0.601346	0.284308	0.614187	G4320
15	0.315523	0.601346	0.338301	0.614187	G4320
15	0.369516	0.601346	0.392295	0.614187	G4320
15	0.410011	0.601346	0.432790	0.614187	G4320
15	0.501125	0.601346	0.523903	0.614187	G4320
15	0.555118	0.601346	0.577896	0.614187	G4320
15	0.033506	0.719865	0.042617	0.745548	1415
15	0.087499	0.719865	0.096610	0.745548	1528
15	0.138118	0.719865	0.147229	0.745548	1434
15	0.195486	0.719865	0.204597	0.745548	7117
15	0.249479	0.718200	0.258590	0.750304	G4302
15	0.303472	0.718200	0.312583	0.750304	G3007
15	0.357465	0.715109	0.366577	0.740792	2108
15	0.424957	0.715109	0.434068	0.740792	5081
15	0.485699	0.715109	0.494811	0.740792	2800
15	0.570064	0.715109	0.579175	0.740792	4103
15	0.613933	0.715109	0.623045	0.740792	4413
15	0.634181	0.715109	0.643292	0.740792	4104
15	0.654428	0.713444	0.663540	0.745548	G4320
15	0.701672	0.715109	0.710784	0.740792	5103
15	0.813034	0.713444	0.822145	0.745548	G4301
15	0.887274	0.715109	0.896385	0.740792	4201
15	0.037595	0.882286	0.046706	0.914390	/12.5
15	0.091589	0.882286	0.100700	0.914390	/12.5
15	0.147146	0.884902	0.156257	0.910585	/8.3
15	0.201139	0.884902	0.210250	0.910585	/7.7
15	0.253568	0.882286	0.262680	0.914390	/24.8
15	0.307561	0.882286	0.316673	0.914390	/24.5
15	0.363118	0.889658	0.372230	0.915341	/8.4
15	0.430610	0.889658	0.439721	0.915341	/9.3
15	0.491352	0.889658	0.500464	0.915341	/9.2
15	0.575717	0.889658	0.584828	0.915341	/9.1
15	0.618023	0.888707	0.627134	0.914390	/7.3
15	0.638270	0.888707	0.647382	0.914390	/9.4
15	0.658518	0.882286	0.667629	0.914390	/24.6
15	0.707325	0.884902	0.716437	0.910585	/9.1
15	0.818687	0.886448	0.827798	0.918552	/24.5
15	0.892927	0.881692	0.902039	0.913795	/10.5
15	0.022340	0.937118	0.047649	0.954954	车型
15	0.060742	0.937118	0.142998	0.954954	NTE200-Russia
15	0.222866	0.937368	0.248175	0.955203	内容
15	0.259843	0.937118	0.310461	0.954954	开关电路
15	0.472019	0.937118	0.661839	0.954954	内蒙古北方重型汽车股份有限公司
15	0.679134	0.937118	0.704443	0.954954	版本
15	0.717000	0.936577	0.723327	0.954412	A
15	0.746625	0.937118	0.771935	0.954954	图号
15	0.777840	0.937118	0.828459	0.954954	20062776
15	0.867688	0.937118	0.897216	0.954954	第10
15	0.901434	0.937118	0.934336	0.954954	页共
15	0.944882	0.933706	0.957537	0.951541	24
15	0.968926	0.937118	0.981580	0.954954	页
15	0.071077	0.960899	0.077404	0.978734	1
15	0.192562	0.960899	0.198889	0.978734	2
15	0.314047	0.960899	0.320374	0.978734	3
15	0.435532	0.960899	0.441859	0.978734	4
15	0.557016	0.960899	0.563344	0.978734	5
15	0.678501	0.960899	0.684828	0.978734	6
15	0.799986	0.960899	0.806313	0.978734	7
15	0.921471	0.960899	0.927798	0.978734	8
16	0.067702	0.023944	0.074030	0.041779	1
16	0.192562	0.023944	0.198889	0.041779	2
16	0.310672	0.023944	0.316999	0.041779	3
16	0.435532	0.023944	0.441859	0.041779	4
16	0.557016	0.023944	0.563344	0.041779	5
16	0.681876	0.023944	0.688203	0.041779	6
16	0.799986	0.023944	0.806313	0.041779	7
16	0.921471	0.023944	0.927798	0.041779	8
16	0.064592	0.073746	0.073703	0.105850	/10.2
16	0.182702	0.080167	0.191813	0.105850	/9.2
16	0.295627	0.078740	0.304738	0.104423	/7.3
16	0.322623	0.078740	0.331735	0.104423	/7.4
16	0.354806	0.075411	0.363917	0.101094	/9.4
16	0.435795	0.075411	0.444907	0.101094	/7.2
16	0.557280	0.075411	0.566392	0.101094	/9.2
16	0.653332	0.075530	0.662444	0.107634	/12.4
16	0.692263	0.075411	0.701375	0.101094	/9.2
16	0.950295	0.075530	0.959407	0.107634	/12.4
16	0.060503	0.163399	0.069614	0.189082	1459
16	0.178613	0.163399	0.187724	0.189082	6101
16	0.289974	0.163399	0.299085	0.189082	4427
16	0.316970	0.163399	0.326082	0.189082	4428
16	0.350716	0.163399	0.359828	0.189082	4104
16	0.431706	0.163399	0.440817	0.189082	3439
16	0.553191	0.163399	0.562302	0.189082	5351
16	0.647679	0.163399	0.656790	0.189082	3424
16	0.688174	0.163399	0.697285	0.189082	3406
16	0.944642	0.163399	0.953753	0.189082	3419
16	0.038470	0.220291	0.063780	0.238127	-X38
16	0.074241	0.224947	0.083352	0.237788	18
16	0.192351	0.224947	0.201462	0.237788	11
16	0.303712	0.224947	0.312823	0.237788	14
16	0.330709	0.224947	0.339820	0.237788	15
16	0.364455	0.224947	0.373566	0.237788	19
16	0.041001	0.240376	0.063779	0.253217	/11.1
16	0.038470	0.258337	0.063780	0.276173	-X39
16	0.074241	0.258843	0.083352	0.271684	18
16	0.192351	0.258843	0.201462	0.271684	11
16	0.303712	0.258843	0.312823	0.271684	14
16	0.330709	0.258843	0.339820	0.271684	15
16	0.364455	0.258843	0.373566	0.271684	19
16	0.041001	0.278422	0.063779	0.291263	/11.1
16	0.060503	0.315595	0.069614	0.341278	1459
16	0.178613	0.315595	0.187724	0.341278	6101
16	0.289974	0.315595	0.299085	0.341278	4427
16	0.316970	0.315595	0.326082	0.341278	4428
16	0.350716	0.315595	0.359828	0.341278	4104
16	0.167042	0.354028	0.185264	0.366869	4320
16	0.278403	0.354028	0.296625	0.366869	4320
16	0.468826	0.348888	0.477938	0.374571	3433
16	0.600435	0.348888	0.609546	0.374571	5351
16	0.900773	0.348888	0.909884	0.374571	3406
16	0.833521	0.415134	0.909449	0.432970	行车制动踏板
16	0.443757	0.425179	0.452868	0.438021	11
16	0.484589	0.425179	0.493701	0.438021	21
16	0.565242	0.425179	0.574353	0.438021	11
16	0.602700	0.425179	0.611811	0.438021	21
16	0.660068	0.427082	0.669179	0.439923	11
16	0.700562	0.427082	0.709674	0.439923	21
16	0.072891	0.455618	0.077446	0.468460	1
16	0.116760	0.455618	0.125872	0.468460	10
16	0.191001	0.455618	0.195557	0.468460	1
16	0.231496	0.455618	0.240607	0.468460	10
16	0.302025	0.453716	0.306580	0.466557	1
16	0.315523	0.453716	0.320079	0.466557	7
16	0.363105	0.455618	0.372216	0.468460	10
16	0.369516	0.443826	0.394826	0.461661	-S15
16	0.443757	0.443826	0.469066	0.461661	-S15
16	0.491001	0.443826	0.516310	0.461661	-S16
16	0.561867	0.443826	0.587177	0.461661	-S16
16	0.602362	0.443833	0.627671	0.461669	-S17
16	0.659730	0.443826	0.685039	0.461661	-S17
16	0.708661	0.446358	0.733971	0.464194	-S18
16	0.921355	0.456322	0.925911	0.469163	A
16	0.944480	0.456270	0.949036	0.469112	B
16	0.443757	0.467636	0.452868	0.480477	12
16	0.484589	0.467636	0.493701	0.480477	22
16	0.565242	0.467636	0.574353	0.480477	12
16	0.602700	0.467636	0.611811	0.480477	22
16	0.660068	0.465734	0.669179	0.478575	12
16	0.700562	0.465734	0.709674	0.478575	22
16	0.015186	0.472370	0.040495	0.490205	-S12
16	0.075928	0.472362	0.101237	0.490198	-S12
16	0.133296	0.472370	0.158605	0.490205	-S13
16	0.190664	0.472362	0.215973	0.490198	-S13
16	0.244657	0.472362	0.269966	0.490198	-S14
16	0.322272	0.472362	0.347582	0.490198	-S14
16	0.072891	0.494270	0.077446	0.507112	5
16	0.116760	0.494270	0.121316	0.507112	9
16	0.191001	0.494270	0.195557	0.507112	5
16	0.231496	0.494270	0.236052	0.507112	9
16	0.315523	0.496173	0.320079	0.509014	5
16	0.363105	0.494270	0.367660	0.507112	9
16	0.922164	0.569878	0.926720	0.582719	C
16	0.163667	0.582321	0.186445	0.595163	G4320
16	0.281777	0.582321	0.304556	0.595163	G4320
16	0.060503	0.643767	0.069614	0.669450	1410
16	0.178613	0.643767	0.187724	0.669450	4511
16	0.303472	0.643767	0.312583	0.669450	4401
16	0.350716	0.637346	0.359828	0.669450	G4104
16	0.033746	0.686233	0.059055	0.704068	-X39
16	0.061654	0.686233	0.067981	0.704068	=
16	0.074241	0.691046	0.078796	0.703887	1
16	0.134983	0.691046	0.139539	0.703887	7
16	0.192351	0.691046	0.201462	0.703887	12
16	0.317210	0.691046	0.326322	0.703887	13
16	0.364455	0.691046	0.373566	0.703887	20
16	0.033746	0.719526	0.059055	0.737361	-X38
16	0.061654	0.719526	0.067981	0.737361	=
16	0.074241	0.724942	0.078796	0.737783	1
16	0.134983	0.724942	0.139539	0.737783	7
16	0.192351	0.724942	0.201462	0.737783	12
16	0.317210	0.724942	0.326322	0.737783	13
16	0.364455	0.724942	0.373566	0.737783	20
16	0.060503	0.757914	0.069614	0.783597	1410
16	0.121245	0.757914	0.130356	0.783597	4521
16	0.303472	0.757914	0.312583	0.783597	4401
16	0.350716	0.761005	0.359828	0.793109	G4104
16	0.431706	0.757914	0.440817	0.783597	3437
16	0.472201	0.757914	0.481312	0.783597	3434
16	0.553191	0.757914	0.562302	0.783597	2401
16	0.590311	0.757914	0.599423	0.783597	2236
16	0.613933	0.757914	0.623045	0.783597	7302
16	0.647679	0.756249	0.656790	0.788353	G3424
16	0.688174	0.757914	0.697285	0.783597	3451
16	0.904147	0.756249	0.913258	0.788353	G3419
16	0.175238	0.819743	0.184349	0.845426	4510
16	0.192111	0.819743	0.201222	0.845426	4511
16	0.064592	0.877530	0.073703	0.909634	/12.5
16	0.125334	0.883951	0.134446	0.909634	/7.6
16	0.184266	0.874558	0.193377	0.906661	/12.3
16	0.197764	0.877768	0.206876	0.903451	/7.5
16	0.309125	0.884902	0.318237	0.910585	/9.2
16	0.354806	0.877530	0.363917	0.909634	/24.6
16	0.435795	0.883951	0.444907	0.909634	/7.2
16	0.476290	0.877530	0.485402	0.909634	/13.2
16	0.557280	0.877530	0.566392	0.909634	/13.5
16	0.594401	0.877530	0.603512	0.909634	/12.2
16	0.619586	0.876936	0.628698	0.909039	/14.4
16	0.653332	0.876936	0.662444	0.909039	/24.6
16	0.692263	0.883951	0.701375	0.909634	/8.1
16	0.908236	0.877530	0.917348	0.909634	/24.5
16	0.022340	0.937118	0.047649	0.954954	车型
16	0.060742	0.937118	0.142998	0.954954	NTE200-Russia
16	0.222866	0.937368	0.248175	0.955203	内容
16	0.259843	0.937118	0.310461	0.954954	开关电路
16	0.472019	0.937118	0.661839	0.954954	内蒙古北方重型汽车股份有限公司
16	0.679134	0.937118	0.704443	0.954954	版本
16	0.717000	0.936577	0.723327	0.954412	A
16	0.746625	0.937118	0.771935	0.954954	图号
16	0.777840	0.937118	0.828459	0.954954	20062776
16	0.867688	0.937118	0.897216	0.954954	第11
16	0.901434	0.937118	0.934336	0.954954	页共
16	0.944882	0.933706	0.957537	0.951541	24
16	0.968926	0.937118	0.981580	0.954954	页
16	0.071077	0.960899	0.077404	0.978734	1
16	0.192562	0.960899	0.198889	0.978734	2
16	0.314047	0.960899	0.320374	0.978734	3
16	0.435532	0.960899	0.441859	0.978734	4
16	0.557016	0.960899	0.563344	0.978734	5
16	0.678501	0.960899	0.684828	0.978734	6
16	0.799986	0.960899	0.806313	0.978734	7
16	0.921471	0.960899	0.927798	0.978734	8
17	0.067702	0.023944	0.074030	0.041779	1
17	0.192562	0.023944	0.198889	0.041779	2
17	0.310672	0.023944	0.316999	0.041779	3
17	0.435532	0.023944	0.441859	0.041779	4
17	0.557016	0.023944	0.563344	0.041779	5
17	0.681876	0.023944	0.688203	0.041779	6
17	0.799986	0.023944	0.806313	0.041779	7
17	0.921471	0.023944	0.927798	0.041779	8
17	0.132083	0.065899	0.141195	0.091582	/7.8
17	0.147146	0.066018	0.156257	0.098121	/24.6
17	0.201139	0.066018	0.210250	0.098121	/24.3
17	0.213073	0.065899	0.222185	0.091582	/7.8
17	0.410363	0.066018	0.419474	0.098121	/24.7
17	0.423861	0.066018	0.432972	0.098121	/24.7
17	0.450858	0.058883	0.459969	0.090987	/11.8
17	0.464356	0.058883	0.473467	0.090987	/11.6
17	0.504851	0.058883	0.513962	0.090987	/11.1
17	0.521724	0.058883	0.530835	0.090987	/10.1
17	0.535222	0.058883	0.544333	0.090987	/10.1
17	0.606088	0.069228	0.615199	0.094911	/7.4
17	0.744446	0.066850	0.753557	0.092533	/7.6
17	0.757944	0.063640	0.767056	0.095743	/24.1
17	0.798439	0.062094	0.807550	0.087777	/9.1
17	0.811937	0.062094	0.821049	0.087777	/7.7
17	0.825436	0.066850	0.834547	0.092533	/7.3
17	0.838934	0.063640	0.848045	0.095743	/19.6
17	0.852432	0.063640	0.861544	0.095743	/24.8
17	0.879429	0.066850	0.888540	0.092533	/7.3
17	0.892927	0.062094	0.902039	0.087777	/7.7
17	0.127994	0.196692	0.137105	0.222375	5802
17	0.141492	0.190271	0.150604	0.222375	G5803
17	0.195486	0.196692	0.204597	0.222375	3213
17	0.208984	0.196692	0.218095	0.222375	5808
17	0.404709	0.190271	0.413821	0.222375	G5816
17	0.418208	0.190271	0.427319	0.222375	G5817
17	0.445204	0.196692	0.454316	0.222375	3419
17	0.458703	0.196692	0.467814	0.222375	3424
17	0.499198	0.196692	0.508309	0.222375	1410
17	0.516071	0.196692	0.525182	0.222375	1415
17	0.529569	0.196692	0.538680	0.222375	1528
17	0.600435	0.196692	0.609546	0.222375	5125
17	0.738793	0.196692	0.747904	0.222375	3430
17	0.752291	0.196692	0.761402	0.222375	3512
17	0.792786	0.196692	0.801897	0.222375	5940
17	0.806284	0.196692	0.815396	0.222375	5941
17	0.819783	0.196692	0.828894	0.222375	4311
17	0.833281	0.196692	0.842392	0.222375	3415
17	0.846779	0.190271	0.855891	0.222375	G5944
17	0.873776	0.196692	0.882887	0.222375	4312
17	0.887274	0.196692	0.896385	0.222375	5947
17	0.016873	0.362817	0.061164	0.380653	-CBCU3E
17	0.128234	0.377142	0.132790	0.389984	1
17	0.141732	0.377142	0.146288	0.389984	2
17	0.155231	0.377142	0.159786	0.389984	3
17	0.168729	0.377142	0.173285	0.389984	4
17	0.182227	0.377142	0.186783	0.389984	5
17	0.195726	0.377142	0.200281	0.389984	6
17	0.209224	0.377142	0.213779	0.389984	7
17	0.222722	0.377142	0.227278	0.389984	8
17	0.236220	0.377142	0.240776	0.389984	9
17	0.337458	0.377142	0.342014	0.389984	1
17	0.350956	0.377142	0.355512	0.389984	2
17	0.364455	0.377142	0.369010	0.389984	3
17	0.377953	0.377142	0.382508	0.389984	4
17	0.391451	0.377142	0.396007	0.389984	5
17	0.404949	0.377142	0.409505	0.389984	6
17	0.418448	0.377142	0.423003	0.389984	7
17	0.431946	0.377142	0.436502	0.389984	8
17	0.445444	0.377142	0.450000	0.389984	9
17	0.458943	0.377142	0.468054	0.389984	10
17	0.472441	0.377142	0.481552	0.389984	11
17	0.485939	0.377142	0.495051	0.389984	12
17	0.499438	0.377142	0.508549	0.389984	13
17	0.512936	0.377142	0.522047	0.389984	14
17	0.529809	0.377142	0.538920	0.389984	15
17	0.543307	0.377142	0.552418	0.389984	16
17	0.556805	0.377142	0.565917	0.389984	17
17	0.570304	0.377142	0.579415	0.389984	18
17	0.583802	0.377142	0.592913	0.389984	19
17	0.597300	0.377142	0.606412	0.389984	20
17	0.614173	0.377142	0.623284	0.389984	21
17	0.627672	0.377142	0.636783	0.389984	22
17	0.641170	0.377142	0.650281	0.389984	23
17	0.654668	0.377142	0.663779	0.389984	24
17	0.752531	0.377142	0.757087	0.389984	1
17	0.766029	0.377142	0.770585	0.389984	2
17	0.779528	0.377142	0.784083	0.389984	3
17	0.793026	0.377142	0.797581	0.389984	4
17	0.806524	0.377142	0.811080	0.389984	5
17	0.820023	0.377142	0.824578	0.389984	6
17	0.833521	0.377142	0.838076	0.389984	7
17	0.847019	0.377142	0.851575	0.389984	8
17	0.860518	0.377142	0.865073	0.389984	9
17	0.874016	0.377142	0.883127	0.389984	10
17	0.887514	0.377142	0.896625	0.389984	11
17	0.901012	0.377142	0.910124	0.389984	12
17	0.914511	0.377142	0.923622	0.389984	13
17	0.928009	0.377142	0.937120	0.389984	14
17	0.941507	0.377142	0.950618	0.389984	15
17	0.080990	0.386598	0.106299	0.404433	-X20
17	0.108898	0.386598	0.115225	0.404433	=
17	0.293588	0.391354	0.318898	0.409189	-X21
17	0.321496	0.391354	0.327823	0.409189	=
17	0.705287	0.391354	0.730596	0.409189	-X25
17	0.733195	0.391354	0.739522	0.409189	=
17	0.107987	0.405622	0.114314	0.423458	A
17	0.317210	0.405622	0.323538	0.423458	B
17	0.732283	0.405622	0.738611	0.423458	F
17	0.425197	0.429403	0.463161	0.447238	控制器
17	0.091114	0.458249	0.097441	0.476084	C
17	0.836895	0.458249	0.843223	0.476084	E
17	0.064117	0.472517	0.089426	0.490352	-X22
17	0.092025	0.472517	0.098352	0.490352	=
17	0.809899	0.472517	0.835208	0.490352	-X24
17	0.837807	0.472517	0.844134	0.490352	=
17	0.107987	0.491892	0.112542	0.504734	1
17	0.121485	0.491892	0.126040	0.504734	2
17	0.134983	0.491892	0.139539	0.504734	3
17	0.148481	0.491892	0.153037	0.504734	4
17	0.161980	0.491892	0.166535	0.504734	5
17	0.175478	0.491892	0.180034	0.504734	6
17	0.188976	0.491892	0.193532	0.504734	7
17	0.202475	0.491892	0.207030	0.504734	8
17	0.215973	0.491892	0.220529	0.504734	9
17	0.229471	0.491892	0.238583	0.504734	10
17	0.242970	0.491892	0.252081	0.504734	11
17	0.256468	0.491892	0.265579	0.504734	12
17	0.269966	0.491892	0.279078	0.504734	13
17	0.283465	0.491892	0.292576	0.504734	14
17	0.300337	0.491892	0.309449	0.504734	15
17	0.313836	0.491892	0.322947	0.504734	16
17	0.327334	0.491892	0.336445	0.504734	17
17	0.340832	0.491892	0.349944	0.504734	18
17	0.354331	0.491892	0.363442	0.504734	19
17	0.367829	0.491892	0.376940	0.504734	20
17	0.381327	0.491892	0.390439	0.504734	21
17	0.394826	0.491892	0.403937	0.504734	22
17	0.408324	0.491892	0.417435	0.504734	23
17	0.421822	0.491892	0.430934	0.504734	24
17	0.435321	0.491892	0.444432	0.504734	25
17	0.448819	0.491892	0.457930	0.504734	26
17	0.462317	0.491892	0.471429	0.504734	27
17	0.475816	0.491892	0.484927	0.504734	28
17	0.489314	0.491892	0.498425	0.504734	29
17	0.502812	0.491892	0.511923	0.504734	30
17	0.516310	0.491892	0.525422	0.504734	31
17	0.529809	0.491892	0.538920	0.504734	32
17	0.543307	0.491892	0.552418	0.504734	33
17	0.556805	0.491892	0.565917	0.504734	34
17	0.570304	0.491892	0.579415	0.504734	35
17	0.583802	0.491892	0.592913	0.504734	36
17	0.597300	0.491892	0.606412	0.504734	37
17	0.610799	0.491892	0.619910	0.504734	38
17	0.624297	0.491892	0.633408	0.504734	39
17	0.637795	0.491892	0.646906	0.504734	40
17	0.651294	0.491892	0.660405	0.504734	41
17	0.664792	0.491892	0.673903	0.504734	42
17	0.678290	0.491892	0.687401	0.504734	43
17	0.691789	0.491892	0.700900	0.504734	44
17	0.705287	0.491892	0.714398	0.504734	45
17	0.718785	0.491892	0.727896	0.504734	46
17	0.732283	0.491892	0.741395	0.504734	47
17	0.745782	0.491892	0.754893	0.504734	48
17	0.759280	0.491892	0.768391	0.504734	49
17	0.772778	0.491892	0.781890	0.504734	50
17	0.786277	0.491892	0.795388	0.504734	51
17	0.799775	0.491892	0.808886	0.504734	52
17	0.853768	0.487009	0.858324	0.499850	1
17	0.867267	0.487136	0.871822	0.499977	2
17	0.880765	0.487136	0.885321	0.499977	3
17	0.894263	0.487136	0.898819	0.499977	4
17	0.907762	0.487136	0.912317	0.499977	5
17	0.921260	0.487136	0.925815	0.499977	6
17	0.934758	0.487136	0.939314	0.499977	7
17	0.948257	0.487136	0.952812	0.499977	8
17	0.961755	0.487136	0.966310	0.499977	9
17	0.104372	0.639011	0.113483	0.664694	5834
17	0.117870	0.639011	0.126982	0.664694	5835
17	0.131369	0.639011	0.140480	0.664694	5836
17	0.144867	0.639011	0.153978	0.664694	5837
17	0.171864	0.639011	0.180975	0.664694	2236
17	0.185362	0.639011	0.194473	0.664694	2110
17	0.225857	0.639011	0.234968	0.664694	4118
17	0.239355	0.639011	0.248466	0.664694	4119
17	0.252854	0.639011	0.261965	0.664694	4315
17	0.266352	0.639011	0.275463	0.664694	3502
17	0.279850	0.639011	0.288961	0.664694	5847
17	0.323720	0.639011	0.332831	0.664694	4316
17	0.337218	0.639011	0.346329	0.664694	4302
17	0.350716	0.639011	0.359828	0.664694	5082
17	0.364215	0.639011	0.373326	0.664694	4510
17	0.458703	0.639011	0.467814	0.664694	5860
17	0.472201	0.639011	0.481312	0.664694	5861
17	0.485699	0.639011	0.494811	0.664694	5862
17	0.526194	0.639011	0.535306	0.664694	3007
17	0.661177	0.632590	0.670289	0.664694	G5875
17	0.674676	0.632590	0.683787	0.664694	G5876
17	0.688174	0.632590	0.697285	0.664694	G5877
17	0.769164	0.639011	0.778275	0.664694	7211
17	0.796161	0.639011	0.805272	0.664694	7212
17	0.850154	0.632590	0.859265	0.664694	G5927
17	0.863652	0.639011	0.872763	0.664694	5928
17	0.890649	0.639011	0.899760	0.664694	7213
17	0.944642	0.639011	0.953753	0.664694	5934
17	0.099901	0.789780	0.109013	0.815463	/9.6
17	0.113400	0.789780	0.122511	0.815463	/9.6
17	0.126898	0.789780	0.136009	0.815463	/9.6
17	0.140944	0.786239	0.150055	0.818343	/14.7
17	0.167393	0.786569	0.176504	0.818673	/11.5
17	0.180891	0.786569	0.190003	0.818673	/10.3
17	0.221386	0.786569	0.230498	0.818673	/10.7
17	0.234885	0.786569	0.243996	0.818673	/10.8
17	0.248383	0.786569	0.257494	0.818673	/10.7
17	0.261881	0.789780	0.270992	0.815463	/9.3
17	0.319249	0.786569	0.328360	0.818673	/10.7
17	0.333295	0.786239	0.342406	0.818343	/10.3
17	0.346246	0.786569	0.355357	0.818673	/10.4
17	0.359744	0.786569	0.368855	0.818673	/11.2
17	0.454232	0.789780	0.463343	0.815463	/8.2
17	0.467730	0.789780	0.476842	0.815463	/8.2
17	0.521724	0.786569	0.530835	0.818673	/10.3
17	0.657254	0.786239	0.666365	0.818343	/24.7
17	0.670752	0.786239	0.679864	0.818343	/24.6
17	0.684251	0.786239	0.693362	0.818343	/24.7
17	0.765241	0.792660	0.774352	0.818343	/8.1
17	0.792237	0.792660	0.801349	0.818343	/8.1
17	0.846231	0.786239	0.855342	0.818343	/24.8
17	0.859729	0.797416	0.868840	0.823099	/7.7
17	0.886726	0.792660	0.895837	0.818343	/8.1
17	0.940719	0.797416	0.949830	0.823099	/7.8
17	0.022340	0.937118	0.047649	0.954954	车型
17	0.060742	0.937118	0.142998	0.954954	NTE200-Russia
17	0.222866	0.937368	0.248175	0.955203	内容
17	0.259843	0.937118	0.323116	0.954954	控制器电路
17	0.472019	0.937118	0.661839	0.954954	内蒙古北方重型汽车股份有限公司
17	0.679134	0.937118	0.704443	0.954954	版本
17	0.717000	0.936577	0.723327	0.954412	A
17	0.746625	0.937118	0.771935	0.954954	图号
17	0.777840	0.937118	0.828459	0.954954	20062776
17	0.867688	0.937118	0.897216	0.954954	第12
17	0.901434	0.937118	0.934336	0.954954	页共
17	0.944882	0.933706	0.957537	0.951541	24
17	0.968926	0.937118	0.981580	0.954954	页
17	0.071077	0.960899	0.077404	0.978734	1
17	0.192562	0.960899	0.198889	0.978734	2
17	0.314047	0.960899	0.320374	0.978734	3
17	0.435532	0.960899	0.441859	0.978734	4
17	0.557016	0.960899	0.563344	0.978734	5
17	0.678501	0.960899	0.684828	0.978734	6
17	0.799986	0.960899	0.806313	0.978734	7
17	0.921471	0.960899	0.927798	0.978734	8
18	0.067702	0.023944	0.074030	0.041779	1
18	0.192562	0.023944	0.198889	0.041779	2
18	0.310672	0.023944	0.316999	0.041779	3
18	0.435532	0.023944	0.441859	0.041779	4
18	0.557016	0.023944	0.563344	0.041779	5
18	0.681876	0.023944	0.688203	0.041779	6
18	0.799986	0.023944	0.806313	0.041779	7
18	0.921471	0.023944	0.927798	0.041779	8
18	0.142207	0.065899	0.151319	0.091582	/9.5
18	0.182702	0.059478	0.191813	0.091582	/11.4
18	0.223197	0.059478	0.232308	0.091582	/10.6
18	0.236695	0.059478	0.245807	0.091582	/10.7
18	0.250194	0.065899	0.259305	0.091582	/9.8
18	0.263692	0.059478	0.272803	0.091582	/14.1
18	0.277190	0.059478	0.286302	0.091582	/14.2
18	0.290689	0.065899	0.299800	0.091582	/8.3
18	0.304187	0.070655	0.313298	0.096338	/8.4
18	0.317685	0.070655	0.326796	0.096338	/8.4
18	0.344682	0.065899	0.353793	0.091582	/9.7
18	0.371678	0.065899	0.380790	0.091582	/9.7
18	0.398675	0.070655	0.407786	0.096338	/7.8
18	0.454232	0.066850	0.463343	0.092533	/9.5
18	0.533658	0.070655	0.542770	0.096338	/9.5
18	0.616212	0.063640	0.625323	0.095743	/11.5
18	0.138118	0.206204	0.147229	0.231887	5887
18	0.178613	0.206204	0.187724	0.231887	3434
18	0.219108	0.206204	0.228219	0.231887	5112
18	0.232606	0.206204	0.241717	0.231887	5113
18	0.246104	0.206204	0.255216	0.231887	5895
18	0.259603	0.206204	0.268714	0.231887	1446
18	0.273101	0.206204	0.282212	0.231887	1216
18	0.286599	0.206204	0.295711	0.231887	1301
18	0.300098	0.206204	0.309209	0.231887	2555
18	0.313596	0.206204	0.322707	0.231887	2556
18	0.340593	0.206204	0.349704	0.231887	5903
18	0.367589	0.206204	0.376700	0.231887	5905
18	0.394586	0.206204	0.403697	0.231887	5907
18	0.448579	0.206204	0.457690	0.231887	4320
18	0.526194	0.206204	0.535306	0.231887	5917
18	0.610559	0.206204	0.619670	0.231887	2401
18	0.043870	0.353305	0.088161	0.371140	-CBCU3E
18	0.094488	0.362817	0.119797	0.380653	-X23
18	0.122396	0.362817	0.128723	0.380653	=
18	0.138358	0.367630	0.142913	0.380472	1
18	0.151856	0.367630	0.156412	0.380472	2
18	0.165354	0.367630	0.169910	0.380472	3
18	0.178853	0.367630	0.183408	0.380472	4
18	0.192351	0.367630	0.196907	0.380472	5
18	0.205849	0.367630	0.210405	0.380472	6
18	0.219348	0.367630	0.223903	0.380472	7
18	0.232846	0.367630	0.237402	0.380472	8
18	0.246344	0.367630	0.250900	0.380472	9
18	0.259843	0.367630	0.268954	0.380472	10
18	0.273341	0.367630	0.282452	0.380472	11
18	0.286839	0.367630	0.295950	0.380472	12
18	0.300337	0.367630	0.309449	0.380472	13
18	0.313836	0.367630	0.322947	0.380472	14
18	0.327334	0.367630	0.336445	0.380472	15
18	0.340832	0.367630	0.349944	0.380472	16
18	0.354331	0.367630	0.363442	0.380472	17
18	0.367829	0.367630	0.376940	0.380472	18
18	0.381327	0.367630	0.390439	0.380472	19
18	0.394826	0.367630	0.403937	0.380472	20
18	0.408324	0.367630	0.417435	0.380472	21
18	0.421822	0.367630	0.430934	0.380472	22
18	0.435321	0.367630	0.444432	0.380472	23
18	0.448819	0.367630	0.457930	0.380472	24
18	0.462317	0.367630	0.471429	0.380472	25
18	0.475816	0.367630	0.484927	0.380472	26
18	0.489314	0.367630	0.498425	0.380472	27
18	0.502812	0.367630	0.511923	0.380472	28
18	0.516310	0.367630	0.525422	0.380472	29
18	0.529809	0.367630	0.538920	0.380472	30
18	0.543307	0.367630	0.552418	0.380472	31
18	0.556805	0.367630	0.565917	0.380472	32
18	0.570304	0.367630	0.579415	0.380472	33
18	0.583802	0.367630	0.592913	0.380472	34
18	0.597300	0.367630	0.606412	0.380472	35
18	0.610799	0.367630	0.619910	0.380472	36
18	0.624297	0.367630	0.633408	0.380472	37
18	0.637795	0.367630	0.646906	0.380472	38
18	0.651294	0.367630	0.660405	0.380472	39
18	0.664792	0.367630	0.673903	0.380472	40
18	0.107987	0.391354	0.114314	0.409189	D
18	0.438695	0.419890	0.476659	0.437726	控制器
18	0.128234	0.539103	0.216816	0.556938	称重系统显示器
18	0.357705	0.539103	0.408324	0.556938	组合仪表
18	0.485939	0.539103	0.599831	0.556938	信息管理系统J1接头
18	0.651294	0.539103	0.765185	0.556938	信息管理系统J2接头
18	0.840270	0.543550	0.928852	0.561385	发动机诊断接头
18	0.188976	0.567639	0.214286	0.585475	-X37
18	0.216884	0.567639	0.223211	0.585475	=
18	0.796400	0.572086	0.828037	0.589922	-X100
18	0.830652	0.572086	0.836980	0.589922	=
18	0.114736	0.601283	0.119291	0.614124	1
18	0.128234	0.601283	0.132790	0.614124	2
18	0.141732	0.601283	0.146288	0.614124	3
18	0.155231	0.601283	0.159786	0.614124	4
18	0.168729	0.601283	0.173285	0.614124	5
18	0.182227	0.601283	0.186783	0.614124	6
18	0.229471	0.601283	0.234027	0.614124	1
18	0.242970	0.601283	0.247525	0.614124	2
18	0.256468	0.601283	0.261024	0.614124	3
18	0.269966	0.601283	0.274522	0.614124	4
18	0.283465	0.601283	0.288020	0.614124	5
18	0.317210	0.596176	0.342520	0.614011	-X26
18	0.345118	0.596176	0.351445	0.614011	=
18	0.361080	0.596527	0.365636	0.609368	1
18	0.374578	0.596527	0.379134	0.609368	2
18	0.388077	0.596527	0.392632	0.609368	3
18	0.401575	0.596527	0.406130	0.609368	4
18	0.415073	0.596527	0.419629	0.609368	6
18	0.472441	0.595867	0.497750	0.613702	-X28
18	0.500349	0.595867	0.506676	0.613702	=
18	0.512936	0.596527	0.517491	0.609368	1
18	0.526434	0.596527	0.530990	0.609368	2
18	0.539933	0.596527	0.544488	0.609368	3
18	0.553431	0.596527	0.557986	0.609368	4
18	0.566929	0.596527	0.571485	0.609368	5
18	0.580428	0.596527	0.584983	0.609368	6
18	0.631046	0.595867	0.656355	0.613702	-X29
18	0.658954	0.595867	0.665281	0.613702	=
18	0.681665	0.596527	0.686220	0.609368	2
18	0.695163	0.596527	0.699719	0.609368	3
18	0.708661	0.596527	0.713217	0.609368	4
18	0.722160	0.596527	0.726715	0.609368	6
18	0.735658	0.596527	0.740214	0.609368	7
18	0.749156	0.596527	0.753712	0.609368	8
18	0.840270	0.601283	0.844826	0.614124	A
18	0.857143	0.601283	0.861698	0.614124	B
18	0.874016	0.601283	0.878571	0.614124	C
18	0.887514	0.601283	0.892070	0.614124	D
18	0.901012	0.601283	0.905568	0.614124	E
18	0.914511	0.601283	0.919066	0.614124	F
18	0.928009	0.601283	0.932565	0.614124	G
18	0.941507	0.601283	0.946063	0.614124	H
18	0.955006	0.601283	0.959561	0.614124	J
18	0.070866	0.605379	0.096175	0.623214	-X27
18	0.098774	0.605379	0.105101	0.623214	=
18	0.229231	0.648523	0.238343	0.674206	8301
18	0.242730	0.642102	0.251841	0.674206	G8301
18	0.256228	0.648523	0.265339	0.674206	1724
18	0.269726	0.648523	0.278838	0.674206	1725
18	0.097623	0.753158	0.106734	0.778841	6225
18	0.111121	0.753158	0.120233	0.778841	6226
18	0.127994	0.753158	0.137105	0.778841	6227
18	0.141492	0.746737	0.150604	0.778841	G8301
18	0.154991	0.753158	0.164102	0.778841	8301
18	0.343967	0.753158	0.353078	0.778841	2500
18	0.357465	0.746737	0.366577	0.778841	G2501
18	0.370964	0.753158	0.380075	0.778841	2501
18	0.387837	0.753158	0.396948	0.778841	1721
18	0.397960	0.753158	0.407072	0.778841	1722
18	0.414833	0.753158	0.423945	0.778841	1723
18	0.499198	0.753158	0.508309	0.778841	6201
18	0.512696	0.746737	0.521807	0.778841	G6201
18	0.526194	0.753158	0.535306	0.778841	6203
18	0.667927	0.753158	0.677038	0.778841	6107
18	0.681425	0.753158	0.690536	0.778841	6106
18	0.694923	0.753158	0.704035	0.778841	6108
18	0.708421	0.753158	0.717533	0.778841	1708
18	0.721920	0.753158	0.731031	0.778841	1707
18	0.735418	0.753158	0.744530	0.778841	1709
18	0.826532	0.753158	0.835643	0.778841	2101
18	0.843405	0.753158	0.852516	0.778841	2102
18	0.106651	0.886448	0.115762	0.918552	/14.2
18	0.120149	0.886448	0.129260	0.918552	/14.3
18	0.133647	0.886448	0.142759	0.918552	/14.3
18	0.145582	0.882286	0.154693	0.914390	/24.8
18	0.159080	0.883951	0.168191	0.909634	/9.2
18	0.260317	0.893463	0.269429	0.919146	/9.7
18	0.273816	0.893463	0.282927	0.919146	/9.7
18	0.352995	0.889658	0.362106	0.915341	/9.2
18	0.366493	0.881692	0.375604	0.913795	/24.4
18	0.379991	0.889658	0.389103	0.915341	/9.3
18	0.393490	0.889658	0.402601	0.915341	/9.7
18	0.406988	0.889658	0.416099	0.915341	/9.7
18	0.420486	0.889658	0.429598	0.915341	/9.8
18	0.504851	0.889658	0.513962	0.915341	/9.2
18	0.518349	0.881692	0.527460	0.913795	/24.7
18	0.531847	0.884902	0.540959	0.910585	/9.3
18	0.673580	0.889658	0.682691	0.915341	/9.7
18	0.687078	0.889658	0.696189	0.915341	/9.7
18	0.700576	0.889658	0.709688	0.915341	/9.8
18	0.714075	0.889658	0.723186	0.915341	/9.6
18	0.727573	0.889658	0.736684	0.915341	/9.5
18	0.741071	0.889658	0.750183	0.915341	/9.6
18	0.830621	0.888707	0.839732	0.914390	/8.4
18	0.847494	0.888707	0.856605	0.914390	/8.4
18	0.022340	0.937118	0.047649	0.954954	车型
18	0.060742	0.937118	0.142998	0.954954	NTE200-Russia
18	0.222866	0.937368	0.248175	0.955203	内容
18	0.259843	0.937118	0.386389	0.954954	控制器及组合仪表电路
18	0.472019	0.937118	0.661839	0.954954	内蒙古北方重型汽车股份有限公司
18	0.679134	0.937118	0.704443	0.954954	版本
18	0.717000	0.936577	0.723327	0.954412	A
18	0.746625	0.937118	0.771935	0.954954	图号
18	0.777840	0.937118	0.828459	0.954954	20062776
18	0.867688	0.937118	0.897216	0.954954	第13
18	0.901434	0.937118	0.934336	0.954954	页共
18	0.944882	0.933706	0.957537	0.951541	24
18	0.968926	0.937118	0.981580	0.954954	页
18	0.071077	0.960899	0.077404	0.978734	1
18	0.192562	0.960899	0.198889	0.978734	2
18	0.314047	0.960899	0.320374	0.978734	3
18	0.435532	0.960899	0.441859	0.978734	4
18	0.557016	0.960899	0.563344	0.978734	5
18	0.678501	0.960899	0.684828	0.978734	6
18	0.799986	0.960899	0.806313	0.978734	7
18	0.921471	0.960899	0.927798	0.978734	8
19	0.067702	0.023944	0.074030	0.041779	1
19	0.192562	0.023944	0.198889	0.041779	2
19	0.310672	0.023944	0.316999	0.041779	3
19	0.435532	0.023944	0.441859	0.041779	4
19	0.557016	0.023944	0.563344	0.041779	5
19	0.681876	0.023944	0.688203	0.041779	6
19	0.799986	0.023944	0.806313	0.041779	7
19	0.921471	0.023944	0.927798	0.041779	8
19	0.229946	0.068990	0.239057	0.101094	/24.5
19	0.245008	0.078740	0.254120	0.104423	/8.8
19	0.258507	0.078740	0.267618	0.104423	/7.4
19	0.285503	0.078740	0.294615	0.104423	/8.7
19	0.297438	0.075411	0.306549	0.101094	/7.5
19	0.405424	0.075411	0.414536	0.101094	/9.3
19	0.427236	0.075530	0.436347	0.107634	/11.5
19	0.537033	0.075411	0.546144	0.101094	/7.5
19	0.552095	0.075530	0.561206	0.107634	/10.8
19	0.564029	0.075411	0.573141	0.101094	/9.4
19	0.577528	0.075411	0.586639	0.101094	/9.1
19	0.591026	0.075411	0.600137	0.101094	/9.4
19	0.606088	0.075530	0.615199	0.107634	/24.5
19	0.618023	0.075411	0.627134	0.101094	/9.4
19	0.631521	0.075411	0.640632	0.101094	/9.4
19	0.645019	0.068990	0.654131	0.101094	/10.7
19	0.744446	0.078740	0.753557	0.104423	/9.3
19	0.757944	0.075530	0.767056	0.107634	/24.5
19	0.769879	0.068990	0.778990	0.101094	/12.2
19	0.860992	0.075411	0.870104	0.101094	/8.2
19	0.874491	0.075411	0.883602	0.101094	/8.2
19	0.887989	0.075411	0.897100	0.101094	/8.2
19	0.904862	0.075411	0.913973	0.101094	/8.2
19	0.069516	0.113178	0.074072	0.126019	C
19	0.082255	0.106142	0.101237	0.123977	-R4
19	0.143757	0.113178	0.148313	0.126019	C
19	0.156496	0.106142	0.175478	0.123977	-R5
19	0.073903	0.126226	0.101237	0.139067	2.5kΩ
19	0.148144	0.126226	0.175478	0.139067	2.5kΩ
19	0.069516	0.161342	0.074072	0.174183	B
19	0.096513	0.161342	0.101069	0.174183	A
19	0.143757	0.161342	0.148313	0.174183	B
19	0.170754	0.161342	0.175309	0.174183	A
19	0.222482	0.147466	0.231594	0.179570	G5215
19	0.235981	0.166728	0.245092	0.179570	1S
19	0.249479	0.153887	0.258590	0.179570	5214
19	0.276476	0.160308	0.285587	0.179570	611
19	0.289974	0.153887	0.299085	0.179570	5207
19	0.397960	0.153887	0.407072	0.179570	7301
19	0.418208	0.153887	0.427319	0.179570	7302
19	0.532943	0.153887	0.542055	0.179570	5127
19	0.546442	0.153887	0.555553	0.179570	5116
19	0.559940	0.153887	0.569051	0.179570	5104
19	0.573438	0.153887	0.582550	0.179570	5208
19	0.586937	0.153887	0.596048	0.179570	5203
19	0.600435	0.147466	0.609546	0.179570	G5203
19	0.613933	0.153887	0.623045	0.179570	5205
19	0.627432	0.153887	0.636543	0.179570	5206
19	0.640930	0.153887	0.650041	0.179570	5111
19	0.738793	0.153887	0.747904	0.179570	1727
19	0.752291	0.147466	0.761402	0.179570	G1726
19	0.765789	0.153887	0.774901	0.179570	5837
19	0.856903	0.153887	0.866014	0.179570	1323
19	0.870401	0.153887	0.879513	0.179570	1322
19	0.883900	0.153887	0.893011	0.179570	1330
19	0.900773	0.153887	0.909884	0.179570	1324
19	0.033506	0.263278	0.042617	0.288961	6304
19	0.053753	0.263278	0.062865	0.288961	1451
19	0.080750	0.263278	0.089861	0.288961	1446
19	0.107747	0.263278	0.116858	0.288961	6303
19	0.127994	0.263278	0.137105	0.288961	1222
19	0.154991	0.263278	0.164102	0.288961	1216
19	0.195726	0.324768	0.221035	0.342604	-X35
19	0.223633	0.324768	0.229961	0.342604	=
19	0.239595	0.329581	0.244151	0.342423	1
19	0.253093	0.329581	0.257649	0.342423	2
19	0.266592	0.329581	0.271147	0.342423	3
19	0.280090	0.329581	0.284646	0.342423	4
19	0.293588	0.329581	0.298144	0.342423	5
19	0.307087	0.329581	0.311642	0.342423	6
19	0.371204	0.324768	0.396513	0.342604	-X36
19	0.399111	0.324768	0.405439	0.342604	=
19	0.415073	0.329581	0.419629	0.342423	1
19	0.435321	0.329581	0.439876	0.342423	2
19	0.506187	0.324768	0.531496	0.342604	-X30
19	0.534095	0.324768	0.540422	0.342604	=
19	0.546682	0.329581	0.551237	0.342423	1
19	0.560180	0.329581	0.564736	0.342423	2
19	0.573678	0.329581	0.578234	0.342423	3
19	0.587177	0.329581	0.591732	0.342423	4
19	0.600675	0.329581	0.605231	0.342423	7
19	0.614173	0.329581	0.623284	0.342423	10
19	0.627672	0.329581	0.636783	0.342423	12
19	0.641170	0.329581	0.650281	0.342423	14
19	0.654668	0.329581	0.663779	0.342423	15
19	0.712036	0.324768	0.737345	0.342604	-X31
19	0.739944	0.324768	0.746271	0.342604	=
19	0.752531	0.329581	0.757087	0.342423	A
19	0.766029	0.329581	0.770585	0.342423	B
19	0.779528	0.329581	0.784083	0.342423	C
19	0.830146	0.324768	0.855456	0.342604	-X33
19	0.858054	0.324768	0.864381	0.342604	=
19	0.870641	0.329581	0.875197	0.342423	2
19	0.884140	0.329581	0.888695	0.342423	3
19	0.897638	0.329581	0.902193	0.342423	5
19	0.042534	0.380754	0.051645	0.406437	/9.5
19	0.061217	0.384559	0.070329	0.410241	/9.5
19	0.088214	0.378138	0.097325	0.410241	/13.3
19	0.116774	0.380754	0.125886	0.406437	/9.5
19	0.135458	0.384559	0.144569	0.410241	/9.5
19	0.162455	0.378138	0.171566	0.410241	/13.3
19	0.236220	0.381841	0.312148	0.399677	空调控制系统
19	0.384702	0.381841	0.460630	0.399677	自动灭火系统
19	0.553431	0.377085	0.642013	0.394921	驾驶室辅助供电
19	0.745782	0.381841	0.783746	0.399677	K-Line
19	0.874016	0.381841	0.892998	0.399677	DSC
19	0.091114	0.534037	0.116423	0.551873	ICAN
19	0.239595	0.534037	0.264904	0.551873	PCAN
19	0.333661	0.536725	0.352643	0.554560	-U2
19	0.502812	0.538794	0.547103	0.556629	CAN接口
19	0.658043	0.534037	0.752953	0.551873	举升手柄CAN接口
19	0.860518	0.529590	0.936445	0.547426	自动称重接头
19	0.364455	0.553062	0.415073	0.570897	电源插座
19	0.375675	0.572619	0.380231	0.585460	1
19	0.402672	0.572619	0.407227	0.585460	2
19	0.026997	0.591111	0.052306	0.608946	-X32
19	0.054904	0.591111	0.061232	0.608946	=
19	0.067492	0.591771	0.072047	0.604612	A
19	0.107987	0.591771	0.112542	0.604612	B
19	0.121485	0.591771	0.126040	0.604612	C
19	0.175478	0.591111	0.200787	0.608946	-X34
19	0.203386	0.591111	0.209713	0.608946	=
19	0.215973	0.591771	0.220529	0.604612	A
19	0.256468	0.591771	0.261024	0.604612	B
19	0.296963	0.591771	0.301519	0.604612	C
19	0.452193	0.595867	0.477503	0.613702	-X52
19	0.480101	0.595867	0.486429	0.613702	=
19	0.499438	0.596527	0.503993	0.609368	A
19	0.539933	0.596527	0.544488	0.609368	B
19	0.556805	0.596527	0.561361	0.609368	C
19	0.634421	0.595867	0.666057	0.613702	-X103
19	0.668673	0.595867	0.675000	0.613702	=
19	0.681665	0.591771	0.686220	0.604612	A
19	0.722160	0.591771	0.726715	0.604612	B
19	0.739033	0.591771	0.743588	0.604612	C
19	0.830146	0.586355	0.855456	0.604190	-X51
19	0.858054	0.586355	0.864381	0.604190	=
19	0.874016	0.582258	0.878571	0.595100	1
19	0.887514	0.582258	0.892070	0.595100	2
19	0.901012	0.582258	0.905568	0.595100	3
19	0.914511	0.582258	0.919066	0.595100	4
19	0.928009	0.582258	0.932565	0.595100	5
19	0.941507	0.582258	0.946063	0.595100	6
19	0.074873	0.638672	0.093855	0.656507	-R2
19	0.223355	0.638672	0.242337	0.656507	-R3
19	0.570304	0.638672	0.620922	0.656507	终端电阻
19	0.752531	0.633916	0.803149	0.651751	终端电阻
19	0.506820	0.652940	0.525801	0.670776	-R7
19	0.689047	0.648184	0.708029	0.666019	-R8
19	0.072975	0.688795	0.095754	0.701637	120Ω
19	0.221457	0.688795	0.244235	0.701637	120Ω
19	0.504921	0.703064	0.527700	0.715905	120Ω
19	0.550056	0.695745	0.575366	0.713581	-X53
19	0.577964	0.695745	0.584291	0.713581	=
19	0.593926	0.696405	0.598481	0.709247	C
19	0.607424	0.696405	0.611980	0.709247	B
19	0.620922	0.696405	0.625478	0.709247	A
19	0.687148	0.698308	0.709927	0.711149	120Ω
19	0.732283	0.695745	0.763920	0.713581	-X104
19	0.766535	0.695745	0.772863	0.713581	=
19	0.776153	0.691649	0.780709	0.704490	C
19	0.789651	0.691649	0.794207	0.704490	B
19	0.803150	0.691649	0.807705	0.704490	A
19	0.593686	0.726286	0.602797	0.745548	237
19	0.775913	0.724621	0.785024	0.750304	7302
19	0.927769	0.758151	0.936881	0.764572	G
19	0.053753	0.748402	0.062865	0.774084	6228
19	0.094248	0.748402	0.103360	0.774084	6229
19	0.107747	0.748402	0.116858	0.774084	6230
19	0.202235	0.748402	0.211346	0.774084	6225
19	0.242730	0.748402	0.251841	0.774084	6226
19	0.283225	0.748402	0.292336	0.774084	6227
19	0.367589	0.748402	0.376700	0.774084	5202
19	0.394586	0.741981	0.403697	0.774084	G5202
19	0.485699	0.754822	0.494811	0.774084	223
19	0.526194	0.754822	0.535306	0.774084	237
19	0.607184	0.754822	0.616296	0.774084	223
19	0.667927	0.748402	0.677038	0.774084	7301
19	0.708421	0.748402	0.717533	0.774084	7302
19	0.789411	0.748402	0.798523	0.774084	7301
19	0.860278	0.754822	0.869389	0.774084	240
19	0.873776	0.754822	0.882887	0.774084	213
19	0.887274	0.754822	0.896385	0.774084	205
19	0.900773	0.754822	0.909884	0.774084	216
19	0.914271	0.754822	0.923382	0.774084	100
19	0.946991	0.848096	0.978628	0.865931	-GND4
19	0.057843	0.864926	0.066954	0.890609	/9.7
19	0.098338	0.864926	0.107449	0.890609	/9.8
19	0.111836	0.864926	0.120947	0.890609	/9.8
19	0.192826	0.864926	0.201937	0.890609	/9.6
19	0.206324	0.858506	0.215435	0.890609	/13.1
19	0.233321	0.864926	0.242432	0.890609	/9.6
19	0.246819	0.858506	0.255930	0.890609	/13.1
19	0.273816	0.864926	0.282927	0.890609	/9.6
19	0.287314	0.858506	0.296425	0.890609	/13.2
19	0.373242	0.865878	0.382354	0.891561	/9.4
19	0.398675	0.858506	0.407786	0.890609	/24.6
19	0.489789	0.863262	0.498900	0.895365	/15.2
19	0.530284	0.863262	0.539395	0.895365	/15.2
19	0.672016	0.863262	0.681127	0.895365	/15.3
19	0.712511	0.863262	0.721622	0.895365	/15.3
19	0.864367	0.863262	0.873478	0.895365	/15.3
19	0.877865	0.863262	0.886976	0.895365	/15.8
19	0.891364	0.863262	0.900475	0.895365	/15.8
19	0.904862	0.863262	0.913973	0.895365	/15.8
19	0.918360	0.863262	0.927471	0.895365	/15.2
19	0.022340	0.937118	0.047649	0.954954	车型
19	0.060742	0.937118	0.142998	0.954954	NTE200-Russia
19	0.222866	0.937368	0.248175	0.955203	内容
19	0.259843	0.937118	0.348425	0.954954	驾驶室辅助电路
19	0.472019	0.937118	0.661839	0.954954	内蒙古北方重型汽车股份有限公司
19	0.679134	0.937118	0.704443	0.954954	版本
19	0.717000	0.936577	0.723327	0.954412	A
19	0.746625	0.937118	0.771935	0.954954	图号
19	0.777840	0.937118	0.828459	0.954954	20062776
19	0.867688	0.937118	0.897216	0.954954	第14
19	0.901434	0.937118	0.934336	0.954954	页共
19	0.944882	0.933706	0.957537	0.951541	24
19	0.968926	0.937118	0.981580	0.954954	页
19	0.071077	0.960899	0.077404	0.978734	1
19	0.192562	0.960899	0.198889	0.978734	2
19	0.314047	0.960899	0.320374	0.978734	3
19	0.435532	0.960899	0.441859	0.978734	4
19	0.557016	0.960899	0.563344	0.978734	5
19	0.678501	0.960899	0.684828	0.978734	6
19	0.799986	0.960899	0.806313	0.978734	7
19	0.921471	0.960899	0.927798	0.978734	8
20	0.067702	0.023944	0.074030	0.041779	1
20	0.192562	0.023944	0.198889	0.041779	2
20	0.310672	0.023944	0.316999	0.041779	3
20	0.435532	0.023944	0.441859	0.041779	4
20	0.557016	0.023944	0.563344	0.041779	5
20	0.681876	0.023944	0.688203	0.041779	6
20	0.799986	0.023944	0.806313	0.041779	7
20	0.921471	0.023944	0.927798	0.041779	8
20	0.054468	0.049966	0.063579	0.082069	/16.7
20	0.111836	0.056387	0.120947	0.082069	/8.6
20	0.132083	0.056387	0.141195	0.082069	/8.5
20	0.155705	0.056387	0.164817	0.082069	/8.6
20	0.186077	0.056387	0.195188	0.082069	/6.7
20	0.202950	0.049966	0.212061	0.082069	/16.4
20	0.219822	0.049966	0.228934	0.082069	/16.2
20	0.251757	0.059716	0.260869	0.085399	/4.3
20	0.337933	0.049966	0.347044	0.082069	/16.2
20	0.433985	0.056505	0.443096	0.088609	/21.4
20	0.445919	0.049966	0.455031	0.082069	/21.5
20	0.459417	0.049966	0.468529	0.082069	/21.5
20	0.472916	0.049966	0.482027	0.082069	/21.5
20	0.513411	0.049966	0.522522	0.082069	/16.5
20	0.526909	0.049966	0.536020	0.082069	/16.5
20	0.570779	0.049966	0.579890	0.082069	/16.2
20	0.584277	0.049966	0.593388	0.082069	/16.2
20	0.597775	0.049966	0.606886	0.082069	/16.8
20	0.646583	0.059716	0.655694	0.085399	/6.1
20	0.661892	0.056387	0.671004	0.082069	/8.3
20	0.690453	0.059716	0.699564	0.085399	/8.3
20	0.710700	0.059716	0.719811	0.085399	/8.3
20	0.751195	0.059716	0.760306	0.085399	/7.7
20	0.763129	0.056387	0.772241	0.082069	/7.7
20	0.778192	0.059716	0.787303	0.085399	/6.5
20	0.803624	0.049966	0.812736	0.082069	/16.2
20	0.827247	0.054722	0.836358	0.086825	/22.6
20	0.844119	0.054722	0.853231	0.086825	/22.6
20	0.857618	0.054722	0.866729	0.086825	/22.6
20	0.871116	0.054722	0.880227	0.086825	/22.6
20	0.884614	0.054722	0.893726	0.086825	/22.3
20	0.898113	0.061143	0.907224	0.086825	/4.2
20	0.911611	0.061143	0.920722	0.086825	/4.3
20	0.925109	0.061143	0.934221	0.086825	/4.2
20	0.938608	0.054722	0.947719	0.086825	/18.2
20	0.952106	0.054722	0.961217	0.086825	/22.6
20	0.965604	0.054722	0.974716	0.086825	/21.8
20	0.107747	0.120594	0.116858	0.146277	1726
20	0.127994	0.120594	0.137105	0.146277	1724
20	0.151616	0.120594	0.160727	0.146277	1725
20	0.181987	0.120594	0.191099	0.146277	3211
20	0.198860	0.120594	0.207971	0.146277	3109
20	0.215733	0.120594	0.224844	0.146277	3408
20	0.246104	0.120594	0.255216	0.146277	3438
20	0.428332	0.120594	0.437443	0.146277	7221
20	0.441830	0.114173	0.450941	0.146277	G7221
20	0.455328	0.120594	0.464439	0.146277	7226
20	0.468826	0.120594	0.477938	0.146277	7227
20	0.640930	0.120594	0.650041	0.146277	1416
20	0.657803	0.120594	0.666914	0.146277	6302
20	0.684799	0.120594	0.693911	0.146277	1301
20	0.705047	0.120594	0.714158	0.146277	1311
20	0.772539	0.120594	0.781650	0.146277	7118
20	0.880525	0.120594	0.889636	0.146277	1212
20	0.894023	0.120594	0.903135	0.146277	1805
20	0.907522	0.120594	0.916633	0.146277	1810
20	0.921020	0.120594	0.930131	0.146277	1806
20	0.948017	0.127015	0.957128	0.146277	205
20	0.961515	0.127015	0.970626	0.146277	216
20	0.085714	0.144193	0.111024	0.162029	-X40
20	0.121485	0.148849	0.130596	0.161690	96
20	0.141732	0.148849	0.150844	0.161690	94
20	0.165354	0.148849	0.174466	0.161690	95
20	0.195726	0.148849	0.204837	0.161690	55
20	0.259843	0.148849	0.268954	0.161690	60
20	0.442070	0.148849	0.451181	0.161690	78
20	0.455568	0.148849	0.464679	0.161690	79
20	0.469066	0.148849	0.478178	0.161690	80
20	0.482565	0.148849	0.491676	0.161690	81
20	0.654668	0.148849	0.663779	0.161690	62
20	0.671541	0.148849	0.680652	0.161690	63
20	0.698538	0.148849	0.712205	0.161690	101
20	0.718785	0.148849	0.732452	0.161690	102
20	0.786277	0.148849	0.795388	0.161690	50
20	0.894263	0.148849	0.903375	0.161690	69
20	0.907762	0.148849	0.916873	0.161690	67
20	0.921260	0.148849	0.930371	0.161690	70
20	0.934758	0.148849	0.943869	0.161690	68
20	0.946569	0.148849	0.955680	0.161690	65
20	0.960068	0.148849	0.969179	0.161690	66
20	0.047004	0.158643	0.056116	0.184326	7409
20	0.799535	0.158643	0.808647	0.184326	7101
20	0.085714	0.182239	0.111024	0.200075	-X41
20	0.121485	0.182745	0.130596	0.195586	96
20	0.141732	0.182745	0.150844	0.195586	94
20	0.165354	0.182745	0.174466	0.195586	95
20	0.195726	0.182745	0.204837	0.195586	55
20	0.259843	0.182745	0.268954	0.195586	60
20	0.442070	0.182745	0.451181	0.195586	78
20	0.455568	0.182745	0.464679	0.195586	79
20	0.469066	0.182745	0.478178	0.195586	80
20	0.482565	0.182745	0.491676	0.195586	81
20	0.654668	0.182745	0.663779	0.195586	62
20	0.671541	0.182745	0.680652	0.195586	63
20	0.698538	0.182745	0.712205	0.195586	101
20	0.718785	0.182745	0.732452	0.195586	102
20	0.786277	0.182745	0.795388	0.195586	50
20	0.894263	0.182745	0.903375	0.195586	69
20	0.907762	0.182745	0.916873	0.195586	67
20	0.921260	0.182745	0.930371	0.195586	70
20	0.934758	0.182745	0.943869	0.195586	68
20	0.946569	0.182617	0.955680	0.195459	65
20	0.960068	0.182617	0.969179	0.195459	66
20	0.107747	0.239497	0.116858	0.265180	1726
20	0.127994	0.239497	0.137105	0.265180	1724
20	0.151616	0.239497	0.160727	0.265180	1725
20	0.181987	0.239497	0.191099	0.265180	3211
20	0.198860	0.239497	0.207971	0.265180	3109
20	0.215733	0.239497	0.224844	0.265180	3408
20	0.246104	0.239497	0.255216	0.265180	3438
20	0.333843	0.239497	0.342955	0.265180	5204
20	0.428332	0.239497	0.437443	0.265180	7221
20	0.441830	0.233076	0.450941	0.265180	G7221
20	0.455328	0.239497	0.464439	0.265180	7226
20	0.468826	0.239497	0.477938	0.265180	7227
20	0.482325	0.239497	0.491436	0.265180	7228
20	0.495823	0.239497	0.504934	0.265180	7229
20	0.509321	0.239497	0.518433	0.265180	7201
20	0.522820	0.239497	0.531931	0.265180	7202
20	0.566689	0.239497	0.575801	0.265180	4432
20	0.580188	0.239497	0.589299	0.265180	4433
20	0.593686	0.239497	0.602797	0.265180	4431
20	0.640930	0.239497	0.650041	0.265180	1416
20	0.657803	0.239497	0.666914	0.265180	6302
20	0.684799	0.239497	0.693911	0.265180	1301
20	0.705047	0.239497	0.714158	0.265180	1311
20	0.745542	0.239497	0.754653	0.265180	7116
20	0.759040	0.239497	0.768152	0.265180	7117
20	0.772539	0.239497	0.781650	0.265180	7118
20	0.823157	0.239497	0.832269	0.265180	1315
20	0.840030	0.239497	0.849141	0.265180	1308
20	0.853528	0.239497	0.862640	0.265180	1304
20	0.867027	0.239497	0.876138	0.265180	1303
20	0.880525	0.239497	0.889636	0.265180	1212
20	0.894023	0.239497	0.903135	0.265180	1805
20	0.907522	0.239497	0.916633	0.265180	1810
20	0.921020	0.239497	0.930131	0.265180	1806
20	0.934518	0.245918	0.943630	0.265180	213
20	0.948017	0.245918	0.957128	0.265180	205
20	0.961515	0.245918	0.970626	0.265180	216
20	0.026997	0.277207	0.052306	0.295042	-X42
20	0.054904	0.277207	0.061232	0.295042	=
20	0.064117	0.277264	0.068673	0.290105	A
20	0.121485	0.277264	0.126040	0.290105	s
20	0.141732	0.277264	0.146288	0.290105	B
20	0.165354	0.277264	0.169910	0.290105	C
20	0.195726	0.277264	0.200281	0.290105	D
20	0.212598	0.277264	0.217154	0.290105	E
20	0.229471	0.277264	0.234027	0.290105	F
20	0.259843	0.277264	0.264398	0.290105	G
20	0.347582	0.277264	0.352137	0.290105	H
20	0.442070	0.277264	0.446625	0.290105	J
20	0.455568	0.277264	0.460124	0.290105	K
20	0.469066	0.277264	0.473622	0.290105	L
20	0.482565	0.277264	0.487120	0.290105	M
20	0.496063	0.277264	0.500619	0.290105	N
20	0.509561	0.277264	0.514117	0.290105	P
20	0.523060	0.277264	0.527615	0.290105	R
20	0.536558	0.277264	0.541114	0.290105	S
20	0.580428	0.277264	0.584983	0.290105	T
20	0.593926	0.277264	0.598481	0.290105	U
20	0.607424	0.277264	0.611980	0.290105	V
20	0.654668	0.272508	0.659224	0.285349	W
20	0.671541	0.272508	0.676097	0.285349	X
20	0.698538	0.272508	0.703093	0.285349	Z
20	0.718785	0.272508	0.723341	0.285349	a
20	0.735658	0.277264	0.740214	0.290105	b
20	0.759280	0.277264	0.763836	0.290105	c
20	0.772778	0.277264	0.777334	0.290105	d
20	0.786277	0.277264	0.790832	0.290105	e
20	0.813273	0.277264	0.817829	0.290105	f
20	0.836895	0.277264	0.841451	0.290105	g
20	0.853768	0.277264	0.858324	0.290105	h
20	0.867267	0.277264	0.871822	0.290105	j
20	0.880765	0.277264	0.885321	0.290105	k
20	0.894263	0.277264	0.898819	0.290105	m
20	0.907762	0.277264	0.912317	0.290105	n
20	0.921260	0.277264	0.925815	0.290105	p
20	0.934758	0.277264	0.939314	0.290105	r
20	0.026997	0.300988	0.052306	0.318823	-X43
20	0.064117	0.311160	0.068673	0.324001	A
20	0.121485	0.311160	0.126040	0.324001	s
20	0.141732	0.311160	0.146288	0.324001	B
20	0.165354	0.311160	0.169910	0.324001	C
20	0.195726	0.311160	0.200281	0.324001	D
20	0.212598	0.311160	0.217154	0.324001	E
20	0.229471	0.311160	0.234027	0.324001	F
20	0.259843	0.311160	0.264398	0.324001	G
20	0.347582	0.311160	0.352137	0.324001	H
20	0.442070	0.311160	0.446625	0.324001	J
20	0.455568	0.311160	0.460124	0.324001	K
20	0.469066	0.311160	0.473622	0.324001	L
20	0.482565	0.311160	0.487120	0.324001	M
20	0.496063	0.311160	0.500619	0.324001	N
20	0.509561	0.311160	0.514117	0.324001	P
20	0.523060	0.311160	0.527615	0.324001	R
20	0.536558	0.311160	0.541114	0.324001	S
20	0.580428	0.311160	0.584983	0.324001	T
20	0.593926	0.311160	0.598481	0.324001	U
20	0.607424	0.311160	0.611980	0.324001	V
20	0.654668	0.306404	0.659224	0.319245	W
20	0.671541	0.306404	0.676097	0.319245	X
20	0.698538	0.306404	0.703093	0.319245	Z
20	0.718785	0.306404	0.723341	0.319245	a
20	0.735658	0.311160	0.740214	0.324001	b
20	0.759280	0.311160	0.763836	0.324001	c
20	0.772778	0.311160	0.777334	0.324001	d
20	0.786277	0.311160	0.790832	0.324001	e
20	0.813273	0.311160	0.817829	0.324001	f
20	0.836895	0.311160	0.841451	0.324001	g
20	0.853768	0.311160	0.858324	0.324001	h
20	0.867267	0.311160	0.871822	0.324001	j
20	0.880765	0.311160	0.885321	0.324001	k
20	0.894263	0.311160	0.898819	0.324001	m
20	0.907762	0.311160	0.912317	0.324001	n
20	0.921260	0.311160	0.925815	0.324001	p
20	0.934758	0.311160	0.939314	0.324001	r
20	0.047004	0.358400	0.056116	0.384083	7409
20	0.107747	0.358400	0.116858	0.384083	1726
20	0.124619	0.364821	0.133731	0.384083	223
20	0.148242	0.364821	0.157353	0.384083	237
20	0.178613	0.358400	0.187724	0.384083	3211
20	0.198860	0.358400	0.207971	0.384083	3109
20	0.215733	0.358400	0.224844	0.384083	3408
20	0.242730	0.358400	0.251841	0.384083	3438
20	0.330469	0.358400	0.339580	0.384083	5204
20	0.424957	0.358400	0.434068	0.384083	7221
20	0.441830	0.351979	0.450941	0.384083	G7221
20	0.451954	0.358400	0.461065	0.384083	7226
20	0.465452	0.358400	0.474563	0.384083	7227
20	0.478950	0.358400	0.488061	0.384083	7228
20	0.492448	0.358400	0.501560	0.384083	7229
20	0.505947	0.353644	0.515058	0.379327	7201
20	0.519445	0.358400	0.528556	0.384083	7202
20	0.563315	0.358400	0.572426	0.384083	4432
20	0.576813	0.358400	0.585924	0.384083	4433
20	0.590311	0.358400	0.599423	0.384083	4431
20	0.640930	0.358400	0.650041	0.384083	1416
20	0.657803	0.358400	0.666914	0.384083	6302
20	0.684799	0.358400	0.693911	0.384083	1301
20	0.705047	0.358400	0.714158	0.384083	1311
20	0.721920	0.358400	0.731031	0.384083	1310
20	0.745542	0.358400	0.754653	0.384083	7116
20	0.759040	0.358400	0.768152	0.384083	7117
20	0.772539	0.358400	0.781650	0.384083	7118
20	0.799535	0.358400	0.808647	0.384083	7101
20	0.823157	0.358400	0.832269	0.384083	1315
20	0.840030	0.358400	0.849141	0.384083	1308
20	0.853528	0.358400	0.862640	0.384083	1304
20	0.867027	0.358400	0.876138	0.384083	1303
20	0.880525	0.358400	0.889636	0.384083	1212
20	0.894023	0.358400	0.903135	0.384083	1805
20	0.907522	0.358400	0.916633	0.384083	1810
20	0.921020	0.358400	0.930131	0.384083	1806
20	0.265256	0.384678	0.274367	0.416781	/14.7
20	0.023622	0.453183	0.048931	0.471019	-X44
20	0.051530	0.453183	0.057857	0.471019	=
20	0.064117	0.457996	0.068673	0.470838	A
20	0.121485	0.457996	0.126040	0.470838	s
20	0.141732	0.457996	0.146288	0.470838	B
20	0.165354	0.457996	0.169910	0.470838	C
20	0.195726	0.457996	0.200281	0.470838	D
20	0.212598	0.457996	0.217154	0.470838	E
20	0.229471	0.457996	0.234027	0.470838	F
20	0.259843	0.457996	0.264398	0.470838	G
20	0.347582	0.457996	0.352137	0.470838	H
20	0.442070	0.457996	0.446625	0.470838	J
20	0.455568	0.457996	0.460124	0.470838	K
20	0.469066	0.457996	0.473622	0.470838	L
20	0.482565	0.457996	0.487120	0.470838	M
20	0.496063	0.457996	0.500619	0.470838	N
20	0.509561	0.457996	0.514117	0.470838	P
20	0.523060	0.457996	0.527615	0.470838	R
20	0.536558	0.457996	0.541114	0.470838	S
20	0.580428	0.457996	0.584983	0.470838	T
20	0.593926	0.457996	0.598481	0.470838	U
20	0.607424	0.457996	0.611980	0.470838	V
20	0.654668	0.453240	0.659224	0.466082	W
20	0.671541	0.453240	0.676097	0.466082	X
20	0.698538	0.453240	0.703093	0.466082	Z
20	0.718785	0.453240	0.723341	0.466082	a
20	0.735658	0.457996	0.740214	0.470838	b
20	0.759280	0.457996	0.763836	0.470838	c
20	0.772778	0.457996	0.777334	0.470838	d
20	0.786277	0.457996	0.790832	0.470838	e
20	0.813273	0.457996	0.817829	0.470838	f
20	0.836895	0.457996	0.841451	0.470838	g
20	0.853768	0.457996	0.858324	0.470838	h
20	0.867267	0.457996	0.871822	0.470838	j
20	0.880765	0.457996	0.885321	0.470838	k
20	0.894263	0.457996	0.898819	0.470838	m
20	0.907762	0.457996	0.912317	0.470838	n
20	0.921260	0.457996	0.925815	0.470838	p
20	0.934758	0.457996	0.939314	0.470838	r
20	0.948257	0.457996	0.952812	0.470838	t
20	0.961755	0.457996	0.966310	0.470838	u
20	0.975253	0.457996	0.979809	0.470838	v
20	0.023622	0.486476	0.048931	0.504312	-X45
20	0.051530	0.486476	0.057857	0.504312	=
20	0.064117	0.491892	0.068673	0.504734	A
20	0.121485	0.491892	0.126040	0.504734	s
20	0.141732	0.491892	0.146288	0.504734	B
20	0.165354	0.491892	0.169910	0.504734	C
20	0.195726	0.491892	0.200281	0.504734	D
20	0.212598	0.491892	0.217154	0.504734	E
20	0.229471	0.491892	0.234027	0.504734	F
20	0.259843	0.491892	0.264398	0.504734	G
20	0.347582	0.491892	0.352137	0.504734	H
20	0.442070	0.491892	0.446625	0.504734	J
20	0.455568	0.491892	0.460124	0.504734	K
20	0.469066	0.491892	0.473622	0.504734	L
20	0.482565	0.491892	0.487120	0.504734	M
20	0.496063	0.491892	0.500619	0.504734	N
20	0.509561	0.491892	0.514117	0.504734	P
20	0.523060	0.491892	0.527615	0.504734	R
20	0.536558	0.491892	0.541114	0.504734	S
20	0.580428	0.491892	0.584983	0.504734	T
20	0.593926	0.491892	0.598481	0.504734	U
20	0.607424	0.491892	0.611980	0.504734	V
20	0.654668	0.487136	0.659224	0.499977	W
20	0.671541	0.487136	0.676097	0.499977	X
20	0.698538	0.487136	0.703093	0.499977	Z
20	0.718785	0.487136	0.723341	0.499977	a
20	0.735658	0.491892	0.740214	0.504734	b
20	0.759280	0.491892	0.763836	0.504734	c
20	0.772778	0.491892	0.777334	0.504734	d
20	0.786277	0.491892	0.790832	0.504734	e
20	0.813273	0.491892	0.817829	0.504734	f
20	0.836895	0.491892	0.841451	0.504734	g
20	0.853768	0.491892	0.858324	0.504734	h
20	0.867267	0.491892	0.871822	0.504734	j
20	0.880765	0.491892	0.885321	0.504734	k
20	0.894263	0.491892	0.898819	0.504734	m
20	0.907762	0.491892	0.912317	0.504734	n
20	0.921260	0.491892	0.925815	0.504734	p
20	0.934758	0.491892	0.939314	0.504734	r
20	0.948257	0.491892	0.952812	0.504734	t
20	0.961755	0.491892	0.966310	0.504734	u
20	0.975253	0.491892	0.979809	0.504734	v
20	0.050379	0.539132	0.059490	0.564815	7409
20	0.127994	0.540797	0.137105	0.560059	223
20	0.151616	0.540797	0.160727	0.560059	237
20	0.246104	0.539132	0.255216	0.564815	3438
20	0.259603	0.540797	0.268714	0.560059	240
20	0.279850	0.539132	0.288961	0.564815	1416
20	0.657803	0.539132	0.666914	0.564815	6302
20	0.684799	0.539132	0.693911	0.564815	1301
20	0.705047	0.539132	0.714158	0.564815	1311
20	0.721920	0.539132	0.731031	0.564815	1310
20	0.745542	0.539132	0.754653	0.564815	7116
20	0.759040	0.539132	0.768152	0.564815	7117
20	0.772539	0.539132	0.781650	0.564815	7118
20	0.799535	0.539132	0.808647	0.564815	7101
20	0.823157	0.539132	0.832269	0.564815	1315
20	0.840030	0.539132	0.849141	0.564815	1308
20	0.853528	0.539132	0.862640	0.564815	1304
20	0.863652	0.539132	0.872763	0.564815	1303
20	0.880525	0.539132	0.889636	0.564815	1212
20	0.894023	0.539132	0.903135	0.564815	1805
20	0.907522	0.539132	0.916633	0.564815	1810
20	0.921020	0.539132	0.930131	0.564815	1806
20	0.934518	0.540797	0.943630	0.560059	213
20	0.948017	0.540797	0.957128	0.560059	205
20	0.961515	0.540797	0.970626	0.560059	216
20	0.811164	0.577152	0.830146	0.594987	-U3
20	0.132083	0.582651	0.141195	0.614755	/14.4
20	0.155705	0.582651	0.164817	0.614755	/14.5
20	0.237486	0.586509	0.256468	0.604344	S21
20	0.258493	0.593546	0.263048	0.606387	2
20	0.264904	0.586509	0.290214	0.604344	-S20
20	0.292238	0.593546	0.301350	0.606387	12
20	0.670191	0.612570	0.674747	0.625411	C
20	0.697188	0.612570	0.701743	0.625411	A
20	0.753628	0.615076	0.758183	0.627917	1
20	0.767126	0.615076	0.771682	0.627917	2
20	0.780624	0.615076	0.785180	0.627917	3
20	0.794123	0.615076	0.798678	0.627917	4
20	0.807621	0.615076	0.812177	0.627917	5
20	0.150520	0.612971	0.159631	0.645075	/14.8
20	0.258493	0.632198	0.263048	0.645039	1
20	0.292238	0.632198	0.301350	0.645039	11
20	0.770079	0.631766	0.806524	0.644608	润滑系统
20	0.682930	0.648339	0.701912	0.666174	-R6
20	0.753628	0.648717	0.758183	0.661558	5
20	0.144867	0.664456	0.153978	0.683718	100
20	0.225857	0.648523	0.234968	0.674206	3408
20	0.256228	0.648523	0.265339	0.674206	3408
20	0.289974	0.646858	0.299085	0.678962	1416A
20	0.670191	0.660734	0.674747	0.673576	B
20	0.674578	0.668423	0.701912	0.681264	2.5kΩ
20	0.938608	0.720578	0.947719	0.752682	/14.8
20	0.952106	0.720578	0.961217	0.752682	/14.8
20	0.965604	0.720578	0.974716	0.752682	/14.8
20	0.023622	0.781355	0.048931	0.799191	-X50
20	0.051530	0.781355	0.057857	0.799191	=
20	0.052078	0.759816	0.061190	0.785499	7409
20	0.065577	0.759816	0.074688	0.785499	7401
20	0.079075	0.759816	0.088186	0.785499	7402
20	0.092573	0.759816	0.101684	0.785499	7406
20	0.106071	0.755060	0.115183	0.787164	G7406
20	0.118110	0.781355	0.143420	0.799191	-X49
20	0.144867	0.757914	0.153978	0.783597	3110
20	0.146018	0.781355	0.152345	0.799191	=
20	0.158365	0.757914	0.167477	0.783597	3211
20	0.171864	0.757914	0.180975	0.783597	7301
20	0.185362	0.757914	0.194473	0.783597	7302
20	0.198860	0.757914	0.207971	0.783597	3109
20	0.212359	0.751493	0.221470	0.783597	G3109
20	0.242730	0.757914	0.251841	0.783597	7301
20	0.252854	0.757914	0.261965	0.783597	7302
20	0.293588	0.776599	0.318898	0.794435	-X46
20	0.320345	0.751493	0.329456	0.783597	G5204
20	0.321496	0.776599	0.327823	0.794435	=
20	0.333843	0.757914	0.342955	0.783597	5204
20	0.374578	0.776599	0.399887	0.794435	-X47
20	0.401335	0.757914	0.410446	0.783597	7200
20	0.402486	0.776599	0.408813	0.794435	=
20	0.414833	0.751493	0.423945	0.783597	G7200
20	0.428332	0.757914	0.437443	0.783597	7221
20	0.441830	0.751493	0.450941	0.783597	G7221
20	0.455328	0.757914	0.464439	0.783597	7226
20	0.468826	0.757914	0.477938	0.783597	7227
20	0.482325	0.757914	0.491436	0.783597	7228
20	0.495823	0.757914	0.504934	0.783597	7229
20	0.509321	0.757914	0.518433	0.783597	7201
20	0.522820	0.757914	0.531931	0.783597	7202
20	0.539933	0.776599	0.565242	0.794435	-X48
20	0.566689	0.757914	0.575801	0.783597	4432
20	0.567840	0.776599	0.574168	0.794435	=
20	0.580188	0.757914	0.589299	0.783597	4433
20	0.593686	0.757914	0.602797	0.783597	4431
20	0.607184	0.757914	0.616296	0.783597	8110
20	0.620682	0.751493	0.629794	0.783597	G8110
20	0.755666	0.746737	0.764777	0.778841	G7101
20	0.932649	0.771843	0.951631	0.789679	-GE
20	0.064117	0.805193	0.068673	0.818034	9
20	0.077615	0.805193	0.082171	0.818034	8
20	0.091114	0.805193	0.095669	0.818034	7
20	0.104612	0.805193	0.109168	0.818034	6
20	0.118110	0.805193	0.122666	0.818034	5
20	0.158605	0.800437	0.167716	0.813278	12
20	0.172103	0.800437	0.181215	0.813278	11
20	0.185602	0.800437	0.190157	0.813278	8
20	0.199100	0.800437	0.203656	0.813278	7
20	0.212598	0.800437	0.217154	0.813278	6
20	0.226097	0.800437	0.230652	0.813278	5
20	0.334083	0.809949	0.338639	0.822790	2
20	0.347582	0.809949	0.352137	0.822790	1
20	0.415073	0.800437	0.419629	0.813278	1
20	0.428571	0.800437	0.433127	0.813278	2
20	0.442070	0.800437	0.446625	0.813278	3
20	0.455568	0.800437	0.460124	0.813278	4
20	0.469066	0.800437	0.473622	0.813278	5
20	0.482565	0.800437	0.487120	0.813278	6
20	0.496063	0.800437	0.500619	0.813278	7
20	0.509561	0.800437	0.514117	0.813278	8
20	0.523060	0.800437	0.532171	0.813278	19
20	0.536558	0.800437	0.545669	0.813278	20
20	0.580428	0.805193	0.584983	0.818034	1
20	0.593926	0.805193	0.598481	0.818034	2
20	0.607424	0.805193	0.611980	0.818034	3
20	0.620922	0.805193	0.625478	0.818034	4
20	0.634421	0.805193	0.638976	0.818034	5
20	0.845838	0.819589	0.854949	0.832430	NC
20	0.861614	0.819589	0.866170	0.832430	2
20	0.875112	0.819589	0.879668	0.832430	1
20	0.888611	0.819589	0.893166	0.832430	9
20	0.902109	0.819589	0.906665	0.832430	5
20	0.913329	0.819589	0.922441	0.832430	10
20	0.929106	0.819589	0.933661	0.832430	6
20	0.064117	0.857453	0.114736	0.875289	换档手柄
20	0.161980	0.857453	0.212598	0.875289	举升手柄
20	0.310461	0.843185	0.361080	0.861020	空气座椅
20	0.442070	0.852697	0.505343	0.870533	称重控制器
20	0.577053	0.843185	0.627671	0.861020	环场影像
20	0.710771	0.848096	0.742407	0.865931	-GND4
20	0.871907	0.852697	0.890889	0.870533	DID
20	0.246819	0.863262	0.255930	0.895365	/14.6
20	0.256943	0.863262	0.266054	0.895365	/14.6
20	0.022340	0.937118	0.047649	0.954954	车型
20	0.060742	0.937118	0.142998	0.954954	NTE200-Russia
20	0.222866	0.937368	0.248175	0.955203	内容
20	0.259843	0.937118	0.373734	0.954954	车架线束到控制线束
20	0.472019	0.937118	0.661839	0.954954	内蒙古北方重型汽车股份有限公司
20	0.679134	0.937118	0.704443	0.954954	版本
20	0.717000	0.936577	0.723327	0.954412	A
20	0.746625	0.937118	0.771935	0.954954	图号
20	0.777840	0.937118	0.828459	0.954954	20062776
20	0.867688	0.937118	0.897216	0.954954	第15
20	0.901434	0.937118	0.934336	0.954954	页共
20	0.944882	0.933706	0.957537	0.951541	24
20	0.968926	0.937118	0.981580	0.954954	页
20	0.053753	0.962427	0.062865	0.988110	3110
20	0.071077	0.960899	0.077404	0.978734	1
20	0.192562	0.960899	0.198889	0.978734	2
20	0.314047	0.960899	0.320374	0.978734	3
20	0.435532	0.960899	0.441859	0.978734	4
20	0.557016	0.960899	0.563344	0.978734	5
20	0.678501	0.960899	0.684828	0.978734	6
20	0.799986	0.960899	0.806313	0.978734	7
20	0.921471	0.960899	0.927798	0.978734	8
21	0.067702	0.023944	0.074030	0.041779	1
21	0.192562	0.023944	0.198889	0.041779	2
21	0.310672	0.023944	0.316999	0.041779	3
21	0.435532	0.023944	0.441859	0.041779	4
21	0.557016	0.023944	0.563344	0.041779	5
21	0.681876	0.023944	0.688203	0.041779	6
21	0.799986	0.023944	0.806313	0.041779	7
21	0.921471	0.023944	0.927798	0.041779	8
21	0.083029	0.061262	0.092140	0.093365	/17.3
21	0.137022	0.061262	0.146133	0.093365	/15.5
21	0.196200	0.061143	0.205312	0.086825	/2.6
21	0.236695	0.061143	0.245807	0.086825	/2.2
21	0.297438	0.061143	0.306549	0.086825	/7.8
21	0.418923	0.061143	0.428034	0.086825	/2.3
21	0.486414	0.049966	0.495525	0.082069	/22.8
21	0.499912	0.061143	0.509024	0.086825	/8.6
21	0.526909	0.049966	0.536020	0.082069	/22.8
21	0.540407	0.061143	0.549519	0.086825	/8.7
21	0.574153	0.049966	0.583264	0.082069	/22.8
21	0.587651	0.061143	0.596763	0.086825	/8.7
21	0.736133	0.061143	0.745244	0.086825	/2.5
21	0.763129	0.061143	0.772241	0.086825	/7.3
21	0.837370	0.065899	0.846482	0.091582	/2.2
21	0.867741	0.061143	0.876853	0.086825	/5.3
21	0.478950	0.125350	0.488061	0.151033	1601
21	0.519445	0.125350	0.528556	0.151033	1602
21	0.566689	0.125350	0.575801	0.151033	1603
21	0.077375	0.206204	0.086487	0.231887	4412
21	0.131369	0.206204	0.140480	0.231887	4433
21	0.192111	0.206204	0.201222	0.231887	5518
21	0.232606	0.206204	0.241717	0.231887	5512
21	0.293348	0.206204	0.302460	0.231887	5907
21	0.414833	0.206204	0.423945	0.231887	5513
21	0.495823	0.206204	0.504934	0.231887	6701
21	0.536318	0.206204	0.545429	0.231887	6702
21	0.583562	0.206204	0.592673	0.231887	6703
21	0.732044	0.206204	0.741155	0.231887	5516
21	0.759040	0.206204	0.768152	0.231887	4413
21	0.833281	0.206204	0.842392	0.231887	5511
21	0.863652	0.206204	0.872763	0.231887	4430
21	0.170079	0.277365	0.195388	0.295200	-X40
21	0.205849	0.282020	0.214961	0.294861	52
21	0.246344	0.282020	0.255455	0.294861	59
21	0.307087	0.282020	0.316198	0.294861	35
21	0.428571	0.282020	0.437683	0.294861	13
21	0.509561	0.282020	0.518673	0.294861	97
21	0.550056	0.282020	0.559168	0.294861	98
21	0.597300	0.282020	0.606412	0.294861	99
21	0.745782	0.282020	0.754893	0.294861	61
21	0.772778	0.282020	0.781890	0.294861	23
21	0.847019	0.282020	0.851575	0.294861	5
21	0.877390	0.282020	0.886502	0.294861	26
21	0.170079	0.315410	0.195388	0.333246	-X41
21	0.205849	0.315916	0.214961	0.328757	52
21	0.246344	0.315916	0.255455	0.328757	59
21	0.307087	0.315916	0.316198	0.328757	35
21	0.428571	0.315916	0.437683	0.328757	13
21	0.509561	0.315916	0.518673	0.328757	97
21	0.550056	0.315916	0.559168	0.328757	98
21	0.597300	0.315916	0.606412	0.328757	99
21	0.745782	0.315916	0.754893	0.328757	61
21	0.772778	0.315916	0.781890	0.328757	23
21	0.847019	0.315916	0.851575	0.328757	5
21	0.877390	0.315916	0.886502	0.328757	26
21	0.192111	0.363156	0.201222	0.388839	5518
21	0.232606	0.363156	0.241717	0.388839	5512
21	0.293348	0.363156	0.302460	0.388839	5907
21	0.492448	0.363156	0.501560	0.388839	6701
21	0.532943	0.363156	0.542055	0.388839	6702
21	0.580188	0.363156	0.589299	0.388839	6703
21	0.755666	0.363156	0.764777	0.388839	4413
21	0.014342	0.386907	0.077615	0.404742	-TB1-FRAME
21	0.358549	0.386907	0.421822	0.404742	-TB2-FRAME
21	0.679134	0.386907	0.742407	0.404742	-TB3-FRAME
21	0.092463	0.441651	0.097019	0.454493	A
21	0.146457	0.441651	0.151012	0.454493	B
21	0.207199	0.441651	0.211755	0.454493	C
21	0.247694	0.441651	0.252250	0.454493	D
21	0.308436	0.441651	0.312992	0.454493	E
21	0.328684	0.441651	0.333240	0.454493	F
21	0.429921	0.441651	0.434477	0.454493	A
21	0.510911	0.441651	0.515467	0.454493	B
21	0.551406	0.441651	0.555962	0.454493	C
21	0.598650	0.441651	0.603206	0.454493	D
21	0.747132	0.441651	0.751687	0.454493	A
21	0.774128	0.441651	0.778684	0.454493	B
21	0.848369	0.441651	0.852925	0.454493	C
21	0.878740	0.441651	0.883296	0.454493	D
21	0.898988	0.441651	0.903543	0.454493	E
21	0.915861	0.441651	0.920416	0.454493	F
21	0.074001	0.753158	0.083112	0.778841	4417
21	0.094248	0.753158	0.103360	0.778841	4311
21	0.114496	0.753158	0.123607	0.778841	4432
21	0.127994	0.753158	0.137105	0.778841	4411
21	0.148242	0.753158	0.157353	0.778841	4414
21	0.168489	0.753158	0.177600	0.778841	4312
21	0.188736	0.753158	0.197848	0.778841	5204
21	0.208984	0.753158	0.218095	0.778841	7101
21	0.229231	0.753158	0.238343	0.778841	3408
21	0.289974	0.746737	0.299085	0.778841	G2555
21	0.313596	0.746737	0.322707	0.778841	G2555
21	0.333843	0.753158	0.342955	0.778841	5907
21	0.411459	0.753158	0.420570	0.778841	3107
21	0.435081	0.753158	0.444192	0.778841	3109
21	0.458703	0.753158	0.467814	0.778841	3108
21	0.482325	0.753158	0.491436	0.778841	3402
21	0.505947	0.753158	0.515058	0.778841	7201
21	0.536318	0.753158	0.545429	0.778841	7202
21	0.732044	0.753158	0.741155	0.778841	2234
21	0.759040	0.753158	0.768152	0.778841	4413
21	0.772539	0.753158	0.781650	0.778841	4423
21	0.792786	0.753158	0.801897	0.778841	4426
21	0.809659	0.753158	0.818770	0.778841	7409
21	0.833281	0.753158	0.842392	0.778841	4442
21	0.863652	0.753158	0.872763	0.778841	4430
21	0.880525	0.753158	0.889636	0.778841	4431
21	0.081465	0.882286	0.090576	0.914390	/19.5
21	0.103276	0.884902	0.112387	0.910585	/7.3
21	0.121960	0.882286	0.131071	0.914390	/15.5
21	0.135458	0.882286	0.144569	0.914390	/17.1
21	0.155705	0.882286	0.164817	0.914390	/19.5
21	0.177517	0.884902	0.186628	0.910585	/7.3
21	0.196200	0.882286	0.205312	0.914390	/15.3
21	0.216448	0.882286	0.225559	0.914390	/15.7
21	0.236695	0.882286	0.245807	0.914390	/15.2
21	0.297438	0.882286	0.306549	0.914390	/23.2
21	0.321060	0.882286	0.330171	0.914390	/23.2
21	0.341307	0.882286	0.350419	0.914390	/20.6
21	0.418923	0.882286	0.428034	0.914390	/20.2
21	0.442545	0.882286	0.451656	0.914390	/15.2
21	0.466167	0.882286	0.475278	0.914390	/18.2
21	0.489789	0.882286	0.498900	0.914390	/18.1
21	0.499912	0.882286	0.509024	0.914390	/15.5
21	0.540407	0.882286	0.549519	0.914390	/15.5
21	0.736133	0.882286	0.745244	0.914390	/19.4
21	0.763129	0.882286	0.772241	0.914390	/17.2
21	0.780002	0.882286	0.789114	0.914390	/19.6
21	0.796875	0.882286	0.805987	0.914390	/19.8
21	0.813748	0.882286	0.822860	0.914390	/15.1
21	0.837370	0.882286	0.846482	0.914390	/19.4
21	0.867741	0.882286	0.876853	0.914390	/19.6
21	0.884614	0.882286	0.893726	0.914390	/15.5
21	0.022340	0.937118	0.047649	0.954954	车型
21	0.060742	0.937118	0.142998	0.954954	NTE200-Russia
21	0.222866	0.937368	0.248175	0.955203	内容
21	0.259843	0.937118	0.310461	0.954954	车架接点
21	0.472019	0.937118	0.661839	0.954954	内蒙古北方重型汽车股份有限公司
21	0.679134	0.937118	0.704443	0.954954	版本
21	0.717000	0.936577	0.723327	0.954412	A
21	0.746625	0.937118	0.771935	0.954954	图号
21	0.777840	0.937118	0.828459	0.954954	20062776
21	0.867688	0.937118	0.897216	0.954954	第16
21	0.901434	0.937118	0.934336	0.954954	页共
21	0.944882	0.933706	0.957537	0.951541	24
21	0.968926	0.937118	0.981580	0.954954	页
21	0.071077	0.960899	0.077404	0.978734	1
21	0.192562	0.960899	0.198889	0.978734	2
21	0.314047	0.960899	0.320374	0.978734	3
21	0.435532	0.960899	0.441859	0.978734	4
21	0.557016	0.960899	0.563344	0.978734	5
21	0.678501	0.960899	0.684828	0.978734	6
21	0.799986	0.960899	0.806313	0.978734	7
21	0.921471	0.960899	0.927798	0.978734	8
22	0.067702	0.023944	0.074030	0.041779	1
22	0.192562	0.023944	0.198889	0.041779	2
22	0.310672	0.023944	0.316999	0.041779	3
22	0.435532	0.023944	0.441859	0.041779	4
22	0.557016	0.023944	0.563344	0.041779	5
22	0.681876	0.023944	0.688203	0.041779	6
22	0.799986	0.023944	0.806313	0.041779	7
22	0.921471	0.023944	0.927798	0.041779	8
22	0.091589	0.088015	0.100700	0.120118	/16.2
22	0.159080	0.088015	0.168191	0.120118	/16.7
22	0.290689	0.088015	0.299800	0.120118	/16.1
22	0.358180	0.094435	0.367291	0.120118	/8.1
22	0.439170	0.094435	0.448281	0.120118	/8.1
22	0.520160	0.094435	0.529271	0.120118	/8.1
22	0.601150	0.088015	0.610261	0.120118	/19.4
22	0.682140	0.094435	0.691251	0.120118	/5.4
22	0.722635	0.094435	0.731746	0.120118	/5.2
22	0.823872	0.094435	0.832983	0.120118	/6.6
22	0.354091	0.353644	0.363202	0.379327	7211
22	0.435081	0.353644	0.444192	0.379327	7212
22	0.516071	0.353644	0.525182	0.379327	7213
22	0.678050	0.353644	0.687162	0.379327	4435
22	0.718545	0.353644	0.727657	0.379327	5118
22	0.819783	0.353644	0.828894	0.379327	2531
22	0.338386	0.396267	0.357368	0.414103	X40
22	0.367829	0.400923	0.376940	0.413764	45
22	0.448819	0.400923	0.457930	0.413764	46
22	0.529809	0.396167	0.538920	0.409008	47
22	0.691789	0.396167	0.700900	0.409008	31
22	0.732283	0.396167	0.741395	0.409008	37
22	0.833521	0.396167	0.838076	0.409008	4
22	0.338386	0.434313	0.357368	0.452149	X41
22	0.367829	0.434819	0.376940	0.447660	45
22	0.448819	0.434819	0.457930	0.447660	46
22	0.529809	0.430063	0.538920	0.442904	47
22	0.691789	0.430063	0.700900	0.442904	31
22	0.732283	0.430063	0.741395	0.442904	37
22	0.833521	0.430063	0.838076	0.442904	4
22	0.087499	0.501084	0.096610	0.526766	4411
22	0.154991	0.501084	0.164102	0.526766	4413
22	0.283225	0.501084	0.292336	0.526766	4412
22	0.354091	0.501084	0.363202	0.526766	7211
22	0.435081	0.501084	0.444192	0.526766	7212
22	0.516071	0.501084	0.525182	0.526766	7213
22	0.597060	0.501084	0.606172	0.526766	4443
22	0.678050	0.501084	0.687162	0.526766	4435
22	0.718545	0.501084	0.727657	0.526766	5118
22	0.819783	0.501084	0.828894	0.526766	2531
22	0.071794	0.538948	0.090776	0.556783	X56
22	0.101237	0.543606	0.105793	0.556448	E
22	0.168729	0.543606	0.173285	0.556448	F
22	0.300337	0.543606	0.304893	0.556448	G
22	0.367829	0.543606	0.372385	0.556448	a
22	0.448819	0.543606	0.453375	0.556448	b
22	0.529809	0.543606	0.534364	0.556448	c
22	0.610799	0.543606	0.615354	0.556448	H
22	0.691789	0.543606	0.696344	0.556448	A
22	0.732283	0.543606	0.736839	0.556448	D
22	0.833521	0.543606	0.838076	0.556448	C
22	0.071794	0.577000	0.090776	0.594835	X57
22	0.101237	0.577502	0.105793	0.590344	E
22	0.168729	0.577502	0.173285	0.590344	F
22	0.300337	0.577502	0.304893	0.590344	G
22	0.367829	0.577502	0.372385	0.590344	a
22	0.448819	0.577502	0.453375	0.590344	b
22	0.529809	0.577502	0.534364	0.590344	c
22	0.610799	0.577502	0.615354	0.590344	H
22	0.691789	0.577502	0.696344	0.590344	A
22	0.732283	0.577502	0.736839	0.590344	D
22	0.833521	0.577502	0.838076	0.590344	C
22	0.087499	0.696084	0.096610	0.721767	4411
22	0.099888	0.712449	0.104443	0.725290	1
22	0.121245	0.696084	0.130356	0.721767	4414
22	0.154991	0.696084	0.164102	0.721767	4413
22	0.167379	0.712449	0.171935	0.725290	1
22	0.188736	0.696084	0.197848	0.721767	4421
22	0.222482	0.696084	0.231594	0.721767	4422
22	0.234871	0.712449	0.239426	0.725290	1
22	0.252854	0.696084	0.261965	0.721767	4423
22	0.286599	0.696084	0.295711	0.721767	4412
22	0.298988	0.712449	0.303543	0.725290	1
22	0.320345	0.696084	0.329456	0.721767	4417
22	0.354091	0.696084	0.363202	0.721767	7211
22	0.366479	0.712449	0.371035	0.725290	1
22	0.394586	0.696084	0.403697	0.721767	7211
22	0.435081	0.696084	0.444192	0.721767	7212
22	0.447469	0.712449	0.452025	0.725290	1
22	0.475576	0.696084	0.484687	0.721767	7212
22	0.516071	0.696084	0.525182	0.721767	7213
22	0.528459	0.712449	0.533015	0.725290	1
22	0.556565	0.696084	0.565677	0.721767	7213
22	0.597060	0.696084	0.606172	0.721767	4443
22	0.609449	0.712449	0.614004	0.725290	1
22	0.637555	0.696084	0.646667	0.721767	4444
22	0.678050	0.696084	0.687162	0.721767	4435
22	0.690439	0.712449	0.694994	0.725290	1
22	0.759040	0.696084	0.768152	0.721767	5119
22	0.771429	0.712449	0.775984	0.725290	1
22	0.819783	0.696084	0.828894	0.721767	2531
22	0.867027	0.696084	0.876138	0.721767	2532
22	0.879415	0.712449	0.883971	0.725290	1
22	0.914271	0.696084	0.923382	0.721767	2533
22	0.958140	0.696084	0.967252	0.721767	2534
22	0.970529	0.712449	0.975084	0.725290	1
22	0.065382	0.729193	0.084364	0.747028	-H1
22	0.132874	0.729193	0.151856	0.747028	-H3
22	0.200366	0.729193	0.219348	0.747028	-H5
22	0.264483	0.729193	0.283465	0.747028	-H7
22	0.331974	0.729193	0.350956	0.747028	-H9
22	0.406637	0.729193	0.431946	0.747028	-H11
22	0.487627	0.729193	0.512936	0.747028	-H13
22	0.568616	0.729193	0.593926	0.747028	-H15
22	0.649606	0.729193	0.674916	0.747028	-H19
22	0.718545	0.724621	0.727657	0.750304	5118
22	0.730596	0.729193	0.755905	0.747028	-H18
22	0.854612	0.731037	0.859674	0.745305	P
22	0.945726	0.731037	0.950787	0.745305	P
22	0.099888	0.751101	0.104443	0.763942	2
22	0.133633	0.755254	0.138189	0.768095	1
22	0.167379	0.751101	0.171935	0.763942	2
22	0.201125	0.755254	0.205681	0.768095	1
22	0.234871	0.751101	0.239426	0.763942	2
22	0.265242	0.755254	0.269798	0.768095	1
22	0.298988	0.751101	0.303543	0.763942	2
22	0.332733	0.755254	0.337289	0.768095	1
22	0.366479	0.751101	0.371035	0.763942	2
22	0.406974	0.755254	0.411530	0.768095	1
22	0.447469	0.751101	0.452025	0.763942	2
22	0.487964	0.755254	0.492520	0.768095	1
22	0.528459	0.751101	0.533015	0.763942	2
22	0.568954	0.760010	0.573510	0.772851	1
22	0.609449	0.751101	0.614004	0.763942	2
22	0.649944	0.755254	0.654499	0.768095	1
22	0.690439	0.751101	0.694994	0.763942	2
22	0.730934	0.755254	0.735489	0.768095	1
22	0.771429	0.751101	0.775984	0.763942	2
22	0.804837	0.748217	0.830146	0.766053	-S22
22	0.832171	0.755254	0.836727	0.768095	1
22	0.852081	0.752973	0.877390	0.770809	-S23
22	0.879415	0.751101	0.883971	0.763942	2
22	0.899325	0.748217	0.924634	0.766053	-S24
22	0.926659	0.755254	0.931215	0.768095	1
22	0.943195	0.752973	0.968504	0.770809	-S25
22	0.970529	0.751101	0.975084	0.763942	2
22	0.099128	0.771998	0.118110	0.789833	-H2
22	0.166620	0.771998	0.185602	0.789833	-H4
22	0.230737	0.771998	0.249719	0.789833	-H6
22	0.298228	0.771998	0.317210	0.789833	-H8
22	0.366142	0.771998	0.391451	0.789833	-H10
22	0.447132	0.771998	0.472441	0.789833	-H12
22	0.528122	0.776754	0.553431	0.794589	-H14
22	0.609111	0.771998	0.634421	0.789833	-H16
22	0.690101	0.771998	0.715410	0.789833	-H17
22	0.807368	0.773842	0.812430	0.788110	P
22	0.901856	0.773842	0.906918	0.788110	P
22	0.133633	0.793906	0.138189	0.806747	2
22	0.201125	0.793906	0.205681	0.806747	2
22	0.265242	0.793906	0.269798	0.806747	2
22	0.332733	0.793906	0.337289	0.806747	2
22	0.406974	0.793906	0.411530	0.806747	2
22	0.487964	0.793906	0.492520	0.806747	2
22	0.568954	0.798662	0.573510	0.811503	2
22	0.649944	0.793906	0.654499	0.806747	2
22	0.730934	0.793906	0.735489	0.806747	2
22	0.832171	0.793906	0.836727	0.806747	2
22	0.926659	0.793906	0.931215	0.806747	2
22	0.087499	0.808567	0.096610	0.840670	G4419
22	0.121245	0.808567	0.130356	0.840670	G4414
22	0.154991	0.808567	0.164102	0.840670	G4421
22	0.188736	0.808567	0.197848	0.840670	G4420
22	0.222482	0.808567	0.231594	0.840670	G4422
22	0.252854	0.808567	0.261965	0.840670	G4424
22	0.286599	0.808567	0.295711	0.840670	G4416
22	0.320345	0.808567	0.329456	0.840670	G4417
22	0.354091	0.808567	0.363202	0.840670	G7211
22	0.394586	0.808567	0.403697	0.840670	G7211
22	0.435081	0.808567	0.444192	0.840670	G7212
22	0.475576	0.808567	0.484687	0.840670	G7212
22	0.516071	0.808567	0.525182	0.840670	G7213
22	0.556565	0.808567	0.565677	0.840670	G7213
22	0.597060	0.808567	0.606172	0.840670	G4443
22	0.637555	0.808567	0.646667	0.840670	G4444
22	0.678050	0.808567	0.687162	0.840670	G4435
22	0.718545	0.808567	0.727657	0.840670	G5119
22	0.759040	0.808567	0.768152	0.840670	G5120
22	0.819783	0.808567	0.828894	0.840670	G2531
22	0.867027	0.808567	0.876138	0.840670	G2532
22	0.914271	0.808567	0.923382	0.840670	G2533
22	0.958140	0.808567	0.967252	0.840670	G2534
22	0.032480	0.871876	0.064117	0.889712	-GND5
22	0.022340	0.937118	0.047649	0.954954	车型
22	0.060742	0.937118	0.142998	0.954954	NTE200-Russia
22	0.222866	0.937368	0.248175	0.955203	内容
22	0.259843	0.937118	0.367407	0.954954	平台线束到用电器1
22	0.472019	0.937118	0.661839	0.954954	内蒙古北方重型汽车股份有限公司
22	0.679134	0.937118	0.704443	0.954954	版本
22	0.717000	0.936577	0.723327	0.954412	A
22	0.746625	0.937118	0.771935	0.954954	图号
22	0.777840	0.937118	0.828459	0.954954	20062776
22	0.867688	0.937118	0.897216	0.954954	第17
22	0.901434	0.937118	0.934336	0.954954	页共
22	0.944882	0.933706	0.957537	0.951541	24
22	0.968926	0.937118	0.981580	0.954954	页
22	0.071077	0.960899	0.077404	0.978734	1
22	0.192562	0.960899	0.198889	0.978734	2
22	0.314047	0.960899	0.320374	0.978734	3
22	0.435532	0.960899	0.441859	0.978734	4
22	0.557016	0.960899	0.563344	0.978734	5
22	0.678501	0.960899	0.684828	0.978734	6
22	0.799986	0.960899	0.806313	0.978734	7
22	0.921471	0.960899	0.927798	0.978734	8
23	0.067702	0.023944	0.074030	0.041779	1
23	0.192562	0.023944	0.198889	0.041779	2
23	0.310672	0.023944	0.316999	0.041779	3
23	0.435532	0.023944	0.441859	0.041779	4
23	0.557016	0.023944	0.563344	0.041779	5
23	0.681876	0.023944	0.688203	0.041779	6
23	0.799986	0.023944	0.806313	0.041779	7
23	0.921471	0.023944	0.927798	0.041779	8
23	0.084839	0.068990	0.093951	0.101094	/16.4
23	0.121960	0.075411	0.131071	0.101094	/6.7
23	0.145582	0.075411	0.154693	0.101094	/6.7
23	0.179328	0.068990	0.188439	0.101094	/16.4
23	0.260317	0.075411	0.269429	0.101094	/6.8
23	0.317685	0.075411	0.326796	0.101094	/6.8
23	0.375053	0.075411	0.384164	0.101094	/6.3
23	0.435795	0.075411	0.444907	0.101094	/4.4
23	0.489789	0.075411	0.498900	0.101094	/7.2
23	0.543782	0.075411	0.552893	0.101094	/7.6
23	0.597775	0.075411	0.606886	0.101094	/8.1
23	0.665267	0.075411	0.674378	0.101094	/7.4
23	0.739507	0.075411	0.748619	0.101094	/5.8
23	0.844119	0.075411	0.853231	0.101094	/5.8
23	0.117870	0.130106	0.126982	0.155789	3413
23	0.141492	0.130106	0.150604	0.155789	3111
23	0.266352	0.130106	0.275463	0.155789	3606
23	0.323720	0.130106	0.332831	0.155789	3607
23	0.384462	0.130106	0.393573	0.155789	3442
23	0.431706	0.130106	0.440817	0.155789	3440
23	0.485699	0.130106	0.494811	0.155789	3437
23	0.539693	0.130106	0.548804	0.155789	3430
23	0.593686	0.130106	0.602797	0.155789	3451
23	0.661177	0.130106	0.670289	0.155789	5117
23	0.735418	0.130106	0.744530	0.155789	5181
23	0.840030	0.130106	0.849141	0.155789	5182
23	0.095838	0.158462	0.121147	0.176297	-X40
23	0.131609	0.163117	0.140720	0.175958	15
23	0.155231	0.163117	0.164342	0.175958	14
23	0.269966	0.163117	0.279078	0.175958	38
23	0.327334	0.163117	0.336445	0.175958	39
23	0.384702	0.163117	0.393813	0.175958	17
23	0.445444	0.163117	0.450000	0.175958	9
23	0.499438	0.163117	0.508549	0.175958	16
23	0.553431	0.163117	0.562542	0.175958	36
23	0.607424	0.163117	0.616535	0.175958	34
23	0.674916	0.163117	0.684027	0.175958	27
23	0.749156	0.163117	0.758268	0.175958	56
23	0.853768	0.163117	0.862879	0.175958	57
23	0.095838	0.196508	0.121147	0.214343	-X41
23	0.131609	0.197013	0.140720	0.209854	15
23	0.155231	0.197013	0.164342	0.209854	14
23	0.269966	0.197013	0.279078	0.209854	38
23	0.327334	0.197013	0.336445	0.209854	39
23	0.384702	0.197013	0.393813	0.209854	17
23	0.445444	0.197013	0.450000	0.209854	9
23	0.499438	0.197013	0.508549	0.209854	16
23	0.553431	0.197013	0.562542	0.209854	36
23	0.607424	0.197013	0.616535	0.209854	34
23	0.674916	0.197013	0.684027	0.209854	27
23	0.749156	0.197013	0.758268	0.209854	56
23	0.853768	0.197013	0.862879	0.209854	57
23	0.080750	0.225229	0.089861	0.250912	3402
23	0.117870	0.225229	0.126982	0.250912	3413
23	0.141492	0.225229	0.150604	0.250912	3111
23	0.175238	0.225229	0.184349	0.250912	3108
23	0.266352	0.225229	0.275463	0.250912	3606
23	0.323720	0.225229	0.332831	0.250912	3607
23	0.381087	0.225229	0.390199	0.250912	3442
23	0.431706	0.225229	0.440817	0.250912	3440
23	0.485699	0.225229	0.494811	0.250912	3437
23	0.539693	0.225229	0.548804	0.250912	3430
23	0.593686	0.225229	0.602797	0.250912	3451
23	0.661177	0.225229	0.670289	0.250912	5117
23	0.735418	0.225229	0.744530	0.250912	5181
23	0.840030	0.225229	0.849141	0.250912	5182
23	0.058718	0.253581	0.084027	0.271416	-X56
23	0.094488	0.258239	0.099044	0.271081	W
23	0.131609	0.258239	0.136164	0.271081	Z
23	0.155231	0.258239	0.159786	0.271081	j
23	0.188976	0.258239	0.193532	0.271081	h
23	0.269966	0.258239	0.274522	0.271081	M
23	0.327334	0.258239	0.331890	0.271081	N
23	0.384702	0.258239	0.389258	0.271081	R
23	0.445444	0.258239	0.450000	0.271081	U
23	0.499438	0.258239	0.503993	0.271081	V
23	0.553431	0.258239	0.557986	0.271081	X
23	0.607424	0.258239	0.611980	0.271081	Y
23	0.674916	0.258239	0.679471	0.271081	B
23	0.749156	0.258239	0.753712	0.271081	S
23	0.853768	0.258239	0.858324	0.271081	T
23	0.058718	0.291633	0.084027	0.309468	-X57
23	0.094488	0.292135	0.099044	0.304977	W
23	0.131609	0.292135	0.136164	0.304977	Z
23	0.155231	0.292135	0.159786	0.304977	j
23	0.188976	0.292135	0.193532	0.304977	h
23	0.269966	0.292135	0.274522	0.304977	M
23	0.327334	0.292135	0.331890	0.304977	N
23	0.384702	0.292135	0.389258	0.304977	R
23	0.445444	0.292135	0.450000	0.304977	U
23	0.499438	0.292135	0.503993	0.304977	V
23	0.553431	0.292135	0.557986	0.304977	X
23	0.607424	0.292135	0.611980	0.304977	Y
23	0.674916	0.292135	0.679471	0.304977	B
23	0.749156	0.292135	0.753712	0.304977	S
23	0.853768	0.292135	0.858324	0.304977	T
23	0.080750	0.310839	0.089861	0.336522	3402
23	0.117870	0.310839	0.126982	0.336522	3413
23	0.141492	0.310839	0.150604	0.336522	3111
23	0.175238	0.310839	0.184349	0.336522	3108
23	0.266352	0.310839	0.275463	0.336522	3606
23	0.323720	0.310839	0.332831	0.336522	3607
23	0.381087	0.310839	0.390199	0.336522	3442
23	0.431706	0.310839	0.440817	0.336522	3440
23	0.485699	0.310839	0.494811	0.336522	3437
23	0.539693	0.310839	0.548804	0.336522	3430
23	0.593686	0.310839	0.602797	0.336522	3451
23	0.661177	0.310839	0.670289	0.336522	5117
23	0.735418	0.310839	0.744530	0.336522	5181
23	0.840030	0.310839	0.849141	0.336522	5182
23	0.477081	0.353459	0.496063	0.371295	-Y2
23	0.585067	0.353459	0.604049	0.371295	-Y4
23	0.498088	0.384276	0.502643	0.397118	1
23	0.606074	0.384276	0.610630	0.397118	1
23	0.205609	0.405961	0.214721	0.431644	3108
23	0.498088	0.422928	0.502643	0.435770	2
23	0.606074	0.422928	0.610630	0.435770	2
23	0.423088	0.424801	0.442070	0.442637	-Y1
23	0.531074	0.424801	0.550056	0.442637	-Y3
23	0.065804	0.453338	0.091114	0.471173	-S26
23	0.093138	0.460374	0.097694	0.473216	1
23	0.160293	0.453338	0.185602	0.471173	-S27
23	0.187627	0.460374	0.192182	0.473216	1
23	0.194038	0.453338	0.219348	0.471173	-S27
23	0.221372	0.460374	0.230484	0.473216	11
23	0.241282	0.453338	0.266592	0.471173	-S28
23	0.268616	0.460374	0.273172	0.473216	1
23	0.298650	0.448582	0.323959	0.466417	-S29
23	0.325984	0.455618	0.330540	0.468460	1
23	0.356018	0.448582	0.381327	0.466417	-S30
23	0.383352	0.455618	0.387908	0.468460	1
23	0.444095	0.455618	0.448650	0.468460	1
23	0.552081	0.455618	0.556637	0.468460	1
23	0.068335	0.478963	0.073397	0.493231	P
23	0.162823	0.478963	0.167885	0.493231	P
23	0.196569	0.478963	0.201631	0.493231	P
23	0.243813	0.478963	0.248875	0.493231	P
23	0.301181	0.474207	0.306243	0.488475	P
23	0.358549	0.474207	0.363611	0.488475	P
23	0.093138	0.499026	0.097694	0.511868	2
23	0.187627	0.499026	0.192182	0.511868	2
23	0.221372	0.499026	0.230484	0.511868	12
23	0.268616	0.499026	0.273172	0.511868	2
23	0.325984	0.494270	0.330540	0.507112	2
23	0.383352	0.494270	0.387908	0.507112	2
23	0.444095	0.494270	0.448650	0.507112	2
23	0.552081	0.494270	0.556637	0.507112	2
23	0.175238	0.524864	0.184349	0.550547	3111
23	0.266352	0.539370	0.275463	0.545791	G
23	0.323720	0.539370	0.332831	0.545791	G
23	0.384462	0.539370	0.393573	0.545791	G
23	0.441830	0.539370	0.450941	0.545791	G
23	0.495823	0.539370	0.504934	0.545791	G
23	0.549816	0.539370	0.558928	0.545791	G
23	0.603810	0.539370	0.612921	0.545791	G
23	0.208984	0.593114	0.218095	0.612376	213
23	0.748916	0.580273	0.758028	0.612376	G5181
23	0.853528	0.580273	0.862640	0.612376	G5182
23	0.701912	0.624404	0.727222	0.642239	-X96
23	0.729820	0.624404	0.736147	0.642239	=
23	0.749156	0.633973	0.753712	0.646814	1
23	0.762655	0.633973	0.767210	0.646814	2
23	0.806524	0.624404	0.831833	0.642239	-X97
23	0.834432	0.624404	0.840759	0.642239	=
23	0.853768	0.633973	0.858324	0.646814	1
23	0.867267	0.633973	0.871822	0.646814	2
23	0.725534	0.672274	0.776153	0.690109	左镜加热
23	0.830146	0.672274	0.880765	0.690109	右镜加热
23	0.213073	0.677773	0.222185	0.709877	/15.8
23	0.590311	0.696084	0.599423	0.721767	5117
23	0.607184	0.689664	0.616296	0.721767	G5117
23	0.674676	0.689664	0.683787	0.721767	G5117
23	0.674916	0.733851	0.679471	0.746692	A
23	0.688414	0.733851	0.692970	0.746692	B
23	0.624297	0.757884	0.649606	0.775719	-X59
23	0.652205	0.757884	0.658532	0.775719	=
23	0.658043	0.772152	0.696007	0.789988	清洗泵
23	0.604050	0.809949	0.608605	0.822790	A
23	0.620922	0.809949	0.625478	0.822790	B
23	0.556805	0.829226	0.582115	0.847061	-X58
23	0.584713	0.829226	0.591041	0.847061	=
23	0.872750	0.833827	0.904387	0.851663	-GND5
23	0.590551	0.848250	0.628515	0.866086	清洗泵
23	0.022340	0.937118	0.047649	0.954954	车型
23	0.060742	0.937118	0.142998	0.954954	NTE200-Russia
23	0.222866	0.937368	0.248175	0.955203	内容
23	0.259843	0.937118	0.367407	0.954954	平台线束到用电器2
23	0.472019	0.937118	0.661839	0.954954	内蒙古北方重型汽车股份有限公司
23	0.679134	0.937118	0.704443	0.954954	版本
23	0.717000	0.936577	0.723327	0.954412	A
23	0.746625	0.937118	0.771935	0.954954	图号
23	0.777840	0.937118	0.828459	0.954954	20062776
23	0.867688	0.937118	0.897216	0.954954	第18
23	0.901434	0.937118	0.934336	0.954954	页共
23	0.944882	0.933706	0.957537	0.951541	24
23	0.968926	0.937118	0.981580	0.954954	页
23	0.071077	0.960899	0.077404	0.978734	1
23	0.192562	0.960899	0.198889	0.978734	2
23	0.314047	0.960899	0.320374	0.978734	3
23	0.435532	0.960899	0.441859	0.978734	4
23	0.557016	0.960899	0.563344	0.978734	5
23	0.678501	0.960899	0.684828	0.978734	6
23	0.799986	0.960899	0.806313	0.978734	7
23	0.921471	0.960899	0.927798	0.978734	8
24	0.067702	0.023944	0.074030	0.041779	1
24	0.192562	0.023944	0.198889	0.041779	2
24	0.310672	0.023944	0.316999	0.041779	3
24	0.435532	0.023944	0.441859	0.041779	4
24	0.557016	0.023944	0.563344	0.041779	5
24	0.681876	0.023944	0.688203	0.041779	6
24	0.799986	0.023944	0.806313	0.041779	7
24	0.921471	0.023944	0.927798	0.041779	8
24	0.071341	0.070655	0.080452	0.096338	/5.2
24	0.152331	0.070655	0.161442	0.096338	/5.1
24	0.233321	0.070655	0.242432	0.096338	/5.4
24	0.277190	0.070655	0.286302	0.096338	/5.5
24	0.314311	0.070655	0.323422	0.096338	/7.3
24	0.354806	0.070655	0.363917	0.096338	/7.4
24	0.395301	0.064234	0.404412	0.096338	/16.6
24	0.423861	0.069228	0.432972	0.094911	/6.6
24	0.462792	0.064234	0.471903	0.096338	/16.7
24	0.489789	0.064234	0.498900	0.096338	/17.5
24	0.550531	0.064234	0.559642	0.096338	/16.2
24	0.591026	0.064234	0.600137	0.096338	/16.1
24	0.631521	0.064234	0.640632	0.096338	/16.7
24	0.672016	0.064234	0.681127	0.096338	/16.7
24	0.712511	0.064234	0.721622	0.096338	/12.7
24	0.817123	0.064234	0.826234	0.096338	/21.4
24	0.067252	0.158643	0.076363	0.184326	4213
24	0.148242	0.158643	0.157353	0.184326	4113
24	0.229231	0.158643	0.238343	0.184326	4513
24	0.273101	0.158643	0.282212	0.184326	4523
24	0.310221	0.158643	0.319333	0.184326	4427
24	0.347342	0.158643	0.356453	0.184326	4428
24	0.387837	0.158643	0.396948	0.184326	2234
24	0.414833	0.158643	0.423945	0.184326	2235
24	0.458703	0.158643	0.467814	0.184326	4442
24	0.485699	0.158643	0.494811	0.184326	4443
24	0.546442	0.158643	0.555553	0.184326	4414
24	0.586937	0.158643	0.596048	0.184326	4417
24	0.627432	0.158643	0.636543	0.184326	4430
24	0.667927	0.158643	0.677038	0.184326	4423
24	0.708421	0.158643	0.717533	0.184326	3415
24	0.813034	0.158643	0.822145	0.184326	4440
24	0.934518	0.152222	0.943630	0.184326	G4526
24	0.933408	0.184567	0.937964	0.197409	2
24	0.892576	0.201264	0.917885	0.219099	-H31
24	0.892913	0.227372	0.897469	0.240214	2
24	0.933408	0.223172	0.937964	0.236013	1
24	0.045219	0.234560	0.070529	0.252395	-X40
24	0.080990	0.239215	0.090101	0.252056	20
24	0.161980	0.239215	0.171091	0.252056	19
24	0.242970	0.239215	0.252081	0.252056	32
24	0.286839	0.239215	0.295950	0.252056	44
24	0.323960	0.239215	0.333071	0.252056	24
24	0.364455	0.239215	0.373566	0.252056	25
24	0.431946	0.239215	0.436502	0.252056	1
24	0.722160	0.239215	0.731271	0.252056	33
24	0.852081	0.244069	0.877390	0.261904	-H30
24	0.892913	0.265977	0.897469	0.278818	1
24	0.045219	0.272605	0.070529	0.290441	-X41
24	0.080990	0.273111	0.090101	0.285952	20
24	0.161980	0.273111	0.171091	0.285952	19
24	0.242970	0.273111	0.252081	0.285952	32
24	0.286839	0.273111	0.295950	0.285952	44
24	0.323960	0.273111	0.333071	0.285952	24
24	0.364455	0.273111	0.373566	0.285952	25
24	0.431946	0.273111	0.436502	0.285952	1
24	0.722160	0.273111	0.731271	0.285952	33
24	0.067252	0.315595	0.076363	0.341278	4213
24	0.148242	0.315595	0.157353	0.341278	4113
24	0.229231	0.315595	0.238343	0.341278	4513
24	0.273101	0.315595	0.282212	0.341278	4523
24	0.310221	0.315595	0.319333	0.341278	4427
24	0.347342	0.315595	0.356453	0.341278	4428
24	0.414833	0.315595	0.423945	0.341278	2235
24	0.708421	0.315595	0.717533	0.341278	3415
24	0.877150	0.315595	0.886262	0.341278	4426
24	0.921020	0.315595	0.930131	0.341278	4526
24	0.033746	0.367573	0.059055	0.385409	-X62
24	0.061654	0.367573	0.067981	0.385409	=
24	0.080990	0.372386	0.085546	0.385228	I
24	0.161980	0.372386	0.166535	0.385228	J
24	0.242970	0.372386	0.247525	0.385228	K
24	0.286839	0.372386	0.291395	0.385228	L
24	0.323960	0.372386	0.328515	0.385228	1
24	0.364455	0.372386	0.369010	0.385228	2
24	0.404949	0.372386	0.409505	0.385228	3
24	0.431946	0.372386	0.436502	0.385228	4
24	0.472441	0.372386	0.476997	0.385228	5
24	0.499438	0.372386	0.503993	0.385228	6
24	0.516310	0.367573	0.541620	0.385409	-X94
24	0.544218	0.367573	0.550546	0.385409	=
24	0.560180	0.372386	0.564736	0.385228	B
24	0.600675	0.372386	0.605231	0.385228	C
24	0.641170	0.372386	0.645726	0.385228	E
24	0.681665	0.372386	0.686220	0.385228	D
24	0.722160	0.372386	0.726715	0.385228	A
24	0.825422	0.368106	0.829977	0.380947	1
24	0.784589	0.386752	0.809899	0.404588	-S41
24	0.030371	0.405622	0.055680	0.423458	-X63
24	0.058279	0.405622	0.064606	0.423458	=
24	0.080990	0.406282	0.085546	0.419124	I
24	0.161980	0.406282	0.166535	0.419124	J
24	0.242970	0.406282	0.247525	0.419124	K
24	0.286839	0.406282	0.291395	0.419124	L
24	0.323960	0.406282	0.328515	0.419124	1
24	0.364455	0.406282	0.369010	0.419124	2
24	0.404949	0.406282	0.409505	0.419124	3
24	0.431946	0.406282	0.436502	0.419124	4
24	0.472441	0.406282	0.476997	0.419124	5
24	0.499438	0.406282	0.503993	0.419124	6
24	0.516310	0.405622	0.541620	0.423458	-X95
24	0.544218	0.405622	0.550546	0.423458	=
24	0.560180	0.406282	0.564736	0.419124	B
24	0.600675	0.406282	0.605231	0.419124	C
24	0.641170	0.406282	0.645726	0.419124	E
24	0.681665	0.406282	0.686220	0.419124	D
24	0.722160	0.406282	0.726715	0.419124	A
24	0.825422	0.410563	0.829977	0.423404	2
24	0.320345	0.444010	0.329456	0.469693	4427
24	0.350716	0.444010	0.359828	0.469693	4428
24	0.391211	0.444010	0.400322	0.469693	2234
24	0.418208	0.444010	0.427319	0.469693	2235
24	0.458703	0.444010	0.467814	0.469693	4442
24	0.485699	0.444010	0.494811	0.469693	4443
24	0.718545	0.444010	0.727657	0.469693	3415
24	0.813034	0.447102	0.822145	0.479205	4440A
24	0.934518	0.447102	0.943630	0.479205	G4426
24	0.322610	0.487009	0.331721	0.499850	11
24	0.281777	0.505655	0.307087	0.523491	-S31
24	0.664552	0.501084	0.673663	0.526766	4423
24	0.684799	0.501084	0.693911	0.526766	3415
24	0.705047	0.501084	0.714158	0.526766	3416
24	0.725294	0.501084	0.734406	0.526766	4437
24	0.322610	0.529465	0.331721	0.542307	12
24	0.363105	0.525058	0.372216	0.537899	21
24	0.680315	0.522204	0.684871	0.535045	2
24	0.686136	0.529814	0.690692	0.542655	3
24	0.836895	0.529590	0.862205	0.547426	-X65
24	0.864803	0.529590	0.871131	0.547426	=
24	0.894263	0.534094	0.898819	0.546936	1
24	0.948257	0.534094	0.952812	0.546936	2
24	0.322272	0.543704	0.347582	0.561539	-S31
24	0.639483	0.538948	0.664792	0.556783	-H37
24	0.720810	0.550740	0.725365	0.563582	2
24	0.680315	0.560856	0.684871	0.573697	1
24	0.726631	0.558350	0.731187	0.571192	3
24	0.363105	0.567514	0.372216	0.580356	22
24	0.679977	0.567485	0.705287	0.585320	-H38
24	0.836895	0.567639	0.862205	0.585475	-X64
24	0.864803	0.567639	0.871131	0.585475	=
24	0.894263	0.567990	0.898819	0.580831	1
24	0.948257	0.567990	0.952812	0.580831	2
24	0.720810	0.589392	0.725365	0.602234	1
24	0.403600	0.610668	0.412711	0.623509	11
24	0.471091	0.610668	0.480203	0.623509	11
24	0.063877	0.629499	0.072988	0.655182	4213
24	0.107747	0.629499	0.116858	0.655182	4214
24	0.148242	0.629499	0.157353	0.655182	4113
24	0.188736	0.629499	0.197848	0.655182	4114
24	0.225857	0.629499	0.234968	0.655182	4513
24	0.269726	0.629499	0.278838	0.655182	4514
24	0.320345	0.629499	0.329456	0.655182	4429
24	0.350716	0.629499	0.359828	0.655182	4430
24	0.362767	0.629314	0.388076	0.647150	-S32
24	0.430259	0.629314	0.455568	0.647150	-S34
24	0.403600	0.653125	0.412711	0.665966	12
24	0.471091	0.653125	0.480203	0.665966	12
24	0.079640	0.679156	0.084196	0.691997	1
24	0.160630	0.679156	0.165186	0.691997	1
24	0.241620	0.679156	0.246175	0.691997	1
24	0.322610	0.679156	0.327165	0.691997	1
24	0.543067	0.662791	0.552178	0.688474	4414
24	0.583562	0.662791	0.592673	0.688474	4417
24	0.599325	0.679156	0.603881	0.691997	3
24	0.680315	0.679156	0.684871	0.691997	1
24	0.825422	0.679156	0.829977	0.691997	1
24	0.624057	0.672304	0.633168	0.697987	4430
24	0.664552	0.672304	0.673663	0.697987	4437
24	0.725294	0.672304	0.734406	0.697987	4434
24	0.038808	0.695900	0.064117	0.713735	-H20
24	0.119797	0.695900	0.145107	0.713735	-H22
24	0.200787	0.695900	0.226097	0.713735	-H24
24	0.281777	0.695900	0.307087	0.713735	-H26
24	0.558493	0.695900	0.583802	0.713735	-H33
24	0.639483	0.695900	0.664792	0.713735	-H35
24	0.741057	0.702936	0.745613	0.715778	1
24	0.784589	0.695900	0.809899	0.713735	-H39
24	0.079640	0.717808	0.084196	0.730649	2
24	0.120135	0.721961	0.124691	0.734802	1
24	0.160630	0.717808	0.165186	0.730649	2
24	0.201125	0.721961	0.205681	0.734802	1
24	0.241620	0.717808	0.246175	0.730649	2
24	0.282115	0.721961	0.286670	0.734802	1
24	0.322610	0.717808	0.327165	0.730649	2
24	0.363105	0.721961	0.367660	0.734802	1
24	0.558830	0.721961	0.563386	0.734802	3
24	0.599325	0.717808	0.603881	0.730649	1
24	0.639820	0.721961	0.644376	0.734802	1
24	0.680315	0.717808	0.684871	0.730649	2
24	0.825422	0.717808	0.829977	0.730649	2
24	0.679977	0.729193	0.705287	0.747028	-H36
24	0.079303	0.738705	0.104612	0.756540	-H21
24	0.160293	0.738705	0.185602	0.756540	-H23
24	0.241282	0.738705	0.266592	0.756540	-H25
24	0.322272	0.738705	0.347582	0.756540	-H27
24	0.517998	0.738705	0.543307	0.756540	-H32
24	0.598988	0.738705	0.624297	0.756540	-H34
24	0.120135	0.760613	0.124691	0.773454	2
24	0.201125	0.760613	0.205681	0.773454	2
24	0.282115	0.760613	0.286670	0.773454	2
24	0.363105	0.760613	0.367660	0.773454	2
24	0.558830	0.760613	0.563386	0.773454	1
24	0.639820	0.760613	0.644376	0.773454	2
24	0.741057	0.760613	0.745613	0.773454	2
24	0.067252	0.780030	0.076363	0.812133	G4213
24	0.107747	0.780030	0.116858	0.812133	G4214
24	0.148242	0.780030	0.157353	0.812133	G4113
24	0.188736	0.780030	0.197848	0.812133	G4114
24	0.229231	0.780030	0.238343	0.812133	G4513
24	0.269726	0.780030	0.278838	0.812133	G4514
24	0.310221	0.780030	0.319333	0.812133	G4429
24	0.350716	0.780030	0.359828	0.812133	G4430
24	0.546442	0.780030	0.555553	0.812133	G4414
24	0.586937	0.780030	0.596048	0.812133	G4417
24	0.640930	0.780030	0.650041	0.812133	G4430
24	0.681425	0.780030	0.690536	0.812133	G4437
24	0.728669	0.780030	0.737780	0.812133	G4434
24	0.742167	0.780030	0.751279	0.812133	G3415
24	0.755666	0.780030	0.764777	0.812133	G3416
24	0.813034	0.780030	0.822145	0.812133	G4440
24	0.880525	0.786450	0.889636	0.812133	4426
24	0.934518	0.780030	0.943630	0.812133	G4426
24	0.884614	0.848994	0.893726	0.881097	/16.7
24	0.015607	0.881388	0.047244	0.899224	-GND6
24	0.484674	0.881388	0.516310	0.899224	-GND9
24	0.899747	0.886144	0.931384	0.903980	-GND7
24	0.908605	0.906229	0.931383	0.919070	FRAME
24	0.022340	0.937118	0.047649	0.954954	车型
24	0.060742	0.937118	0.142998	0.954954	NTE200-Russia
24	0.222866	0.937368	0.248175	0.955203	内容
24	0.259843	0.937118	0.310461	0.954954	灯光电路
24	0.472019	0.937118	0.661839	0.954954	内蒙古北方重型汽车股份有限公司
24	0.679134	0.937118	0.704443	0.954954	版本
24	0.717000	0.936577	0.723327	0.954412	A
24	0.746625	0.937118	0.771935	0.954954	图号
24	0.777840	0.937118	0.828459	0.954954	20062776
24	0.867688	0.937118	0.897216	0.954954	第19
24	0.901434	0.937118	0.934336	0.954954	页共
24	0.944882	0.933706	0.957537	0.951541	24
24	0.968926	0.937118	0.981580	0.954954	页
24	0.071077	0.960899	0.077404	0.978734	1
24	0.192562	0.960899	0.198889	0.978734	2
24	0.314047	0.960899	0.320374	0.978734	3
24	0.435532	0.960899	0.441859	0.978734	4
24	0.557016	0.960899	0.563344	0.978734	5
24	0.678501	0.960899	0.684828	0.978734	6
24	0.799986	0.960899	0.806313	0.978734	7
24	0.921471	0.960899	0.927798	0.978734	8
25	0.067702	0.023944	0.074030	0.041779	1
25	0.192562	0.023944	0.198889	0.041779	2
25	0.310672	0.023944	0.316999	0.041779	3
25	0.435532	0.023944	0.441859	0.041779	4
25	0.557016	0.023944	0.563344	0.041779	5
25	0.681876	0.023944	0.688203	0.041779	6
25	0.799986	0.023944	0.806313	0.041779	7
25	0.921471	0.023944	0.927798	0.041779	8
25	0.089778	0.064472	0.098889	0.090155	/6.2
25	0.165829	0.065899	0.174941	0.091582	/6.3
25	0.278754	0.064472	0.287865	0.090155	/6.3
25	0.371678	0.065899	0.380790	0.091582	/7.4
25	0.390115	0.064472	0.399226	0.090155	/6.7
25	0.454232	0.064472	0.463343	0.090155	/6.7
25	0.533658	0.065899	0.542770	0.091582	/6.8
25	0.616212	0.064472	0.625323	0.090155	/6.8
25	0.682140	0.059478	0.691251	0.091582	/16.3
25	0.724198	0.061262	0.733310	0.093365	/21.5
25	0.753006	0.059478	0.762117	0.091582	/21.4
25	0.781566	0.061262	0.790678	0.093365	/21.5
25	0.872680	0.061262	0.881791	0.093365	/21.5
25	0.084125	0.139619	0.093236	0.165302	3516
25	0.158365	0.139619	0.167477	0.165302	3002
25	0.273101	0.139619	0.282212	0.165302	3004
25	0.367589	0.139619	0.376700	0.165302	5214
25	0.384462	0.139619	0.393573	0.165302	2602
25	0.448579	0.139619	0.457690	0.165302	3614
25	0.529569	0.139619	0.538680	0.165302	2560
25	0.610559	0.139619	0.619670	0.165302	2558
25	0.678050	0.139619	0.687162	0.165302	5907
25	0.718545	0.139619	0.727657	0.165302	7226
25	0.748916	0.139619	0.758028	0.165302	7221
25	0.775913	0.133198	0.785024	0.165302	G7221
25	0.867027	0.139619	0.876138	0.165302	7227
25	0.062092	0.239316	0.087402	0.257151	-X40
25	0.097863	0.243971	0.106974	0.256813	18
25	0.175478	0.243971	0.184589	0.256813	11
25	0.286839	0.243971	0.295950	0.256813	12
25	0.381327	0.243971	0.390439	0.256813	28
25	0.398200	0.243971	0.411867	0.256813	100
25	0.462317	0.243971	0.471429	0.256813	30
25	0.543307	0.243971	0.552418	0.256813	51
25	0.624297	0.239215	0.633408	0.252056	10
25	0.691789	0.239215	0.700900	0.252056	35
25	0.062092	0.277362	0.087402	0.295197	-X41
25	0.097863	0.277867	0.106974	0.290708	18
25	0.175478	0.277867	0.184589	0.290708	11
25	0.286839	0.277867	0.295950	0.290708	12
25	0.381327	0.277867	0.390439	0.290708	28
25	0.398200	0.277867	0.411867	0.290708	100
25	0.462317	0.277867	0.471429	0.290708	30
25	0.543307	0.277867	0.552418	0.290708	51
25	0.624297	0.273111	0.633408	0.285952	10
25	0.691789	0.273111	0.700900	0.285952	35
25	0.798088	0.306466	0.820866	0.319308	G7222
25	0.801462	0.335003	0.819685	0.347845	7222
25	0.084125	0.329863	0.093236	0.355546	3516
25	0.161740	0.329863	0.170851	0.355546	3002
25	0.273101	0.329863	0.282212	0.355546	3004
25	0.367589	0.329863	0.376700	0.355546	5214
25	0.384462	0.329863	0.393573	0.355546	2602
25	0.448579	0.329863	0.457690	0.355546	3614
25	0.610559	0.329863	0.619670	0.355546	2558
25	0.678050	0.329863	0.687162	0.355546	5907
25	0.733971	0.367728	0.759280	0.385563	-S44
25	0.761305	0.374764	0.765860	0.387606	1
25	0.788301	0.374764	0.792857	0.387606	3
25	0.794713	0.367728	0.820022	0.385563	-S45
25	0.822047	0.374764	0.826603	0.387606	1
25	0.849044	0.374764	0.853600	0.387606	3
25	0.569882	0.394041	0.588864	0.411876	-U4
25	0.757382	0.392819	0.761178	0.403520	+
25	0.784379	0.392819	0.788175	0.403520	-
25	0.818124	0.392819	0.821921	0.403520	+
25	0.845121	0.392819	0.848917	0.403520	-
25	0.618644	0.415319	0.623200	0.428160	1
25	0.686136	0.415319	0.690692	0.428160	2
25	0.174128	0.431838	0.178684	0.444679	3
25	0.761305	0.432441	0.765860	0.445282	2
25	0.788301	0.432441	0.792857	0.445282	4
25	0.822047	0.432441	0.826603	0.445282	2
25	0.849044	0.432441	0.853600	0.445282	4
25	0.096513	0.441350	0.105624	0.454191	11
25	0.285489	0.439447	0.290045	0.452289	1
25	0.379977	0.441350	0.384533	0.454191	1
25	0.460967	0.439447	0.465523	0.452289	1
25	0.625101	0.443114	0.688880	0.455955	燃油计量传感器
25	0.038808	0.458094	0.064117	0.475929	-S35
25	0.071710	0.459938	0.076772	0.474206	P
25	0.119797	0.458094	0.145107	0.475929	-S36
25	0.227784	0.458094	0.253093	0.475929	-S37
25	0.322272	0.458094	0.347582	0.475929	-S38
25	0.355174	0.459938	0.360236	0.474206	P
25	0.403262	0.458094	0.428571	0.475929	-S39
25	0.170205	0.473673	0.174002	0.484374	+
25	0.197202	0.473673	0.200998	0.484374	-
25	0.096513	0.480002	0.105624	0.492843	12
25	0.285489	0.481904	0.290045	0.494746	2
25	0.379977	0.480002	0.384533	0.492843	2
25	0.460967	0.481904	0.465523	0.494746	2
25	0.174128	0.489514	0.178684	0.502356	1
25	0.201125	0.489514	0.205681	0.502356	2
25	0.084125	0.646858	0.093236	0.678962	G3516
25	0.158365	0.653279	0.167477	0.678962	3107
25	0.185362	0.646858	0.194473	0.678962	G3107
25	0.273101	0.646858	0.282212	0.678962	G3004
25	0.367589	0.653279	0.376700	0.678962	5215
25	0.448579	0.646858	0.457690	0.678962	G3614
25	0.379977	0.702936	0.384533	0.715778	1
25	0.338723	0.719680	0.357705	0.737516	-Y5
25	0.379977	0.741588	0.384533	0.754430	2
25	0.165829	0.796676	0.174941	0.828780	/16.4
25	0.339145	0.829071	0.364454	0.846907	-PE1
25	0.049353	0.881388	0.080990	0.899224	-GND7
25	0.058211	0.901473	0.080990	0.914314	FRAME
25	0.022340	0.937118	0.047649	0.954954	车型
25	0.060742	0.937118	0.142998	0.954954	NTE200-Russia
25	0.222866	0.937368	0.248175	0.955203	内容
25	0.259843	0.937118	0.323116	0.954954	传感器电路
25	0.472019	0.937118	0.661839	0.954954	内蒙古北方重型汽车股份有限公司
25	0.679134	0.937118	0.704443	0.954954	版本
25	0.717000	0.936577	0.723327	0.954412	A
25	0.746625	0.937118	0.771935	0.954954	图号
25	0.777840	0.937118	0.828459	0.954954	20062776
25	0.867688	0.937118	0.897216	0.954954	第20
25	0.901434	0.937118	0.934336	0.954954	页共
25	0.944882	0.933706	0.957537	0.951541	24
25	0.968926	0.937118	0.981580	0.954954	页
25	0.071077	0.960899	0.077404	0.978734	1
25	0.192562	0.960899	0.198889	0.978734	2
25	0.314047	0.960899	0.320374	0.978734	3
25	0.435532	0.960899	0.441859	0.978734	4
25	0.557016	0.960899	0.563344	0.978734	5
25	0.678501	0.960899	0.684828	0.978734	6
25	0.799986	0.960899	0.806313	0.978734	7
25	0.921471	0.960899	0.927798	0.978734	8
25	0.421582	0.967183	0.430694	0.992866	2602
26	0.067702	0.023944	0.074030	0.041779	1
26	0.192562	0.023944	0.198889	0.041779	2
26	0.310672	0.023944	0.316999	0.041779	3
26	0.435532	0.023944	0.441859	0.041779	4
26	0.557016	0.023944	0.563344	0.041779	5
26	0.681876	0.023944	0.688203	0.041779	6
26	0.799986	0.023944	0.806313	0.041779	7
26	0.921471	0.023944	0.927798	0.041779	8
26	0.439170	0.049966	0.448281	0.082069	/15.4
26	0.469541	0.056387	0.478653	0.082069	/2.2
26	0.499912	0.049966	0.509024	0.082069	/15.4
26	0.516785	0.056387	0.525897	0.082069	/2.5
26	0.567404	0.049966	0.576515	0.082069	/15.4
26	0.587651	0.049966	0.596763	0.082069	/15.4
26	0.675391	0.056387	0.684502	0.082069	/2.5
26	0.445204	0.136765	0.454316	0.162448	7221
26	0.475576	0.136765	0.484687	0.162448	4440
26	0.505947	0.127253	0.515058	0.159356	G7221
26	0.522820	0.136765	0.531931	0.162448	6151
26	0.573438	0.136765	0.582550	0.162448	7226
26	0.593686	0.136765	0.602797	0.162448	7227
26	0.681425	0.136765	0.690536	0.162448	1544
26	0.087739	0.153548	0.188976	0.171383	左后轮速度传感器
26	0.253093	0.153548	0.354330	0.171383	左前轮速度传感器
26	0.050619	0.163060	0.069601	0.180896	-GE
26	0.222722	0.163060	0.241704	0.180896	-GE
26	0.379303	0.182242	0.404612	0.200078	-X75
26	0.415073	0.186898	0.419629	0.199739	u
26	0.435321	0.186898	0.439876	0.199739	w
26	0.448819	0.186898	0.453375	0.199739	V
26	0.479190	0.186898	0.483746	0.199739	y
26	0.509561	0.186898	0.514117	0.199739	W
26	0.526434	0.186898	0.530990	0.199739	v
26	0.577053	0.186898	0.581609	0.199739	Y
26	0.597300	0.186898	0.601856	0.199739	Z
26	0.671541	0.186898	0.676097	0.199739	s
26	0.685039	0.186898	0.689595	0.199739	t
26	0.047244	0.210621	0.072553	0.228457	-X72
26	0.075152	0.210621	0.081479	0.228457	=
26	0.219348	0.210621	0.244657	0.228457	-X74
26	0.247255	0.210621	0.253583	0.228457	=
26	0.379303	0.220288	0.404612	0.238123	-X76
26	0.415073	0.220794	0.419629	0.233635	u
26	0.435321	0.220794	0.439876	0.233635	w
26	0.448819	0.220794	0.453375	0.233635	V
26	0.479190	0.220794	0.483746	0.233635	y
26	0.509561	0.220794	0.514117	0.233635	W
26	0.526434	0.220794	0.530990	0.233635	v
26	0.577053	0.220794	0.581609	0.233635	Y
26	0.597300	0.220794	0.601856	0.233635	Z
26	0.671541	0.220794	0.676097	0.233635	s
26	0.685039	0.220794	0.689595	0.233635	t
26	0.097863	0.239818	0.102418	0.252659	B
26	0.111361	0.239818	0.115917	0.252659	A
26	0.124859	0.239818	0.129415	0.252659	D
26	0.138358	0.239818	0.142913	0.252659	F
26	0.151856	0.239818	0.156412	0.252659	C
26	0.165354	0.239818	0.169910	0.252659	E
26	0.185602	0.239818	0.190157	0.252659	G
26	0.269966	0.239818	0.274522	0.252659	B
26	0.283465	0.239818	0.288020	0.252659	A
26	0.296963	0.239818	0.301519	0.252659	D
26	0.310461	0.239818	0.315017	0.252659	F
26	0.323960	0.239818	0.328515	0.252659	C
26	0.337458	0.239818	0.342014	0.252659	E
26	0.357705	0.239818	0.362261	0.252659	G
26	0.411459	0.244253	0.420570	0.269936	1148
26	0.431706	0.244253	0.440817	0.269936	1146
26	0.445204	0.246156	0.454316	0.271838	7221
26	0.475576	0.244253	0.484687	0.269936	4440
26	0.505947	0.241400	0.515058	0.273503	G7221
26	0.522820	0.244253	0.531931	0.269936	6151
26	0.573438	0.246156	0.582550	0.271838	7226
26	0.593686	0.246156	0.602797	0.271838	7227
26	0.667927	0.244253	0.677038	0.269936	1528
26	0.681425	0.244253	0.690536	0.269936	1544
26	0.371204	0.277207	0.396513	0.295042	-X69
26	0.399111	0.277207	0.405439	0.295042	=
26	0.415073	0.282020	0.419629	0.294861	1
26	0.435321	0.282020	0.439876	0.294861	2
26	0.448819	0.282020	0.453375	0.294861	3
26	0.479190	0.282020	0.483746	0.294861	4
26	0.509561	0.282020	0.514117	0.294861	5
26	0.526434	0.282020	0.530990	0.294861	6
26	0.577053	0.282020	0.581609	0.294861	7
26	0.597300	0.282020	0.601856	0.294861	8
26	0.631046	0.286719	0.656355	0.304555	-X86
26	0.658954	0.286719	0.665281	0.304555	=
26	0.671541	0.291532	0.676097	0.304374	b
26	0.685039	0.291532	0.689595	0.304374	r
26	0.637795	0.305744	0.656777	0.323579	-GE
26	0.371204	0.315256	0.396513	0.333091	-X70
26	0.399111	0.315256	0.405439	0.333091	=
26	0.415073	0.315916	0.419629	0.328757	1
26	0.435321	0.315916	0.439876	0.328757	2
26	0.448819	0.315916	0.453375	0.328757	3
26	0.479190	0.315916	0.483746	0.328757	4
26	0.509561	0.315916	0.514117	0.328757	5
26	0.526434	0.315916	0.530990	0.328757	6
26	0.577053	0.315916	0.581609	0.328757	7
26	0.597300	0.315916	0.601856	0.328757	8
26	0.746257	0.322729	0.755368	0.348412	/2.8
26	0.465452	0.334619	0.474563	0.360302	4440
26	0.637795	0.339036	0.650450	0.356872	GE
26	0.656777	0.339036	0.707396	0.356872	CNX5接头
26	0.522820	0.344132	0.531931	0.369814	6151
26	0.443420	0.362975	0.468729	0.380810	-X87
26	0.479190	0.367630	0.483746	0.380472	A
26	0.492688	0.367630	0.497244	0.380472	B
26	0.538583	0.365252	0.543138	0.378094	1
26	0.742167	0.367912	0.751279	0.393595	1408
26	0.401335	0.382181	0.410446	0.407863	1148
26	0.421582	0.382181	0.430694	0.407863	1146
26	0.445204	0.379327	0.454316	0.405010	7221
26	0.511249	0.381996	0.536558	0.399832	-?S1
26	0.573438	0.384083	0.582550	0.409766	7226
26	0.593686	0.384083	0.602797	0.409766	7227
26	0.443420	0.410536	0.468729	0.428371	-X88
26	0.479190	0.415191	0.483746	0.428033	A
26	0.492688	0.411038	0.497244	0.423880	B
26	0.538583	0.403904	0.543138	0.416746	2
26	0.565579	0.403904	0.570135	0.416746	3
26	0.726462	0.405777	0.745444	0.423612	X75
26	0.755905	0.406282	0.760461	0.419124	p
26	0.776153	0.410435	0.780709	0.423277	r
26	0.084125	0.434498	0.093236	0.460181	1101
26	0.097623	0.434498	0.106734	0.460181	1102
26	0.111121	0.434498	0.120233	0.460181	1103
26	0.124619	0.434498	0.133731	0.460181	1104
26	0.138118	0.434498	0.147229	0.460181	1105
26	0.151616	0.434498	0.160727	0.460181	1106
26	0.171864	0.434498	0.180975	0.460181	1107
26	0.256228	0.434498	0.265339	0.460181	1108
26	0.269726	0.434498	0.278838	0.460181	1110
26	0.283225	0.434498	0.292336	0.460181	1111
26	0.296723	0.434498	0.305834	0.460181	1112
26	0.310221	0.434498	0.319333	0.460181	1113
26	0.323720	0.434498	0.332831	0.460181	1114
26	0.343967	0.434498	0.353078	0.460181	1115
26	0.465452	0.434498	0.474563	0.460181	4440
26	0.505947	0.426888	0.515058	0.458992	G7221
26	0.536318	0.434498	0.545429	0.460181	1129
26	0.726462	0.443826	0.745444	0.461661	X76
26	0.755905	0.444331	0.760461	0.457172	p
26	0.776153	0.444331	0.780709	0.457172	r
26	0.053993	0.500745	0.072975	0.518580	-GE
26	0.439170	0.482772	0.448281	0.514876	/20.7
26	0.469541	0.482772	0.478653	0.514876	/19.7
26	0.501476	0.484556	0.510588	0.516660	/20.7
26	0.568968	0.484556	0.578079	0.516660	/20.6
26	0.589215	0.484556	0.598327	0.516660	/20.8
26	0.738793	0.486815	0.747904	0.512498	1408
26	0.762415	0.486815	0.771526	0.512498	1416
26	0.053993	0.519769	0.079303	0.537604	-X68
26	0.081901	0.519769	0.088228	0.537604	=
26	0.097863	0.529338	0.102418	0.542179	A
26	0.111361	0.529338	0.115917	0.542179	B
26	0.124859	0.529338	0.129415	0.542179	C
26	0.138358	0.529338	0.142913	0.542179	D
26	0.151856	0.529338	0.156412	0.542179	E
26	0.165354	0.529338	0.169910	0.542179	F
26	0.185602	0.529338	0.190157	0.542179	G
26	0.269966	0.529338	0.274522	0.542179	H
26	0.283465	0.529338	0.288020	0.542179	J
26	0.296963	0.529338	0.301519	0.542179	K
26	0.310461	0.529338	0.315017	0.542179	L
26	0.323960	0.529338	0.328515	0.542179	M
26	0.337458	0.529338	0.342014	0.542179	N
26	0.357705	0.529338	0.362261	0.542179	O
26	0.415073	0.529338	0.419629	0.542179	v
26	0.435321	0.529338	0.439876	0.542179	t
26	0.539933	0.529338	0.544488	0.542179	c
26	0.678290	0.519769	0.697272	0.537604	-GE
26	0.701912	0.534037	0.727222	0.551873	-X83
26	0.729820	0.534037	0.736147	0.551873	=
26	0.755905	0.534094	0.760461	0.546936	H
26	0.776153	0.534094	0.780709	0.546936	P
26	0.452193	0.572086	0.464848	0.589922	GE
26	0.471175	0.572086	0.521794	0.589922	CNX1接头
26	0.793026	0.591111	0.805680	0.608946	GE
26	0.812008	0.591111	0.862626	0.608946	CNX4接头
26	0.062092	0.638827	0.087402	0.656662	-X68
26	0.097863	0.639332	0.102418	0.652173	P
26	0.111361	0.639332	0.115917	0.652173	Q
26	0.124859	0.639332	0.129415	0.652173	R
26	0.138358	0.639332	0.142913	0.652173	S
26	0.151856	0.639332	0.156412	0.652173	T
26	0.165354	0.639332	0.169910	0.652173	U
26	0.185602	0.639332	0.190157	0.652173	V
26	0.273341	0.639332	0.277896	0.652173	j
26	0.286839	0.639332	0.291395	0.652173	k
26	0.300337	0.639332	0.304893	0.652173	m
26	0.313836	0.639332	0.318391	0.652173	n
26	0.327334	0.639332	0.331890	0.652173	p
26	0.340832	0.639332	0.345388	0.652173	q
26	0.361080	0.639332	0.365636	0.652173	r
26	0.448819	0.639332	0.453375	0.652173	s
26	0.469066	0.639332	0.473622	0.652173	x
26	0.489314	0.639332	0.493869	0.652173	w
26	0.723510	0.648339	0.748819	0.666174	-X83
26	0.759280	0.648844	0.763836	0.661685	t
26	0.779528	0.648844	0.784083	0.661685	y
26	0.796400	0.648844	0.800956	0.661685	u
26	0.813273	0.648844	0.817829	0.661685	J
26	0.830146	0.648844	0.834702	0.661685	O
26	0.847019	0.648844	0.851575	0.661685	R
26	0.863892	0.648844	0.868448	0.661685	h
26	0.880765	0.648844	0.885321	0.661685	k
26	0.897638	0.648844	0.902193	0.661685	n
26	0.914511	0.648844	0.919066	0.661685	p
26	0.931384	0.648844	0.935939	0.661685	a
26	0.948257	0.648844	0.952812	0.661685	c
26	0.961755	0.648844	0.966310	0.661685	g
26	0.084125	0.677060	0.093236	0.702743	1116
26	0.097623	0.677060	0.106734	0.702743	1117
26	0.111121	0.677060	0.120233	0.702743	1118
26	0.124619	0.677060	0.133731	0.702743	1119
26	0.138118	0.677060	0.147229	0.702743	1120
26	0.151616	0.677060	0.160727	0.702743	1121
26	0.171864	0.677060	0.180975	0.702743	1122
26	0.259603	0.677060	0.268714	0.702743	1136
26	0.273101	0.677060	0.282212	0.702743	1137
26	0.286599	0.677060	0.295711	0.702743	1139
26	0.300098	0.677060	0.309209	0.702743	1140
26	0.313596	0.677060	0.322707	0.702743	1142
26	0.327094	0.677060	0.336206	0.702743	1143
26	0.347342	0.677060	0.356453	0.702743	1144
26	0.435081	0.677060	0.444192	0.702743	1145
26	0.455328	0.677060	0.464439	0.702743	1150
26	0.475576	0.677060	0.484687	0.702743	1149
26	0.745542	0.677060	0.754653	0.702743	1446
26	0.765789	0.677060	0.774901	0.702743	1451
26	0.782662	0.677060	0.791774	0.702743	1447
26	0.799535	0.677060	0.808647	0.702743	1410
26	0.816408	0.677060	0.825519	0.702743	1415
26	0.833281	0.677060	0.842392	0.702743	1418
26	0.850154	0.677060	0.859265	0.702743	1434
26	0.867027	0.677060	0.876138	0.702743	1437
26	0.883900	0.677060	0.893011	0.702743	1440
26	0.900773	0.677060	0.909884	0.702743	1442
26	0.917645	0.677060	0.926757	0.702743	1427
26	0.934518	0.677060	0.943630	0.702743	1429
26	0.948017	0.677060	0.957128	0.702743	1433
26	0.723510	0.733949	0.748819	0.751784	-X77
26	0.759280	0.738607	0.763836	0.751449	T
26	0.779528	0.738607	0.784083	0.751449	U
26	0.796400	0.738607	0.800956	0.751449	V
26	0.813273	0.738607	0.817829	0.751449	W
26	0.830146	0.738607	0.834702	0.751449	a
26	0.847019	0.738607	0.851575	0.751449	b
26	0.863892	0.738607	0.868448	0.751449	f
26	0.880765	0.738607	0.885321	0.751449	g
26	0.897638	0.738607	0.902193	0.751449	h
26	0.914511	0.738607	0.919066	0.751449	j
26	0.931384	0.738607	0.935939	0.751449	m
26	0.948257	0.738607	0.952812	0.751449	n
26	0.961755	0.738607	0.966310	0.751449	e
26	0.448819	0.767144	0.453375	0.779985	C
26	0.469066	0.767144	0.473622	0.779985	B
26	0.489314	0.767144	0.493869	0.779985	A
26	0.398200	0.771843	0.423510	0.789679	-X84
26	0.426108	0.771843	0.432435	0.789679	=
26	0.723510	0.772001	0.748819	0.789836	-X78
26	0.759280	0.772503	0.763836	0.785345	T
26	0.779528	0.772503	0.784083	0.785345	U
26	0.796400	0.772503	0.800956	0.785345	V
26	0.813273	0.772503	0.817829	0.785345	W
26	0.830146	0.772503	0.834702	0.785345	a
26	0.847019	0.772503	0.851575	0.785345	b
26	0.863892	0.772503	0.868448	0.785345	f
26	0.880765	0.772503	0.885321	0.785345	g
26	0.897638	0.772503	0.902193	0.785345	h
26	0.914511	0.772503	0.919066	0.785345	j
26	0.931384	0.772503	0.935939	0.785345	m
26	0.948257	0.772503	0.952812	0.785345	n
26	0.961755	0.772503	0.966310	0.785345	e
26	0.053993	0.790868	0.072975	0.808703	-GE
26	0.229471	0.790868	0.248453	0.808703	-GE
26	0.398200	0.790868	0.423510	0.808703	-X85
26	0.426108	0.790868	0.432435	0.808703	=
26	0.053993	0.805136	0.079303	0.822971	-X71
26	0.081901	0.805136	0.088228	0.822971	=
26	0.097863	0.805193	0.102418	0.818034	B
26	0.111361	0.805193	0.115917	0.818034	A
26	0.124859	0.805193	0.129415	0.818034	D
26	0.138358	0.805193	0.142913	0.818034	F
26	0.151856	0.805193	0.156412	0.818034	C
26	0.165354	0.805193	0.169910	0.818034	E
26	0.185602	0.805193	0.190157	0.818034	G
26	0.229471	0.809892	0.254781	0.827728	-X73
26	0.257379	0.809892	0.263706	0.827728	=
26	0.273341	0.805193	0.277896	0.818034	B
26	0.286839	0.805193	0.291395	0.818034	A
26	0.300337	0.805193	0.304893	0.818034	D
26	0.313836	0.805193	0.318391	0.818034	F
26	0.327334	0.805193	0.331890	0.818034	C
26	0.340832	0.805193	0.345388	0.818034	E
26	0.361080	0.805193	0.365636	0.818034	G
26	0.448819	0.801040	0.453375	0.813881	C
26	0.469066	0.801040	0.473622	0.813881	B
26	0.489314	0.801040	0.493869	0.813881	A
26	0.829906	0.805475	0.839018	0.831158	1418
26	0.846779	0.805475	0.855891	0.831158	1434
26	0.883900	0.811896	0.893011	0.831158	216
26	0.900773	0.805475	0.909884	0.831158	1442
26	0.437403	0.825807	0.444996	0.852560	BLACK
26	0.457651	0.825807	0.465244	0.852560	WHITE
26	0.477898	0.820456	0.485491	0.852560	SHIELD
26	0.404949	0.862209	0.423931	0.880045	-GE
26	0.094488	0.876478	0.195725	0.894313	右前轮速度传感器
26	0.263217	0.876478	0.364454	0.894313	右后轮速度传感器
26	0.443167	0.886174	0.447722	0.899016	1
26	0.463414	0.886174	0.467970	0.899016	2
26	0.483661	0.886174	0.488217	0.899016	3
26	0.838934	0.875390	0.848045	0.901073	/6.8
26	0.855807	0.875390	0.864918	0.901073	/8.3
26	0.889553	0.872180	0.898664	0.904283	/15.8
26	0.906426	0.875390	0.915537	0.901073	/6.7
26	0.415921	0.899745	0.461478	0.912586	ALTERNATOR
26	0.466033	0.899745	0.493367	0.912586	SPPEED
26	0.497923	0.899745	0.525257	0.912586	SENSOR
26	0.022340	0.937118	0.047649	0.954954	车型
26	0.060742	0.937118	0.142998	0.954954	NTE200-Russia
26	0.222866	0.937368	0.248175	0.955203	内容
26	0.259843	0.937118	0.361080	0.954954	配电箱到驱动系统
26	0.472019	0.937118	0.661839	0.954954	内蒙古北方重型汽车股份有限公司
26	0.679134	0.937118	0.704443	0.954954	版本
26	0.717000	0.936577	0.723327	0.954412	A
26	0.746625	0.937118	0.771935	0.954954	图号
26	0.777840	0.937118	0.828459	0.954954	20062776
26	0.867688	0.937118	0.897216	0.954954	第21
26	0.901434	0.937118	0.934336	0.954954	页共
26	0.944882	0.933706	0.957537	0.951541	24
26	0.968926	0.937118	0.981580	0.954954	页
26	0.071077	0.960899	0.077404	0.978734	1
26	0.192562	0.960899	0.198889	0.978734	2
26	0.314047	0.960899	0.320374	0.978734	3
26	0.435532	0.960899	0.441859	0.978734	4
26	0.557016	0.960899	0.563344	0.978734	5
26	0.678501	0.960899	0.684828	0.978734	6
26	0.799986	0.960899	0.806313	0.978734	7
26	0.921471	0.960899	0.927798	0.978734	8
27	0.067702	0.023944	0.074030	0.041779	1
27	0.192562	0.023944	0.198889	0.041779	2
27	0.310672	0.023944	0.316999	0.041779	3
27	0.435532	0.023944	0.441859	0.041779	4
27	0.557016	0.023944	0.563344	0.041779	5
27	0.681876	0.023944	0.688203	0.041779	6
27	0.799986	0.023944	0.806313	0.041779	7
27	0.921471	0.023944	0.927798	0.041779	8
27	0.130273	0.073984	0.139384	0.099667	/4.2
27	0.148956	0.075411	0.158068	0.101094	/4.3
27	0.170768	0.073984	0.179879	0.099667	/4.2
27	0.231510	0.070774	0.240621	0.102878	/23.1
27	0.251757	0.070774	0.260869	0.102878	/23.2
27	0.272005	0.070774	0.281116	0.102878	/23.1
27	0.292252	0.070774	0.301364	0.102878	/23.3
27	0.312500	0.073984	0.321611	0.099667	/6.8
27	0.439170	0.065899	0.448281	0.091582	/8.6
27	0.459417	0.065899	0.468529	0.091582	/8.7
27	0.479665	0.065899	0.488776	0.091582	/8.7
27	0.614648	0.070655	0.623759	0.096338	/6.8
27	0.636459	0.070774	0.645571	0.102878	/15.8
27	0.656707	0.070774	0.665818	0.102878	/15.7
27	0.676954	0.070774	0.686066	0.102878	/15.7
27	0.697202	0.070774	0.706313	0.102878	/15.7
27	0.886178	0.070774	0.895289	0.102878	/16.4
27	0.906426	0.070774	0.915537	0.102878	/16.5
27	0.926673	0.070774	0.935784	0.102878	/16.5
27	0.121245	0.134862	0.130356	0.160545	1201
27	0.141492	0.134862	0.150604	0.160545	1202
27	0.161740	0.134862	0.170851	0.160545	1203
27	0.225857	0.134862	0.234968	0.160545	1243
27	0.246104	0.134862	0.255216	0.160545	1244
27	0.266352	0.134862	0.275463	0.160545	1245
27	0.286599	0.134862	0.295711	0.160545	1250
27	0.306847	0.134862	0.315958	0.160545	1250
27	0.435081	0.134862	0.444192	0.160545	1701
27	0.455328	0.134862	0.464439	0.160545	1702
27	0.475576	0.134862	0.484687	0.160545	1703
27	0.630806	0.134862	0.639918	0.160545	1303
27	0.651054	0.134862	0.660165	0.160545	1304
27	0.671301	0.134862	0.680412	0.160545	1308
27	0.691549	0.134862	0.700660	0.160545	1315
27	0.880525	0.134862	0.889636	0.160545	1601
27	0.900773	0.134862	0.909884	0.160545	1602
27	0.921020	0.134862	0.930131	0.160545	1603
27	0.644545	0.186898	0.653656	0.199739	71
27	0.664792	0.186898	0.673903	0.199739	72
27	0.685039	0.186898	0.694151	0.199739	73
27	0.705287	0.186898	0.714398	0.199739	74
27	0.644545	0.220794	0.653656	0.233635	71
27	0.664792	0.220794	0.673903	0.233635	72
27	0.685039	0.220794	0.694151	0.233635	73
27	0.705287	0.220794	0.714398	0.233635	74
27	0.080990	0.277207	0.106299	0.295042	-X75
27	0.108898	0.277207	0.115225	0.295042	=
27	0.138358	0.282020	0.142913	0.294861	A
27	0.158605	0.282020	0.163161	0.294861	B
27	0.178853	0.282020	0.183408	0.294861	C
27	0.199100	0.282020	0.203656	0.294861	D
27	0.212598	0.282020	0.217154	0.294861	E
27	0.226097	0.282020	0.230652	0.294861	F
27	0.239595	0.282020	0.244151	0.294861	G
27	0.259843	0.282020	0.264398	0.294861	H
27	0.280090	0.282020	0.284646	0.294861	J
27	0.300337	0.282020	0.304893	0.294861	K
27	0.320585	0.282020	0.325141	0.294861	L
27	0.340832	0.282020	0.345388	0.294861	M
27	0.448819	0.282020	0.453375	0.294861	g
27	0.469066	0.282020	0.473622	0.294861	h
27	0.489314	0.282020	0.493869	0.294861	j
27	0.502812	0.282020	0.507368	0.294861	k
27	0.610559	0.296570	0.619670	0.322253	1316
27	0.630806	0.296570	0.639918	0.322253	1303
27	0.651054	0.296570	0.660165	0.322253	1304
27	0.671301	0.296570	0.680412	0.322253	1308
27	0.691549	0.296570	0.700660	0.322253	1315
27	0.080990	0.315256	0.106299	0.333091	-X76
27	0.108898	0.315256	0.115225	0.333091	=
27	0.138358	0.315916	0.142913	0.328757	A
27	0.158605	0.315916	0.163161	0.328757	B
27	0.178853	0.315916	0.183408	0.328757	C
27	0.199100	0.315916	0.203656	0.328757	D
27	0.212598	0.315916	0.217154	0.328757	E
27	0.226097	0.315916	0.230652	0.328757	F
27	0.239595	0.315916	0.244151	0.328757	G
27	0.259843	0.315916	0.264398	0.328757	H
27	0.280090	0.315916	0.284646	0.328757	J
27	0.300337	0.315916	0.304893	0.328757	K
27	0.320585	0.315916	0.325141	0.328757	L
27	0.340832	0.315916	0.345388	0.328757	M
27	0.448819	0.315916	0.453375	0.328757	g
27	0.469066	0.315916	0.473622	0.328757	h
27	0.489314	0.315916	0.493869	0.328757	j
27	0.502812	0.315916	0.507368	0.328757	k
27	0.568279	0.334438	0.593588	0.352273	-X75
27	0.604050	0.339093	0.608605	0.351935	N
27	0.624297	0.339093	0.628853	0.351935	P
27	0.644545	0.339093	0.649100	0.351935	R
27	0.664792	0.339093	0.669347	0.351935	S
27	0.685039	0.339093	0.689595	0.351935	T
27	0.705287	0.339093	0.709843	0.351935	U
27	0.725534	0.339093	0.730090	0.351935	a
27	0.745782	0.339093	0.750337	0.351935	b
27	0.766029	0.339093	0.770585	0.351935	d
27	0.779528	0.339093	0.784083	0.351935	e
27	0.793026	0.339093	0.797581	0.351935	f
27	0.806524	0.339093	0.811080	0.351935	a
27	0.894263	0.339093	0.898819	0.351935	l
27	0.914511	0.339093	0.919066	0.351935	m
27	0.934758	0.339093	0.939314	0.351935	n
27	0.121245	0.353644	0.130356	0.379327	1201
27	0.141492	0.353644	0.150604	0.379327	1202
27	0.161740	0.353644	0.170851	0.379327	1203
27	0.185362	0.353644	0.194473	0.379327	1216
27	0.198860	0.353644	0.207971	0.379327	1222
27	0.212359	0.353644	0.221470	0.379327	1223
27	0.225857	0.353644	0.234968	0.379327	1243
27	0.242730	0.353644	0.251841	0.379327	1244
27	0.262977	0.353644	0.272089	0.379327	1247
27	0.283225	0.353644	0.292336	0.379327	1250
27	0.303472	0.353644	0.312583	0.379327	1248
27	0.323720	0.353644	0.332831	0.379327	1249
27	0.431706	0.353644	0.440817	0.379327	1701
27	0.451954	0.353644	0.461065	0.379327	1702
27	0.472201	0.353644	0.481312	0.379327	1703
27	0.568279	0.372484	0.593588	0.390319	-X76
27	0.604050	0.372989	0.608605	0.385831	N
27	0.624297	0.372989	0.628853	0.385831	P
27	0.644545	0.372989	0.649100	0.385831	R
27	0.664792	0.372989	0.669347	0.385831	S
27	0.685039	0.372989	0.689595	0.385831	T
27	0.705287	0.372989	0.709843	0.385831	U
27	0.725534	0.372989	0.730090	0.385831	a
27	0.745782	0.372989	0.750337	0.385831	b
27	0.766029	0.372989	0.770585	0.385831	d
27	0.779528	0.372989	0.784083	0.385831	e
27	0.793026	0.372989	0.797581	0.385831	f
27	0.806524	0.372989	0.811080	0.385831	a
27	0.894263	0.372989	0.898819	0.385831	l
27	0.914511	0.372989	0.919066	0.385831	m
27	0.934758	0.372989	0.939314	0.385831	n
27	0.070866	0.410378	0.089848	0.428214	-GE
27	0.381327	0.410378	0.400309	0.428214	-GE
27	0.094488	0.419890	0.119797	0.437726	-X79
27	0.122396	0.419890	0.128723	0.437726	=
27	0.138358	0.424703	0.142913	0.437545	A
27	0.158605	0.424703	0.163161	0.437545	B
27	0.178853	0.424703	0.183408	0.437545	C
27	0.199100	0.424703	0.203656	0.437545	P
27	0.212598	0.424703	0.217154	0.437545	V
27	0.226097	0.424703	0.230652	0.437545	W
27	0.239595	0.424703	0.244151	0.437545	q
27	0.259843	0.424703	0.264398	0.437545	r
27	0.280090	0.424703	0.284646	0.437545	u
27	0.300337	0.424703	0.304893	0.437545	x
27	0.320585	0.424703	0.325141	0.437545	v
27	0.340832	0.424703	0.345388	0.437545	w
27	0.448819	0.424703	0.453375	0.437545	A
27	0.469066	0.424703	0.473622	0.437545	B
27	0.489314	0.424703	0.493869	0.437545	C
27	0.590311	0.415473	0.599423	0.441156	1302
27	0.610559	0.415473	0.619670	0.441156	1316
27	0.627432	0.415473	0.636543	0.441156	1303
27	0.647679	0.415473	0.656790	0.441156	1304
27	0.667927	0.415473	0.677038	0.441156	1308
27	0.688174	0.415473	0.697285	0.441156	1315
27	0.711796	0.415473	0.720907	0.441156	1346
27	0.732044	0.415473	0.741155	0.441156	1339
27	0.748916	0.415473	0.758028	0.441156	1301
27	0.762415	0.415473	0.771526	0.441156	1311
27	0.775913	0.415473	0.785024	0.441156	1310
27	0.792786	0.415473	0.801897	0.441156	1346
27	0.880525	0.415473	0.889636	0.441156	1601
27	0.900773	0.415473	0.909884	0.441156	1602
27	0.921020	0.415473	0.930131	0.441156	1603
27	0.404949	0.438915	0.430259	0.456750	-X80
27	0.432857	0.438915	0.439184	0.456750	=
27	0.202475	0.476964	0.215129	0.494799	GE
27	0.221457	0.476964	0.272075	0.494799	CNX2接头
27	0.523060	0.476964	0.542042	0.494799	-GE
27	0.546682	0.486476	0.571991	0.504312	-X81
27	0.574589	0.486476	0.580917	0.504312	=
27	0.604050	0.491289	0.608605	0.504131	B
27	0.624297	0.491289	0.628853	0.504131	P
27	0.644545	0.491289	0.649100	0.504131	C
27	0.664792	0.491289	0.669347	0.504131	D
27	0.685039	0.491289	0.689595	0.504131	H
27	0.705287	0.491289	0.709843	0.504131	O
27	0.725534	0.491289	0.730090	0.504131	T
27	0.745782	0.491289	0.750337	0.504131	m
27	0.766029	0.491289	0.770585	0.504131	A
27	0.779528	0.491289	0.784083	0.504131	K
27	0.793026	0.491289	0.797581	0.504131	J
27	0.806524	0.491289	0.811080	0.504131	t
27	0.826772	0.486476	0.845754	0.504312	-GE
27	0.894263	0.500801	0.898819	0.513643	A
27	0.914511	0.500801	0.919066	0.513643	B
27	0.934758	0.500801	0.939314	0.513643	C
27	0.850394	0.515013	0.875703	0.532848	-X82
27	0.878302	0.515013	0.884629	0.532848	=
27	0.097863	0.534094	0.102418	0.546936	N
27	0.111361	0.534094	0.115917	0.546936	O
27	0.138358	0.534697	0.142913	0.547539	D
27	0.158605	0.534697	0.163161	0.547539	E
27	0.178853	0.534697	0.183408	0.547539	F
27	0.199100	0.534697	0.203656	0.547539	G
27	0.219348	0.534697	0.223903	0.547539	H
27	0.239595	0.534697	0.244151	0.547539	J
27	0.259843	0.534697	0.264398	0.547539	K
27	0.293588	0.534697	0.298144	0.547539	L
27	0.320585	0.534697	0.325141	0.547539	M
27	0.668167	0.543550	0.680821	0.561385	GE
27	0.687148	0.543550	0.737767	0.561385	CNX3接头
27	0.604050	0.601283	0.608605	0.614124	W
27	0.624297	0.601283	0.628853	0.614124	V
27	0.644545	0.601283	0.649100	0.614124	d
27	0.664792	0.601283	0.669347	0.614124	X
27	0.685039	0.601283	0.689595	0.614124	f
27	0.705287	0.601283	0.709843	0.614124	R
27	0.725534	0.601283	0.730090	0.614124	Y
27	0.124619	0.610474	0.133731	0.636157	1204
27	0.144867	0.610474	0.153978	0.636157	1205
27	0.165114	0.610474	0.174226	0.636157	1206
27	0.185362	0.610474	0.194473	0.636157	1207
27	0.205609	0.610474	0.214721	0.636157	1208
27	0.225857	0.610474	0.234968	0.636157	1210
27	0.246104	0.610474	0.255216	0.636157	1211
27	0.279850	0.610474	0.288961	0.636157	1212
27	0.306847	0.610474	0.315958	0.636157	1213
27	0.586937	0.639011	0.596048	0.664694	1323
27	0.607184	0.639011	0.616296	0.664694	1322
27	0.627432	0.639011	0.636543	0.664694	1330
27	0.647679	0.639011	0.656790	0.664694	1324
27	0.667927	0.639011	0.677038	0.664694	1332
27	0.691549	0.639011	0.700660	0.664694	1318
27	0.711796	0.639011	0.720907	0.664694	1325
27	0.080990	0.686233	0.106299	0.704068	-X77
27	0.108898	0.686233	0.115225	0.704068	=
27	0.138358	0.691046	0.142913	0.703887	A
27	0.158605	0.691046	0.163161	0.703887	B
27	0.178853	0.691046	0.183408	0.703887	C
27	0.199100	0.691046	0.203656	0.703887	D
27	0.219348	0.691046	0.223903	0.703887	E
27	0.239595	0.691046	0.244151	0.703887	F
27	0.259843	0.691046	0.264398	0.703887	G
27	0.293588	0.691046	0.298144	0.703887	H
27	0.320585	0.691046	0.325141	0.703887	J
27	0.080990	0.724282	0.106299	0.742117	-X78
27	0.108898	0.724282	0.115225	0.742117	=
27	0.138358	0.724942	0.142913	0.737783	A
27	0.158605	0.724942	0.163161	0.737783	B
27	0.178853	0.724942	0.183408	0.737783	C
27	0.199100	0.724942	0.203656	0.737783	D
27	0.219348	0.724942	0.223903	0.737783	E
27	0.239595	0.724942	0.244151	0.737783	F
27	0.259843	0.724942	0.264398	0.737783	G
27	0.293588	0.724942	0.298144	0.737783	H
27	0.320585	0.724942	0.325141	0.737783	J
27	0.568279	0.724437	0.593588	0.742272	-X77
27	0.604050	0.729095	0.608605	0.741936	K
27	0.624297	0.729095	0.628853	0.741936	L
27	0.644545	0.729095	0.649100	0.741936	M
27	0.664792	0.729095	0.669347	0.741936	N
27	0.685039	0.729095	0.689595	0.741936	P
27	0.705287	0.729095	0.709843	0.741936	R
27	0.725534	0.729095	0.730090	0.741936	S
27	0.568279	0.762489	0.593588	0.780324	-X78
27	0.604050	0.762991	0.608605	0.775832	K
27	0.624297	0.762991	0.628853	0.775832	L
27	0.644545	0.762991	0.649100	0.775832	M
27	0.664792	0.762991	0.669347	0.775832	N
27	0.685039	0.762991	0.689595	0.775832	P
27	0.705287	0.762991	0.709843	0.775832	R
27	0.725534	0.762991	0.730090	0.775832	S
27	0.121245	0.800719	0.130356	0.826402	1204
27	0.141492	0.800719	0.150604	0.826402	1205
27	0.161740	0.800719	0.170851	0.826402	1206
27	0.175238	0.800719	0.184349	0.826402	1207
27	0.195486	0.800719	0.204597	0.826402	1208
27	0.222482	0.800719	0.231594	0.826402	1210
27	0.242730	0.800719	0.251841	0.826402	1211
27	0.279850	0.800719	0.288961	0.826402	1212
27	0.306847	0.800719	0.315958	0.826402	1213
27	0.586937	0.810231	0.596048	0.835914	1323
27	0.607184	0.810231	0.616296	0.835914	1322
27	0.627432	0.810231	0.636543	0.835914	1330
27	0.647679	0.810231	0.656790	0.835914	1324
27	0.671301	0.816652	0.680412	0.835914	205
27	0.130273	0.884902	0.139384	0.910585	/4.3
27	0.150520	0.884902	0.159631	0.910585	/4.2
27	0.170768	0.884902	0.179879	0.910585	/4.3
27	0.189451	0.888707	0.198563	0.914390	/4.2
27	0.211262	0.884902	0.220374	0.910585	/4.3
27	0.229946	0.888707	0.239057	0.914390	/4.2
27	0.251757	0.884902	0.260869	0.910585	/4.3
27	0.283939	0.882286	0.293051	0.914390	/15.8
27	0.312500	0.884902	0.321611	0.910585	/4.3
27	0.594401	0.888707	0.603512	0.914390	/8.2
27	0.614648	0.888707	0.623759	0.914390	/8.2
27	0.634896	0.888707	0.644007	0.914390	/8.2
27	0.655143	0.888707	0.664254	0.914390	/8.2
27	0.675391	0.882286	0.684502	0.914390	/15.8
27	0.022340	0.937118	0.047649	0.954954	车型
27	0.060742	0.937118	0.142998	0.954954	NTE200-Russia
27	0.222866	0.937368	0.248175	0.955203	内容
27	0.259843	0.937118	0.361080	0.954954	配电箱到驱动系统
27	0.472019	0.937118	0.661839	0.954954	内蒙古北方重型汽车股份有限公司
27	0.679134	0.937118	0.704443	0.954954	版本
27	0.717000	0.936577	0.723327	0.954412	A
27	0.746625	0.937118	0.771935	0.954954	图号
27	0.777840	0.937118	0.828459	0.954954	20062776
27	0.867688	0.937118	0.897216	0.954954	第22
27	0.901434	0.937118	0.934336	0.954954	页共
27	0.944882	0.933706	0.957537	0.951541	24
27	0.968926	0.937118	0.981580	0.954954	页
27	0.071077	0.960899	0.077404	0.978734	1
27	0.192562	0.960899	0.198889	0.978734	2
27	0.314047	0.960899	0.320374	0.978734	3
27	0.435532	0.960899	0.441859	0.978734	4
27	0.557016	0.960899	0.563344	0.978734	5
27	0.678501	0.960899	0.684828	0.978734	6
27	0.799986	0.960899	0.806313	0.978734	7
27	0.921471	0.960899	0.927798	0.978734	8
28	0.067702	0.023944	0.074030	0.041779	1
28	0.192562	0.023944	0.198889	0.041779	2
28	0.310672	0.023944	0.316999	0.041779	3
28	0.435532	0.023944	0.441859	0.041779	4
28	0.557016	0.023944	0.563344	0.041779	5
28	0.681876	0.023944	0.688203	0.041779	6
28	0.799986	0.023944	0.806313	0.041779	7
28	0.921471	0.023944	0.927798	0.041779	8
28	0.077615	0.091718	0.109252	0.109554	-X101
28	0.111867	0.091718	0.118195	0.109554	=
28	0.097863	0.153732	0.102418	0.166574	A
28	0.107987	0.153732	0.112542	0.166574	B
28	0.118110	0.153732	0.122666	0.166574	C
28	0.128234	0.153732	0.132790	0.166574	D
28	0.138358	0.153732	0.142913	0.166574	E
28	0.148481	0.153732	0.153037	0.166574	F
28	0.317210	0.153732	0.321766	0.166574	G
28	0.327334	0.153732	0.331890	0.166574	H
28	0.337458	0.153732	0.342014	0.166574	J
28	0.020248	0.182085	0.045557	0.199920	-X89
28	0.048155	0.182085	0.054483	0.199920	=
28	0.320585	0.182085	0.352222	0.199920	-X102
28	0.354837	0.182085	0.361164	0.199920	=
28	0.040495	0.244098	0.045051	0.256940	A
28	0.050619	0.244098	0.055174	0.256940	B
28	0.060742	0.244098	0.065298	0.256940	C
28	0.070866	0.244098	0.075422	0.256940	F
28	0.080990	0.244098	0.085546	0.256940	J
28	0.094488	0.244098	0.099044	0.256940	H
28	0.107987	0.244098	0.112542	0.256940	E
28	0.121485	0.244098	0.126040	0.256940	D
28	0.134983	0.244098	0.139539	0.256940	G
28	0.330709	0.244098	0.335264	0.256940	C
28	0.344207	0.244098	0.348763	0.256940	A
28	0.357705	0.244098	0.362261	0.256940	B
28	0.377953	0.244098	0.382508	0.256940	D
28	0.391451	0.244098	0.396007	0.256940	E
28	0.177503	0.251105	0.182059	0.263947	+
28	0.224747	0.251105	0.229303	0.263947	+
28	0.070626	0.272790	0.079738	0.298473	2101
28	0.084125	0.272790	0.093236	0.298473	2102
28	0.097623	0.272790	0.106734	0.298473	1245
28	0.111121	0.272790	0.120233	0.298473	1243
28	0.124619	0.272790	0.133731	0.298473	1244
28	0.138118	0.272790	0.147229	0.298473	2106
28	0.143420	0.267849	0.168729	0.285685	-S46
28	0.177503	0.289757	0.182059	0.302599	-
28	0.190664	0.267849	0.215973	0.285685	-B47
28	0.224747	0.289757	0.229303	0.302599	-
28	0.306847	0.272790	0.315958	0.298473	2107
28	0.320345	0.272790	0.329456	0.298473	2603
28	0.333843	0.272790	0.342955	0.298473	2601
28	0.347342	0.266369	0.356453	0.298473	G2601
28	0.084364	0.329581	0.088920	0.342423	A
28	0.097863	0.329581	0.102418	0.342423	B
28	0.111361	0.329581	0.115917	0.342423	C
28	0.124859	0.329581	0.129415	0.342423	D
28	0.138358	0.329581	0.142913	0.342423	E
28	0.151856	0.329581	0.156412	0.342423	F
28	0.165354	0.329581	0.169910	0.342423	J
28	0.178853	0.329581	0.183408	0.342423	H
28	0.192351	0.329581	0.196907	0.342423	J
28	0.226097	0.329581	0.230652	0.342423	K
28	0.239595	0.329581	0.244151	0.342423	L
28	0.253093	0.329581	0.257649	0.342423	M
28	0.266592	0.329581	0.271147	0.342423	N
28	0.280090	0.329581	0.284646	0.342423	P
28	0.293588	0.329581	0.298144	0.342423	Q
28	0.307087	0.329581	0.311642	0.342423	R
28	0.320585	0.329581	0.325141	0.342423	S
28	0.334083	0.329581	0.338639	0.342423	T
28	0.347582	0.329581	0.352137	0.342423	U
28	0.361080	0.329581	0.365636	0.342423	V
28	0.043870	0.362817	0.069179	0.380653	-X90
28	0.071777	0.362817	0.078105	0.380653	=
28	0.084364	0.363477	0.088920	0.376319	A
28	0.097863	0.363477	0.102418	0.376319	B
28	0.111361	0.363477	0.115917	0.376319	C
28	0.124859	0.363477	0.129415	0.376319	D
28	0.138358	0.363477	0.142913	0.376319	E
28	0.151856	0.363477	0.156412	0.376319	F
28	0.165354	0.363477	0.169910	0.376319	G
28	0.178853	0.363477	0.183408	0.376319	H
28	0.192351	0.363477	0.196907	0.376319	J
28	0.226097	0.363477	0.230652	0.376319	K
28	0.239595	0.363477	0.244151	0.376319	L
28	0.253093	0.363477	0.257649	0.376319	M
28	0.266592	0.363477	0.271147	0.376319	N
28	0.280090	0.363477	0.284646	0.376319	P
28	0.293588	0.363477	0.298144	0.376319	Q
28	0.307087	0.363477	0.311642	0.376319	R
28	0.320585	0.363477	0.325141	0.376319	S
28	0.334083	0.363477	0.338639	0.376319	T
28	0.347582	0.363477	0.352137	0.376319	U
28	0.361080	0.363477	0.365636	0.376319	V
28	0.070626	0.548645	0.079738	0.574328	2101
28	0.084125	0.548645	0.093236	0.574328	2102
28	0.097623	0.548645	0.106734	0.574328	1245
28	0.111121	0.548645	0.120233	0.574328	1243
28	0.124619	0.548645	0.133731	0.574328	1244
28	0.138118	0.548645	0.147229	0.574328	2106
28	0.165114	0.542224	0.174226	0.574328	G2555
28	0.178613	0.548645	0.187724	0.574328	2555
28	0.212359	0.542224	0.221470	0.574328	G2555
28	0.225857	0.548645	0.234968	0.574328	2556
28	0.239355	0.548645	0.248466	0.574328	2322
28	0.252854	0.548645	0.261965	0.574328	2544
28	0.266352	0.548645	0.275463	0.574328	1250
28	0.306847	0.548645	0.315958	0.574328	2107
28	0.320345	0.548645	0.329456	0.574328	2603
28	0.333843	0.548645	0.342955	0.574328	2601
28	0.347342	0.542224	0.356453	0.574328	G2601
28	0.367589	0.548645	0.376700	0.574328	2604
28	0.381087	0.548645	0.390199	0.574328	2605
28	0.377953	0.629344	0.382508	0.642185	A
28	0.391451	0.629344	0.396007	0.642185	B
28	0.404949	0.629344	0.409505	0.642185	C
28	0.364455	0.666762	0.430259	0.676037	风扇离合器控制电磁阀
28	0.054921	0.752973	0.073903	0.770809	X41
28	0.080990	0.753351	0.090101	0.766193	82
28	0.094488	0.753351	0.103600	0.766193	83
28	0.107987	0.753351	0.117098	0.766193	86
28	0.121485	0.753351	0.130596	0.766193	84
28	0.134983	0.753351	0.144094	0.766193	85
28	0.148481	0.753351	0.157593	0.766193	88
28	0.192351	0.757632	0.201462	0.770473	92
28	0.239595	0.757632	0.248706	0.770473	93
28	0.249719	0.753351	0.263386	0.766193	104
28	0.263217	0.753351	0.276884	0.766193	105
28	0.276715	0.753351	0.285827	0.766193	87
28	0.317210	0.753351	0.326322	0.766193	89
28	0.330709	0.753351	0.344376	0.766193	106
28	0.344207	0.753351	0.357874	0.766193	107
28	0.292238	0.769824	0.310461	0.782665	/1.7
28	0.305737	0.769824	0.323959	0.782665	/1.7
28	0.054921	0.791022	0.073903	0.808858	X40
28	0.080990	0.791400	0.090101	0.804242	82
28	0.094488	0.791400	0.103600	0.804242	83
28	0.107987	0.791400	0.117098	0.804242	86
28	0.121485	0.791400	0.130596	0.804242	84
28	0.134983	0.791400	0.144094	0.804242	85
28	0.148481	0.791400	0.157593	0.804242	88
28	0.192351	0.791528	0.201462	0.804369	92
28	0.239595	0.791528	0.248706	0.804369	93
28	0.249719	0.791400	0.263386	0.804242	104
28	0.263217	0.791400	0.276884	0.804242	105
28	0.276715	0.791400	0.285827	0.804242	87
28	0.317210	0.791400	0.326322	0.804242	89
28	0.330709	0.791400	0.344376	0.804242	106
28	0.344207	0.791400	0.357874	0.804242	107
28	0.076279	0.851609	0.085391	0.877292	/8.4
28	0.089778	0.851609	0.098889	0.877292	/8.4
28	0.103276	0.848399	0.112387	0.880502	/22.3
28	0.116774	0.848399	0.125886	0.880502	/22.2
28	0.130273	0.848399	0.139384	0.880502	/22.3
28	0.143771	0.851609	0.152882	0.877292	/8.4
28	0.169204	0.848994	0.178315	0.881097	/16.3
28	0.184266	0.851609	0.193377	0.877292	/8.4
28	0.216448	0.848994	0.225559	0.881097	/16.3
28	0.231510	0.851609	0.240621	0.877292	/8.4
28	0.258507	0.851609	0.267618	0.877292	/4.2
28	0.272005	0.848399	0.281116	0.880502	/22.3
28	0.312500	0.851609	0.321611	0.877292	/6.1
28	0.325998	0.851609	0.335109	0.877292	/6.8
28	0.337933	0.855414	0.347044	0.881097	/2.7
28	0.351431	0.848994	0.360542	0.881097	/24.4
28	0.022340	0.937118	0.047649	0.954954	车型
28	0.060742	0.937118	0.142998	0.954954	NTE200-Russia
28	0.222866	0.937368	0.248175	0.955203	内容
28	0.259843	0.937118	0.348425	0.954954	发动机接口电路
28	0.472019	0.937118	0.661839	0.954954	内蒙古北方重型汽车股份有限公司
28	0.679134	0.937118	0.704443	0.954954	版本
28	0.717000	0.936577	0.723327	0.954412	A
28	0.746625	0.937118	0.771935	0.954954	图号
28	0.777840	0.937118	0.828459	0.954954	20062776
28	0.867688	0.937118	0.897216	0.954954	第23
28	0.901434	0.937118	0.934336	0.954954	页共
28	0.944882	0.933706	0.957537	0.951541	24
28	0.968926	0.937118	0.981580	0.954954	页
28	0.071077	0.960899	0.077404	0.978734	1
28	0.192562	0.960899	0.198889	0.978734	2
28	0.314047	0.960899	0.320374	0.978734	3
28	0.435532	0.960899	0.441859	0.978734	4
28	0.557016	0.960899	0.563344	0.978734	5
28	0.678501	0.960899	0.684828	0.978734	6
28	0.799986	0.960899	0.806313	0.978734	7
28	0.921471	0.960899	0.927798	0.978734	8
29	0.067702	0.023944	0.074030	0.041779	1
29	0.192562	0.023944	0.198889	0.041779	2
29	0.310672	0.023944	0.316999	0.041779	3
29	0.435532	0.023944	0.441859	0.041779	4
29	0.557016	0.023944	0.563344	0.041779	5
29	0.681876	0.023944	0.688203	0.041779	6
29	0.799986	0.023944	0.806313	0.041779	7
29	0.921471	0.023944	0.927798	0.041779	8
29	0.061217	0.059478	0.070329	0.091582	/12.7
29	0.115211	0.065899	0.124322	0.091582	/6.3
29	0.169204	0.065899	0.178315	0.091582	/6.4
29	0.223197	0.065899	0.232308	0.091582	/6.3
29	0.277190	0.059478	0.286302	0.091582	/12.2
29	0.385177	0.065899	0.394288	0.091582	/6.2
29	0.432421	0.059478	0.441532	0.091582	/23.3
29	0.476290	0.059478	0.485402	0.091582	/13.3
29	0.496538	0.059478	0.505649	0.091582	/11.8
29	0.516785	0.059478	0.525897	0.091582	/14.5
29	0.537033	0.065899	0.546144	0.091582	/8.8
29	0.557280	0.059478	0.566392	0.091582	/10.3
29	0.577528	0.059478	0.586639	0.091582	/14.2
29	0.594401	0.059478	0.603512	0.091582	/10.7
29	0.614648	0.059478	0.623759	0.091582	/14.7
29	0.634896	0.059478	0.644007	0.091582	/12.2
29	0.655143	0.059478	0.664254	0.091582	/12.6
29	0.675391	0.059478	0.684502	0.091582	/14.4
29	0.695638	0.059478	0.704749	0.091582	/11.6
29	0.715886	0.059478	0.724997	0.091582	/11.3
29	0.736133	0.059478	0.745244	0.091582	/10.6
29	0.776628	0.059478	0.785739	0.091582	/13.5
29	0.796875	0.059478	0.805987	0.091582	/12.4
29	0.817123	0.059478	0.826234	0.091582	/12.4
29	0.837370	0.059478	0.846482	0.091582	/12.6
29	0.857618	0.059478	0.866729	0.091582	/12.6
29	0.877865	0.059478	0.886976	0.091582	/12.7
29	0.898113	0.059478	0.907224	0.091582	/12.7
29	0.918360	0.059478	0.927471	0.091582	/10.3
29	0.938608	0.059478	0.947719	0.091582	/13.2
29	0.053753	0.191936	0.062865	0.217619	3512
29	0.107747	0.191936	0.116858	0.217619	3119
29	0.161740	0.191936	0.170851	0.217619	3315
29	0.215733	0.191936	0.224844	0.217619	3300
29	0.269726	0.191936	0.278838	0.217619	3213
29	0.377713	0.191936	0.386824	0.217619	3612
29	0.035096	0.229803	0.060405	0.247639	-X40
29	0.070866	0.234459	0.075422	0.247300	8
29	0.124859	0.234459	0.133971	0.247300	40
29	0.178853	0.234459	0.187964	0.247300	43
29	0.232846	0.234459	0.241957	0.247300	42
29	0.286839	0.234459	0.295950	0.247300	41
29	0.394826	0.234459	0.403937	0.247300	29
29	0.035096	0.267849	0.060405	0.285685	-X41
29	0.070866	0.268355	0.075422	0.281196	8
29	0.124859	0.268355	0.133971	0.281196	40
29	0.178853	0.268355	0.187964	0.281196	43
29	0.232846	0.268355	0.241957	0.281196	42
29	0.286839	0.268355	0.295950	0.281196	41
29	0.394826	0.268355	0.403937	0.281196	29
29	0.107747	0.325107	0.116858	0.350790	3119
29	0.323720	0.363156	0.332831	0.388839	3214
29	0.048510	0.391508	0.067491	0.409344	-Y6
29	0.156496	0.391508	0.175478	0.409344	-Y8
29	0.258155	0.391508	0.283465	0.409344	-Y10
29	0.366142	0.391508	0.391451	0.409344	-Y12
29	0.069516	0.422325	0.074072	0.435167	1
29	0.177503	0.422325	0.182059	0.435167	1
29	0.285489	0.422325	0.290045	0.435167	1
29	0.393476	0.422325	0.398032	0.435167	1
29	0.069516	0.460977	0.074072	0.473819	2
29	0.177503	0.460977	0.182059	0.473819	2
29	0.285489	0.460977	0.290045	0.473819	2
29	0.393476	0.460977	0.398032	0.473819	2
29	0.102503	0.486631	0.121485	0.504466	-Y7
29	0.210489	0.486631	0.229471	0.504466	-Y9
29	0.312148	0.486631	0.337458	0.504466	-Y11
29	0.123510	0.517448	0.128065	0.530289	1
29	0.231496	0.517448	0.236052	0.530289	1
29	0.339483	0.517448	0.344038	0.530289	1
29	0.123510	0.556100	0.128065	0.568941	2
29	0.231496	0.556100	0.236052	0.568941	2
29	0.339483	0.556100	0.344038	0.568941	2
29	0.053753	0.604053	0.062865	0.636157	G3512
29	0.107747	0.604053	0.116858	0.636157	G3119
29	0.161740	0.604053	0.170851	0.636157	G3315
29	0.215733	0.604053	0.224844	0.636157	G3300
29	0.269726	0.604053	0.278838	0.636157	G3213
29	0.323720	0.604053	0.332831	0.636157	G3214
29	0.377713	0.604053	0.386824	0.636157	G3612
29	0.428332	0.604053	0.437443	0.636157	G2601
29	0.472201	0.604053	0.481312	0.636157	G2501
29	0.492448	0.604053	0.501560	0.636157	G3419
29	0.512696	0.604053	0.521807	0.636157	G5203
29	0.532943	0.610474	0.542055	0.636157	G611
29	0.553191	0.604053	0.562302	0.636157	G3007
29	0.573438	0.604053	0.582550	0.636157	G5215
29	0.590311	0.604053	0.599423	0.636157	G4301
29	0.610559	0.604053	0.619670	0.636157	G1726
29	0.630806	0.604053	0.639918	0.636157	G5803
29	0.651054	0.604053	0.660165	0.636157	G5876
29	0.671301	0.604053	0.680412	0.636157	G5202
29	0.691549	0.604053	0.700660	0.636157	G3424
29	0.711796	0.604053	0.720907	0.636157	G4104
29	0.732044	0.604053	0.741155	0.636157	G4320
29	0.752291	0.604053	0.761402	0.636157	G2323
29	0.772539	0.604053	0.781650	0.636157	G6201
29	0.792786	0.604053	0.801897	0.636157	G5816
29	0.813034	0.604053	0.822145	0.636157	G5817
29	0.833281	0.604053	0.842392	0.636157	G5875
29	0.853528	0.604053	0.862640	0.636157	G5877
29	0.873776	0.604053	0.882887	0.636157	G5927
29	0.894023	0.604053	0.903135	0.636157	G5944
29	0.914271	0.604053	0.923382	0.636157	G4302
29	0.934518	0.604053	0.943630	0.636157	G8301
29	0.022357	0.871876	0.053993	0.889712	-GND7
29	0.437430	0.871876	0.469066	0.889712	-GND3
29	0.031215	0.891961	0.053993	0.904802	FRAME
29	0.455399	0.891961	0.469066	0.904802	CAB
29	0.022340	0.937118	0.047649	0.954954	车型
29	0.060742	0.937118	0.142998	0.954954	NTE200-Russia
29	0.222866	0.937368	0.248175	0.955203	内容
29	0.259843	0.937118	0.361080	0.954954	车架及驾驶室接地
29	0.472019	0.937118	0.661839	0.954954	内蒙古北方重型汽车股份有限公司
29	0.679134	0.937118	0.704443	0.954954	版本
29	0.717000	0.936577	0.723327	0.954412	A
29	0.746625	0.937118	0.771935	0.954954	图号
29	0.777840	0.937118	0.828459	0.954954	20062776
29	0.867688	0.937118	0.897216	0.954954	第24
29	0.901434	0.937118	0.934336	0.954954	页共
29	0.944882	0.933706	0.957537	0.951541	24
29	0.968926	0.937118	0.981580	0.954954	页
29	0.071077	0.960899	0.077404	0.978734	1
29	0.192562	0.960899	0.198889	0.978734	2
29	0.314047	0.960899	0.320374	0.978734	3
29	0.435532	0.960899	0.441859	0.978734	4
29	0.557016	0.960899	0.563344	0.978734	5
29	0.678501	0.960899	0.684828	0.978734	6
29	0.799986	0.960899	0.806313	0.978734	7
29	0.921471	0.960899	0.927798	0.978734	8
30	0.067702	0.023944	0.074030	0.041779	1
30	0.192562	0.023944	0.198889	0.041779	2
30	0.310672	0.023944	0.316999	0.041779	3
30	0.435532	0.023944	0.441859	0.041779	4
30	0.557016	0.023944	0.563344	0.041779	5
30	0.681876	0.023944	0.688203	0.041779	6
30	0.799986	0.023944	0.806313	0.041779	7
30	0.921471	0.023944	0.927798	0.041779	8
30	0.242970	0.077450	0.293588	0.095285	设备列表
30	0.722160	0.077450	0.772778	0.095285	设备列表
30	0.051462	0.101385	0.076772	0.119221	序号
30	0.112205	0.101385	0.137514	0.119221	符号
30	0.244657	0.101385	0.295275	0.119221	功能描述
30	0.422666	0.101385	0.447975	0.119221	位置
30	0.530652	0.101385	0.555962	0.119221	序号
30	0.591395	0.101385	0.616704	0.119221	符号
30	0.723847	0.101385	0.774466	0.119221	功能描述
30	0.901856	0.101385	0.927165	0.119221	位置
30	0.060953	0.125011	0.067281	0.142847	1
30	0.113892	0.125166	0.139201	0.143001	-?D1
30	0.161980	0.128578	0.199944	0.146414	二极管
30	0.398200	0.128578	0.429837	0.146414	/03.6
30	0.536980	0.125011	0.549634	0.142847	34
30	0.596246	0.125166	0.615228	0.143001	-H4
30	0.641170	0.128578	0.691788	0.146414	右示宽灯
30	0.877390	0.128578	0.909027	0.146414	/17.2
30	0.060953	0.148792	0.067281	0.166627	2
30	0.113892	0.148946	0.139201	0.166782	-?S1
30	0.161980	0.152359	0.237908	0.170194	桥箱风压开关
30	0.398200	0.152359	0.429837	0.170194	/21.5
30	0.536980	0.148792	0.549634	0.166627	35
30	0.596246	0.148946	0.615228	0.166782	-H5
30	0.641170	0.152359	0.691788	0.170194	左示宽灯
30	0.877390	0.152359	0.909027	0.170194	/17.2
30	0.060953	0.172573	0.067281	0.190408	3
30	0.117056	0.172727	0.136038	0.190562	-B1
30	0.161980	0.176139	0.199944	0.193975	断路器
30	0.398200	0.176139	0.429837	0.193975	/02.1
30	0.536980	0.172573	0.549634	0.190408	36
30	0.596246	0.172727	0.615228	0.190562	-H6
30	0.641170	0.176139	0.691788	0.193975	左示宽灯
30	0.877390	0.176139	0.909027	0.193975	/17.3
30	0.060953	0.196353	0.067281	0.214188	4
30	0.117056	0.196508	0.136038	0.214343	-B2
30	0.161980	0.199920	0.199944	0.217755	断路器
30	0.398200	0.199920	0.429837	0.217755	/02.2
30	0.536980	0.196353	0.549634	0.214188	37
30	0.596246	0.196508	0.615228	0.214343	-H7
30	0.641170	0.199920	0.691788	0.217755	左转向灯
30	0.877390	0.199920	0.909027	0.217755	/17.3
30	0.060953	0.220134	0.067281	0.237969	5
30	0.117056	0.220288	0.136038	0.238123	-B3
30	0.161980	0.223701	0.199944	0.241536	断路器
30	0.398200	0.223701	0.429837	0.241536	/02.3
30	0.536980	0.220134	0.549634	0.237969	38
30	0.596246	0.220288	0.615228	0.238123	-H8
30	0.641170	0.223701	0.691788	0.241536	左转向灯
30	0.877390	0.223701	0.909027	0.241536	/17.3
30	0.060953	0.243914	0.067281	0.261750	6
30	0.117056	0.244069	0.136038	0.261904	-B4
30	0.161980	0.247481	0.199944	0.265317	断路器
30	0.398200	0.247481	0.429837	0.265317	/02.3
30	0.536980	0.243914	0.549634	0.261750	39
30	0.596246	0.244069	0.615228	0.261904	-H9
30	0.641170	0.247481	0.767716	0.265317	称重系统左红色报警灯
30	0.877390	0.247481	0.909027	0.265317	/17.3
30	0.060953	0.267695	0.067281	0.285530	7
30	0.117056	0.267849	0.136038	0.285685	-B5
30	0.161980	0.271262	0.199944	0.289097	断路器
30	0.398200	0.271262	0.429837	0.289097	/02.5
30	0.536980	0.267695	0.549634	0.285530	40
30	0.593082	0.267849	0.618391	0.285685	-H10
30	0.641170	0.271262	0.767716	0.289097	称重系统右红色报警灯
30	0.877390	0.271262	0.909027	0.289097	/17.4
30	0.060953	0.291475	0.067281	0.309311	8
30	0.117056	0.291630	0.136038	0.309465	-B6
30	0.161980	0.295042	0.199944	0.312878	断路器
30	0.398200	0.295042	0.429837	0.312878	/02.5
30	0.536980	0.291475	0.549634	0.309311	41
30	0.593082	0.291630	0.618391	0.309465	-H11
30	0.641170	0.295042	0.767716	0.312878	称重系统左黄色报警灯
30	0.877390	0.295042	0.909027	0.312878	/17.4
30	0.060953	0.315256	0.067281	0.333091	9
30	0.117056	0.315410	0.136038	0.333246	-B7
30	0.161980	0.318823	0.199944	0.336658	断路器
30	0.398200	0.318823	0.429837	0.336658	/02.6
30	0.536980	0.315256	0.549634	0.333091	42
30	0.593082	0.315410	0.618391	0.333246	-H12
30	0.641170	0.318823	0.767716	0.336658	称重系统右黄色报警灯
30	0.877390	0.318823	0.909027	0.336658	/17.4
30	0.057790	0.339036	0.070444	0.356872	10
30	0.117056	0.339191	0.136038	0.357027	-B8
30	0.161980	0.342604	0.199944	0.360439	断路器
30	0.398200	0.342604	0.429837	0.360439	/02.7
30	0.536980	0.339036	0.549634	0.356872	43
30	0.593082	0.339191	0.618391	0.357027	-H13
30	0.641170	0.342604	0.767716	0.360439	称重系统左绿色报警灯
30	0.877390	0.342604	0.909027	0.360439	/17.5
30	0.057790	0.362817	0.070444	0.380653	11
30	0.113892	0.362972	0.139201	0.380807	-B47
30	0.161980	0.366384	0.301181	0.384220	发动机冷却液温度传感器
30	0.398200	0.366384	0.429837	0.384220	/23.2
30	0.536980	0.362817	0.549634	0.380653	44
30	0.593082	0.362972	0.618391	0.380807	-H14
30	0.641170	0.366384	0.767716	0.384220	称重系统右绿色报警灯
30	0.877390	0.366384	0.909027	0.384220	/17.5
30	0.057790	0.386598	0.070444	0.404433	12
30	0.117056	0.386752	0.136038	0.404588	-F1
30	0.161980	0.390165	0.187289	0.408000	保险
30	0.398200	0.390165	0.429837	0.408000	/03.2
30	0.536980	0.386598	0.549634	0.404433	45
30	0.593082	0.386752	0.618391	0.404588	-H15
30	0.641170	0.390165	0.729752	0.408000	左发动机检修灯
30	0.877390	0.390165	0.909027	0.408000	/17.5
30	0.057790	0.410378	0.070444	0.428214	13
30	0.117056	0.410533	0.136038	0.428368	-F2
30	0.161980	0.413945	0.187289	0.431781	保险
30	0.398200	0.413945	0.429837	0.431781	/03.2
30	0.536980	0.410378	0.549634	0.428214	46
30	0.593082	0.410533	0.618391	0.428368	-H16
30	0.641170	0.413945	0.729752	0.431781	右发动机检修灯
30	0.877390	0.413945	0.909027	0.431781	/17.6
30	0.057790	0.434159	0.070444	0.451994	14
30	0.117056	0.434313	0.136038	0.452149	-F3
30	0.161980	0.437726	0.187289	0.455561	保险
30	0.398200	0.437726	0.429837	0.455561	/03.3
30	0.536980	0.434159	0.549634	0.451994	47
30	0.593082	0.434313	0.618391	0.452149	-H17
30	0.641170	0.437726	0.666479	0.455561	喇叭
30	0.877390	0.437726	0.909027	0.455561	/17.6
30	0.057790	0.457939	0.070444	0.475775	15
30	0.117056	0.458094	0.136038	0.475929	-F4
30	0.161980	0.461507	0.187289	0.479342	保险
30	0.398200	0.461507	0.429837	0.479342	/03.3
30	0.536980	0.457939	0.549634	0.475775	48
30	0.593082	0.458094	0.618391	0.475929	-H18
30	0.641170	0.461507	0.666479	0.479342	喇叭
30	0.877390	0.461507	0.909027	0.479342	/17.7
30	0.057790	0.481720	0.070444	0.499555	16
30	0.117056	0.481875	0.136038	0.499710	-F5
30	0.161980	0.485287	0.187289	0.503123	保险
30	0.398200	0.485287	0.429837	0.503123	/03.3
30	0.536980	0.481720	0.549634	0.499555	49
30	0.593082	0.481875	0.618391	0.499710	-H19
30	0.641170	0.485287	0.679134	0.503123	后照灯
30	0.877390	0.485287	0.909027	0.503123	/17.6
30	0.057790	0.505501	0.070444	0.523336	17
30	0.117056	0.505655	0.136038	0.523491	-F6
30	0.161980	0.509068	0.187289	0.526903	保险
30	0.398200	0.509068	0.429837	0.526903	/03.3
30	0.536980	0.505501	0.549634	0.523336	50
30	0.593082	0.505655	0.618391	0.523491	-H20
30	0.641170	0.509068	0.704443	0.526903	左下近光灯
30	0.877390	0.509068	0.909027	0.526903	/19.1
30	0.057790	0.529281	0.070444	0.547117	18
30	0.117056	0.529436	0.136038	0.547271	-F7
30	0.161980	0.532848	0.187289	0.550684	保险
30	0.398200	0.532848	0.429837	0.550684	/03.3
30	0.536980	0.529281	0.549634	0.547117	51
30	0.593082	0.529436	0.618391	0.547271	-H21
30	0.641170	0.532848	0.704443	0.550684	右下近光灯
30	0.877390	0.532848	0.909027	0.550684	/19.1
30	0.057790	0.553062	0.070444	0.570897	19
30	0.117056	0.553216	0.136038	0.571052	-F8
30	0.161980	0.556629	0.187289	0.574464	保险
30	0.398200	0.556629	0.429837	0.574464	/03.3
30	0.536980	0.553062	0.549634	0.570897	52
30	0.593082	0.553216	0.618391	0.571052	-H22
30	0.641170	0.556629	0.704443	0.574464	左下远光灯
30	0.877390	0.556629	0.909027	0.574464	/19.2
30	0.057790	0.576842	0.070444	0.594678	20
30	0.117056	0.576997	0.136038	0.594832	-F9
30	0.161980	0.580409	0.187289	0.598245	保险
30	0.398200	0.580409	0.429837	0.598245	/03.4
30	0.536980	0.576842	0.549634	0.594678	53
30	0.593082	0.576997	0.618391	0.594832	-H23
30	0.641170	0.580409	0.666479	0.598245	雾灯
30	0.877390	0.580409	0.909027	0.598245	/19.2
30	0.057790	0.600623	0.070444	0.618458	21
30	0.113892	0.600778	0.139201	0.618613	-F10
30	0.161980	0.604190	0.187289	0.622025	保险
30	0.398200	0.604190	0.429837	0.622025	/03.4
30	0.536980	0.600623	0.549634	0.618458	54
30	0.593082	0.600778	0.618391	0.618613	-H24
30	0.641170	0.604190	0.666479	0.622025	雾灯
30	0.877390	0.604190	0.909027	0.622025	/19.2
30	0.057790	0.624404	0.070444	0.642239	22
30	0.113892	0.624558	0.139201	0.642393	-F11
30	0.161980	0.627971	0.187289	0.645806	保险
30	0.398200	0.627971	0.429837	0.645806	/03.4
30	0.536980	0.624404	0.549634	0.642239	55
30	0.593082	0.624558	0.618391	0.642393	-H25
30	0.641170	0.627971	0.704443	0.645806	右下远光灯
30	0.877390	0.627971	0.909027	0.645806	/19.3
30	0.057790	0.648184	0.070444	0.666019	23
30	0.113892	0.648339	0.139201	0.666174	-F12
30	0.161980	0.651751	0.187289	0.669587	保险
30	0.398200	0.651751	0.429837	0.669587	/03.5
30	0.536980	0.648184	0.549634	0.666019	56
30	0.593082	0.648339	0.618391	0.666174	-H26
30	0.641170	0.651751	0.666479	0.669587	梯灯
30	0.877390	0.651751	0.909027	0.669587	/19.3
30	0.057790	0.671965	0.070444	0.689800	24
30	0.113892	0.672119	0.139201	0.689955	-F13
30	0.161980	0.675532	0.187289	0.693367	保险
30	0.398200	0.675532	0.429837	0.693367	/03.5
30	0.536980	0.671965	0.549634	0.689800	57
30	0.593082	0.672119	0.618391	0.689955	-H27
30	0.641170	0.675532	0.666479	0.693367	梯灯
30	0.877390	0.675532	0.909027	0.693367	/19.3
30	0.057790	0.695745	0.070444	0.713581	25
30	0.113892	0.695900	0.139201	0.713735	-F14
30	0.161980	0.699312	0.187289	0.717148	保险
30	0.398200	0.699312	0.429837	0.717148	/03.5
30	0.536980	0.695745	0.549634	0.713581	58
30	0.593082	0.695900	0.618391	0.713735	-H30
30	0.641170	0.699312	0.704443	0.717148	左后示宽灯
30	0.877390	0.699312	0.909027	0.717148	/19.8
30	0.057790	0.719526	0.070444	0.737361	26
30	0.113892	0.719680	0.139201	0.737516	-F15
30	0.161980	0.723093	0.187289	0.740928	保险
30	0.398200	0.723093	0.429837	0.740928	/03.6
30	0.536980	0.719526	0.549634	0.737361	59
30	0.593082	0.719680	0.618391	0.737516	-H31
30	0.641170	0.723093	0.704443	0.740928	右后示宽灯
30	0.877390	0.723093	0.909027	0.740928	/19.8
30	0.057790	0.743306	0.070444	0.761142	27
30	0.113892	0.743461	0.139201	0.761296	-F16
30	0.161980	0.746874	0.187289	0.764709	保险
30	0.398200	0.746874	0.429837	0.764709	/03.6
30	0.536980	0.743306	0.549634	0.761142	60
30	0.593082	0.743461	0.618391	0.761296	-H32
30	0.641170	0.746874	0.691788	0.764709	右转向灯
30	0.877390	0.746874	0.909027	0.764709	/19.5
30	0.057790	0.767087	0.070444	0.784923	28
30	0.113892	0.767242	0.139201	0.785077	-F17
30	0.161980	0.770654	0.187289	0.788489	保险
30	0.398200	0.770654	0.429837	0.788489	/03.6
30	0.536980	0.767087	0.549634	0.784923	61
30	0.593082	0.767242	0.618391	0.785077	-H33
30	0.641170	0.770654	0.691788	0.788489	左转向灯
30	0.877390	0.770654	0.909027	0.788489	/19.5
30	0.057790	0.790868	0.070444	0.808703	29
30	0.113892	0.791022	0.139201	0.808858	-F18
30	0.161980	0.794435	0.187289	0.812270	保险
30	0.398200	0.794435	0.429837	0.812270	/03.7
30	0.536980	0.790868	0.549634	0.808703	62
30	0.593082	0.791022	0.618391	0.808858	-H34
30	0.641170	0.794435	0.691788	0.812270	左倒车灯
30	0.877390	0.794435	0.909027	0.812270	/19.6
30	0.057790	0.814648	0.070444	0.832484	30
30	0.113892	0.814803	0.139201	0.832638	-F19
30	0.161980	0.818215	0.187289	0.836051	保险
30	0.398200	0.818215	0.429837	0.836051	/03.8
30	0.536980	0.814648	0.549634	0.832484	63
30	0.593082	0.814803	0.618391	0.832638	-H35
30	0.641170	0.818215	0.691788	0.836051	右倒车灯
30	0.877390	0.818215	0.909027	0.836051	/19.6
30	0.057790	0.838429	0.070444	0.856264	31
30	0.117056	0.838583	0.136038	0.856419	-H1
30	0.161980	0.841996	0.212598	0.859831	右转向灯
30	0.398200	0.841996	0.429837	0.859831	/17.1
30	0.536980	0.838429	0.549634	0.856264	64
30	0.593082	0.838583	0.618391	0.856419	-H36
30	0.641170	0.841996	0.704443	0.859831	倒车蜂鸣器
30	0.877390	0.841996	0.909027	0.859831	/19.6
30	0.057790	0.862209	0.070444	0.880045	32
30	0.117056	0.862364	0.136038	0.880199	-H2
30	0.161980	0.865777	0.212598	0.883612	右转向灯
30	0.398200	0.865777	0.429837	0.883612	/17.2
30	0.536980	0.862209	0.549634	0.880045	65
30	0.593082	0.862364	0.618391	0.880199	-H37
30	0.641170	0.865777	0.717098	0.883612	左制动夜行灯
30	0.877390	0.865777	0.909027	0.883612	/19.6
30	0.057790	0.885990	0.070444	0.903825	33
30	0.117056	0.886144	0.136038	0.903980	-H3
30	0.161980	0.889557	0.212598	0.907393	右示宽灯
30	0.398200	0.889557	0.429837	0.907393	/17.2
30	0.536980	0.885990	0.549634	0.903825	66
30	0.593082	0.886144	0.618391	0.903980	-H38
30	0.641170	0.889557	0.717098	0.907393	右制动夜行灯
30	0.877390	0.889557	0.909027	0.907393	/19.6
30	0.022340	0.937118	0.047649	0.954954	车型
30	0.060742	0.937118	0.142998	0.954954	NTE200-Russia
30	0.222866	0.937368	0.248175	0.955203	内容
30	0.259843	0.937118	0.310461	0.954954	设备列表
30	0.472019	0.937118	0.661839	0.954954	内蒙古北方重型汽车股份有限公司
30	0.679134	0.937118	0.704443	0.954954	版本
30	0.717000	0.936577	0.723327	0.954412	A
30	0.746625	0.937118	0.771935	0.954954	图号
30	0.777840	0.937118	0.828459	0.954954	20062776
30	0.867688	0.937118	0.894052	0.954954	第1
30	0.901434	0.937118	0.934336	0.954954	页共
30	0.944882	0.933706	0.957537	0.951541	12
30	0.968926	0.937118	0.981580	0.954954	页
30	0.071077	0.960899	0.077404	0.978734	1
30	0.192562	0.960899	0.198889	0.978734	2
30	0.314047	0.960899	0.320374	0.978734	3
30	0.435532	0.960899	0.441859	0.978734	4
30	0.557016	0.960899	0.563344	0.978734	5
30	0.678501	0.960899	0.684828	0.978734	6
30	0.799986	0.960899	0.806313	0.978734	7
30	0.921471	0.960899	0.927798	0.978734	8
31	0.067702	0.023944	0.074030	0.041779	1
31	0.192562	0.023944	0.198889	0.041779	2
31	0.310672	0.023944	0.316999	0.041779	3
31	0.435532	0.023944	0.441859	0.041779	4
31	0.557016	0.023944	0.563344	0.041779	5
31	0.681876	0.023944	0.688203	0.041779	6
31	0.799986	0.023944	0.806313	0.041779	7
31	0.921471	0.023944	0.927798	0.041779	8
31	0.242970	0.077450	0.293588	0.095285	设备列表
31	0.722160	0.077450	0.772778	0.095285	设备列表
31	0.051462	0.101385	0.076772	0.119221	序号
31	0.112205	0.101385	0.137514	0.119221	符号
31	0.244657	0.101385	0.295275	0.119221	功能描述
31	0.422666	0.101385	0.447975	0.119221	位置
31	0.530652	0.101385	0.555962	0.119221	序号
31	0.591395	0.101385	0.616704	0.119221	符号
31	0.723847	0.101385	0.774466	0.119221	功能描述
31	0.901856	0.101385	0.927165	0.119221	位置
31	0.057790	0.125011	0.070444	0.142847	67
31	0.113892	0.125166	0.139201	0.143001	-H39
31	0.161980	0.128578	0.199944	0.146414	桥箱灯
31	0.398200	0.128578	0.429837	0.146414	/19.7
31	0.533816	0.125011	0.552798	0.142847	100
31	0.596246	0.125166	0.615228	0.143001	-S4
31	0.641170	0.128578	0.691788	0.146414	休息开关
31	0.877390	0.128578	0.909027	0.146414	/10.1
31	0.057790	0.148792	0.070444	0.166627	68
31	0.117056	0.148946	0.136038	0.166782	-K1
31	0.161980	0.152359	0.225253	0.170194	起动继电器
31	0.398200	0.152359	0.429837	0.170194	/01.4
31	0.533816	0.148792	0.552798	0.166627	101
31	0.596246	0.148946	0.615228	0.166782	-S5
31	0.641170	0.152359	0.729752	0.170194	发动机暖机开关
31	0.877390	0.152359	0.909027	0.170194	/10.1
31	0.057790	0.172573	0.070444	0.190408	69
31	0.117056	0.172727	0.136038	0.190562	-K2
31	0.161980	0.176139	0.225253	0.193975	起动继电器
31	0.398200	0.176139	0.429837	0.193975	/01.5
31	0.533816	0.172573	0.552798	0.190408	102
31	0.596246	0.172727	0.615228	0.190562	-S6
31	0.641170	0.176139	0.691788	0.193975	超越开关
31	0.877390	0.176139	0.909027	0.193975	/10.2
31	0.057790	0.196353	0.070444	0.214188	70
31	0.117056	0.196508	0.136038	0.214343	-K3
31	0.161980	0.199920	0.225253	0.217755	起动继电器
31	0.398200	0.199920	0.429837	0.217755	/01.6
31	0.533816	0.196353	0.552798	0.214188	103
31	0.596246	0.196508	0.615228	0.214343	-S7
31	0.641170	0.199920	0.717098	0.217755	集中润滑开关
31	0.877390	0.199920	0.909027	0.217755	/10.2
31	0.057790	0.220134	0.070444	0.237969	71
31	0.117056	0.220288	0.136038	0.238123	-K4
31	0.161980	0.223701	0.225253	0.241536	起动继电器
31	0.398200	0.223701	0.429837	0.241536	/01.7
31	0.533816	0.220134	0.552798	0.237969	104
31	0.596246	0.220288	0.615228	0.238123	-S8
31	0.641170	0.223701	0.717098	0.241536	危险报警开关
31	0.877390	0.223701	0.909027	0.241536	/10.3
31	0.057790	0.243914	0.070444	0.261750	72
31	0.117056	0.244069	0.136038	0.261904	-K5
31	0.161980	0.247481	0.237908	0.265317	预润滑继电器
31	0.398200	0.247481	0.429837	0.265317	/01.8
31	0.533816	0.243914	0.552798	0.261750	105
31	0.596246	0.244069	0.615228	0.261904	-S9
31	0.641170	0.247481	0.691788	0.265317	检测开关
31	0.877390	0.247481	0.909027	0.265317	/10.3
31	0.057790	0.267695	0.070444	0.285530	73
31	0.117056	0.267849	0.136038	0.285685	-K6
31	0.161980	0.271262	0.237908	0.289097	远光灯继电器
31	0.398200	0.271262	0.429837	0.289097	/05.1
31	0.533816	0.267695	0.552798	0.285530	106
31	0.593082	0.267849	0.618391	0.285685	-S10
31	0.641170	0.271262	0.691788	0.289097	灯光开关
31	0.877390	0.271262	0.909027	0.289097	/10.5
31	0.057790	0.291475	0.070444	0.309311	74
31	0.117056	0.291630	0.136038	0.309465	-K7
31	0.161980	0.295042	0.237908	0.312878	近光灯继电器
31	0.398200	0.295042	0.429837	0.312878	/05.2
31	0.533816	0.291475	0.552798	0.309311	107
31	0.593082	0.291630	0.618391	0.309465	-S12
31	0.641170	0.295042	0.717098	0.312878	数据存储开关
31	0.877390	0.295042	0.909027	0.312878	/11.1
31	0.057790	0.315256	0.070444	0.333091	75
31	0.117056	0.315410	0.136038	0.333246	-K8
31	0.161980	0.318823	0.225253	0.336658	喇叭继电器
31	0.398200	0.318823	0.429837	0.336658	/05.2
31	0.533816	0.315256	0.552798	0.333091	108
31	0.593082	0.315410	0.618391	0.333246	-S13
31	0.641170	0.318823	0.691788	0.336658	雾灯开关
31	0.877390	0.318823	0.909027	0.336658	/11.2
31	0.057790	0.339036	0.070444	0.356872	76
31	0.117056	0.339191	0.136038	0.357027	-K9
31	0.161980	0.342604	0.237908	0.360439	倒车灯继电器
31	0.398200	0.342604	0.429837	0.360439	/05.3
31	0.533816	0.339036	0.552798	0.356872	109
31	0.593082	0.339191	0.618391	0.357027	-S14
31	0.641170	0.342604	0.729752	0.360439	驾驶室梯灯开关
31	0.877390	0.342604	0.909027	0.360439	/11.3
31	0.057790	0.362817	0.070444	0.380653	77
31	0.113892	0.362972	0.139201	0.380807	-K10
31	0.161980	0.366384	0.237908	0.384220	后照灯继电器
31	0.398200	0.366384	0.429837	0.384220	/05.3
31	0.533816	0.362817	0.552798	0.380653	110
31	0.593082	0.362972	0.618391	0.380807	-S15
31	0.641170	0.366384	0.748734	0.384220	驻车释放/应用开关
31	0.877390	0.366384	0.909027	0.384220	/11.4
31	0.057790	0.386598	0.070444	0.404433	78
31	0.113892	0.386752	0.139201	0.404588	-K11
31	0.161980	0.390165	0.225253	0.408000	雾灯继电器
31	0.398200	0.390165	0.429837	0.408000	/05.4
31	0.533816	0.386598	0.552798	0.404433	111
31	0.593082	0.386752	0.618391	0.404588	-S16
31	0.641170	0.390165	0.761389	0.408000	发动机起动/停止开关
31	0.877390	0.390165	0.909027	0.408000	/11.5
31	0.057790	0.410378	0.070444	0.428214	79
31	0.113892	0.410533	0.139201	0.428368	-K12
31	0.161980	0.413945	0.237908	0.431781	工作灯继电器
31	0.398200	0.413945	0.429837	0.431781	/05.5
31	0.533816	0.410378	0.552798	0.428214	112
31	0.593082	0.410533	0.618391	0.428368	-S17
31	0.641170	0.413945	0.691788	0.431781	急停开关
31	0.877390	0.413945	0.909027	0.431781	/11.6
31	0.057790	0.434159	0.070444	0.451994	80
31	0.113892	0.434313	0.139201	0.452149	-K13
31	0.161980	0.437726	0.250562	0.455561	雨刷低速继电器
31	0.398200	0.437726	0.429837	0.455561	/05.5
31	0.533816	0.434159	0.552798	0.451994	113
31	0.593082	0.434313	0.618391	0.452149	-S18
31	0.641170	0.437726	0.717098	0.455561	行车制动踏板
31	0.877390	0.437726	0.909027	0.455561	/11.6
31	0.057790	0.457939	0.070444	0.475775	81
31	0.113892	0.458094	0.139201	0.475929	-K14
31	0.161980	0.461507	0.263217	0.479342	预润滑起动继电器
31	0.398200	0.461507	0.429837	0.479342	/05.6
31	0.533816	0.457939	0.552798	0.475775	114
31	0.593082	0.458094	0.618391	0.475929	-S19
31	0.641170	0.461507	0.691788	0.479342	组合开关
31	0.877390	0.461507	0.909027	0.479342	/10.6
31	0.057790	0.481720	0.070444	0.499555	82
31	0.113892	0.481875	0.139201	0.499710	-K15
31	0.161980	0.485287	0.263217	0.503123	发动机起动继电器
31	0.398200	0.485287	0.429837	0.503123	/05.7
31	0.533816	0.481720	0.552798	0.499555	115
31	0.593082	0.481875	0.618391	0.499710	-S20
31	0.641170	0.485287	0.717098	0.503123	缓速确认开关
31	0.877390	0.485287	0.909027	0.503123	/15.3
31	0.057790	0.505501	0.070444	0.523336	83
31	0.113892	0.505655	0.139201	0.523491	-K16
31	0.161980	0.509068	0.244235	0.526903	百叶窗1继电器
31	0.398200	0.509068	0.429837	0.526903	/04.7
31	0.533816	0.505501	0.552798	0.523336	116
31	0.596246	0.505655	0.615228	0.523491	S21
31	0.641170	0.509068	0.717098	0.526903	装载制动开关
31	0.877390	0.509068	0.909027	0.526903	/15.3
31	0.057790	0.529281	0.070444	0.547117	84
31	0.113892	0.529436	0.139201	0.547271	-K17
31	0.161980	0.532848	0.244235	0.550684	百叶窗2继电器
31	0.398200	0.532848	0.429837	0.550684	/04.8
31	0.533816	0.529281	0.552798	0.547117	117
31	0.593082	0.529436	0.618391	0.547271	-S22
31	0.641170	0.532848	0.729752	0.550684	空滤器阻塞开关
31	0.877390	0.532848	0.909027	0.550684	/17.7
31	0.057790	0.553062	0.070444	0.570897	85
31	0.113892	0.553216	0.139201	0.571052	-K18
31	0.161980	0.556629	0.237908	0.574464	镜加热继电器
31	0.398200	0.556629	0.429837	0.574464	/05.7
31	0.533816	0.553062	0.552798	0.570897	118
31	0.593082	0.553216	0.618391	0.571052	-S23
31	0.641170	0.556629	0.729752	0.574464	空滤器阻塞开关
31	0.877390	0.556629	0.909027	0.574464	/17.8
31	0.057790	0.576842	0.070444	0.594678	86
31	0.117056	0.576997	0.136038	0.594832	-M1
31	0.161980	0.580409	0.218926	0.598245	起动马达1
31	0.398200	0.580409	0.429837	0.598245	/01.4
31	0.533816	0.576842	0.552798	0.594678	119
31	0.593082	0.576997	0.618391	0.594832	-S24
31	0.641170	0.580409	0.729752	0.598245	空滤器阻塞开关
31	0.877390	0.580409	0.909027	0.598245	/17.8
31	0.057790	0.600623	0.070444	0.618458	87
31	0.117056	0.600778	0.136038	0.618613	-M2
31	0.161980	0.604190	0.218926	0.622025	起动马达2
31	0.398200	0.604190	0.429837	0.622025	/01.5
31	0.533816	0.600623	0.552798	0.618458	120
31	0.593082	0.600778	0.618391	0.618613	-S25
31	0.641170	0.604190	0.729752	0.622025	空滤器阻塞开关
31	0.877390	0.604190	0.909027	0.622025	/17.8
31	0.057790	0.624404	0.070444	0.642239	88
31	0.117056	0.624558	0.136038	0.642393	-M3
31	0.161980	0.627971	0.225253	0.645806	百叶窗马达
31	0.398200	0.627971	0.429837	0.645806	/04.7
31	0.533816	0.624404	0.552798	0.642239	121
31	0.593082	0.624558	0.618391	0.642393	-S26
31	0.641170	0.627971	0.742407	0.645806	驻车释放压力开关
31	0.877390	0.627971	0.909027	0.645806	/18.1
31	0.057790	0.648184	0.070444	0.666019	89
31	0.117056	0.648339	0.136038	0.666174	-R1
31	0.161980	0.651751	0.218926	0.669587	750Ω，1W
31	0.398200	0.651751	0.429837	0.669587	/04.1
31	0.533816	0.648184	0.552798	0.666019	122
31	0.593082	0.648339	0.618391	0.666174	-S27
31	0.641170	0.651751	0.691788	0.669587	举升开关
31	0.877390	0.651751	0.909027	0.669587	/18.2
31	0.057790	0.671965	0.070444	0.689800	90
31	0.117056	0.672119	0.136038	0.689955	-R2
31	0.161980	0.675532	0.212598	0.693367	终端电阻
31	0.398200	0.675532	0.429837	0.693367	/14.1
31	0.533816	0.671965	0.552798	0.689800	123
31	0.593082	0.672119	0.618391	0.689955	-S28
31	0.641170	0.675532	0.755062	0.693367	前制动残余压力开关
31	0.877390	0.675532	0.909027	0.693367	/18.3
31	0.057790	0.695745	0.070444	0.713581	91
31	0.117056	0.695900	0.136038	0.713735	-R3
31	0.161980	0.699312	0.212598	0.717148	终端电阻
31	0.398200	0.699312	0.429837	0.717148	/14.2
31	0.533816	0.695745	0.552798	0.713581	124
31	0.593082	0.695900	0.618391	0.713735	-S29
31	0.641170	0.699312	0.755062	0.717148	后制动残余压力开关
31	0.877390	0.699312	0.909027	0.717148	/18.3
31	0.057790	0.719526	0.070444	0.737361	92
31	0.117056	0.719680	0.136038	0.737516	-R4
31	0.161980	0.723093	0.212598	0.740928	油门踏板
31	0.398200	0.723093	0.429837	0.740928	/14.1
31	0.533816	0.719526	0.552798	0.737361	125
31	0.593082	0.719680	0.618391	0.737516	-S30
31	0.641170	0.723093	0.729752	0.740928	制动压力低开关
31	0.877390	0.723093	0.909027	0.740928	/18.4
31	0.057790	0.743306	0.070444	0.761142	93
31	0.117056	0.743461	0.136038	0.761296	-R5
31	0.161980	0.746874	0.212598	0.764709	缓行踏板
31	0.398200	0.746874	0.429837	0.764709	/14.2
31	0.533816	0.743306	0.552798	0.761142	126
31	0.593082	0.743461	0.618391	0.761296	-S31
31	0.641170	0.746874	0.742407	0.764709	驾驶室外梯灯开关
31	0.877390	0.746874	0.909027	0.764709	/19.3
31	0.057790	0.767087	0.070444	0.784923	94
31	0.117056	0.767242	0.136038	0.785077	-R6
31	0.161980	0.770654	0.225253	0.788489	缓行电位计
31	0.398200	0.770654	0.429837	0.788489	/15.6
31	0.533816	0.767087	0.552798	0.784923	127
31	0.593082	0.767242	0.618391	0.785077	-S32
31	0.641170	0.770654	0.780371	0.788489	驾驶室外发动机熄火开关
31	0.877390	0.770654	0.909027	0.788489	/19.4
31	0.057790	0.790868	0.070444	0.808703	95
31	0.117056	0.791022	0.136038	0.808858	-R7
31	0.161980	0.794435	0.212598	0.812270	终端电阻
31	0.398200	0.794435	0.429837	0.812270	/14.5
31	0.533816	0.790868	0.552798	0.808703	128
31	0.593082	0.791022	0.618391	0.808858	-S34
31	0.641170	0.794435	0.742407	0.812270	发动机检修灯开关
31	0.877390	0.794435	0.909027	0.812270	/19.4
31	0.057790	0.814648	0.070444	0.832484	96
31	0.117056	0.814803	0.136038	0.832638	-R8
31	0.161980	0.818215	0.212598	0.836051	终端电阻
31	0.398200	0.818215	0.429837	0.836051	/14.6
31	0.533816	0.814648	0.552798	0.832484	129
31	0.593082	0.814803	0.618391	0.832638	-S35
31	0.641170	0.818215	0.729752	0.836051	转向压力低开关
31	0.877390	0.818215	0.909027	0.836051	/20.1
31	0.057790	0.838429	0.070444	0.856264	97
31	0.117056	0.838583	0.136038	0.856419	-S1
31	0.161980	0.841996	0.225253	0.859831	总电源开关
31	0.398200	0.841996	0.429837	0.859831	/01.1
31	0.533816	0.838429	0.552798	0.856264	130
31	0.593082	0.838583	0.618391	0.856419	-S36
31	0.641170	0.841996	0.729752	0.859831	液压油位低开关
31	0.877390	0.841996	0.909027	0.859831	/20.2
31	0.057790	0.862209	0.070444	0.880045	98
31	0.117056	0.862364	0.136038	0.880199	-S2
31	0.161980	0.865777	0.250562	0.883612	驾驶室电源开关
31	0.398200	0.865777	0.429837	0.883612	/01.2
31	0.533816	0.862209	0.552798	0.880045	131
31	0.593082	0.862364	0.618391	0.880199	-S37
31	0.641170	0.865777	0.729752	0.883612	液压油温高开关
31	0.877390	0.865777	0.909027	0.883612	/20.3
31	0.057790	0.885990	0.070444	0.903825	99
31	0.117056	0.886144	0.136038	0.903980	-S3
31	0.161980	0.889557	0.275872	0.907393	发动机机油压力开关
31	0.398200	0.889557	0.429837	0.907393	/01.8
31	0.533816	0.885990	0.552798	0.903825	132
31	0.593082	0.886144	0.618391	0.903980	-S38
31	0.641170	0.889557	0.755062	0.907393	空调干燥罐压力开关
31	0.877390	0.889557	0.909027	0.907393	/20.4
31	0.022340	0.937118	0.047649	0.954954	车型
31	0.060742	0.937118	0.142998	0.954954	NTE200-Russia
31	0.222866	0.937368	0.248175	0.955203	内容
31	0.259843	0.937118	0.310461	0.954954	设备列表
31	0.472019	0.937118	0.661839	0.954954	内蒙古北方重型汽车股份有限公司
31	0.679134	0.937118	0.704443	0.954954	版本
31	0.717000	0.936577	0.723327	0.954412	A
31	0.746625	0.937118	0.771935	0.954954	图号
31	0.777840	0.937118	0.828459	0.954954	20062776
31	0.867688	0.937118	0.894052	0.954954	第2
31	0.901434	0.937118	0.934336	0.954954	页共
31	0.944882	0.933706	0.957537	0.951541	12
31	0.968926	0.937118	0.981580	0.954954	页
31	0.071077	0.960899	0.077404	0.978734	1
31	0.192562	0.960899	0.198889	0.978734	2
31	0.314047	0.960899	0.320374	0.978734	3
31	0.435532	0.960899	0.441859	0.978734	4
31	0.557016	0.960899	0.563344	0.978734	5
31	0.678501	0.960899	0.684828	0.978734	6
31	0.799986	0.960899	0.806313	0.978734	7
31	0.921471	0.960899	0.927798	0.978734	8
32	0.067702	0.023944	0.074030	0.041779	1
32	0.192562	0.023944	0.198889	0.041779	2
32	0.310672	0.023944	0.316999	0.041779	3
32	0.435532	0.023944	0.441859	0.041779	4
32	0.557016	0.023944	0.563344	0.041779	5
32	0.681876	0.023944	0.688203	0.041779	6
32	0.799986	0.023944	0.806313	0.041779	7
32	0.921471	0.023944	0.927798	0.041779	8
32	0.242970	0.077450	0.293588	0.095285	设备列表
32	0.722160	0.077450	0.772778	0.095285	设备列表
32	0.051462	0.101385	0.076772	0.119221	序号
32	0.112205	0.101385	0.137514	0.119221	符号
32	0.244657	0.101385	0.295275	0.119221	功能描述
32	0.422666	0.101385	0.447975	0.119221	位置
32	0.530652	0.101385	0.555962	0.119221	序号
32	0.591395	0.101385	0.616704	0.119221	符号
32	0.723847	0.101385	0.774466	0.119221	功能描述
32	0.901856	0.101385	0.927165	0.119221	位置
32	0.054626	0.125011	0.073608	0.142847	133
32	0.113892	0.125166	0.139201	0.143001	-S39
32	0.161980	0.128578	0.250562	0.146414	液压油温低开关
32	0.398200	0.128578	0.429837	0.146414	/20.4
32	0.533816	0.125011	0.552798	0.142847	166
32	0.593082	0.125166	0.618391	0.143001	-Y10
32	0.641170	0.128578	0.704443	0.146414	浮动电磁阀
32	0.877390	0.128578	0.909027	0.146414	/24.3
32	0.054626	0.148792	0.073608	0.166627	134
32	0.113892	0.148946	0.139201	0.166782	-S41
32	0.161980	0.152359	0.225253	0.170194	桥箱灯开关
32	0.398200	0.152359	0.429837	0.170194	/19.7
32	0.533816	0.148792	0.552798	0.166627	167
32	0.593082	0.148946	0.618391	0.166782	-Y11
32	0.641170	0.152359	0.704443	0.170194	浮动电磁阀
32	0.877390	0.152359	0.909027	0.170194	/24.3
32	0.054626	0.172573	0.073608	0.190408	135
32	0.113892	0.172727	0.139201	0.190562	-S42
32	0.161980	0.176139	0.250562	0.193975	发动机诊断开关
32	0.398200	0.176139	0.429837	0.193975	/10.3
32	0.533816	0.172573	0.552798	0.190408	168
32	0.593082	0.172727	0.618391	0.190562	-Y12
32	0.641170	0.176139	0.742407	0.193975	液压油冷却电磁阀
32	0.877390	0.176139	0.909027	0.193975	/24.4
32	0.054626	0.196353	0.073608	0.214188	136
32	0.113892	0.196508	0.139201	0.214343	-S43
32	0.161980	0.199920	0.225253	0.217755	镜加热开关
32	0.398200	0.199920	0.429837	0.217755	/10.4
32	0.054626	0.220134	0.073608	0.237969	137
32	0.113892	0.220288	0.139201	0.238123	-S44
32	0.161980	0.223701	0.250562	0.241536	左前悬缸传感器
32	0.398200	0.223701	0.429837	0.241536	/20.7
32	0.054626	0.243914	0.073608	0.261750	138
32	0.113892	0.244069	0.139201	0.261904	-S45
32	0.161980	0.247481	0.237908	0.265317	后悬缸传感器
32	0.398200	0.247481	0.429837	0.265317	/20.7
32	0.054626	0.267695	0.073608	0.285530	139
32	0.113892	0.267849	0.139201	0.285685	-S46
32	0.161980	0.271262	0.263217	0.289097	发动机油压传感器
32	0.398200	0.271262	0.429837	0.289097	/23.2
32	0.054626	0.291475	0.073608	0.309311	140
32	0.117056	0.291630	0.136038	0.309465	TB1
32	0.161980	0.295042	0.237908	0.312878	配电箱连接排
32	0.398200	0.291475	0.423510	0.309311	/2.5
32	0.054626	0.315256	0.073608	0.333091	141
32	0.101237	0.315410	0.151856	0.333246	-TB1-CAB
32	0.161980	0.318823	0.237908	0.336658	驾驶室连接排
32	0.398200	0.315256	0.423510	0.333091	/9.1
32	0.054626	0.339036	0.073608	0.356872	142
32	0.094910	0.339191	0.158183	0.357027	-TB1-FRAME
32	0.161980	0.342604	0.225253	0.360439	车架接线排
32	0.398200	0.342604	0.429837	0.360439	/16.1
32	0.054626	0.362817	0.073608	0.380653	143
32	0.117056	0.362972	0.136038	0.380807	TB2
32	0.161980	0.366384	0.237908	0.384220	配电箱连接排
32	0.398200	0.362817	0.423510	0.380653	/2.1
32	0.054626	0.386598	0.073608	0.404433	144
32	0.101237	0.386752	0.151856	0.404588	-TB2-CAB
32	0.161980	0.390165	0.237908	0.408000	驾驶室连接排
32	0.398200	0.386598	0.423510	0.404433	/2.3
32	0.054626	0.410378	0.073608	0.428214	145
32	0.094910	0.410533	0.158183	0.428368	-TB2-FRAME
32	0.161980	0.413945	0.225253	0.431781	车架接线排
32	0.398200	0.413945	0.429837	0.431781	/16.4
32	0.054626	0.434159	0.073608	0.451994	146
32	0.113892	0.434313	0.139201	0.452149	-TB3
32	0.161980	0.437726	0.237908	0.455561	配电箱连接排
32	0.398200	0.438915	0.423510	0.456750	/4.1
32	0.054626	0.457939	0.073608	0.475775	147
32	0.101237	0.458094	0.151856	0.475929	-TB3-CAB
32	0.161980	0.457939	0.237908	0.475775	驾驶室连接排
32	0.398200	0.462696	0.423510	0.480531	/9.5
32	0.054626	0.481720	0.073608	0.499555	148
32	0.094910	0.481875	0.158183	0.499710	-TB3-FRAME
32	0.161980	0.485287	0.225253	0.503123	车架接线排
32	0.398200	0.485287	0.429837	0.503123	/16.6
32	0.054626	0.505501	0.073608	0.523336	149
32	0.113892	0.505655	0.139201	0.523491	-TB4
32	0.161980	0.509068	0.237908	0.526903	配电箱连接排
32	0.398200	0.505501	0.423510	0.523336	/4.4
32	0.054626	0.529281	0.073608	0.547117	150
32	0.117056	0.529436	0.136038	0.547271	-U1
32	0.161980	0.532848	0.212598	0.550684	电控水阀
32	0.398200	0.529281	0.423510	0.547117	/8.7
32	0.053993	0.553062	0.072975	0.570897	151
32	0.054626	0.576842	0.073608	0.594678	152
32	0.054626	0.600623	0.073608	0.618458	153
32	0.054626	0.624404	0.073608	0.642239	154
32	0.117056	0.624558	0.136038	0.642393	-U2
32	0.161980	0.627971	0.212598	0.645806	电源插座
32	0.398200	0.627971	0.429837	0.645806	/14.3
32	0.054626	0.648184	0.073608	0.666019	155
32	0.117056	0.648339	0.136038	0.666174	-U3
32	0.161980	0.651751	0.212598	0.669587	润滑系统
32	0.398200	0.651751	0.429837	0.669587	/15.6
32	0.054626	0.671965	0.073608	0.689800	156
32	0.117056	0.672119	0.136038	0.689955	-U4
32	0.161980	0.675532	0.250562	0.693367	燃油计量传感器
32	0.398200	0.675532	0.429837	0.693367	/20.5
32	0.054626	0.695745	0.073608	0.713581	157
32	0.117056	0.695900	0.136038	0.713735	-Y1
32	0.161980	0.699312	0.250562	0.717148	装载制动电磁阀
32	0.398200	0.699312	0.429837	0.717148	/18.4
32	0.054626	0.719526	0.073608	0.737361	158
32	0.117056	0.719680	0.136038	0.737516	-Y2
32	0.161980	0.723093	0.275872	0.740928	驻车制动截止电磁阀
32	0.398200	0.723093	0.429837	0.740928	/18.4
32	0.054626	0.743306	0.073608	0.761142	159
32	0.117056	0.743461	0.136038	0.761296	-Y3
32	0.161980	0.746874	0.250562	0.764709	驻车释放电磁阀
32	0.398200	0.746874	0.429837	0.764709	/18.5
32	0.054626	0.767087	0.073608	0.784923	160
32	0.117056	0.767242	0.136038	0.785077	-Y4
32	0.161980	0.770654	0.250562	0.788489	紧急制动电磁阀
32	0.398200	0.770654	0.429837	0.788489	/18.5
32	0.054626	0.790868	0.073608	0.808703	161
32	0.117056	0.791022	0.136038	0.808858	-Y5
32	0.161980	0.794435	0.263217	0.812270	空调压缩机离合器
32	0.398200	0.794435	0.429837	0.812270	/20.4
32	0.054626	0.814648	0.073608	0.832484	162
32	0.117056	0.814803	0.136038	0.832638	-Y6
32	0.161980	0.818215	0.263217	0.836051	蓄能器卸荷电磁阀
32	0.398200	0.818215	0.429837	0.836051	/24.1
32	0.054626	0.838429	0.073608	0.856264	163
32	0.117056	0.838583	0.136038	0.856419	-Y7
32	0.161980	0.841996	0.225253	0.859831	举升电磁阀
32	0.398200	0.841996	0.429837	0.859831	/24.1
32	0.054626	0.862209	0.073608	0.880045	164
32	0.117056	0.862364	0.136038	0.880199	-Y8
32	0.161980	0.865777	0.225253	0.883612	下降电磁阀
32	0.398200	0.865777	0.429837	0.883612	/24.2
32	0.054626	0.885990	0.073608	0.903825	165
32	0.117056	0.886144	0.136038	0.903980	-Y9
32	0.161980	0.889557	0.225253	0.907393	溢流电磁阀
32	0.398200	0.889557	0.429837	0.907393	/24.2
32	0.022340	0.937118	0.047649	0.954954	车型
32	0.060742	0.937118	0.142998	0.954954	NTE200-Russia
32	0.222866	0.937368	0.248175	0.955203	内容
32	0.259843	0.937118	0.310461	0.954954	设备列表
32	0.472019	0.937118	0.661839	0.954954	内蒙古北方重型汽车股份有限公司
32	0.679134	0.937118	0.704443	0.954954	版本
32	0.717000	0.936577	0.723327	0.954412	A
32	0.746625	0.937118	0.771935	0.954954	图号
32	0.777840	0.937118	0.828459	0.954954	20062776
32	0.867688	0.937118	0.894052	0.954954	第3
32	0.901434	0.937118	0.934336	0.954954	页共
32	0.944882	0.933706	0.957537	0.951541	12
32	0.968926	0.937118	0.981580	0.954954	页
32	0.071077	0.960899	0.077404	0.978734	1
32	0.192562	0.960899	0.198889	0.978734	2
32	0.314047	0.960899	0.320374	0.978734	3
32	0.435532	0.960899	0.441859	0.978734	4
32	0.557016	0.960899	0.563344	0.978734	5
32	0.678501	0.960899	0.684828	0.978734	6
32	0.799986	0.960899	0.806313	0.978734	7
32	0.921471	0.960899	0.927798	0.978734	8
33	0.067702	0.023944	0.074030	0.041779	1
33	0.192562	0.023944	0.198889	0.041779	2
33	0.310672	0.023944	0.316999	0.041779	3
33	0.435532	0.023944	0.441859	0.041779	4
33	0.557016	0.023944	0.563344	0.041779	5
33	0.681876	0.023944	0.688203	0.041779	6
33	0.799986	0.023944	0.806313	0.041779	7
33	0.921471	0.023944	0.927798	0.041779	8
33	0.467801	0.081017	0.531074	0.098853	接插件总览
33	0.037964	0.101385	0.063273	0.119221	序号
33	0.098706	0.101385	0.124016	0.119221	名称
33	0.271654	0.101385	0.322272	0.119221	功能描述
33	0.486062	0.101385	0.511371	0.119221	件号
33	0.662261	0.101385	0.687570	0.119221	型号
33	0.878234	0.101385	0.903543	0.119221	位置
33	0.047455	0.125011	0.053782	0.142847	1
33	0.047455	0.148792	0.053782	0.166627	2
33	0.047455	0.172573	0.053782	0.190408	3
33	0.103220	0.173419	0.122202	0.191254	-X1
33	0.149045	0.174158	0.288246	0.191993	车架线束到启动线束接头
33	0.556805	0.176139	0.651715	0.193975	DEUTSCH.DT04-4P
33	0.826167	0.174743	0.851477	0.192578	/1.7
33	0.047455	0.196353	0.053782	0.214188	4
33	0.103220	0.197199	0.122202	0.215035	-X2
33	0.149045	0.197939	0.288246	0.215774	启动线束到车架线束接头
33	0.556805	0.199920	0.651715	0.217755	DEUTSCH.DT04-4P
33	0.826167	0.198523	0.851477	0.216359	/1.7
33	0.047455	0.220134	0.053782	0.237969	5
33	0.103220	0.220980	0.122202	0.238815	-X3
33	0.149045	0.221719	0.313556	0.239555	配电箱线束到保险盒黑色插头
33	0.556805	0.223701	0.670697	0.241536	BUSSMANN.32006-A22
33	0.826167	0.222304	0.851477	0.240139	/3.2
33	0.047455	0.243914	0.053782	0.261750	6
33	0.103220	0.244760	0.122202	0.262596	-X4
33	0.149045	0.245500	0.313556	0.263335	保险盒黑色插头到配电箱线束
33	0.556805	0.247481	0.683352	0.265317	BUSSMANN.B068-7034-A
33	0.826167	0.246084	0.851477	0.263920	/3.2
33	0.047455	0.267695	0.053782	0.285530	7
33	0.103220	0.268541	0.122202	0.286377	-X5
33	0.149045	0.269280	0.313556	0.287116	保险盒绿色插头到配电箱线束
33	0.556805	0.271262	0.683352	0.289097	BUSSMANN.B068-7034-C
33	0.826167	0.269865	0.851477	0.287700	/3.2
33	0.047455	0.291475	0.053782	0.309311	8
33	0.103220	0.292322	0.122202	0.310157	-X6
33	0.149045	0.293061	0.313556	0.310896	配电箱线束到保险盒绿色插头
33	0.556805	0.295042	0.670697	0.312878	BUSSMANN.32006-C22
33	0.826167	0.293646	0.851477	0.311481	/3.2
33	0.047455	0.315256	0.053782	0.333091	9
33	0.103220	0.316102	0.122202	0.333938	-X7
33	0.149045	0.316842	0.313556	0.334677	保险盒蓝色插头到配电箱线束
33	0.556805	0.318823	0.683352	0.336658	BUSSMANN.B068-7034-D
33	0.826167	0.317426	0.851477	0.335262	/3.5
33	0.044291	0.339036	0.056946	0.356872	10
33	0.103220	0.339883	0.122202	0.357718	-X8
33	0.149045	0.340622	0.313556	0.358458	配电箱线束到保险盒蓝色插头
33	0.556805	0.342604	0.670697	0.360439	BUSSMANN.32006-D22
33	0.826167	0.341207	0.851477	0.359042	/3.5
33	0.044291	0.362817	0.056946	0.380653	11
33	0.103220	0.363663	0.122202	0.381499	-X9
33	0.149045	0.364403	0.313556	0.382238	配电箱线束到保险盒灰色插头
33	0.556805	0.366384	0.670697	0.384220	BUSSMANN.32006-B22
33	0.826167	0.364987	0.851477	0.382823	/3.5
33	0.044291	0.386598	0.056946	0.404433	12
33	0.100056	0.387444	0.125366	0.405279	-X10
33	0.149045	0.388183	0.313556	0.406019	保险盒灰色插头到配电箱线束
33	0.556805	0.390165	0.683352	0.408000	BUSSMANN.B068-7034-B
33	0.826167	0.388768	0.851477	0.406603	/3.5
33	0.044291	0.410378	0.056946	0.428214	13
33	0.100056	0.411224	0.125366	0.429060	-X11
33	0.149045	0.411964	0.300901	0.429799	配电箱线束到I/O模块接头A
33	0.556805	0.413945	0.632733	0.431781	AMP.929504-7
33	0.826167	0.412549	0.851477	0.430384	/6.1
33	0.044291	0.434159	0.056946	0.451994	14
33	0.100056	0.435005	0.125366	0.452841	-X12
33	0.149045	0.435745	0.300901	0.453580	配电箱线束到I/O模块接头B
33	0.556805	0.437726	0.632733	0.455561	AMP.929504-6
33	0.826167	0.436329	0.851477	0.454164	/6.4
33	0.044291	0.457939	0.056946	0.475775	15
33	0.100056	0.458786	0.125366	0.476621	-X13
33	0.149045	0.459525	0.300901	0.477361	配电箱线束到I/O模块接头D
33	0.556805	0.461507	0.632733	0.479342	AMP.929504-5
33	0.826167	0.460110	0.851477	0.477945	/6.6
33	0.044291	0.481720	0.056946	0.499555	16
33	0.100056	0.482566	0.125366	0.500402	-X14
33	0.149045	0.483306	0.300901	0.501141	配电箱线束到I/O模块接头C
33	0.556805	0.485287	0.632733	0.503123	AMP.929504-4
33	0.826167	0.483890	0.851477	0.501726	/6.1
33	0.044291	0.505501	0.056946	0.523336	17
33	0.100056	0.506347	0.125366	0.524182	-X15
33	0.149045	0.507086	0.300901	0.524922	配电箱线束到I/O模块接头E
33	0.556805	0.509068	0.632733	0.526903	AMP.929504-6
33	0.826167	0.507671	0.851477	0.525506	/6.6
33	0.044291	0.529281	0.056946	0.547117	18
33	0.100056	0.530128	0.125366	0.547963	-X16
33	0.149045	0.530867	0.313556	0.548702	配电箱线束到驾驶室连接线束
33	0.556805	0.532848	0.645388	0.550684	AMP.1-968321-2
33	0.826167	0.531451	0.851477	0.549287	/7.1
33	0.044291	0.553062	0.056946	0.570897	19
33	0.100056	0.553908	0.125366	0.571743	-X17
33	0.149045	0.554648	0.313556	0.572483	驾驶室连接线束到配电箱线束
33	0.556805	0.556629	0.645388	0.574464	AMP.1-968321-2
33	0.826167	0.555232	0.851477	0.573067	/7.1
33	0.044291	0.576842	0.056946	0.594678	20
33	0.100056	0.577689	0.125366	0.595524	-X18
33	0.149045	0.578428	0.313556	0.596263	驾驶室连接线束到驾驶室线束
33	0.556805	0.580409	0.645388	0.598245	AMP.1-968321-2
33	0.826167	0.579013	0.851477	0.596848	/7.1
33	0.044291	0.600623	0.056946	0.618458	21
33	0.100056	0.601469	0.125366	0.619305	-X19
33	0.149045	0.602209	0.313556	0.620044	驾驶室线束到驾驶室连接线束
33	0.556805	0.604190	0.645388	0.622025	AMP.1-968321-2
33	0.826167	0.602793	0.851477	0.620629	/7.1
33	0.044291	0.624404	0.056946	0.642239	22
33	0.100056	0.625250	0.125366	0.643085	-X20
33	0.149045	0.625989	0.243955	0.643825	CBCU控制器接头A
33	0.556805	0.627971	0.645388	0.645806	AMP.1-968307-2
33	0.826167	0.626574	0.857804	0.644409	/12.1
33	0.044291	0.648184	0.056946	0.666019	23
33	0.100056	0.649030	0.125366	0.666866	-X21
33	0.149045	0.649770	0.243955	0.667605	CBCU控制器接头B
33	0.556805	0.651751	0.645388	0.669587	AMP.1-968317-3
33	0.826167	0.650354	0.857804	0.668190	/12.3
33	0.044291	0.671965	0.056946	0.689800	24
33	0.100056	0.672811	0.125366	0.690646	-X22
33	0.149045	0.673550	0.243955	0.691386	CBCU控制器接头C
33	0.556805	0.675532	0.645388	0.693367	AMP.1-968325-3
33	0.826167	0.674135	0.857804	0.691970	/12.1
33	0.044291	0.695745	0.056946	0.713581	25
33	0.100056	0.696592	0.125366	0.714427	-X23
33	0.149045	0.697331	0.243955	0.715166	CBCU控制器接头D
33	0.556805	0.699312	0.645388	0.717148	AMP.1-968321-2
33	0.826167	0.697915	0.857804	0.715751	/13.1
33	0.044291	0.719526	0.056946	0.737361	26
33	0.100056	0.720372	0.125366	0.738208	-X24
33	0.149045	0.721112	0.243955	0.738947	CBCU控制器接头E
33	0.556805	0.723093	0.645388	0.740928	AMP.1-968307-2
33	0.826167	0.721696	0.857804	0.739532	/12.7
33	0.044291	0.743306	0.056946	0.761142	27
33	0.100056	0.744153	0.125366	0.761988	-X25
33	0.149045	0.744892	0.243955	0.762728	CBCU控制器接头F
33	0.556805	0.746874	0.645388	0.764709	AMP.8-968973-1
33	0.826167	0.745477	0.857804	0.763312	/12.6
33	0.044291	0.767087	0.056946	0.784923	28
33	0.100056	0.767933	0.125366	0.785769	-X26
33	0.149045	0.768673	0.275592	0.786508	驾驶室线束到组合仪表
33	0.556805	0.770654	0.639061	0.788489	AMP.1719057-1
33	0.826167	0.769257	0.857804	0.787093	/13.3
33	0.044291	0.790868	0.056946	0.808703	29
33	0.100056	0.791714	0.125366	0.809549	-X27
33	0.149045	0.792453	0.288246	0.810289	称重系统显示器PCAN接头
33	0.556805	0.794435	0.683352	0.812270	DEUTSCH.HD16-9-1939S
33	0.826167	0.793038	0.857804	0.810873	/13.1
33	0.044291	0.814648	0.056946	0.832484	30
33	0.100056	0.815495	0.125366	0.833330	-X28
33	0.149045	0.816234	0.262937	0.834069	信息管理系统J1接头
33	0.556805	0.818215	0.664370	0.836051	深圳得著.2BWTN06P
33	0.826167	0.816818	0.857804	0.834654	/13.4
33	0.044291	0.838429	0.056946	0.856264	31
33	0.100056	0.839275	0.125366	0.857111	-X29
33	0.149045	0.840014	0.262937	0.857850	信息管理系统J2接头
33	0.556805	0.841996	0.664370	0.859831	深圳得著.2BWTN12P
33	0.826167	0.840599	0.857804	0.858434	/13.6
33	0.044291	0.862209	0.056946	0.880045	32
33	0.100056	0.863056	0.125366	0.880891	-X30
33	0.149045	0.863795	0.275592	0.881630	驾驶室线束到辅助供电
33	0.556805	0.865777	0.632733	0.883612	AMP.350736-1
33	0.826167	0.864379	0.857804	0.882215	/14.5
33	0.044291	0.885990	0.056946	0.903825	33
33	0.100056	0.886836	0.125366	0.904672	-X31
33	0.149045	0.887576	0.262937	0.905411	驾驶室线束到K-Line
33	0.556805	0.889557	0.658043	0.907393	PACKARD.12015793
33	0.826167	0.888160	0.857804	0.905996	/14.6
33	0.022340	0.937118	0.047649	0.954954	车型
33	0.060742	0.937118	0.142998	0.954954	NTE200-Russia
33	0.222866	0.937368	0.248175	0.955203	内容
33	0.259843	0.937118	0.323116	0.954954	接插件总览
33	0.472019	0.937118	0.661839	0.954954	内蒙古北方重型汽车股份有限公司
33	0.679134	0.937118	0.704443	0.954954	版本
33	0.717000	0.936577	0.723327	0.954412	A
33	0.746625	0.937118	0.771935	0.954954	图号
33	0.777840	0.937118	0.828459	0.954954	20062776
33	0.867688	0.937118	0.894052	0.954954	第4
33	0.901434	0.937118	0.934336	0.954954	页共
33	0.944882	0.933706	0.957537	0.951541	12
33	0.968926	0.937118	0.981580	0.954954	页
33	0.071077	0.960899	0.077404	0.978734	1
33	0.192562	0.960899	0.198889	0.978734	2
33	0.314047	0.960899	0.320374	0.978734	3
33	0.435532	0.960899	0.441859	0.978734	4
33	0.557016	0.960899	0.563344	0.978734	5
33	0.678501	0.960899	0.684828	0.978734	6
33	0.799986	0.960899	0.806313	0.978734	7
33	0.921471	0.960899	0.927798	0.978734	8
34	0.067702	0.023944	0.074030	0.041779	1
34	0.192562	0.023944	0.198889	0.041779	2
34	0.310672	0.023944	0.316999	0.041779	3
34	0.435532	0.023944	0.441859	0.041779	4
34	0.557016	0.023944	0.563344	0.041779	5
34	0.681876	0.023944	0.688203	0.041779	6
34	0.799986	0.023944	0.806313	0.041779	7
34	0.921471	0.023944	0.927798	0.041779	8
34	0.467801	0.081017	0.531074	0.098853	接插件总览
34	0.037964	0.101385	0.063273	0.119221	序号
34	0.098706	0.101385	0.124016	0.119221	名称
34	0.271654	0.101385	0.322272	0.119221	功能描述
34	0.486062	0.101385	0.511371	0.119221	件号
34	0.662261	0.101385	0.687570	0.119221	型号
34	0.878234	0.101385	0.903543	0.119221	位置
34	0.044291	0.125011	0.056946	0.142847	34
34	0.100056	0.125858	0.125366	0.143693	-X32
34	0.149045	0.126597	0.250282	0.144432	驾驶室线束到ICAN
34	0.556805	0.128578	0.651715	0.146414	DEUTSCH.DT06-3S
34	0.826167	0.127181	0.857804	0.145017	/14.1
34	0.044291	0.148792	0.056946	0.166627	35
34	0.100056	0.149638	0.125366	0.167474	-X33
34	0.149045	0.150378	0.243955	0.168213	驾驶室线束到DSC
34	0.556805	0.152359	0.632733	0.170194	AMP.205203-8
34	0.826167	0.150962	0.857804	0.168797	/14.7
34	0.044291	0.172573	0.056946	0.190408	36
34	0.100056	0.173419	0.125366	0.191254	-X34
34	0.149045	0.174158	0.250282	0.191993	驾驶室线束到PCAN
34	0.556805	0.176139	0.651715	0.193975	DEUTSCH.DT06-3S
34	0.826167	0.174743	0.857804	0.192578	/14.2
34	0.044291	0.196353	0.056946	0.214188	37
34	0.100056	0.197199	0.125366	0.215035	-X35
34	0.149045	0.197939	0.300901	0.215774	驾驶室线束到空调控制系统
34	0.556805	0.199920	0.677025	0.217755	RISTS.DJ7061-6.3-21
34	0.826167	0.198523	0.857804	0.216359	/14.2
34	0.044291	0.220134	0.056946	0.237969	38
34	0.100056	0.220980	0.125366	0.238815	-X36
34	0.149045	0.221719	0.300901	0.239555	驾驶室线束到自动灭火系统
34	0.556805	0.223701	0.651715	0.241536	DEUTSCH.DT04-2P
34	0.826167	0.222304	0.857804	0.240139	/14.3
34	0.044291	0.243914	0.056946	0.261750	39
34	0.100056	0.244760	0.125366	0.262596	-X37
34	0.149045	0.245500	0.288246	0.263335	称重系统显示器ICAN接头
34	0.556805	0.247481	0.670697	0.265317	华伦.M12BZPA5F-1.5
34	0.044291	0.267695	0.056946	0.285530	40
34	0.100056	0.268541	0.125366	0.286377	-X38
34	0.149045	0.269280	0.300901	0.287116	驾驶室线束到空调控制系统
34	0.556805	0.271262	0.677025	0.289097	RISTS.DJ7061-6.3-21
34	0.826167	0.269865	0.857804	0.287700	/11.1
34	0.044291	0.291475	0.056946	0.309311	41
34	0.100056	0.292322	0.125366	0.310157	-X39
34	0.149045	0.293061	0.300901	0.310896	驾驶室线束到空调控制系统
34	0.556805	0.295042	0.677025	0.312878	RISTS.DJ7061-6.3-21
34	0.826167	0.293646	0.857804	0.311481	/11.1
34	0.044291	0.315256	0.056946	0.333091	42
34	0.100056	0.316102	0.125366	0.333938	-X40
34	0.149045	0.316842	0.275592	0.334677	配电箱线束到车架线束
34	0.556805	0.318823	0.752953	0.336658	DEUTSCH.DT06-4S;DEUTSCH.DT06-4S
34	0.044291	0.339036	0.056946	0.356872	43
34	0.100056	0.339883	0.125366	0.357718	-X41
34	0.149045	0.340622	0.275592	0.358458	车架线束到配电箱线束
34	0.556805	0.342604	0.752953	0.360439	DEUTSCH.DT06-4S;DEUTSCH.DT06-4S
34	0.044291	0.362817	0.056946	0.380653	44
34	0.100056	0.363663	0.125366	0.381499	-X42
34	0.149045	0.364403	0.300901	0.382238	车架线束到控制线束过渡线
34	0.556805	0.366384	0.702334	0.384220	ITT.CA3100E28-21SXB-F80
34	0.826167	0.364987	0.857804	0.382823	/15.1
34	0.044291	0.386598	0.056946	0.404433	45
34	0.100056	0.387444	0.125366	0.405279	-X43
34	0.149045	0.388183	0.300901	0.406019	控制线束过渡线到车架线束
34	0.556805	0.390165	0.702334	0.408000	ITT.CA3108E28-21PXB-F80
34	0.826167	0.388768	0.857804	0.406603	/15.1
34	0.044291	0.410378	0.056946	0.428214	46
34	0.100056	0.411224	0.125366	0.429060	-X44
34	0.149045	0.411964	0.300901	0.429799	控制线束过渡线到控制线束
34	0.556805	0.413945	0.702334	0.431781	ITT.CA3108E28-21PXB-F80
34	0.826167	0.412549	0.857804	0.430384	/15.1
34	0.044291	0.434159	0.056946	0.451994	47
34	0.100056	0.435005	0.125366	0.452841	-X45
34	0.149045	0.435745	0.300901	0.453580	控制线束到控制线束过渡线
34	0.556805	0.437726	0.702334	0.455561	ITT.CA3100E28-21SXB-F80
34	0.826167	0.436329	0.857804	0.454164	/15.1
34	0.044291	0.457939	0.056946	0.475775	48
34	0.100056	0.458786	0.125366	0.476621	-X46
34	0.149045	0.459525	0.275592	0.477361	驾驶室线束到油门踏板
34	0.556805	0.461507	0.607424	0.479342	15248424
34	0.826167	0.460110	0.857804	0.477945	/15.3
34	0.044291	0.481720	0.056946	0.499555	49
34	0.100056	0.482566	0.125366	0.500402	-X47
34	0.149045	0.483306	0.237628	0.501141	称重控制器接头
34	0.556805	0.485287	0.632733	0.503123	AMP.929504-7
34	0.826167	0.483890	0.857804	0.501726	/15.3
34	0.044291	0.505501	0.056946	0.523336	50
34	0.100056	0.506347	0.125366	0.524182	-X48
34	0.149045	0.507086	0.237628	0.524922	称重控制器接头
34	0.556805	0.509068	0.651715	0.526903	DEUTSCH.DT06-8S
34	0.826167	0.507671	0.857804	0.525506	/15.5
34	0.044291	0.529281	0.056946	0.547117	51
34	0.100056	0.530128	0.125366	0.547963	-X49
34	0.149045	0.530867	0.199664	0.548702	举升手柄
34	0.556805	0.532848	0.670697	0.550684	DEUTSCH.DTM06-12SA
34	0.826167	0.531451	0.857804	0.549287	/15.1
34	0.044291	0.553062	0.056946	0.570897	52
34	0.100056	0.553908	0.125366	0.571743	-X50
34	0.149045	0.554648	0.199664	0.572483	换档手柄
34	0.556805	0.556629	0.670697	0.574464	DEUTSCH.DTM06-12SA
34	0.826167	0.555232	0.857804	0.573067	/15.1
34	0.044291	0.576842	0.056946	0.594678	53
34	0.100056	0.577689	0.125366	0.595524	-X51
34	0.149045	0.578428	0.224973	0.596263	自动称重接头
34	0.556805	0.580409	0.651715	0.598245	DEUTSCH.DT06-6S
34	0.826167	0.579013	0.857804	0.596848	/14.7
34	0.044291	0.600623	0.056946	0.618458	54
34	0.100056	0.601469	0.125366	0.619305	-X52
34	0.149045	0.602209	0.193337	0.620044	CAN接口
34	0.556805	0.604190	0.651715	0.622025	DEUTSCH.DT06-3S
34	0.826167	0.602793	0.857804	0.620629	/14.4
34	0.044291	0.624404	0.056946	0.642239	55
34	0.100056	0.625250	0.125366	0.643085	-X53
34	0.149045	0.625989	0.199664	0.643825	终端电阻
34	0.556805	0.627971	0.651715	0.645806	DEUTSCH.DT06-3S
34	0.826167	0.626574	0.857804	0.644409	/14.5
34	0.044291	0.648184	0.056946	0.666019	56
34	0.044291	0.671965	0.056946	0.689800	57
34	0.044291	0.695745	0.056946	0.713581	58
34	0.100056	0.696592	0.125366	0.714427	-X58
34	0.149045	0.697331	0.250282	0.715166	平台线束到机油泵
34	0.556805	0.699312	0.658043	0.717148	PACKARD.12015792
34	0.826167	0.697915	0.857804	0.715751	/18.5
34	0.044291	0.719526	0.056946	0.737361	59
34	0.100056	0.720372	0.125366	0.738208	-X59
34	0.149045	0.721112	0.250282	0.738947	平台线束到机油泵
34	0.556805	0.723093	0.658043	0.740928	PACKARD.12015792
34	0.826167	0.721696	0.857804	0.739532	/18.5
34	0.044291	0.743306	0.056946	0.761142	60
34	0.044291	0.767087	0.056946	0.784923	61
34	0.100056	0.767933	0.125366	0.785769	-X62
34	0.149045	0.768673	0.275592	0.786508	车架线束到前大灯线束
34	0.556805	0.770654	0.651715	0.788489	ITT.192900-0036
34	0.826167	0.769257	0.857804	0.787093	/19.1
34	0.044291	0.790868	0.056946	0.808703	62
34	0.100056	0.791714	0.125366	0.809549	-X63
34	0.149045	0.792453	0.275592	0.810289	前大灯线束到车架线束
34	0.556805	0.794435	0.651715	0.812270	ITT.192900-0016
34	0.826167	0.793038	0.857804	0.810873	/19.1
34	0.044291	0.814648	0.056946	0.832484	63
34	0.100056	0.815495	0.125366	0.833330	-X64
34	0.149045	0.816234	0.275592	0.834069	车架线束到示宽灯线束
34	0.556805	0.818215	0.632733	0.836051	AMP.282104-1
34	0.826167	0.816818	0.857804	0.834654	/19.7
34	0.044291	0.838429	0.056946	0.856264	64
34	0.100056	0.839275	0.125366	0.857111	-X65
34	0.149045	0.840014	0.275592	0.857850	示宽灯线束到车架线束
34	0.556805	0.841996	0.632733	0.859831	AMP.282080-1
34	0.826167	0.840599	0.857804	0.858434	/19.7
34	0.044291	0.862209	0.056946	0.880045	65
34	0.100056	0.863056	0.125366	0.880891	-X68
34	0.149045	0.863795	0.250282	0.881630	CNX1线束到GE接头
34	0.556805	0.865777	0.752953	0.883612	ITT.CA3106E36-10PZB-F80-A232-F0
34	0.826167	0.864379	0.857804	0.882215	/21.1
34	0.044291	0.885990	0.056946	0.903825	66
34	0.100056	0.886836	0.125366	0.904672	-X69
34	0.149045	0.887576	0.275592	0.905411	CNX2-5线束到CNX1线束
34	0.556805	0.889557	0.683352	0.907393	HARNESSFLEX.BAYONENT
34	0.689679	0.889557	0.733970	0.907393	9800611
34	0.826167	0.888160	0.857804	0.905996	/21.3
34	0.022340	0.937118	0.047649	0.954954	车型
34	0.060742	0.937118	0.142998	0.954954	NTE200-Russia
34	0.222866	0.937368	0.248175	0.955203	内容
34	0.259843	0.937118	0.323116	0.954954	接插件总览
34	0.472019	0.937118	0.661839	0.954954	内蒙古北方重型汽车股份有限公司
34	0.679134	0.937118	0.704443	0.954954	版本
34	0.717000	0.936577	0.723327	0.954412	A
34	0.746625	0.937118	0.771935	0.954954	图号
34	0.777840	0.937118	0.828459	0.954954	20062776
34	0.867688	0.937118	0.894052	0.954954	第5
34	0.901434	0.937118	0.934336	0.954954	页共
34	0.944882	0.933706	0.957537	0.951541	12
34	0.968926	0.937118	0.981580	0.954954	页
34	0.071077	0.960899	0.077404	0.978734	1
34	0.192562	0.960899	0.198889	0.978734	2
34	0.314047	0.960899	0.320374	0.978734	3
34	0.435532	0.960899	0.441859	0.978734	4
34	0.557016	0.960899	0.563344	0.978734	5
34	0.678501	0.960899	0.684828	0.978734	6
34	0.799986	0.960899	0.806313	0.978734	7
34	0.921471	0.960899	0.927798	0.978734	8
35	0.067702	0.023944	0.074030	0.041779	1
35	0.192562	0.023944	0.198889	0.041779	2
35	0.310672	0.023944	0.316999	0.041779	3
35	0.435532	0.023944	0.441859	0.041779	4
35	0.557016	0.023944	0.563344	0.041779	5
35	0.681876	0.023944	0.688203	0.041779	6
35	0.799986	0.023944	0.806313	0.041779	7
35	0.921471	0.023944	0.927798	0.041779	8
35	0.467801	0.081017	0.531074	0.098853	接插件总览
35	0.037964	0.101385	0.063273	0.119221	序号
35	0.098706	0.101385	0.124016	0.119221	名称
35	0.271654	0.101385	0.322272	0.119221	功能描述
35	0.486062	0.101385	0.511371	0.119221	件号
35	0.662261	0.101385	0.687570	0.119221	型号
35	0.878234	0.101385	0.903543	0.119221	位置
35	0.044291	0.125011	0.056946	0.142847	67
35	0.100056	0.125858	0.125366	0.143693	-X70
35	0.149045	0.126597	0.275592	0.144432	CNX1线束到CNX2-5线束
35	0.556805	0.128578	0.683352	0.146414	HARNESSFLEX.BAYONENT
35	0.689679	0.128578	0.733970	0.146414	9800573
35	0.826167	0.127181	0.857804	0.145017	/21.3
35	0.044291	0.148792	0.056946	0.166627	68
35	0.100056	0.149638	0.125366	0.167474	-X71
35	0.149045	0.150378	0.338865	0.168213	CNX1控制线束到右前轮速度传感器
35	0.556805	0.152359	0.664370	0.170194	ITT.CA3108E14S-6S
35	0.826167	0.150962	0.857804	0.168797	/21.1
35	0.044291	0.172573	0.056946	0.190408	69
35	0.100056	0.173419	0.125366	0.191254	-X72
35	0.149045	0.174158	0.338865	0.191993	CNX1控制线束到左后轮速度传感器
35	0.556805	0.176139	0.664370	0.193975	ITT.CA3108E14S-6S
35	0.826167	0.174743	0.857804	0.192578	/21.1
35	0.044291	0.196353	0.056946	0.214188	70
35	0.100056	0.197199	0.125366	0.215035	-X73
35	0.149045	0.197939	0.338865	0.215774	CNX1控制线束到右后轮速度传感器
35	0.556805	0.199920	0.664370	0.217755	ITT.CA3108E14S-6S
35	0.826167	0.198523	0.857804	0.216359	/21.2
35	0.044291	0.220134	0.056946	0.237969	71
35	0.100056	0.220980	0.125366	0.238815	-X74
35	0.149045	0.221719	0.338865	0.239555	CNX1控制线束到左前轮速度传感器
35	0.556805	0.223701	0.664370	0.241536	ITT.CA3108E14S-6S
35	0.826167	0.222304	0.857804	0.240139	/21.2
35	0.044291	0.243914	0.056946	0.261750	72
35	0.100056	0.244760	0.125366	0.262596	-X75
35	0.149045	0.245500	0.338865	0.263335	配电箱线束到CNX2-5线束43芯接头
35	0.556805	0.247481	0.702334	0.265317	ITT.CA3100E28A51S-B-F80
35	0.826167	0.246084	0.857804	0.263920	/22.1
35	0.044291	0.267695	0.056946	0.285530	73
35	0.100056	0.268541	0.125366	0.286377	-X76
35	0.149045	0.269280	0.338865	0.287116	CNX2-5线束到配电箱线束43芯接头
35	0.556805	0.271262	0.702334	0.289097	ITT.CA3108E28A51P-B-F80
35	0.826167	0.269865	0.857804	0.287700	/22.1
35	0.044291	0.291475	0.056946	0.309311	74
35	0.100056	0.292322	0.125366	0.310157	-X77
35	0.149045	0.293061	0.338865	0.310896	CNX2-5线束到配电箱线束37芯接头
35	0.556805	0.295042	0.702334	0.312878	ITT.CA3108E28-21PXB-F80
35	0.826167	0.293646	0.857804	0.311481	/22.1
35	0.044291	0.315256	0.056946	0.333091	75
35	0.100056	0.316102	0.125366	0.333938	-X78
35	0.149045	0.316842	0.338865	0.334677	配电箱线束37芯接头到CNX2-5线束
35	0.556805	0.318823	0.702334	0.336658	ITT.CA3100E28-21SXB-F80
35	0.826167	0.317426	0.857804	0.335262	/22.1
35	0.044291	0.339036	0.056946	0.356872	76
35	0.100056	0.339883	0.125366	0.357718	-X79
35	0.149045	0.340622	0.288246	0.358458	CNX2-5线束到GECNX2接头
35	0.556805	0.342604	0.752953	0.360439	ITT.CA3106E36-10PYB-F80-A232-F0
35	0.826167	0.341207	0.857804	0.359042	/22.1
35	0.044291	0.362817	0.056946	0.380653	77
35	0.100056	0.363663	0.125366	0.381499	-X80
35	0.149045	0.364403	0.243955	0.382238	CNX2-5线束到CAN
35	0.556805	0.366384	0.651715	0.384220	DEUTSCH.DT06-3S
35	0.826167	0.364987	0.857804	0.382823	/22.4
35	0.044291	0.386598	0.056946	0.404433	78
35	0.100056	0.387444	0.125366	0.405279	-X81
35	0.149045	0.388183	0.288246	0.406019	CNX2-5线束到GECNX3接头
35	0.556805	0.390165	0.752953	0.408000	ITT.CA3106E36-10PXB-F80-A232-F0
35	0.826167	0.388768	0.857804	0.406603	/22.5
35	0.044291	0.410378	0.056946	0.428214	79
35	0.100056	0.411224	0.125366	0.429060	-X82
35	0.149045	0.411964	0.243955	0.429799	CNX2-5线束到CAN
35	0.556805	0.413945	0.651715	0.431781	DEUTSCH.DT06-3S
35	0.826167	0.412549	0.857804	0.430384	/22.7
35	0.044291	0.434159	0.056946	0.451994	80
35	0.100056	0.435005	0.125366	0.452841	-X83
35	0.149045	0.435745	0.288246	0.453580	CNX2-5线束到GECNX4接头
35	0.556805	0.437726	0.752953	0.455561	ITT.CA3106E36-10PWB-F80-A232-F0
35	0.826167	0.436329	0.857804	0.454164	/21.6
35	0.044291	0.457939	0.056946	0.475775	81
35	0.100056	0.458786	0.125366	0.476621	-X84
35	0.149045	0.459525	0.313556	0.477361	CNX1线束到发动机转速传感器
35	0.556805	0.461507	0.658043	0.479342	PACKARD.12015793
35	0.826167	0.460110	0.857804	0.477945	/21.4
35	0.044291	0.481720	0.056946	0.499555	82
35	0.100056	0.482566	0.125366	0.500402	-X85
35	0.149045	0.483306	0.313556	0.501141	发动机转速传感器到CNX1线束
35	0.556805	0.485287	0.658043	0.503123	PACKARD.12010717
35	0.826167	0.483890	0.857804	0.501726	/21.4
35	0.044291	0.505501	0.056946	0.523336	83
35	0.100056	0.506347	0.125366	0.524182	-X86
35	0.149045	0.507086	0.288246	0.524922	CNX2-5线束到GECNX5接头
35	0.556805	0.509068	0.746625	0.526903	ITT.CA3106E36-10PB-F80-A232-F0
35	0.826167	0.507671	0.857804	0.525506	/21.6
35	0.044291	0.529281	0.056946	0.547117	84
35	0.044291	0.553062	0.056946	0.570897	85
35	0.044291	0.576842	0.056946	0.594678	86
35	0.100056	0.577689	0.125366	0.595524	-X89
35	0.149045	0.578428	0.281919	0.596263	车架线束到发动机插头A
35	0.556805	0.580409	0.601097	0.598245	DEUTSCH
35	0.607424	0.580409	0.683352	0.598245	HD36-24-31SE
35	0.826167	0.579013	0.857804	0.596848	/23.1
35	0.044291	0.600623	0.056946	0.618458	87
35	0.100056	0.601469	0.125366	0.619305	-X90
35	0.149045	0.602209	0.332538	0.620044	车架线束到电喷发动机线束接头C
35	0.556805	0.604190	0.702334	0.622025	ITT.CA3106E28-16P-B-F80
35	0.826167	0.602793	0.857804	0.620629	/23.1
35	0.044291	0.624404	0.056946	0.642239	88
35	0.100056	0.625250	0.125366	0.643085	-X94
35	0.149045	0.625989	0.262937	0.643825	车架线束到尾灯线束
35	0.556805	0.627971	0.702334	0.645806	ITT.CA3101E28-16S-B-F80
35	0.826167	0.626574	0.857804	0.644409	/19.5
35	0.044291	0.648184	0.056946	0.666019	89
35	0.100056	0.649030	0.125366	0.666866	-X95
35	0.149045	0.649770	0.262937	0.667605	尾灯线束到车架线束
35	0.556805	0.651751	0.702334	0.669587	ITT.CA3106E28-16P-B-F80
35	0.826167	0.650354	0.857804	0.668190	/19.5
35	0.044291	0.671965	0.056946	0.689800	90
35	0.100056	0.672811	0.125366	0.690646	-X96
35	0.149045	0.673550	0.199664	0.691386	左镜加热
35	0.556805	0.675532	0.651715	0.693367	DEUTSCH.DT06-2S
35	0.826167	0.674135	0.857804	0.691970	/18.6
35	0.044291	0.695745	0.056946	0.713581	91
35	0.100056	0.696592	0.125366	0.714427	-X97
35	0.149045	0.697331	0.199664	0.715166	右镜加热
35	0.556805	0.699312	0.651715	0.717148	DEUTSCH.DT06-2S
35	0.826167	0.697915	0.857804	0.715751	/18.7
35	0.044291	0.719526	0.056946	0.737361	92
35	0.096893	0.720372	0.128529	0.738208	-X100
35	0.149045	0.721112	0.237628	0.738947	发动机诊断接头
35	0.556805	0.723093	0.683352	0.740928	DEUTSCH.HD16-9-1939S
35	0.826167	0.721696	0.857804	0.739532	/13.7
35	0.044291	0.743306	0.056946	0.761142	93
35	0.096893	0.744153	0.128529	0.761988	-X101
35	0.149045	0.744892	0.281919	0.762728	车架线束到发动机插头B
35	0.556805	0.746874	0.601097	0.764709	DEUTSCH
35	0.607424	0.746874	0.683352	0.764709	HD36-24-31SE
35	0.826167	0.745477	0.857804	0.763312	/23.1
35	0.044291	0.767087	0.056946	0.784923	94
35	0.096893	0.767933	0.128529	0.785769	-X102
35	0.149045	0.768673	0.281919	0.786508	到风扇温度传感器接头D
35	0.556805	0.770654	0.601097	0.788489	DEUTSCH
35	0.607424	0.770654	0.683352	0.788489	HD36-24-31SE
35	0.826167	0.769257	0.857804	0.787093	/23.3
35	0.044291	0.790868	0.056946	0.808703	95
35	0.096893	0.791714	0.128529	0.809549	-X103
35	0.149045	0.792453	0.243955	0.810289	举升手柄CAN接口
35	0.556805	0.794435	0.651715	0.812270	DEUTSCH.DT06-3S
35	0.826167	0.793038	0.857804	0.810873	/14.6
35	0.044291	0.814648	0.056946	0.832484	96
35	0.096893	0.815495	0.128529	0.833330	-X104
35	0.149045	0.816234	0.199664	0.834069	终端电阻
35	0.556805	0.818215	0.651715	0.836051	DEUTSCH.DT06-3S
35	0.826167	0.816818	0.857804	0.834654	/14.6
35	0.022340	0.937118	0.047649	0.954954	车型
35	0.060742	0.937118	0.142998	0.954954	NTE200-Russia
35	0.222866	0.937368	0.248175	0.955203	内容
35	0.259843	0.937118	0.323116	0.954954	接插件总览
35	0.472019	0.937118	0.661839	0.954954	内蒙古北方重型汽车股份有限公司
35	0.679134	0.937118	0.704443	0.954954	版本
35	0.717000	0.936577	0.723327	0.954412	A
35	0.746625	0.937118	0.771935	0.954954	图号
35	0.777840	0.937118	0.828459	0.954954	20062776
35	0.867688	0.937118	0.894052	0.954954	第6
35	0.901434	0.937118	0.934336	0.954954	页共
35	0.944882	0.933706	0.957537	0.951541	12
35	0.968926	0.937118	0.981580	0.954954	页
35	0.071077	0.960899	0.077404	0.978734	1
35	0.192562	0.960899	0.198889	0.978734	2
35	0.314047	0.960899	0.320374	0.978734	3
35	0.435532	0.960899	0.441859	0.978734	4
35	0.557016	0.960899	0.563344	0.978734	5
35	0.678501	0.960899	0.684828	0.978734	6
35	0.799986	0.960899	0.806313	0.978734	7
35	0.921471	0.960899	0.927798	0.978734	8
36	0.067702	0.023944	0.074030	0.041779	1
36	0.192562	0.023944	0.198889	0.041779	2
36	0.310672	0.023944	0.316999	0.041779	3
36	0.435532	0.023944	0.441859	0.041779	4
36	0.557016	0.023944	0.563344	0.041779	5
36	0.681876	0.023944	0.688203	0.041779	6
36	0.799986	0.023944	0.806313	0.041779	7
36	0.921471	0.023944	0.927798	0.041779	8
36	0.231159	0.077605	0.281777	0.095440	线号列表
36	0.723847	0.077605	0.774466	0.095440	线号列表
36	0.031215	0.101385	0.056524	0.119221	序号
36	0.085208	0.101385	0.110517	0.119221	线号
36	0.125703	0.101385	0.184758	0.119221	线径颜色
36	0.248032	0.101385	0.298650	0.119221	功能描述
36	0.403989	0.103242	0.429298	0.121078	位置
36	0.523903	0.101385	0.549213	0.119221	序号
36	0.577897	0.101385	0.603206	0.119221	线号
36	0.618391	0.101385	0.677446	0.119221	线径颜色
36	0.740720	0.101385	0.791339	0.119221	功能描述
36	0.896677	0.103242	0.921986	0.121078	位置
36	0.043279	0.130126	0.047835	0.142967	1
36	0.089342	0.132504	0.103009	0.145345	1A1
36	0.192351	0.132504	0.219685	0.145345	正极线
36	0.359671	0.130126	0.391561	0.142967	=图/1.1
36	0.533690	0.130126	0.542801	0.142967	34
36	0.579752	0.132504	0.597975	0.145345	1304
36	0.685039	0.132504	0.753374	0.145345	GE系统到DID面板
36	0.852359	0.130126	0.902472	0.142967	/22.6;/22.6
36	0.043279	0.153906	0.047835	0.166748	2
36	0.089342	0.156284	0.103009	0.169126	1D1
36	0.192351	0.156284	0.219685	0.169126	正极线
36	0.359671	0.153906	0.377894	0.166748	/1.2
36	0.533690	0.153906	0.542801	0.166748	35
36	0.579752	0.156284	0.597975	0.169126	1308
36	0.685039	0.156284	0.753374	0.169126	GE系统到DID面板
36	0.852359	0.153906	0.875138	0.166748	/22.6
36	0.043279	0.177687	0.047835	0.190528	3
36	0.089342	0.180065	0.103009	0.192906	1E1
36	0.192351	0.180065	0.219685	0.192906	正极线
36	0.359671	0.177687	0.377894	0.190528	/1.2
36	0.533690	0.177687	0.542801	0.190528	36
36	0.579752	0.180065	0.597975	0.192906	1310
36	0.685039	0.180065	0.785264	0.192906	GE系统到缓行电位计屏蔽
36	0.852359	0.177687	0.875138	0.190528	/22.7
36	0.043279	0.201468	0.047835	0.214309	4
36	0.091620	0.203846	0.100731	0.216687	1S
36	0.192351	0.203846	0.265241	0.216687	空调电控水阀供电
36	0.359671	0.201468	0.396116	0.214309	=图/14.2
36	0.533690	0.201468	0.542801	0.214309	37
36	0.579752	0.203846	0.597975	0.216687	1311
36	0.685039	0.203846	0.785264	0.216687	GE系统到缓行电位计接地
36	0.852359	0.201468	0.875138	0.214309	/22.7
36	0.043279	0.225248	0.047835	0.238090	5
36	0.087064	0.227626	0.105287	0.240468	2ABC
36	0.192351	0.227626	0.219685	0.240468	串联线
36	0.359671	0.225248	0.391561	0.238090	=图/1.1
36	0.533690	0.225248	0.542801	0.238090	38
36	0.579752	0.227626	0.597975	0.240468	1315
36	0.685039	0.227626	0.771597	0.240468	GE系统到DID面板屏蔽
36	0.852359	0.225248	0.875138	0.238090	/22.6
36	0.043279	0.249029	0.047835	0.261870	6
36	0.089342	0.251407	0.103009	0.264248	223
36	0.192351	0.251407	0.251574	0.264248	称重系统CAN_H
36	0.359671	0.249029	0.409783	0.261870	/15.2;/15.2
36	0.533690	0.249029	0.542801	0.261870	39
36	0.579752	0.251407	0.597975	0.264248	1322
36	0.685039	0.251407	0.735152	0.264248	DSC通讯接口
36	0.852359	0.249029	0.875138	0.261870	/22.5
36	0.043279	0.272809	0.047835	0.285651	7
36	0.089342	0.275187	0.103009	0.288029	237
36	0.192351	0.275187	0.251574	0.288029	称重系统CAN_L
36	0.359671	0.272809	0.409783	0.285651	/15.2;/15.2
36	0.533690	0.272809	0.542801	0.285651	40
36	0.579752	0.275187	0.597975	0.288029	1322
36	0.685039	0.275187	0.735152	0.288029	DSC通讯接口
36	0.852359	0.272809	0.888805	0.285651	=图/22.5
36	0.043279	0.296590	0.047835	0.309431	8
36	0.089342	0.298968	0.103009	0.311809	237
36	0.192351	0.298968	0.251574	0.311809	称重系统CAN_L
36	0.359671	0.296590	0.382449	0.309431	/14.5
36	0.533690	0.296590	0.542801	0.309431	41
36	0.579752	0.298968	0.597975	0.311809	1323
36	0.685039	0.298968	0.735152	0.311809	DSC通讯接口
36	0.852359	0.296590	0.875138	0.309431	/22.5
36	0.043279	0.320370	0.047835	0.333212	9
36	0.089342	0.322749	0.103009	0.335590	611
36	0.192351	0.322749	0.265241	0.335590	空调电控水阀信号
36	0.359671	0.320370	0.396116	0.333212	=图/14.3
36	0.533690	0.320370	0.542801	0.333212	42
36	0.579752	0.322749	0.597975	0.335590	1323
36	0.685039	0.322749	0.735152	0.335590	DSC通讯接口
36	0.852359	0.320370	0.888805	0.333212	=图/22.5
36	0.041001	0.344151	0.050112	0.356993	10
36	0.087064	0.346529	0.105287	0.359371	1146
36	0.192351	0.346529	0.228796	0.359371	缓行信号
36	0.359671	0.344151	0.382449	0.356993	/21.4
36	0.533690	0.344151	0.542801	0.356993	43
36	0.579752	0.346529	0.597975	0.359371	1324
36	0.685039	0.346529	0.753374	0.359371	DSC通讯接口屏蔽
36	0.852359	0.344151	0.875138	0.356993	/22.6
36	0.041001	0.367932	0.050112	0.380773	11
36	0.087064	0.370310	0.105287	0.383151	1201
36	0.192351	0.370310	0.265241	0.383151	DID面板+5VDC供电
36	0.359671	0.367932	0.382449	0.380773	/22.2
36	0.533690	0.367932	0.542801	0.380773	44
36	0.579752	0.370310	0.597975	0.383151	1324
36	0.685039	0.370310	0.753374	0.383151	DSC通讯接口屏蔽
36	0.852359	0.367932	0.888805	0.380773	=图/22.6
36	0.041001	0.391712	0.050112	0.404554	12
36	0.087064	0.394090	0.105287	0.406932	1201
36	0.192351	0.394090	0.265241	0.406932	DID面板+5VDC供电
36	0.359671	0.391712	0.432561	0.404554	=图/4.2;=图/22.2
36	0.533690	0.391712	0.542801	0.404554	45
36	0.579752	0.394090	0.597975	0.406932	1330
36	0.685039	0.394090	0.735152	0.406932	DSC通讯接口
36	0.852359	0.391712	0.875138	0.404554	/22.6
36	0.041001	0.415493	0.050112	0.428334	13
36	0.087064	0.417871	0.105287	0.430712	1202
36	0.192351	0.417871	0.256130	0.430712	GE系统接地返回
36	0.359671	0.415493	0.382449	0.428334	/22.2
36	0.533690	0.415493	0.542801	0.428334	46
36	0.579752	0.417871	0.597975	0.430712	1330
36	0.685039	0.417871	0.735152	0.430712	DSC通讯接口
36	0.852359	0.415493	0.888805	0.428334	=图/22.6
36	0.041001	0.439273	0.050112	0.452115	14
36	0.087064	0.441651	0.105287	0.454493	1202
36	0.192351	0.441651	0.256130	0.454493	GE系统接地返回
36	0.359671	0.439273	0.432561	0.452115	=图/4.3;=图/22.2
36	0.533690	0.439273	0.542801	0.452115	47
36	0.579752	0.441651	0.597975	0.454493	1332
36	0.685039	0.441651	0.785264	0.454493	GE系统到车速表信号驱动
36	0.852359	0.439273	0.875138	0.452115	/22.6
36	0.041001	0.463054	0.050112	0.475895	15
36	0.087064	0.465432	0.105287	0.478273	1203
36	0.192351	0.465432	0.265241	0.478273	DID面板+5VDC供电
36	0.359671	0.463054	0.382449	0.475895	/22.2
36	0.533690	0.463054	0.542801	0.475895	48
36	0.579752	0.465432	0.597975	0.478273	1408
36	0.685039	0.465432	0.748819	0.478273	GE系统倒档信号
36	0.852359	0.463054	0.875138	0.475895	/21.7
36	0.041001	0.486834	0.050112	0.499676	16
36	0.087064	0.489213	0.105287	0.502054	1203
36	0.192351	0.489213	0.265241	0.502054	DID面板+5VDC供电
36	0.359671	0.486834	0.396116	0.499676	=图/22.2
36	0.533690	0.486834	0.542801	0.499676	49
36	0.579752	0.489213	0.597975	0.502054	1408
36	0.685039	0.489213	0.785264	0.502054	GE系统倒档信号到接线排
36	0.852359	0.486834	0.884249	0.499676	=图/2.8
36	0.041001	0.510615	0.050112	0.523457	17
36	0.087064	0.512993	0.105287	0.525835	1204
36	0.192351	0.512993	0.256130	0.525835	GE系统接地返回
36	0.359671	0.510615	0.396116	0.523457	=图/22.2
36	0.533690	0.510615	0.542801	0.523457	50
36	0.579752	0.512993	0.597975	0.525835	1418
36	0.685039	0.512993	0.794375	0.525835	驻车制动释放信号到GE系统
36	0.852359	0.510615	0.888805	0.523457	=图/21.7
36	0.041001	0.534396	0.050112	0.547237	18
36	0.087064	0.536774	0.105287	0.549615	1205
36	0.192351	0.536774	0.265241	0.549615	DID面板+5VDC供电
36	0.359671	0.534396	0.396116	0.547237	=图/22.2
36	0.533690	0.534396	0.542801	0.547237	51
36	0.579752	0.536774	0.597975	0.549615	1434
36	0.685039	0.536774	0.776152	0.549615	GE系统到故障复位开关
36	0.852359	0.534396	0.884249	0.547237	=图/8.3
36	0.041001	0.558176	0.050112	0.571018	19
36	0.087064	0.560554	0.105287	0.573396	1206
36	0.192351	0.560554	0.256130	0.573396	GE系统接地返回
36	0.359671	0.558176	0.396116	0.571018	=图/22.2
36	0.533690	0.558176	0.542801	0.571018	52
36	0.579752	0.560554	0.597975	0.573396	1434
36	0.685039	0.560554	0.757930	0.573396	系统故障复位开关
36	0.852359	0.558176	0.888805	0.571018	=图/21.7
36	0.041001	0.581957	0.050112	0.594798	20
36	0.087064	0.584335	0.105287	0.597176	1208
36	0.192351	0.584335	0.256130	0.597176	GE系统接地返回
36	0.359671	0.581957	0.391561	0.594798	=图/4.3
36	0.533690	0.581957	0.542801	0.594798	53
36	0.579752	0.584335	0.597975	0.597176	1434
36	0.685039	0.584335	0.776152	0.597176	系统故障复位开关信号
36	0.852359	0.581957	0.888805	0.594798	=图/10.2
36	0.041001	0.605737	0.050112	0.618579	21
36	0.087064	0.608115	0.105287	0.620957	1210
36	0.192351	0.608115	0.269797	0.620957	DID面板+15VDC供电
36	0.359671	0.605737	0.396116	0.618579	=图/22.2
36	0.533690	0.605737	0.542801	0.618579	54
36	0.577475	0.608115	0.600253	0.620957	1434A
36	0.685039	0.608115	0.794375	0.620957	休息开关到发动机暖机开关
36	0.852359	0.605737	0.902472	0.618579	/10.1;/10.1
36	0.041001	0.629518	0.050112	0.642359	22
36	0.087064	0.631896	0.105287	0.644737	1211
36	0.192351	0.631896	0.256130	0.644737	GE系统接地返回
36	0.359671	0.629518	0.396116	0.642359	=图/22.3
36	0.533690	0.629518	0.542801	0.642359	55
36	0.579752	0.631896	0.597975	0.644737	1446
36	0.685039	0.631896	0.739707	0.644737	油门踏板信号
36	0.852359	0.629518	0.888805	0.642359	=图/14.1
36	0.041001	0.653299	0.050112	0.666140	23
36	0.087064	0.655677	0.105287	0.668518	1216
36	0.192351	0.655677	0.247019	0.668518	缓行踏板信号
36	0.359671	0.653299	0.396116	0.666140	=图/14.2
36	0.533690	0.653299	0.542801	0.666140	56
36	0.579752	0.655677	0.597975	0.668518	1528
36	0.685039	0.655677	0.748819	0.668518	发动机暖机请求
36	0.852359	0.653299	0.875138	0.666140	/21.6
36	0.041001	0.677079	0.050112	0.689921	24
36	0.087064	0.679457	0.105287	0.692299	1222
36	0.192351	0.679457	0.247019	0.692299	缓行踏板接地
36	0.359671	0.677079	0.432561	0.689921	=图/9.5;=图/14.1
36	0.533690	0.677079	0.542801	0.689921	57
36	0.579752	0.679457	0.597975	0.692299	1601
36	0.685039	0.679457	0.739707	0.692299	GE系统CAN1_H
36	0.852359	0.677079	0.929806	0.689921	=图/16.4;=图/22.8
36	0.041001	0.700860	0.050112	0.713701	25
36	0.087064	0.703238	0.105287	0.716079	1222
36	0.192351	0.703238	0.247019	0.716079	缓行踏板接地
36	0.359671	0.700860	0.396116	0.713701	=图/14.2
36	0.533690	0.700860	0.542801	0.713701	58
36	0.579752	0.703238	0.597975	0.716079	1602
36	0.685039	0.703238	0.739707	0.716079	GE系统CAN1_L
36	0.852359	0.700860	0.888805	0.713701	=图/16.5
36	0.041001	0.724640	0.050112	0.737482	26
36	0.087064	0.727018	0.105287	0.739860	1244
36	0.192351	0.727018	0.274353	0.739860	GE系统到发动机C6-G
36	0.359671	0.724640	0.382449	0.737482	/22.3
36	0.533690	0.724640	0.542801	0.737482	59
36	0.579752	0.727018	0.597975	0.739860	1603
36	0.685039	0.727018	0.739707	0.739860	GE系统CAN1_S
36	0.852359	0.724640	0.888805	0.737482	=图/16.5
36	0.041001	0.748421	0.050112	0.761262	27
36	0.087064	0.750799	0.105287	0.763640	1247
36	0.192351	0.750799	0.292575	0.763640	GE系统到发动机报警信号
36	0.359671	0.748421	0.382449	0.761262	/22.3
36	0.533690	0.748421	0.542801	0.761262	60
36	0.579752	0.750799	0.597975	0.763640	1609
36	0.685039	0.750799	0.803486	0.763640	控制系统到缓行速度确认开关
36	0.041001	0.772202	0.050112	0.785043	28
36	0.087064	0.774580	0.105287	0.787421	1248
36	0.192351	0.774580	0.274353	0.787421	控制柜到发电机接地
36	0.359671	0.772202	0.382449	0.785043	/22.3
36	0.533690	0.772202	0.542801	0.785043	61
36	0.579752	0.774580	0.597975	0.787421	1701
36	0.685039	0.774580	0.707818	0.787421	CAN_H
36	0.852359	0.772202	0.902472	0.785043	/22.4;/22.4
36	0.041001	0.795982	0.050112	0.808824	29
36	0.087064	0.798360	0.105287	0.811202	1249
36	0.192351	0.798360	0.288020	0.811202	控制柜到发动机SEL信号
36	0.359671	0.795982	0.382449	0.808824	/22.3
36	0.533690	0.795982	0.542801	0.808824	62
36	0.579752	0.798360	0.597975	0.811202	1702
36	0.685039	0.798360	0.707818	0.811202	CAN_L
36	0.852359	0.795982	0.902472	0.808824	/22.4;/22.4
36	0.041001	0.819763	0.050112	0.832604	30
36	0.087064	0.822141	0.105287	0.834982	1250
36	0.192351	0.822141	0.310798	0.834982	GE系统到发动机频率油门屏蔽
36	0.359671	0.819763	0.382449	0.832604	/22.3
36	0.533690	0.819763	0.542801	0.832604	63
36	0.579752	0.822141	0.597975	0.834982	1703
36	0.685039	0.822141	0.707818	0.834982	CAN_S
36	0.852359	0.819763	0.875138	0.832604	/22.4
36	0.041001	0.843543	0.050112	0.856385	31
36	0.087064	0.845921	0.105287	0.858763	1301
36	0.192351	0.845921	0.292575	0.858763	GE系统到缓行电位计信号
36	0.359671	0.843543	0.409783	0.856385	/22.7;/22.7
36	0.533690	0.843543	0.542801	0.856385	64
36	0.579752	0.845921	0.597975	0.858763	1722
36	0.685039	0.845921	0.712373	0.858763	ICAN_L
36	0.852359	0.843543	0.888805	0.856385	=图/13.4
36	0.041001	0.867324	0.050112	0.880165	32
36	0.087064	0.869702	0.105287	0.882543	1303
36	0.192351	0.869702	0.260686	0.882543	GE系统到DID面板
36	0.359671	0.867324	0.409783	0.880165	/22.6;/22.6
36	0.533690	0.867324	0.542801	0.880165	65
36	0.579752	0.869702	0.597975	0.882543	1724
36	0.685039	0.869702	0.757930	0.882543	称重系统到ICAN_H
36	0.852359	0.867324	0.884249	0.880165	=图/9.7
36	0.041001	0.891104	0.050112	0.903946	33
36	0.087064	0.893483	0.105287	0.906324	1303
36	0.192351	0.893483	0.260686	0.906324	GE系统到DID数据
36	0.359671	0.891104	0.409783	0.903946	/15.8;/15.8
36	0.533690	0.891104	0.542801	0.903946	66
36	0.579752	0.893483	0.597975	0.906324	1725
36	0.685039	0.893483	0.757930	0.906324	称重系统到ICAN_L
36	0.852359	0.891104	0.884249	0.903946	=图/9.8
36	0.022340	0.937118	0.047649	0.954954	车型
36	0.060742	0.937118	0.142998	0.954954	NTE200-Russia
36	0.222866	0.937368	0.248175	0.955203	内容
36	0.259843	0.937118	0.310461	0.954954	线号列表
36	0.472019	0.937118	0.661839	0.954954	内蒙古北方重型汽车股份有限公司
36	0.679134	0.937118	0.704443	0.954954	版本
36	0.717000	0.936577	0.723327	0.954412	A
36	0.746625	0.937118	0.771935	0.954954	图号
36	0.777840	0.937118	0.828459	0.954954	20062776
36	0.867688	0.937118	0.894052	0.954954	第7
36	0.901434	0.937118	0.934336	0.954954	页共
36	0.944882	0.933706	0.957537	0.951541	12
36	0.968926	0.937118	0.981580	0.954954	页
36	0.071077	0.960899	0.077404	0.978734	1
36	0.192562	0.960899	0.198889	0.978734	2
36	0.314047	0.960899	0.320374	0.978734	3
36	0.435532	0.960899	0.441859	0.978734	4
36	0.557016	0.960899	0.563344	0.978734	5
36	0.678501	0.960899	0.684828	0.978734	6
36	0.799986	0.960899	0.806313	0.978734	7
36	0.921471	0.960899	0.927798	0.978734	8
37	0.067702	0.023944	0.074030	0.041779	1
37	0.192562	0.023944	0.198889	0.041779	2
37	0.310672	0.023944	0.316999	0.041779	3
37	0.435532	0.023944	0.441859	0.041779	4
37	0.557016	0.023944	0.563344	0.041779	5
37	0.681876	0.023944	0.688203	0.041779	6
37	0.799986	0.023944	0.806313	0.041779	7
37	0.921471	0.023944	0.927798	0.041779	8
37	0.231159	0.077605	0.281777	0.095440	线号列表
37	0.723847	0.077605	0.774466	0.095440	线号列表
37	0.031215	0.101385	0.056524	0.119221	序号
37	0.085208	0.101385	0.110517	0.119221	线号
37	0.125703	0.101385	0.184758	0.119221	线径颜色
37	0.248032	0.101385	0.298650	0.119221	功能描述
37	0.403989	0.103242	0.429298	0.121078	位置
37	0.523903	0.101385	0.549213	0.119221	序号
37	0.577897	0.101385	0.603206	0.119221	线号
37	0.618391	0.101385	0.677446	0.119221	线径颜色
37	0.740720	0.101385	0.791339	0.119221	功能描述
37	0.896677	0.103242	0.921986	0.121078	位置
37	0.041001	0.130126	0.050112	0.142967	67
37	0.087064	0.132504	0.105287	0.145345	1725
37	0.192351	0.132504	0.265241	0.145345	称重系统到ICAN_L
37	0.359671	0.130126	0.428006	0.142967	=图/9.7;=图/9.7
37	0.531412	0.130126	0.545079	0.142967	100
37	0.579752	0.132504	0.597975	0.145345	3430
37	0.685039	0.132504	0.785264	0.145345	控制器到驻车释放电磁阀
37	0.852359	0.130126	0.884249	0.142967	=图/7.6
37	0.041001	0.153906	0.050112	0.166748	68
37	0.087064	0.156284	0.105287	0.169126	1726
37	0.192351	0.156284	0.265241	0.169126	称重系统到ICAN_S
37	0.359671	0.153906	0.391561	0.166748	=图/9.8
37	0.531412	0.153906	0.545079	0.166748	101
37	0.579752	0.156284	0.597975	0.169126	3433
37	0.685039	0.156284	0.780708	0.169126	驻车释放/应用开关供电
37	0.852359	0.153906	0.875138	0.166748	/11.4
37	0.041001	0.177687	0.050112	0.190528	69
37	0.087064	0.180065	0.105287	0.192906	2234
37	0.192351	0.180065	0.292575	0.192906	B5断路器到紧急熄火开关
37	0.359671	0.177687	0.396116	0.190528	=图/19.4
37	0.531412	0.177687	0.545079	0.190528	102
37	0.579752	0.180065	0.597975	0.192906	3437
37	0.685039	0.180065	0.812598	0.192906	驻车制动开关到驻车实施电磁阀
37	0.852359	0.177687	0.884249	0.190528	=图/7.3
37	0.041001	0.201468	0.050112	0.214309	70
37	0.087064	0.203846	0.105287	0.216687	2235
37	0.192351	0.203846	0.297131	0.216687	发动机急停开关到I/O模块
37	0.359671	0.201468	0.382449	0.214309	/19.4
37	0.531412	0.201468	0.545079	0.214309	103
37	0.579752	0.203846	0.597975	0.216687	3437
37	0.685039	0.203846	0.812598	0.216687	驻车制动开关到驻车实施电磁阀
37	0.852359	0.201468	0.884249	0.214309	=图/7.2
37	0.041001	0.225248	0.050112	0.238090	71
37	0.087064	0.227626	0.105287	0.240468	2235
37	0.192351	0.227626	0.297131	0.240468	发动机急停开关到I/O模块
37	0.359671	0.225248	0.396116	0.238090	=图/19.4
37	0.531412	0.225248	0.545079	0.238090	104
37	0.579752	0.227626	0.597975	0.240468	3438
37	0.685039	0.227626	0.776152	0.240468	装载制动开关到二极管
37	0.852359	0.225248	0.875138	0.238090	/15.3
37	0.041001	0.249029	0.050112	0.261870	72
37	0.087064	0.251407	0.105287	0.264248	2236
37	0.192351	0.251407	0.292575	0.264248	发动机熄火信号到控制器
37	0.359671	0.249029	0.396116	0.261870	=图/12.2
37	0.531412	0.249029	0.545079	0.261870	105
37	0.579752	0.251407	0.597975	0.264248	3439
37	0.685039	0.251407	0.803486	0.264248	装载制动开关到驻车制动开关
37	0.852359	0.249029	0.884249	0.261870	=图/7.2
37	0.041001	0.272809	0.050112	0.285651	73
37	0.087064	0.275187	0.105287	0.288029	2403
37	0.192351	0.275187	0.274353	0.288029	发动机机油压力信号
37	0.359671	0.272809	0.377894	0.285651	/1.8
37	0.531412	0.272809	0.545079	0.285651	106
37	0.579752	0.275187	0.597975	0.288029	3439
37	0.685039	0.275187	0.803486	0.288029	装载制动开关到驻车制动开关
37	0.852359	0.272809	0.884249	0.285651	=图/7.2
37	0.041001	0.296590	0.050112	0.309431	74
37	0.087064	0.298968	0.105287	0.311809	2404
37	0.192351	0.298968	0.228796	0.311809	起动信号
37	0.359671	0.296590	0.377894	0.309431	/1.5
37	0.531412	0.296590	0.545079	0.309431	107
37	0.579752	0.298968	0.597975	0.311809	3439
37	0.685039	0.298968	0.803486	0.311809	装载制动开关到驻车制动开关
37	0.852359	0.296590	0.884249	0.309431	=图/7.2
37	0.041001	0.320370	0.050112	0.333212	75
37	0.087064	0.322749	0.105287	0.335590	2404
37	0.192351	0.322749	0.228796	0.335590	起动信号
37	0.359671	0.320370	0.377894	0.333212	/1.5
37	0.531412	0.320370	0.545079	0.333212	108
37	0.579752	0.322749	0.597975	0.335590	3502
37	0.685039	0.322749	0.785264	0.335590	发动机唤醒信号到控制器
37	0.852359	0.320370	0.875138	0.333212	/12.3
37	0.041001	0.344151	0.050112	0.356993	76
37	0.087064	0.346529	0.105287	0.359371	2404
37	0.192351	0.346529	0.319909	0.359371	发动机起动继电器到启动继电器
37	0.359671	0.344151	0.391561	0.356993	=图/5.7
37	0.531412	0.344151	0.545079	0.356993	109
37	0.579752	0.346529	0.597975	0.359371	3502
37	0.685039	0.346529	0.794375	0.359371	B7断路器到控制器唤醒信号
37	0.852359	0.344151	0.925250	0.356993	=图/9.3;=图/13.4
37	0.041001	0.367932	0.050112	0.380773	77
37	0.087064	0.370310	0.105287	0.383151	2501
37	0.192351	0.370310	0.292575	0.383151	B7断路器到组合仪表唤醒
37	0.359671	0.367932	0.391561	0.380773	=图/9.3
37	0.531412	0.367932	0.545079	0.380773	110
37	0.579752	0.370310	0.597975	0.383151	3512
37	0.685039	0.370310	0.757930	0.383151	蓄能器卸荷电磁阀
37	0.852359	0.367932	0.888805	0.380773	=图/24.1
37	0.041001	0.391712	0.050112	0.404554	78
37	0.087064	0.394090	0.105287	0.406932	3002
37	0.192351	0.394090	0.247019	0.406932	液压油位置低
37	0.359671	0.391712	0.396116	0.404554	=图/20.2
37	0.531412	0.391712	0.545079	0.404554	111
37	0.579752	0.394090	0.597975	0.406932	3512
37	0.685039	0.394090	0.794375	0.406932	控制器到蓄能器泄荷电磁阀
37	0.852359	0.391712	0.920694	0.404554	=图/7.3;=图/7.3
37	0.041001	0.415493	0.050112	0.428334	79
37	0.087064	0.417871	0.105287	0.430712	3004
37	0.192351	0.417871	0.237908	0.430712	液压油温高
37	0.359671	0.415493	0.391561	0.428334	=图/6.3
37	0.531412	0.415493	0.545079	0.428334	112
37	0.579752	0.417871	0.597975	0.430712	3512
37	0.685039	0.417871	0.794375	0.430712	控制器到蓄能器泄荷电磁阀
37	0.852359	0.415493	0.884249	0.428334	=图/7.3
37	0.041001	0.439273	0.050112	0.452115	80
37	0.087064	0.441651	0.105287	0.454493	3107
37	0.192351	0.441651	0.319909	0.454493	B3断路器到液压油位低报警开关
37	0.359671	0.439273	0.437117	0.452115	=图/16.4;=图/20.2
37	0.531412	0.439273	0.545079	0.452115	113
37	0.579752	0.441651	0.597975	0.454493	3612
37	0.685039	0.441651	0.794375	0.454493	控制器到液压油冷却电磁阀
37	0.852359	0.439273	0.888805	0.452115	=图/24.4
37	0.041001	0.463054	0.050112	0.475895	81
37	0.087064	0.465432	0.105287	0.478273	3108
37	0.192351	0.465432	0.274353	0.478273	B3断路器到举升开关
37	0.359671	0.463054	0.396116	0.475895	=图/16.4
37	0.531412	0.463054	0.545079	0.475895	114
37	0.579752	0.465432	0.597975	0.478273	4111
37	0.685039	0.465432	0.776152	0.478273	组合开关到远光继电器
37	0.852359	0.463054	0.884249	0.475895	=图/7.2
37	0.041001	0.486834	0.050112	0.499676	82
37	0.087064	0.489213	0.105287	0.502054	3108
37	0.192351	0.489213	0.247019	0.502054	举升开关供电
37	0.359671	0.486834	0.382449	0.499676	/18.2
37	0.531412	0.486834	0.545079	0.499676	115
37	0.579752	0.489213	0.597975	0.502054	4111
37	0.685039	0.489213	0.776152	0.502054	组合开关到远光继电器
37	0.852359	0.486834	0.884249	0.499676	=图/7.2
37	0.041001	0.510615	0.050112	0.523457	83
37	0.087064	0.512993	0.105287	0.525835	3109
37	0.192351	0.512993	0.292575	0.525835	B3断路器到举升手柄供电
37	0.359671	0.510615	0.396116	0.523457	=图/16.4
37	0.531412	0.510615	0.545079	0.523457	116
37	0.579752	0.512993	0.597975	0.525835	4111
37	0.685039	0.512993	0.776152	0.525835	组合开关到远光继电器
37	0.852359	0.510615	0.884249	0.523457	=图/7.2
37	0.041001	0.534396	0.050112	0.547237	84
37	0.087064	0.536774	0.105287	0.549615	3119
37	0.192351	0.536774	0.256130	0.549615	车箱举升电磁阀
37	0.359671	0.534396	0.382449	0.547237	/24.1
37	0.531412	0.534396	0.545079	0.547237	117
37	0.579752	0.536774	0.597975	0.549615	4112
37	0.685039	0.536774	0.803486	0.549615	B1断路器到远光灯继电器供电
37	0.852359	0.534396	0.884249	0.547237	=图/2.1
37	0.041001	0.558176	0.050112	0.571018	85
37	0.087064	0.560554	0.105287	0.573396	3119
37	0.192351	0.560554	0.256130	0.573396	车箱举升电磁阀
37	0.359671	0.558176	0.396116	0.571018	=图/24.1
37	0.531412	0.558176	0.545079	0.571018	118
37	0.579752	0.560554	0.597975	0.573396	4118
37	0.685039	0.560554	0.703262	0.573396	远光
37	0.852359	0.558176	0.888805	0.571018	=图/12.2
37	0.041001	0.581957	0.050112	0.594798	86
37	0.087064	0.584335	0.105287	0.597176	3211
37	0.192351	0.584335	0.283464	0.597176	下降信号到浮动继电器
37	0.359671	0.581957	0.382449	0.594798	/15.2
37	0.531412	0.581957	0.545079	0.594798	119
37	0.579752	0.584335	0.597975	0.597176	4119
37	0.685039	0.584335	0.703262	0.597176	近光
37	0.852359	0.581957	0.888805	0.594798	=图/12.3
37	0.041001	0.605737	0.050112	0.618579	87
37	0.087064	0.608115	0.105287	0.620957	3213
37	0.192351	0.608115	0.274353	0.620957	控制器到浮动电磁阀
37	0.359671	0.605737	0.396116	0.618579	=图/24.3
37	0.531412	0.605737	0.545079	0.618579	120
37	0.579752	0.608115	0.597975	0.620957	4211
37	0.685039	0.608115	0.776152	0.620957	组合开关到近光继电器
37	0.852359	0.605737	0.884249	0.618579	=图/7.2
37	0.041001	0.629518	0.050112	0.642359	88
37	0.087064	0.631896	0.105287	0.644737	3213
37	0.192351	0.631896	0.274353	0.644737	控制器到浮动电磁阀
37	0.359671	0.629518	0.391561	0.642359	=图/7.6
37	0.531412	0.629518	0.545079	0.642359	121
37	0.579752	0.631896	0.597975	0.644737	4211
37	0.685039	0.631896	0.776152	0.644737	组合开关到近光继电器
37	0.852359	0.629518	0.884249	0.642359	=图/7.2
37	0.041001	0.653299	0.050112	0.666140	89
37	0.087064	0.655677	0.105287	0.668518	3214
37	0.192351	0.655677	0.274353	0.668518	控制器到浮动电磁阀
37	0.359671	0.653299	0.382449	0.666140	/24.3
37	0.531412	0.653299	0.545079	0.666140	122
37	0.579752	0.655677	0.597975	0.668518	4211
37	0.685039	0.655677	0.776152	0.668518	组合开关到近光继电器
37	0.852359	0.653299	0.884249	0.666140	=图/7.2
37	0.041001	0.677079	0.050112	0.689921	90
37	0.087064	0.679457	0.105287	0.692299	3300
37	0.192351	0.679457	0.237908	0.692299	溢流电磁阀
37	0.359671	0.677079	0.396116	0.689921	=图/24.2
37	0.531412	0.677079	0.545079	0.689921	123
37	0.579752	0.679457	0.597975	0.692299	4213
37	0.685039	0.679457	0.712373	0.692299	近光灯
37	0.852359	0.677079	0.875138	0.689921	/19.1
37	0.041001	0.700860	0.050112	0.713701	91
37	0.087064	0.703238	0.105287	0.716079	3315
37	0.192351	0.703238	0.256130	0.716079	车箱下降电磁阀
37	0.359671	0.700860	0.396116	0.713701	=图/24.2
37	0.531412	0.700860	0.545079	0.713701	124
37	0.579752	0.703238	0.597975	0.716079	4213
37	0.685039	0.703238	0.776152	0.716079	近光灯继电器到近光灯
37	0.852359	0.700860	0.884249	0.713701	=图/5.2
37	0.041001	0.724640	0.050112	0.737482	92
37	0.087064	0.727018	0.105287	0.739860	3402
37	0.192351	0.727018	0.310798	0.739860	B3断路器到驻车释放压力开关
37	0.359671	0.724640	0.396116	0.737482	=图/16.4
37	0.531412	0.724640	0.545079	0.737482	125
37	0.579752	0.727018	0.597975	0.739860	4302
37	0.685039	0.727018	0.776152	0.739860	危险报警开关到控制器
37	0.852359	0.724640	0.888805	0.737482	=图/12.3
37	0.041001	0.748421	0.050112	0.761262	93
37	0.087064	0.750799	0.105287	0.763640	3406
37	0.192351	0.750799	0.274353	0.763640	B2断路器到急停开关
37	0.359671	0.748421	0.382449	0.761262	/11.8
37	0.531412	0.748421	0.545079	0.761262	126
37	0.579752	0.750799	0.597975	0.763640	4311
37	0.685039	0.750799	0.721485	0.763640	左转向灯
37	0.852359	0.748421	0.884249	0.761262	=图/7.3
37	0.041001	0.772202	0.050112	0.785043	94
37	0.087064	0.774580	0.105287	0.787421	3406
37	0.192351	0.774580	0.274353	0.787421	B2断路器到急停开关
37	0.359671	0.772202	0.432561	0.785043	=图/9.2;=图/13.3
37	0.531412	0.772202	0.545079	0.785043	127
37	0.579752	0.774580	0.597975	0.787421	4311
37	0.685039	0.774580	0.721485	0.787421	左转向灯
37	0.852359	0.772202	0.884249	0.785043	=图/7.3
37	0.041001	0.795982	0.050112	0.808824	95
37	0.087064	0.798360	0.105287	0.811202	3408
37	0.192351	0.798360	0.310798	0.811202	B2断路器到装载制动开关供电
37	0.359671	0.795982	0.396116	0.808824	=图/16.2
37	0.531412	0.795982	0.545079	0.808824	128
37	0.579752	0.798360	0.597975	0.811202	4311
37	0.685039	0.798360	0.721485	0.811202	左转向灯
37	0.852359	0.795982	0.888805	0.808824	=图/16.1
37	0.041001	0.819763	0.050112	0.832604	96
37	0.087064	0.822141	0.105287	0.834982	3415
37	0.192351	0.822141	0.247019	0.834982	控制器制动灯
37	0.359671	0.819763	0.382449	0.832604	/19.6
37	0.531412	0.819763	0.545079	0.832604	129
37	0.579752	0.822141	0.597975	0.834982	4311
37	0.685039	0.822141	0.721485	0.834982	左转向灯
37	0.852359	0.819763	0.925250	0.832604	=图/7.3;=图/16.2
37	0.041001	0.843543	0.050112	0.856385	97
37	0.087064	0.845921	0.105287	0.858763	3415
37	0.192351	0.845921	0.247019	0.858763	控制器制动灯
37	0.359671	0.843543	0.409783	0.856385	/19.6;/19.6
37	0.531412	0.843543	0.545079	0.856385	130
37	0.579752	0.845921	0.597975	0.858763	4311
37	0.685039	0.845921	0.721485	0.858763	左转向灯
37	0.852359	0.843543	0.884249	0.856385	=图/7.3
37	0.041001	0.867324	0.050112	0.880165	98
37	0.087064	0.869702	0.105287	0.882543	3416
37	0.192351	0.867498	0.247019	0.880339	控制器制动灯
37	0.359671	0.867324	0.382449	0.880165	/19.6
37	0.531412	0.867324	0.545079	0.880165	131
37	0.579752	0.869702	0.597975	0.882543	4312
37	0.685039	0.869702	0.721485	0.882543	右转向灯
37	0.852359	0.867324	0.884249	0.880165	=图/7.3
37	0.041001	0.891104	0.050112	0.903946	99
37	0.087064	0.893483	0.105287	0.906324	3430
37	0.192351	0.893483	0.292575	0.906324	控制器到驻车释放电磁阀
37	0.359671	0.891104	0.391561	0.903946	=图/7.6
37	0.531412	0.891104	0.545079	0.903946	132
37	0.579752	0.893483	0.597975	0.906324	4312
37	0.685039	0.893483	0.721485	0.906324	右转向灯
37	0.852359	0.891104	0.884249	0.903946	=图/7.3
37	0.022340	0.937118	0.047649	0.954954	车型
37	0.060742	0.937118	0.142998	0.954954	NTE200-Russia
37	0.222866	0.937368	0.248175	0.955203	内容
37	0.259843	0.937118	0.310461	0.954954	线号列表
37	0.472019	0.937118	0.661839	0.954954	内蒙古北方重型汽车股份有限公司
37	0.679134	0.937118	0.704443	0.954954	版本
37	0.717000	0.936577	0.723327	0.954412	A
37	0.746625	0.937118	0.771935	0.954954	图号
37	0.777840	0.937118	0.828459	0.954954	20062776
37	0.867688	0.937118	0.894052	0.954954	第8
37	0.901434	0.937118	0.934336	0.954954	页共
37	0.944882	0.933706	0.957537	0.951541	12
37	0.968926	0.937118	0.981580	0.954954	页
37	0.071077	0.960899	0.077404	0.978734	1
37	0.192562	0.960899	0.198889	0.978734	2
37	0.314047	0.960899	0.320374	0.978734	3
37	0.435532	0.960899	0.441859	0.978734	4
37	0.557016	0.960899	0.563344	0.978734	5
37	0.678501	0.960899	0.684828	0.978734	6
37	0.799986	0.960899	0.806313	0.978734	7
37	0.921471	0.960899	0.927798	0.978734	8
38	0.067702	0.023944	0.074030	0.041779	1
38	0.192562	0.023944	0.198889	0.041779	2
38	0.310672	0.023944	0.316999	0.041779	3
38	0.435532	0.023944	0.441859	0.041779	4
38	0.557016	0.023944	0.563344	0.041779	5
38	0.681876	0.023944	0.688203	0.041779	6
38	0.799986	0.023944	0.806313	0.041779	7
38	0.921471	0.023944	0.927798	0.041779	8
38	0.231159	0.077605	0.281777	0.095440	线号列表
38	0.723847	0.077605	0.774466	0.095440	线号列表
38	0.031215	0.101385	0.056524	0.119221	序号
38	0.085208	0.101385	0.110517	0.119221	线号
38	0.125703	0.101385	0.184758	0.119221	线径颜色
38	0.248032	0.101385	0.298650	0.119221	功能描述
38	0.403989	0.103242	0.429298	0.121078	位置
38	0.523903	0.101385	0.549213	0.119221	序号
38	0.577897	0.101385	0.603206	0.119221	线号
38	0.618391	0.101385	0.677446	0.119221	线径颜色
38	0.740720	0.101385	0.791339	0.119221	功能描述
38	0.896677	0.103242	0.921986	0.121078	位置
38	0.038723	0.130126	0.052390	0.142967	133
38	0.087064	0.132504	0.105287	0.145345	4312
38	0.192351	0.132504	0.228796	0.145345	右转向灯
38	0.359671	0.130126	0.428006	0.142967	=图/7.3;=图/7.3
38	0.531412	0.130126	0.545079	0.142967	166
38	0.579752	0.132504	0.597975	0.145345	4427
38	0.685039	0.132504	0.767041	0.145345	梯灯开关到梯灯开关
38	0.852359	0.130126	0.925250	0.142967	=图/7.4;=图/19.3
38	0.038723	0.153906	0.052390	0.166748	134
38	0.087064	0.156284	0.105287	0.169126	4315
38	0.192351	0.156284	0.219685	0.169126	左转向
38	0.359671	0.153906	0.396116	0.166748	=图/12.3
38	0.531412	0.153906	0.545079	0.166748	167
38	0.579752	0.156284	0.597975	0.169126	4428
38	0.685039	0.156284	0.767041	0.169126	梯灯开关到梯灯开关
38	0.852359	0.153906	0.884249	0.166748	=图/7.4
38	0.038723	0.177687	0.052390	0.190528	135
38	0.087064	0.180065	0.105287	0.192906	4316
38	0.192351	0.180065	0.219685	0.192906	右转向
38	0.359671	0.177687	0.396116	0.190528	=图/12.3
38	0.531412	0.177687	0.545079	0.190528	168
38	0.579752	0.180065	0.597975	0.192906	4428
38	0.685039	0.180065	0.767041	0.192906	梯灯开关到梯灯开关
38	0.852359	0.177687	0.875138	0.190528	/19.3
38	0.038723	0.201468	0.052390	0.214309	136
38	0.087064	0.203846	0.105287	0.216687	4320
38	0.192351	0.203846	0.228796	0.216687	仪表照明
38	0.359671	0.201468	0.391561	0.214309	=图/9.5
38	0.531412	0.201468	0.545079	0.214309	169
38	0.579752	0.203846	0.597975	0.216687	4430
38	0.685039	0.203846	0.712373	0.216687	倒车灯
38	0.852359	0.201468	0.875138	0.214309	/19.6
38	0.038723	0.225248	0.052390	0.238090	137
38	0.087064	0.227626	0.105287	0.240468	4320
38	0.192351	0.227626	0.247019	0.240468	开关照明供电
38	0.359671	0.225248	0.382449	0.238090	/11.2
38	0.531412	0.225248	0.545079	0.238090	170
38	0.579752	0.227626	0.597975	0.240468	4431
38	0.685039	0.227626	0.785264	0.240468	倒车信号到环场影像系统
38	0.852359	0.225248	0.875138	0.238090	/15.5
38	0.038723	0.249029	0.052390	0.261870	138
38	0.087064	0.251407	0.105287	0.264248	4320
38	0.192351	0.251407	0.247019	0.264248	开关照明供电
38	0.359671	0.249029	0.382449	0.261870	/11.3
38	0.531412	0.249029	0.545079	0.261870	171
38	0.579752	0.251407	0.597975	0.264248	4432
38	0.685039	0.251407	0.794375	0.264248	左转向信号到环场影像系统
38	0.852359	0.249029	0.875138	0.261870	/15.5
38	0.038723	0.272809	0.052390	0.285651	139
38	0.087064	0.275187	0.105287	0.288029	4320
38	0.192351	0.275187	0.228796	0.288029	仪表照明
38	0.359671	0.272809	0.391561	0.285651	=图/9.5
38	0.531412	0.272809	0.545079	0.285651	172
38	0.579752	0.275187	0.597975	0.288029	4432
38	0.685039	0.275187	0.803486	0.288029	左转向信号灯到环场影像系统
38	0.852359	0.272809	0.888805	0.285651	=图/16.2
38	0.038723	0.296590	0.052390	0.309431	140
38	0.087064	0.298968	0.105287	0.311809	4320
38	0.192351	0.298968	0.247019	0.311809	开关照明供电
38	0.359671	0.296590	0.437117	0.309431	/10.1;/10.1;/10.2
38	0.531412	0.296590	0.545079	0.309431	173
38	0.579752	0.298968	0.597975	0.311809	4433
38	0.685039	0.298968	0.794375	0.311809	右转向信号到环场影像系统
38	0.852359	0.296590	0.875138	0.309431	/15.5
38	0.038723	0.320370	0.052390	0.333212	141
38	0.087064	0.322749	0.105287	0.335590	4320
38	0.192351	0.322749	0.247019	0.335590	开关照明供电
38	0.359671	0.320370	0.396116	0.333212	=图/10.2
38	0.531412	0.320370	0.545079	0.333212	174
38	0.579752	0.322749	0.597975	0.335590	4434
38	0.685039	0.322749	0.730596	0.335590	倒车蜂鸣器
38	0.852359	0.320370	0.875138	0.333212	/19.6
38	0.038723	0.344151	0.052390	0.356993	142
38	0.087064	0.346529	0.105287	0.359371	4320
38	0.192351	0.346529	0.247019	0.359371	开关照明供电
38	0.359671	0.344151	0.382449	0.356993	/10.3
38	0.531412	0.344151	0.545079	0.356993	175
38	0.579752	0.346529	0.597975	0.359371	4435
38	0.685039	0.346529	0.776152	0.359371	后照灯继电器到后照灯
38	0.852359	0.344151	0.884249	0.356993	=图/5.4
38	0.038723	0.367932	0.052390	0.380773	143
38	0.087064	0.370310	0.105287	0.383151	4320
38	0.192351	0.370310	0.247019	0.383151	开关照明供电
38	0.359671	0.367932	0.409783	0.380773	/10.3;/10.4
38	0.531412	0.367932	0.545079	0.380773	176
38	0.579752	0.370310	0.597975	0.383151	4445
38	0.685039	0.370310	0.776152	0.383151	接线排到后照灯继电器
38	0.852359	0.367932	0.884249	0.380773	=图/5.3
38	0.038723	0.391712	0.052390	0.404554	144
38	0.087064	0.394090	0.105287	0.406932	4320
38	0.192351	0.394090	0.247019	0.406932	开关照明供电
38	0.359671	0.391712	0.382449	0.404554	/10.4
38	0.531412	0.391712	0.545079	0.404554	177
38	0.579752	0.394090	0.597975	0.406932	4455
38	0.685039	0.394090	0.803486	0.406932	B4断路器到后照灯继电器供电
38	0.852359	0.391712	0.884249	0.404554	=图/5.4
38	0.038723	0.415493	0.052390	0.428334	145
38	0.087064	0.417871	0.105287	0.430712	4320
38	0.192351	0.417871	0.247019	0.430712	开关照明供电
38	0.359671	0.415493	0.409783	0.428334	/10.3;/10.4
38	0.531412	0.415493	0.545079	0.428334	178
38	0.579752	0.417871	0.597975	0.430712	4510
38	0.685039	0.417871	0.757930	0.430712	雾灯开关到指示灯
38	0.852359	0.415493	0.929806	0.428334	=图/11.2;=图/12.3
38	0.038723	0.439273	0.052390	0.452115	146
38	0.087064	0.441651	0.105287	0.454493	4320
38	0.192351	0.441651	0.247019	0.454493	开关照明供电
38	0.359671	0.439273	0.382449	0.452115	/10.4
38	0.531412	0.439273	0.545079	0.452115	179
38	0.579752	0.441651	0.597975	0.454493	4511
38	0.685039	0.441651	0.767041	0.454493	高位灯开关到继电器
38	0.852359	0.439273	0.884249	0.452115	=图/5.4
38	0.038723	0.463054	0.052390	0.475895	147
38	0.087064	0.465432	0.105287	0.478273	4320
38	0.192351	0.465432	0.247019	0.478273	开关照明供电
38	0.359671	0.463054	0.382449	0.475895	/10.3
38	0.531412	0.463054	0.545079	0.475895	180
38	0.579752	0.465432	0.597975	0.478273	4512
38	0.685039	0.465432	0.794375	0.478273	B4断路器到雾灯继电器供电
38	0.852359	0.463054	0.884249	0.475895	=图/5.4
38	0.038723	0.486834	0.052390	0.499676	148
38	0.087064	0.489213	0.105287	0.502054	4320
38	0.192351	0.489213	0.247019	0.502054	开关照明供电
38	0.359671	0.486834	0.382449	0.499676	/10.2
38	0.531412	0.486834	0.545079	0.499676	181
38	0.579752	0.489213	0.597975	0.502054	4513
38	0.685039	0.489213	0.703262	0.502054	雾灯
38	0.852359	0.486834	0.875138	0.499676	/19.2
38	0.038723	0.510615	0.052390	0.523457	149
38	0.087064	0.512993	0.105287	0.525835	4320
38	0.192351	0.512993	0.247019	0.525835	开关照明供电
38	0.359671	0.510615	0.382449	0.523457	/10.2
38	0.531412	0.510615	0.545079	0.523457	182
38	0.579752	0.512993	0.597975	0.525835	4513
38	0.685039	0.512993	0.703262	0.525835	雾灯
38	0.852359	0.510615	0.884249	0.523457	=图/5.4
38	0.038723	0.534396	0.052390	0.547237	150
38	0.087064	0.536774	0.105287	0.549615	4320
38	0.192351	0.536774	0.247019	0.549615	开关照明供电
38	0.359671	0.534396	0.382449	0.547237	/10.1
38	0.531412	0.534396	0.545079	0.547237	183
38	0.579752	0.536774	0.597975	0.549615	4521
38	0.685039	0.536774	0.767041	0.549615	工作灯开关到继电器
38	0.852359	0.534396	0.884249	0.547237	=图/7.6
38	0.038723	0.558176	0.052390	0.571018	151
38	0.087064	0.560554	0.105287	0.573396	4411
38	0.192351	0.560554	0.228796	0.573396	右转向灯
38	0.359671	0.558176	0.396116	0.571018	=图/16.2
38	0.531412	0.558176	0.545079	0.571018	184
38	0.579752	0.560554	0.597975	0.573396	4521
38	0.685039	0.560554	0.767041	0.573396	工作灯开关到继电器
38	0.852359	0.558176	0.920694	0.571018	=图/7.6;=图/7.6
38	0.038723	0.581957	0.052390	0.594798	152
38	0.087064	0.584335	0.105287	0.597176	4412
38	0.192351	0.584335	0.274353	0.597176	组合开关到左转向灯
38	0.359671	0.581957	0.396116	0.594798	=图/17.3
38	0.531412	0.581957	0.545079	0.594798	185
38	0.579752	0.584335	0.597975	0.597176	4521
38	0.685039	0.584335	0.767041	0.597176	工作灯开关到继电器
38	0.852359	0.581957	0.884249	0.594798	=图/5.5
38	0.038723	0.605737	0.052390	0.618579	153
38	0.087064	0.608115	0.105287	0.620957	4413
38	0.192351	0.608115	0.237908	0.620957	示宽灯供电
38	0.359671	0.605737	0.382449	0.618579	/16.7
38	0.531412	0.605737	0.545079	0.618579	186
38	0.579752	0.608115	0.597975	0.620957	4522
38	0.685039	0.608115	0.803486	0.620957	B2断路器到工作灯继电器供电
38	0.852359	0.605737	0.884249	0.618579	=图/2.3
38	0.038723	0.629518	0.052390	0.642359	154
38	0.087064	0.631896	0.105287	0.644737	4413
38	0.192351	0.631896	0.219685	0.644737	夜行灯
38	0.359671	0.629518	0.391561	0.642359	=图/7.3
38	0.531412	0.629518	0.545079	0.642359	187
38	0.579752	0.631896	0.597975	0.644737	4522
38	0.685039	0.631896	0.803486	0.644737	B2断路器到工作灯继电器供电
38	0.852359	0.629518	0.884249	0.642359	=图/5.5
38	0.038723	0.653299	0.052390	0.666140	155
38	0.087064	0.655677	0.105287	0.668518	4413
38	0.192351	0.655677	0.219685	0.668518	夜行灯
38	0.359671	0.653299	0.391561	0.666140	=图/7.3
38	0.531412	0.653299	0.545079	0.666140	188
38	0.579752	0.655677	0.597975	0.668518	4523
38	0.685039	0.655677	0.712373	0.668518	工作灯
38	0.852359	0.653299	0.884249	0.666140	=图/5.5
38	0.038723	0.677079	0.052390	0.689921	156
38	0.087064	0.679457	0.105287	0.692299	4413
38	0.192351	0.679457	0.219685	0.692299	夜行灯
38	0.359671	0.677079	0.391561	0.689921	=图/7.3
38	0.531412	0.677079	0.545079	0.689921	189
38	0.579752	0.679457	0.597975	0.692299	5081
38	0.685039	0.677253	0.776153	0.690095	镜加热开关到B6断路器
38	0.852359	0.677079	0.884249	0.689921	=图/9.3
38	0.038723	0.700860	0.052390	0.713701	157
38	0.087064	0.703238	0.105287	0.716079	4414
38	0.192351	0.703238	0.228796	0.716079	右转向灯
38	0.359671	0.700860	0.382449	0.713701	/19.5
38	0.531412	0.700860	0.545079	0.713701	190
38	0.579752	0.703238	0.597975	0.716079	5103
38	0.685039	0.703238	0.767041	0.716079	B2断路器到组合开关
38	0.852359	0.700860	0.884249	0.713701	=图/9.2
38	0.038723	0.724640	0.052390	0.737482	158
38	0.087064	0.727018	0.105287	0.739860	4414
38	0.192351	0.727018	0.228796	0.739860	右转向灯
38	0.359671	0.724640	0.396116	0.737482	=图/16.2
38	0.531412	0.724640	0.545079	0.737482	191
38	0.579752	0.727018	0.597975	0.739860	5103
38	0.685039	0.727018	0.767041	0.739860	B2断路器到组合开关
38	0.852359	0.724640	0.884249	0.737482	=图/9.2
38	0.038723	0.748421	0.052390	0.761262	159
38	0.087064	0.750799	0.105287	0.763640	4417
38	0.192351	0.750799	0.228796	0.763640	左转向灯
38	0.359671	0.748421	0.396116	0.761262	=图/16.1
38	0.531412	0.748421	0.545079	0.761262	192
38	0.579752	0.750799	0.597975	0.763640	5104
38	0.685039	0.750799	0.767041	0.763640	B8断路器到雨刷电机
38	0.852359	0.748421	0.884249	0.761262	=图/9.4
38	0.038723	0.772202	0.052390	0.785043	160
38	0.087064	0.774580	0.105287	0.787421	4423
38	0.192351	0.774580	0.219685	0.787421	夜行灯
38	0.359671	0.772202	0.382449	0.785043	/19.6
38	0.531412	0.772202	0.545079	0.785043	193
38	0.579752	0.774580	0.597975	0.787421	5106
38	0.685039	0.774580	0.794375	0.787421	B4断路器到喇叭继电器供电
38	0.852359	0.772202	0.884249	0.785043	=图/5.2
38	0.038723	0.795982	0.052390	0.808824	161
38	0.087064	0.798360	0.105287	0.811202	4423
38	0.192351	0.798360	0.237908	0.811202	夜行灯供电
38	0.359671	0.795982	0.396116	0.808824	=图/16.7
38	0.531412	0.795982	0.545079	0.808824	194
38	0.579752	0.798360	0.597975	0.811202	5114
38	0.685039	0.798360	0.776152	0.811202	组合开关到喇叭继电器
38	0.852359	0.795982	0.884249	0.808824	=图/7.5
38	0.038723	0.819763	0.052390	0.832604	162
38	0.087064	0.822141	0.105287	0.834982	4426
38	0.192351	0.822141	0.219685	0.834982	夜行灯
38	0.359671	0.819763	0.382449	0.832604	/19.8
38	0.531412	0.819763	0.545079	0.832604	195
38	0.579752	0.822141	0.597975	0.834982	5114
38	0.685039	0.822141	0.776152	0.834982	组合开关到喇叭继电器
38	0.852359	0.819763	0.884249	0.832604	=图/5.2
38	0.038723	0.843543	0.052390	0.856385	163
38	0.087064	0.845921	0.105287	0.858763	4426
38	0.192351	0.845921	0.219685	0.858763	夜行灯
38	0.359671	0.843543	0.382449	0.856385	/19.8
38	0.531412	0.843543	0.545079	0.856385	196
38	0.579752	0.845921	0.597975	0.858763	5114
38	0.685039	0.845921	0.776152	0.858763	组合开关到喇叭继电器
38	0.852359	0.843543	0.884249	0.856385	=图/7.5
38	0.038723	0.867324	0.052390	0.880165	164
38	0.087064	0.869702	0.105287	0.882543	4427
38	0.192351	0.869702	0.274353	0.882543	梯灯开关到梯灯开关
38	0.359671	0.867324	0.391561	0.880165	=图/7.4
38	0.531412	0.867324	0.545079	0.880165	197
38	0.579752	0.869702	0.597975	0.882543	5114
38	0.685039	0.869702	0.776152	0.882543	组合开关到喇叭继电器
38	0.852359	0.867324	0.925250	0.880165	=图/7.5;=图/14.3
38	0.038723	0.891104	0.052390	0.903946	165
38	0.087064	0.893483	0.105287	0.906324	4427
38	0.192351	0.893483	0.274353	0.906324	梯灯开关到梯灯开关
38	0.359671	0.891104	0.391561	0.903946	=图/7.4
38	0.531412	0.891104	0.545079	0.903946	198
38	0.579752	0.893483	0.597975	0.906324	5117
38	0.685039	0.893483	0.757930	0.906324	组合开关到喷水泵
38	0.852359	0.891104	0.884249	0.903946	=图/7.4
38	0.022340	0.937118	0.047649	0.954954	车型
38	0.060742	0.937118	0.142998	0.954954	NTE200-Russia
38	0.222866	0.937368	0.248175	0.955203	内容
38	0.259843	0.937118	0.310461	0.954954	线号列表
38	0.472019	0.937118	0.661839	0.954954	内蒙古北方重型汽车股份有限公司
38	0.679134	0.937118	0.704443	0.954954	版本
38	0.717000	0.936577	0.723327	0.954412	A
38	0.746625	0.937118	0.771935	0.954954	图号
38	0.777840	0.937118	0.828459	0.954954	20062776
38	0.867688	0.937118	0.894052	0.954954	第9
38	0.901434	0.937118	0.934336	0.954954	页共
38	0.944882	0.933706	0.957537	0.951541	12
38	0.968926	0.937118	0.981580	0.954954	页
38	0.071077	0.960899	0.077404	0.978734	1
38	0.192562	0.960899	0.198889	0.978734	2
38	0.314047	0.960899	0.320374	0.978734	3
38	0.435532	0.960899	0.441859	0.978734	4
38	0.557016	0.960899	0.563344	0.978734	5
38	0.678501	0.960899	0.684828	0.978734	6
38	0.799986	0.960899	0.806313	0.978734	7
38	0.921471	0.960899	0.927798	0.978734	8
39	0.067702	0.023944	0.074030	0.041779	1
39	0.192562	0.023944	0.198889	0.041779	2
39	0.310672	0.023944	0.316999	0.041779	3
39	0.435532	0.023944	0.441859	0.041779	4
39	0.557016	0.023944	0.563344	0.041779	5
39	0.681876	0.023944	0.688203	0.041779	6
39	0.799986	0.023944	0.806313	0.041779	7
39	0.921471	0.023944	0.927798	0.041779	8
39	0.231159	0.077605	0.281777	0.095440	线号列表
39	0.723847	0.077605	0.774466	0.095440	线号列表
39	0.031215	0.101385	0.056524	0.119221	序号
39	0.085208	0.101385	0.110517	0.119221	线号
39	0.125703	0.101385	0.184758	0.119221	线径颜色
39	0.248032	0.101385	0.298650	0.119221	功能描述
39	0.403989	0.103242	0.429298	0.121078	位置
39	0.523903	0.101385	0.549213	0.119221	序号
39	0.577897	0.101385	0.603206	0.119221	线号
39	0.618391	0.101385	0.677446	0.119221	线径颜色
39	0.740720	0.101385	0.791339	0.119221	功能描述
39	0.896677	0.103242	0.921986	0.121078	位置
39	0.038723	0.130126	0.052390	0.142967	199
39	0.087064	0.132504	0.105287	0.145345	5117
39	0.192351	0.132504	0.265241	0.145345	组合开关到喷水泵
39	0.359671	0.130126	0.391561	0.142967	=图/7.4
39	0.531412	0.130126	0.545079	0.142967	232
39	0.579752	0.132504	0.597975	0.145345	5836
39	0.685039	0.132504	0.712373	0.145345	PCAN_S
39	0.852359	0.130126	0.888805	0.142967	=图/12.2
39	0.038723	0.153906	0.052390	0.166748	200
39	0.087064	0.156284	0.105287	0.169126	5117
39	0.192351	0.156284	0.265241	0.169126	组合开关到喷水泵
39	0.359671	0.153906	0.432561	0.166748	=图/7.4;=图/14.3
39	0.531412	0.153906	0.545079	0.166748	233
39	0.579752	0.156284	0.597975	0.169126	5836
39	0.685039	0.156284	0.748819	0.169126	控制器到PCAN_S
39	0.852359	0.153906	0.884249	0.166748	=图/9.6
39	0.038723	0.177687	0.052390	0.190528	201
39	0.087064	0.180065	0.105287	0.192906	5118
39	0.192351	0.180065	0.265241	0.192906	喇叭继电器到喇叭
39	0.359671	0.177687	0.391561	0.190528	=图/5.2
39	0.531412	0.177687	0.545079	0.190528	234
39	0.579752	0.180065	0.597975	0.192906	5860
39	0.685039	0.180065	0.712373	0.192906	MCAN_H
39	0.852359	0.177687	0.884249	0.190528	=图/6.1
39	0.038723	0.201468	0.052390	0.214309	202
39	0.087064	0.203846	0.105287	0.216687	5123
39	0.192351	0.203846	0.237908	0.216687	倒车灯信号
39	0.359671	0.201468	0.391561	0.214309	=图/2.8
39	0.531412	0.201468	0.545079	0.214309	235
39	0.579752	0.203846	0.597975	0.216687	5860
39	0.685039	0.203846	0.712373	0.216687	MCAN_H
39	0.852359	0.201468	0.888805	0.214309	=图/12.4
39	0.038723	0.225248	0.052390	0.238090	203
39	0.087064	0.227626	0.105287	0.240468	5123
39	0.192351	0.227626	0.283464	0.240468	接线排到倒车灯继电器
39	0.359671	0.225248	0.428006	0.238090	=图/2.8;=图/5.3
39	0.531412	0.225248	0.545079	0.238090	236
39	0.579752	0.227626	0.597975	0.240468	5861
39	0.685039	0.227626	0.712373	0.240468	MCAN_L
39	0.852359	0.225248	0.884249	0.238090	=图/6.1
39	0.038723	0.249029	0.052390	0.261870	204
39	0.087064	0.251407	0.105287	0.264248	5125
39	0.192351	0.251407	0.292575	0.264248	控制器到雨刷慢档继电器
39	0.359671	0.249029	0.391561	0.261870	=图/7.5
39	0.531412	0.249029	0.545079	0.261870	237
39	0.579752	0.251407	0.597975	0.264248	5905
39	0.685039	0.251407	0.748819	0.264248	控制器到ICAN_L
39	0.852359	0.249029	0.884249	0.261870	=图/9.7
39	0.038723	0.272809	0.052390	0.285651	205
39	0.087064	0.275187	0.105287	0.288029	5127
39	0.192351	0.275187	0.301687	0.288029	雨刷间歇继电器到电机慢档
39	0.359671	0.272809	0.391561	0.285651	=图/7.6
39	0.531412	0.272809	0.545079	0.285651	238
39	0.579752	0.275187	0.597975	0.288029	5907
39	0.685039	0.275187	0.803486	0.288029	B3断路器到驻车释放压力开关
39	0.852359	0.272809	0.888805	0.285651	=图/16.3
39	0.038723	0.296590	0.052390	0.309431	206
39	0.087064	0.298968	0.105287	0.311809	5127
39	0.192351	0.298968	0.301687	0.311809	雨刷间歇继电器到电机慢档
39	0.359671	0.296590	0.391561	0.309431	=图/5.6
39	0.531412	0.296590	0.545079	0.309431	239
39	0.579752	0.298968	0.597975	0.311809	5917
39	0.685039	0.298968	0.767041	0.311809	控制器到传感器供电
39	0.852359	0.296590	0.888805	0.309431	=图/13.5
39	0.038723	0.320370	0.052390	0.333212	207
39	0.087064	0.322749	0.105287	0.335590	5202
39	0.192351	0.322749	0.265241	0.335590	B5断路器到点烟器
39	0.359671	0.320370	0.391561	0.333212	=图/9.4
39	0.531412	0.320370	0.545079	0.333212	240
39	0.579752	0.322749	0.597975	0.335590	5928
39	0.685039	0.322749	0.776152	0.335590	F3到CBCU3E控制器供电
39	0.852359	0.320370	0.920694	0.333212	=图/3.3;=图/7.7
39	0.038723	0.344151	0.052390	0.356993	208
39	0.087064	0.346529	0.105287	0.359371	5204
39	0.192351	0.346529	0.247019	0.359371	B8断路器供电
39	0.359671	0.344151	0.382449	0.356993	/15.3
39	0.531412	0.344151	0.545079	0.356993	241
39	0.579752	0.346529	0.597975	0.359371	5934
39	0.685039	0.346529	0.776152	0.359371	F4到CBCU3E控制器供电
39	0.852359	0.344151	0.884249	0.356993	=图/3.6
39	0.038723	0.367932	0.052390	0.380773	209
39	0.087064	0.370310	0.105287	0.383151	5204
39	0.192351	0.370310	0.292575	0.383151	B8断路器到空气座椅供电
39	0.359671	0.367932	0.396116	0.380773	=图/16.2
39	0.531412	0.367932	0.545079	0.380773	242
39	0.579752	0.370310	0.597975	0.383151	5934
39	0.685039	0.370310	0.776152	0.383151	F4到CBCU3E控制器供电
39	0.852359	0.367932	0.884249	0.380773	=图/7.8
39	0.038723	0.391712	0.052390	0.404554	210
39	0.087064	0.394090	0.105287	0.406932	5205
39	0.192351	0.394090	0.274353	0.406932	B8断路器到车窗电机
39	0.359671	0.391712	0.391561	0.404554	=图/9.4
39	0.531412	0.391712	0.545079	0.404554	243
39	0.579752	0.394090	0.597975	0.406932	5941
39	0.685039	0.394090	0.771597	0.406932	保险F14到控制器供电
39	0.852359	0.391712	0.920694	0.404554	=图/3.4;=图/7.7
39	0.038723	0.415493	0.052390	0.428334	211
39	0.087064	0.417871	0.105287	0.430712	5214
39	0.192351	0.417871	0.265241	0.430712	空调到空调干燥罐
39	0.359671	0.415493	0.391561	0.428334	=图/7.4
39	0.531412	0.415493	0.545079	0.428334	244
39	0.579752	0.417871	0.597975	0.430712	5941
39	0.685039	0.417871	0.776152	0.430712	F2到CBCU3E控制器供电
39	0.852359	0.415493	0.925250	0.428334	=图/7.7;=图/12.7
39	0.038723	0.439273	0.052390	0.452115	212
39	0.087064	0.441651	0.105287	0.454493	5501
39	0.192351	0.441651	0.242463	0.454493	断路器1供电
39	0.359671	0.439273	0.391561	0.452115	=图/7.1
39	0.531412	0.439273	0.545079	0.452115	245
39	0.579752	0.441651	0.597975	0.454493	5947
39	0.685039	0.441651	0.771597	0.454493	保险F13到控制器供电
39	0.852359	0.439273	0.884249	0.452115	=图/3.4
39	0.038723	0.463054	0.052390	0.475895	213
39	0.087064	0.465432	0.105287	0.478273	5501
39	0.192351	0.465432	0.242463	0.478273	断路器1供电
39	0.359671	0.463054	0.391561	0.475895	=图/7.1
39	0.531412	0.463054	0.545079	0.475895	246
39	0.579752	0.465432	0.597975	0.478273	5947
39	0.685039	0.465432	0.776152	0.478273	F1到CBCU3E控制器供电
39	0.852359	0.463054	0.884249	0.475895	=图/7.7
39	0.038723	0.486834	0.052390	0.499676	214
39	0.087064	0.489213	0.105287	0.502054	5501
39	0.192351	0.489213	0.242463	0.502054	断路器1供电
39	0.359671	0.486834	0.391561	0.499676	=图/7.1
39	0.531412	0.486834	0.545079	0.499676	247
39	0.579752	0.489213	0.597975	0.502054	6001
39	0.685039	0.489213	0.739707	0.502054	B1断路器供电
39	0.852359	0.486834	0.884249	0.499676	=图/2.1
39	0.038723	0.510615	0.052390	0.523457	215
39	0.087064	0.512993	0.105287	0.525835	5502
39	0.192351	0.512993	0.242463	0.525835	断路器2供电
39	0.359671	0.510615	0.391561	0.523457	=图/7.1
39	0.531412	0.510615	0.545079	0.523457	248
39	0.579752	0.512993	0.597975	0.525835	6005
39	0.685039	0.512993	0.739707	0.525835	B5断路器供电
39	0.852359	0.510615	0.884249	0.523457	=图/2.5
39	0.038723	0.534396	0.052390	0.547237	216
39	0.087064	0.536774	0.105287	0.549615	5504
39	0.192351	0.536774	0.242463	0.549615	断路器4供电
39	0.359671	0.534396	0.391561	0.547237	=图/7.1
39	0.531412	0.534396	0.545079	0.547237	249
39	0.579752	0.536774	0.597975	0.549615	6021
39	0.685039	0.536774	0.739707	0.549615	TB2-A到TB2-B
39	0.852359	0.534396	0.884249	0.547237	=图/2.1
39	0.038723	0.558176	0.052390	0.571018	217
39	0.087064	0.560554	0.105287	0.573396	5504
39	0.192351	0.560554	0.242463	0.573396	断路器4供电
39	0.359671	0.558176	0.391561	0.571018	=图/7.1
39	0.531412	0.558176	0.545079	0.571018	250
39	0.579752	0.560554	0.597975	0.573396	6025
39	0.685039	0.560554	0.739707	0.573396	TB1-A到TB1-B
39	0.852359	0.558176	0.884249	0.571018	=图/2.5
39	0.038723	0.581957	0.052390	0.594798	218
39	0.087064	0.584335	0.105287	0.597176	5504
39	0.192351	0.584335	0.242463	0.597176	断路器4供电
39	0.359671	0.581957	0.391561	0.594798	=图/7.1
39	0.531412	0.581957	0.545079	0.594798	251
39	0.579752	0.584335	0.597975	0.597176	6025
39	0.685039	0.584335	0.739707	0.597176	TB1-A到TB1-B
39	0.852359	0.581957	0.920694	0.594798	=图/2.5;=图/2.5
39	0.038723	0.605737	0.052390	0.618579	219
39	0.087064	0.608115	0.105287	0.620957	5505
39	0.192351	0.608115	0.283464	0.620957	B5断路器到驾驶室供电
39	0.359671	0.605737	0.391561	0.618579	=图/7.1
39	0.531412	0.605737	0.545079	0.618579	252
39	0.579752	0.608115	0.597975	0.620957	6026
39	0.685039	0.608115	0.739707	0.620957	TB1-C到TB1-D
39	0.852359	0.605737	0.884249	0.618579	=图/2.5
39	0.038723	0.629518	0.052390	0.642359	220
39	0.087064	0.631896	0.105287	0.644737	5505
39	0.192351	0.631896	0.283464	0.644737	B5断路器到驾驶室供电
39	0.359671	0.629518	0.391561	0.642359	=图/7.1
39	0.531412	0.629518	0.545079	0.642359	253
39	0.579752	0.631896	0.597975	0.644737	6027
39	0.685039	0.631896	0.739707	0.644737	TB1-E到TB1-F
39	0.852359	0.629518	0.884249	0.642359	=图/2.6
39	0.038723	0.653299	0.052390	0.666140	221
39	0.087064	0.655677	0.105287	0.668518	5505
39	0.192351	0.655677	0.283464	0.668518	B5断路器到驾驶室供电
39	0.359671	0.653299	0.391561	0.666140	=图/7.1
39	0.531412	0.653299	0.545079	0.666140	254
39	0.579752	0.655677	0.597975	0.668518	6027
39	0.685039	0.655677	0.739707	0.668518	TB1-E到TB1-F
39	0.852359	0.653299	0.884249	0.666140	=图/2.6
39	0.038723	0.677079	0.052390	0.689921	222
39	0.087064	0.679457	0.105287	0.692299	5506
39	0.192351	0.679457	0.288020	0.692299	B6断路器到l驾驶室供电
39	0.359671	0.677079	0.391561	0.689921	=图/7.2
39	0.531412	0.677079	0.545079	0.689921	255
39	0.579752	0.679457	0.597975	0.692299	6101
39	0.685039	0.679457	0.785264	0.692299	B4断路器到到高位灯开关
39	0.852359	0.677079	0.884249	0.689921	=图/9.2
39	0.038723	0.700860	0.052390	0.713701	223
39	0.087064	0.703238	0.105287	0.716079	5506
39	0.192351	0.703238	0.288020	0.716079	B6断路器到l驾驶室供电
39	0.359671	0.700860	0.391561	0.713701	=图/7.2
39	0.531412	0.700860	0.545079	0.713701	256
39	0.579752	0.703238	0.597975	0.716079	6111
39	0.685039	0.703238	0.776152	0.716079	B1断路器到保险盒供电
39	0.852359	0.700860	0.884249	0.713701	=图/3.3
39	0.038723	0.724640	0.052390	0.737482	224
39	0.087064	0.727018	0.105287	0.739860	5506
39	0.192351	0.727018	0.288020	0.739860	B6断路器到l驾驶室供电
39	0.359671	0.724640	0.391561	0.737482	=图/7.2
39	0.531412	0.724640	0.545079	0.737482	257
39	0.579752	0.727018	0.597975	0.739860	6112
39	0.685039	0.727018	0.776152	0.739860	B1断路器到保险盒供电
39	0.852359	0.724640	0.884249	0.737482	=图/3.3
39	0.038723	0.748421	0.052390	0.761262	225
39	0.087064	0.750799	0.105287	0.763640	5802
39	0.192351	0.750799	0.283464	0.763640	F6到CBCU3E控制器供电
39	0.359671	0.748421	0.428006	0.761262	=图/3.3;=图/7.8
39	0.531412	0.748421	0.545079	0.761262	258
39	0.579752	0.750799	0.597975	0.763640	6121
39	0.685039	0.750799	0.776152	0.763640	B2断路器到保险盒供电
39	0.852359	0.748421	0.884249	0.761262	=图/3.1
39	0.038723	0.772202	0.052390	0.785043	226
39	0.087064	0.774580	0.105287	0.787421	5808
39	0.192351	0.774580	0.283464	0.787421	F5到CBCU3E控制器供电
39	0.359671	0.772202	0.391561	0.785043	=图/7.8
39	0.531412	0.772202	0.545079	0.785043	259
39	0.579752	0.774580	0.597975	0.787421	6131
39	0.685039	0.774580	0.767041	0.787421	B3断路器到保险供电
39	0.852359	0.772202	0.884249	0.785043	=图/3.2
39	0.038723	0.795982	0.052390	0.808824	227
39	0.087064	0.798360	0.105287	0.811202	5808
39	0.192351	0.798360	0.283464	0.811202	F5到CBCU3E控制器供电
39	0.359671	0.795982	0.428006	0.808824	=图/3.5;=图/7.8
39	0.531412	0.795982	0.545079	0.808824	260
39	0.579752	0.798360	0.597975	0.811202	6151
39	0.685039	0.798360	0.803486	0.811202	B5断路器到桥箱风压开关供电
39	0.852359	0.795982	0.875138	0.808824	/21.5
39	0.038723	0.819763	0.052390	0.832604	228
39	0.087064	0.822141	0.105287	0.834982	5808
39	0.192351	0.822141	0.283464	0.834982	F5到CBCU3E控制器供电
39	0.359671	0.819763	0.391561	0.832604	=图/7.8
39	0.531412	0.819763	0.545079	0.832604	261
39	0.579752	0.822141	0.597975	0.834982	6152
39	0.685039	0.822141	0.821709	0.834982	B5断路器到预润滑起动继电器供电
39	0.852359	0.819763	0.884249	0.832604	=图/5.6
39	0.038723	0.843543	0.052390	0.856385	229
39	0.087064	0.845921	0.105287	0.858763	5834
39	0.192351	0.845921	0.219685	0.858763	PCAN_H
39	0.359671	0.843543	0.396116	0.856385	=图/12.1
39	0.531412	0.843543	0.545079	0.856385	262
39	0.579752	0.845921	0.597975	0.858763	6201
39	0.685039	0.845921	0.803486	0.858763	B4断路器到信息管理系统供电
39	0.852359	0.843543	0.925250	0.856385	=图/9.2;=图/10.4
39	0.038723	0.867324	0.052390	0.880165	230
39	0.087064	0.869702	0.105287	0.882543	5834
39	0.192351	0.869702	0.256130	0.882543	控制器到PCAN_H
39	0.359671	0.867324	0.391561	0.880165	=图/9.6
39	0.531412	0.867324	0.545079	0.880165	263
39	0.579752	0.869702	0.597975	0.882543	6225
39	0.685039	0.869702	0.748819	0.882543	PCAN_H测试接口
39	0.852359	0.867324	0.925250	0.880165	=图/9.6;=图/13.6
39	0.038723	0.891104	0.052390	0.903946	231
39	0.087064	0.893483	0.105287	0.906324	5835
39	0.192351	0.893483	0.219685	0.906324	PCAN_L
39	0.359671	0.891104	0.396116	0.903946	=图/12.2
39	0.531412	0.891104	0.545079	0.903946	264
39	0.579752	0.893483	0.597975	0.906324	6225
39	0.685039	0.893483	0.735152	0.906324	发动机CAN-H
39	0.852359	0.891104	0.929806	0.903946	=图/13.1;=图/13.1
39	0.022340	0.937118	0.047649	0.954954	车型
39	0.060742	0.937118	0.142998	0.954954	NTE200-Russia
39	0.222866	0.937368	0.248175	0.955203	内容
39	0.259843	0.937118	0.310461	0.954954	线号列表
39	0.472019	0.937118	0.661839	0.954954	内蒙古北方重型汽车股份有限公司
39	0.679134	0.937118	0.704443	0.954954	版本
39	0.717000	0.936577	0.723327	0.954412	A
39	0.746625	0.937118	0.771935	0.954954	图号
39	0.777840	0.937118	0.828459	0.954954	20062776
39	0.867688	0.937118	0.897216	0.954954	第10
39	0.901434	0.937118	0.934336	0.954954	页共
39	0.944882	0.933706	0.957537	0.951541	12
39	0.968926	0.937118	0.981580	0.954954	页
39	0.071077	0.960899	0.077404	0.978734	1
39	0.192562	0.960899	0.198889	0.978734	2
39	0.314047	0.960899	0.320374	0.978734	3
39	0.435532	0.960899	0.441859	0.978734	4
39	0.557016	0.960899	0.563344	0.978734	5
39	0.678501	0.960899	0.684828	0.978734	6
39	0.799986	0.960899	0.806313	0.978734	7
39	0.921471	0.960899	0.927798	0.978734	8
40	0.067702	0.023944	0.074030	0.041779	1
40	0.192562	0.023944	0.198889	0.041779	2
40	0.310672	0.023944	0.316999	0.041779	3
40	0.435532	0.023944	0.441859	0.041779	4
40	0.557016	0.023944	0.563344	0.041779	5
40	0.681876	0.023944	0.688203	0.041779	6
40	0.799986	0.023944	0.806313	0.041779	7
40	0.921471	0.023944	0.927798	0.041779	8
40	0.231159	0.077605	0.281777	0.095440	线号列表
40	0.723847	0.077605	0.774466	0.095440	线号列表
40	0.031215	0.101385	0.056524	0.119221	序号
40	0.085208	0.101385	0.110517	0.119221	线号
40	0.125703	0.101385	0.184758	0.119221	线径颜色
40	0.248032	0.101385	0.298650	0.119221	功能描述
40	0.403989	0.103242	0.429298	0.121078	位置
40	0.523903	0.101385	0.549213	0.119221	序号
40	0.577897	0.101385	0.603206	0.119221	线号
40	0.618391	0.101385	0.677446	0.119221	线径颜色
40	0.740720	0.101385	0.791339	0.119221	功能描述
40	0.896677	0.103242	0.921986	0.121078	位置
40	0.038723	0.130126	0.052390	0.142967	265
40	0.087064	0.132504	0.105287	0.145345	6226
40	0.192351	0.132504	0.242463	0.145345	发动机CAN-L
40	0.359671	0.130126	0.437117	0.142967	=图/13.1;=图/13.1
40	0.531412	0.130126	0.545079	0.142967	298
40	0.579752	0.132504	0.597975	0.145345	7302
40	0.685039	0.132504	0.744263	0.145345	举升手柄CAN_L
40	0.852359	0.130126	0.875138	0.142967	/14.6
40	0.038723	0.153906	0.052390	0.166748	266
40	0.087064	0.156284	0.105287	0.169126	6228
40	0.192351	0.156284	0.265241	0.169126	测试接口到ICAN_H
40	0.359671	0.153906	0.432561	0.166748	=图/9.7;=图/13.6
40	0.531412	0.153906	0.545079	0.166748	299
40	0.579752	0.156284	0.597975	0.169126	7409
40	0.685039	0.156284	0.739707	0.169126	举升手柄照明
40	0.852359	0.153906	0.888805	0.166748	=图/15.1
40	0.038723	0.177687	0.052390	0.190528	267
40	0.087064	0.180065	0.105287	0.192906	6303
40	0.192351	0.180065	0.247019	0.192906	缓行踏板供电
40	0.359671	0.177687	0.396116	0.190528	=图/14.1
40	0.531412	0.177687	0.545079	0.190528	300
40	0.579752	0.180065	0.597975	0.192906	7409
40	0.685039	0.180065	0.739707	0.192906	举升手柄照明
40	0.852359	0.177687	0.875138	0.190528	/15.1
40	0.038723	0.201468	0.052390	0.214309	268
40	0.087064	0.203846	0.105287	0.216687	6303
40	0.192351	0.203846	0.247019	0.216687	缓行踏板供电
40	0.359671	0.201468	0.432561	0.214309	=图/9.5;=图/14.1
40	0.531412	0.201468	0.545079	0.214309	301
40	0.579752	0.203846	0.597975	0.216687	8301
40	0.685039	0.203846	0.794375	0.216687	B2断路器到称重显示器供电
40	0.852359	0.201468	0.884249	0.214309	=图/9.2
40	0.038723	0.225248	0.052390	0.238090	269
40	0.087064	0.227626	0.105287	0.240468	6305
40	0.192351	0.227626	0.247019	0.240468	TB1-E到TB1-F
40	0.359671	0.225248	0.377894	0.238090	/4.3
40	0.531412	0.225248	0.545079	0.238090	302
40	0.577475	0.227626	0.600253	0.240468	G2402
40	0.685039	0.227626	0.757930	0.240468	预润滑继电器接地
40	0.852359	0.225248	0.870582	0.238090	/1.8
40	0.038723	0.249029	0.052390	0.261870	270
40	0.087064	0.251407	0.105287	0.264248	6701
40	0.192351	0.251407	0.219685	0.264248	PCAN_H
40	0.359671	0.249029	0.382449	0.261870	/16.5
40	0.531412	0.249029	0.545079	0.261870	303
40	0.577475	0.251407	0.600253	0.264248	G2403
40	0.685039	0.251407	0.785264	0.264248	发动机机油压力开关接地
40	0.852359	0.249029	0.870582	0.261870	/1.8
40	0.038723	0.272809	0.052390	0.285651	271
40	0.087064	0.275187	0.105287	0.288029	6701
40	0.192351	0.275187	0.219685	0.288029	PCAN_H
40	0.359671	0.272809	0.391561	0.285651	=图/8.6
40	0.531412	0.272809	0.545079	0.285651	304
40	0.577475	0.275187	0.600253	0.288029	G2501
40	0.685039	0.275187	0.739707	0.288029	组合仪表接地
40	0.852359	0.272809	0.888805	0.285651	=图/13.3
40	0.038723	0.296590	0.052390	0.309431	272
40	0.087064	0.298968	0.105287	0.311809	6702
40	0.192351	0.298968	0.219685	0.311809	PCAN_L
40	0.359671	0.296590	0.382449	0.309431	/16.5
40	0.531412	0.296590	0.545079	0.309431	305
40	0.577475	0.298968	0.600253	0.311809	G2555
40	0.685039	0.298968	0.812598	0.311809	B3断路器到液压油位低报警开关
40	0.852359	0.296590	0.888805	0.309431	=图/16.3
40	0.038723	0.320370	0.052390	0.333212	273
40	0.087064	0.322749	0.105287	0.335590	6702
40	0.192351	0.322749	0.219685	0.335590	PCAN_L
40	0.359671	0.320370	0.391561	0.333212	=图/8.7
40	0.531412	0.320370	0.545079	0.333212	306
40	0.577475	0.322749	0.600253	0.335590	G2555
40	0.685039	0.322749	0.785264	0.335590	B3断路器到举升手柄供电
40	0.852359	0.320370	0.888805	0.333212	=图/16.3
40	0.038723	0.344151	0.052390	0.356993	274
40	0.087064	0.346529	0.105287	0.359371	6703
40	0.192351	0.346529	0.219685	0.359371	PCAN_S
40	0.359671	0.344151	0.382449	0.356993	/16.5
40	0.531412	0.344151	0.545079	0.356993	307
40	0.577475	0.346529	0.600253	0.359371	G3107
40	0.685039	0.346529	0.767041	0.359371	液压油位低开关接地
40	0.852359	0.344151	0.875138	0.356993	/20.2
40	0.038723	0.367932	0.052390	0.380773	275
40	0.087064	0.370310	0.105287	0.383151	6703
40	0.192351	0.370310	0.228796	0.383151	PCAN屏蔽
40	0.359671	0.367932	0.391561	0.380773	=图/8.7
40	0.531412	0.367932	0.545079	0.380773	308
40	0.577475	0.370310	0.600253	0.383151	G3119
40	0.685039	0.370310	0.748819	0.383151	举升电磁阀接地
40	0.852359	0.367932	0.875138	0.380773	/24.1
40	0.038723	0.391712	0.052390	0.404554	276
40	0.087064	0.394090	0.105287	0.406932	6908
40	0.192351	0.394090	0.247019	0.406932	F8到模块供电
40	0.359671	0.391712	0.391561	0.404554	=图/3.4
40	0.531412	0.391712	0.545079	0.404554	309
40	0.577475	0.394090	0.600253	0.406932	G3213
40	0.685039	0.394090	0.767041	0.406932	驻车释放电磁阀接地
40	0.852359	0.391712	0.875138	0.404554	/24.3
40	0.038723	0.415493	0.052390	0.428334	277
40	0.087064	0.417871	0.105287	0.430712	6910
40	0.192351	0.417871	0.247019	0.430712	F7到模块供电
40	0.359671	0.415493	0.391561	0.428334	=图/3.5
40	0.531412	0.415493	0.545079	0.428334	310
40	0.577475	0.417871	0.600253	0.430712	G3214
40	0.685039	0.417871	0.767041	0.430712	驻车释放电磁阀接地
40	0.852359	0.415493	0.875138	0.428334	/24.3
40	0.038723	0.439273	0.052390	0.452115	278
40	0.087064	0.441651	0.105287	0.454493	6926
40	0.192351	0.441651	0.301687	0.454493	控制器到预润滑起动继电器
40	0.359671	0.439273	0.391561	0.452115	=图/5.6
40	0.531412	0.439273	0.545079	0.452115	311
40	0.577475	0.441651	0.600253	0.454493	G3300
40	0.685039	0.441651	0.748819	0.454493	溢流电磁阀接地
40	0.852359	0.439273	0.875138	0.452115	/24.2
40	0.038723	0.463054	0.052390	0.475895	279
40	0.087064	0.465432	0.105287	0.478273	6930
40	0.192351	0.465432	0.251574	0.478273	F10到模块供电
40	0.359671	0.463054	0.391561	0.475895	=图/3.7
40	0.531412	0.463054	0.545079	0.475895	312
40	0.577475	0.465432	0.600253	0.478273	G3315
40	0.685039	0.465432	0.748819	0.478273	下降电磁阀接地
40	0.852359	0.463054	0.875138	0.475895	/24.2
40	0.038723	0.486834	0.052390	0.499676	280
40	0.087064	0.489213	0.105287	0.502054	6932
40	0.192351	0.489213	0.247019	0.502054	F9到模块供电
40	0.359671	0.486834	0.391561	0.499676	=图/3.4
40	0.531412	0.486834	0.545079	0.499676	313
40	0.577475	0.489213	0.600253	0.502054	G3512
40	0.685039	0.489213	0.776152	0.502054	蓄能器卸荷电磁阀接地
40	0.852359	0.486834	0.875138	0.499676	/24.1
40	0.038723	0.510615	0.052390	0.523457	281
40	0.087064	0.512993	0.105287	0.525835	6943
40	0.192351	0.512993	0.224241	0.525835	MCAN_TR
40	0.359671	0.510615	0.391561	0.523457	=图/6.2
40	0.531412	0.510615	0.545079	0.523457	314
40	0.577475	0.512993	0.600253	0.525835	G3612
40	0.685039	0.512993	0.776152	0.525835	液压油冷却电磁阀接地
40	0.852359	0.510615	0.875138	0.523457	/24.4
40	0.038723	0.534396	0.052390	0.547237	282
40	0.087064	0.536774	0.105287	0.549615	6946
40	0.192351	0.536774	0.247019	0.549615	模块地址输入
40	0.359671	0.534396	0.391561	0.547237	=图/6.2
40	0.531412	0.534396	0.545079	0.547237	315
40	0.577475	0.536774	0.600253	0.549615	G4111
40	0.685039	0.536774	0.757930	0.549615	远光灯继电器接地
40	0.852359	0.534396	0.884249	0.547237	=图/4.5
40	0.038723	0.558176	0.052390	0.571018	283
40	0.087064	0.560554	0.105287	0.573396	6948
40	0.192351	0.560554	0.247019	0.573396	模块地址输入
40	0.359671	0.558176	0.428006	0.571018	=图/2.7;=图/6.2
40	0.531412	0.558176	0.545079	0.571018	316
40	0.577475	0.560554	0.600253	0.573396	G4211
40	0.685039	0.560554	0.757930	0.573396	近光灯继电器接地
40	0.852359	0.558176	0.884249	0.571018	=图/5.2
40	0.038723	0.581957	0.052390	0.594798	284
40	0.087064	0.584335	0.105287	0.597176	6948
40	0.192351	0.584335	0.247019	0.597176	模块地址输入
40	0.359671	0.581957	0.391561	0.594798	=图/6.2
40	0.531412	0.581957	0.545079	0.594798	317
40	0.577475	0.584335	0.600253	0.597176	G4320
40	0.685039	0.584335	0.739707	0.597176	开关照明接地
40	0.852359	0.581957	0.875138	0.594798	/11.2
40	0.038723	0.605737	0.052390	0.618579	285
40	0.087064	0.608115	0.105287	0.620957	6974
40	0.192351	0.608115	0.251574	0.620957	F11到模块供电
40	0.359671	0.605737	0.391561	0.618579	=图/3.8
40	0.531412	0.605737	0.545079	0.618579	318
40	0.577475	0.608115	0.600253	0.620957	G4320
40	0.685039	0.608115	0.739707	0.620957	开关照明接地
40	0.852359	0.605737	0.875138	0.618579	/11.3
40	0.038723	0.629518	0.052390	0.642359	286
40	0.087064	0.631896	0.105287	0.644737	7101
40	0.192351	0.631896	0.292575	0.644737	B8断路器到集中润滑供电
40	0.359671	0.629518	0.396116	0.642359	=图/16.2
40	0.531412	0.629518	0.545079	0.642359	319
40	0.577475	0.631896	0.600253	0.644737	G4445
40	0.685039	0.631896	0.757930	0.644737	后照灯继电器接地
40	0.852359	0.629518	0.884249	0.642359	=图/5.3
40	0.038723	0.653299	0.052390	0.666140	287
40	0.087064	0.655677	0.105287	0.668518	7117
40	0.192351	0.655677	0.310798	0.668518	集中润滑开关到集中润滑系统
40	0.359671	0.653299	0.391561	0.666140	=图/7.7
40	0.531412	0.653299	0.545079	0.666140	320
40	0.577475	0.655677	0.600253	0.668518	G4511
40	0.685039	0.655677	0.748819	0.668518	雾灯继电器接地
40	0.852359	0.653299	0.884249	0.666140	=图/5.4
40	0.038723	0.677079	0.052390	0.689921	288
40	0.087064	0.679457	0.105287	0.692299	7201
40	0.192351	0.679457	0.251574	0.692299	称重系统CAN_H
40	0.359671	0.677079	0.382449	0.689921	/15.5
40	0.531412	0.677079	0.545079	0.689921	321
40	0.577475	0.679457	0.600253	0.692299	G4521
40	0.685039	0.679457	0.757930	0.692299	工作灯继电器接地
40	0.852359	0.677079	0.884249	0.689921	=图/5.5
40	0.038723	0.700860	0.052390	0.713701	289
40	0.087064	0.703238	0.105287	0.716079	7202
40	0.192351	0.703238	0.251574	0.716079	称重系统CAN_L
40	0.359671	0.700860	0.382449	0.713701	/15.5
40	0.531412	0.700860	0.545079	0.713701	322
40	0.577475	0.703238	0.600253	0.716079	G5114
40	0.685039	0.703238	0.748819	0.716079	喇叭继电器接地
40	0.852359	0.700860	0.884249	0.713701	=图/5.2
40	0.038723	0.724640	0.052390	0.737482	290
40	0.087064	0.727018	0.105287	0.739860	7221
40	0.192351	0.727018	0.256130	0.739860	称重传感器供电
40	0.359671	0.724640	0.382449	0.737482	/15.4
40	0.531412	0.724640	0.545079	0.737482	323
40	0.577475	0.727018	0.600253	0.739860	G5123
40	0.685039	0.727018	0.757930	0.739860	倒车灯继电器接地
40	0.852359	0.724640	0.884249	0.737482	=图/5.3
40	0.038723	0.748421	0.052390	0.761262	291
40	0.087064	0.750799	0.105287	0.763640	7222
40	0.192351	0.748595	0.256130	0.761436	称重传感器供电
40	0.359671	0.748421	0.382449	0.761262	/20.7
40	0.531412	0.748421	0.545079	0.761262	324
40	0.577475	0.750799	0.600253	0.763640	G5125
40	0.685039	0.750799	0.767041	0.763640	雨刷慢档继电器接地
40	0.852359	0.748421	0.884249	0.761262	=图/5.5
40	0.038723	0.772202	0.052390	0.785043	292
40	0.087064	0.774580	0.105287	0.787421	7226
40	0.192351	0.774580	0.329021	0.787421	称重系统左前悬缸压力传感器信号
40	0.359671	0.772202	0.382449	0.785043	/15.4
40	0.531412	0.772202	0.545079	0.785043	325
40	0.577475	0.774580	0.600253	0.787421	G5215
40	0.685039	0.774580	0.739707	0.787421	空调系统接地
40	0.852359	0.772202	0.888805	0.785043	=图/14.2
40	0.038723	0.795982	0.052390	0.808824	293
40	0.087064	0.798360	0.105287	0.811202	7227
40	0.192351	0.798360	0.329021	0.811202	称重系统右前悬缸压力传感器信号
40	0.359671	0.795982	0.382449	0.808824	/15.4
40	0.531412	0.795982	0.545079	0.808824	326
40	0.577475	0.798360	0.600253	0.811202	G5875
40	0.685039	0.798360	0.730596	0.811202	控制器接地
40	0.852359	0.795982	0.888805	0.808824	=图/12.6
40	0.038723	0.819763	0.052390	0.832604	294
40	0.087064	0.822141	0.105287	0.834982	7228
40	0.192351	0.822141	0.329021	0.834982	称重系统左后悬缸压力传感器信号
40	0.359671	0.819763	0.382449	0.832604	/15.4
40	0.531412	0.819763	0.545079	0.832604	327
40	0.577475	0.822141	0.600253	0.834982	G5876
40	0.685039	0.822141	0.730596	0.834982	控制器接地
40	0.852359	0.819763	0.888805	0.832604	=图/12.6
40	0.038723	0.843543	0.052390	0.856385	295
40	0.087064	0.845921	0.105287	0.858763	7229
40	0.192351	0.845921	0.329021	0.858763	称重系统右后悬缸压力传感器信号
40	0.359671	0.843543	0.382449	0.856385	/15.5
40	0.531412	0.843543	0.545079	0.856385	328
40	0.577475	0.845921	0.600253	0.858763	G6001
40	0.685039	0.845921	0.730596	0.858763	接线排接地
40	0.852359	0.843543	0.884249	0.856385	=图/4.4
40	0.038723	0.867324	0.052390	0.880165	296
40	0.087064	0.869702	0.105287	0.882543	7301
40	0.192351	0.869702	0.274353	0.882543	B7断路器到自动灭火
40	0.359671	0.867324	0.396116	0.880165	=图/14.4
40	0.531412	0.867324	0.545079	0.880165	329
40	0.577475	0.869702	0.600253	0.882543	G6011
40	0.685039	0.869702	0.739707	0.882543	TB4-A到TB4-B
40	0.852359	0.867324	0.884249	0.880165	=图/4.4
40	0.038723	0.891104	0.052390	0.903946	297
40	0.087064	0.893483	0.105287	0.906324	7302
40	0.192351	0.893483	0.338132	0.906324	发动机起动停止开关到自动灭火系统
40	0.359671	0.891104	0.396116	0.903946	=图/14.4
40	0.531412	0.891104	0.545079	0.903946	330
40	0.577475	0.893483	0.600253	0.906324	G6012
40	0.685039	0.893483	0.739707	0.906324	TB4-B到TB4-C
40	0.852359	0.891104	0.884249	0.903946	=图/4.5
40	0.022340	0.937118	0.047649	0.954954	车型
40	0.060742	0.937118	0.142998	0.954954	NTE200-Russia
40	0.222866	0.937368	0.248175	0.955203	内容
40	0.259843	0.937118	0.310461	0.954954	线号列表
40	0.472019	0.937118	0.661839	0.954954	内蒙古北方重型汽车股份有限公司
40	0.679134	0.937118	0.704443	0.954954	版本
40	0.717000	0.936577	0.723327	0.954412	A
40	0.746625	0.937118	0.771935	0.954954	图号
40	0.777840	0.937118	0.828459	0.954954	20062776
40	0.867688	0.937118	0.897216	0.954954	第11
40	0.901434	0.937118	0.934336	0.954954	页共
40	0.944882	0.933706	0.957537	0.951541	12
40	0.968926	0.937118	0.981580	0.954954	页
40	0.071077	0.960899	0.077404	0.978734	1
40	0.192562	0.960899	0.198889	0.978734	2
40	0.314047	0.960899	0.320374	0.978734	3
40	0.435532	0.960899	0.441859	0.978734	4
40	0.557016	0.960899	0.563344	0.978734	5
40	0.678501	0.960899	0.684828	0.978734	6
40	0.799986	0.960899	0.806313	0.978734	7
40	0.921471	0.960899	0.927798	0.978734	8
41	0.067702	0.023944	0.074030	0.041779	1
41	0.192562	0.023944	0.198889	0.041779	2
41	0.310672	0.023944	0.316999	0.041779	3
41	0.435532	0.023944	0.441859	0.041779	4
41	0.557016	0.023944	0.563344	0.041779	5
41	0.681876	0.023944	0.688203	0.041779	6
41	0.799986	0.023944	0.806313	0.041779	7
41	0.921471	0.023944	0.927798	0.041779	8
41	0.231159	0.077605	0.281777	0.095440	线号列表
41	0.031215	0.101385	0.056524	0.119221	序号
41	0.085208	0.101385	0.110517	0.119221	线号
41	0.125703	0.101385	0.184758	0.119221	线径颜色
41	0.248032	0.101385	0.298650	0.119221	功能描述
41	0.403989	0.103242	0.429298	0.121078	位置
41	0.038723	0.130126	0.052390	0.142967	331
41	0.084786	0.132504	0.107565	0.145345	G6926
41	0.192351	0.132504	0.283464	0.145345	预润滑起动继电器接地
41	0.359671	0.130126	0.391561	0.142967	=图/5.6
41	0.038723	0.153906	0.052390	0.166748	332
41	0.084786	0.156284	0.107565	0.169126	G6966
41	0.192351	0.156284	0.283464	0.169126	发动机起动继电器接地
41	0.359671	0.153906	0.391561	0.166748	=图/5.7
41	0.038723	0.177687	0.052390	0.190528	333
41	0.084786	0.180065	0.107565	0.192906	G7222
41	0.192351	0.177861	0.256130	0.190702	称重传感器接地
41	0.359671	0.177687	0.382449	0.190528	/20.7
41	0.038723	0.201468	0.052390	0.214309	334
41	0.089342	0.203846	0.103009	0.216687	KS1
41	0.192351	0.203846	0.265241	0.216687	电源总开关电源线
41	0.359671	0.201468	0.391561	0.214309	=图/1.1
41	0.038723	0.225248	0.052390	0.238090	335
41	0.091620	0.227626	0.100731	0.240468	N1
41	0.192351	0.227626	0.256130	0.240468	起动继电器供电
41	0.359671	0.225248	0.377894	0.238090	/1.4
41	0.038723	0.249029	0.052390	0.261870	336
41	0.089342	0.251407	0.103009	0.264248	X30
41	0.192351	0.251407	0.219685	0.264248	负极线
41	0.359671	0.249029	0.464451	0.261870	=图/1.1;=图/1.1;=图/1.2
41	0.038723	0.272809	0.052390	0.285651	337
41	0.089342	0.275187	0.103009	0.288029	X30
41	0.192351	0.275187	0.219685	0.288029	负极线
41	0.359671	0.272809	0.428006	0.285651	=图/1.1;=图/1.1
41	0.038723	0.296590	0.052390	0.309431	338
41	0.087064	0.298968	0.105287	0.311809	X30A
41	0.192351	0.298968	0.219685	0.311809	负极线
41	0.359671	0.296590	0.464451	0.309431	=图/1.1;=图/1.1;=图/1.1
41	0.022340	0.937118	0.047649	0.954954	车型
41	0.060742	0.937118	0.142998	0.954954	NTE200-Russia
41	0.222866	0.937368	0.248175	0.955203	内容
41	0.259843	0.937118	0.310461	0.954954	线号列表
41	0.472019	0.937118	0.661839	0.954954	内蒙古北方重型汽车股份有限公司
41	0.679134	0.937118	0.704443	0.954954	版本
41	0.717000	0.936577	0.723327	0.954412	A
41	0.746625	0.937118	0.771935	0.954954	图号
41	0.777840	0.937118	0.828459	0.954954	20062776
41	0.867688	0.937118	0.897216	0.954954	第12
41	0.901434	0.937118	0.934336	0.954954	页共
41	0.944882	0.933706	0.957537	0.951541	12
41	0.968926	0.937118	0.981580	0.954954	页
41	0.071077	0.960899	0.077404	0.978734	1
41	0.192562	0.960899	0.198889	0.978734	2
41	0.314047	0.960899	0.320374	0.978734	3
41	0.435532	0.960899	0.441859	0.978734	4
41	0.557016	0.960899	0.563344	0.978734	5
41	0.678501	0.960899	0.684828	0.978734	6
41	0.799986	0.960899	0.806313	0.978734	7
41	0.921471	0.960899	0.927798	0.978734	8
