0	0.011225	0.011088	0.015128	0.012517	RED
0	0.024363	0.011050	0.027033	0.012479	DC
0	0.027547	0.011050	0.036281	0.012479	VOLTAGE
0	0.112353	0.011581	0.118003	0.013009	NOTE:
0	0.598088	0.010709	0.605177	0.012138	ENGINE
0	0.605691	0.010709	0.610416	0.012138	FUEL
0	0.610930	0.010709	0.624900	0.012138	TEMPERATURE
0	0.825441	0.010709	0.832530	0.012138	ENGINE
0	0.833044	0.010709	0.837770	0.012138	FUEL
0	0.838284	0.010709	0.852254	0.012138	TEMPERATURE
0	0.011225	0.013626	0.016055	0.015055	BLUE
0	0.024314	0.013626	0.029860	0.015055	INPUT
0	0.030374	0.013626	0.037156	0.015055	SIGNAL
0	0.114461	0.013209	0.119906	0.014638	SOME
0	0.120420	0.013209	0.122988	0.014638	OF
0	0.123502	0.013209	0.127200	0.014638	THE
0	0.127713	0.013209	0.136444	0.014638	CIRCUITS
0	0.136958	0.013209	0.144045	0.014638	SHOWN
0	0.144559	0.013209	0.149695	0.014638	HERE
0	0.150209	0.013209	0.154524	0.014638	WILL
0	0.155038	0.013209	0.158941	0.014638	NOT
0	0.159455	0.013209	0.161921	0.014638	BE
0	0.162435	0.013209	0.169113	0.014638	ACTIVE
0	0.169627	0.013209	0.171476	0.014638	IN
0	0.171990	0.013209	0.175279	0.014638	ALL
0	0.175793	0.013209	0.189767	0.014638	APPLICATIONS.
0	0.190281	0.013209	0.199115	0.014638	CONSULT
0	0.199629	0.013209	0.203327	0.014638	THE
0	0.598431	0.013588	0.606239	0.015017	SENSOR
0	0.606753	0.013588	0.614455	0.015017	RETURN
0	0.614969	0.013588	0.615997	0.015017	1
0	0.825735	0.013588	0.833543	0.015017	SENSOR
0	0.834057	0.013588	0.841760	0.015017	RETURN
0	0.842274	0.013588	0.843302	0.015017	1
0	0.114412	0.014952	0.125403	0.016380	EQUIPMENT
0	0.125917	0.014952	0.143275	0.016380	MANUFACTURER´S
0	0.143789	0.014952	0.155294	0.016380	LITERATURE
0	0.155808	0.014952	0.158376	0.016380	TO
0	0.158890	0.014952	0.169778	0.016380	DETERMINE
0	0.170292	0.014952	0.176556	0.016380	WHICH
0	0.177070	0.014952	0.185800	0.016380	CIRCUITS
0	0.186314	0.014952	0.190116	0.016380	ARE
0	0.190630	0.014952	0.196280	0.016380	USED.
0	0.011225	0.016164	0.017288	0.017593	BLACK
0	0.024510	0.015975	0.034473	0.017403	GROUNDS,
0	0.034987	0.015975	0.042899	0.017403	SHIELDS
0	0.043413	0.015975	0.047316	0.017403	AND
0	0.047830	0.015975	0.056765	0.017403	RETURNS
0	0.598480	0.016164	0.604543	0.017593	PULSE
0	0.605057	0.016164	0.611116	0.017593	WIDTH
0	0.611630	0.016164	0.623956	0.017593	MODULATION
0	0.825833	0.016164	0.831896	0.017593	PULSE
0	0.832410	0.016164	0.838469	0.017593	WIDTH
0	0.838983	0.016164	0.851309	0.017593	MODULATION
0	0.011225	0.018740	0.018623	0.020168	PURPLE
0	0.024412	0.018626	0.032012	0.020055	OUTPUT
0	0.032526	0.018626	0.039308	0.020055	SIGNAL
0	0.598480	0.018740	0.604543	0.020168	PULSE
0	0.605057	0.018740	0.611116	0.020168	WIDTH
0	0.611630	0.018740	0.623956	0.020168	MODULATION
0	0.825833	0.018740	0.831896	0.020168	PULSE
0	0.832410	0.018740	0.838469	0.020168	WIDTH
0	0.838983	0.018740	0.851309	0.020168	MODULATION
0	0.011275	0.021278	0.017849	0.022706	GREEN
0	0.024461	0.021278	0.029392	0.022706	DATA
0	0.029906	0.021278	0.035249	0.022706	LINKS
0	0.598284	0.021315	0.605373	0.022744	ENGINE
0	0.605887	0.021315	0.608867	0.022744	OIL
0	0.609381	0.021315	0.614619	0.022744	BURN
0	0.615133	0.021315	0.621094	0.022744	VALVE
0	0.825637	0.021315	0.832726	0.022744	ENGINE
0	0.833240	0.021315	0.836220	0.022744	OIL
0	0.836734	0.021315	0.841972	0.022744	BURN
0	0.842486	0.021315	0.848447	0.022744	VALVE
0	0.212990	0.022887	0.230622	0.025268	CUSTOMER
0	0.231479	0.022887	0.248942	0.025268	INTERFACE
0	0.249798	0.022887	0.256306	0.025268	BOX
0	0.264559	0.022887	0.276373	0.025268	ENGINE
0	0.277230	0.022887	0.292126	0.025268	HARNESS
0	0.292982	0.022887	0.300175	0.025268	SIDE
0	0.598284	0.023853	0.605373	0.025282	ENGINE
0	0.605887	0.023853	0.608867	0.025282	OIL
0	0.609381	0.023853	0.614619	0.025282	BURN
0	0.615133	0.023853	0.621094	0.025282	VALVE
0	0.024363	0.025028	0.036896	0.026456	REPRESENTS
0	0.037410	0.025028	0.044808	0.026456	FEMALE
0	0.045322	0.025028	0.049637	0.026456	PINS
0	0.558725	0.026391	0.562425	0.027820	SAE
0	0.562939	0.026391	0.567975	0.027820	J1939
0	0.568489	0.026391	0.573420	0.027820	DATA
0	0.573934	0.026391	0.578044	0.027820	LINK
0	0.578558	0.026391	0.585236	0.027820	SHIELD
0	0.024363	0.027603	0.036896	0.029032	REPRESENTS
0	0.037410	0.027603	0.042445	0.029032	MALE
0	0.042959	0.027603	0.047274	0.029032	PINS
0	0.556618	0.028929	0.560317	0.030358	SAE
0	0.560831	0.028929	0.565868	0.030358	J1939
0	0.566382	0.028929	0.571312	0.030358	DATA
0	0.571826	0.028929	0.575937	0.030358	LINK
0	0.576450	0.028929	0.585800	0.030358	NEGATIVE
0	0.024363	0.031505	0.036896	0.032934	REPRESENTS
0	0.037410	0.031505	0.045730	0.032934	TWISTED
0	0.046244	0.031505	0.050559	0.032934	PAIR
0	0.251324	0.031391	0.255023	0.032820	SAE
0	0.255537	0.031391	0.260573	0.032820	J1939
0	0.261087	0.031391	0.266018	0.032820	DATA
0	0.266532	0.031391	0.270642	0.032820	LINK
0	0.557255	0.031429	0.560955	0.032858	SAE
0	0.561468	0.031429	0.566505	0.032858	J1939
0	0.567019	0.031429	0.571950	0.032858	DATA
0	0.572464	0.031429	0.576574	0.032858	LINK
0	0.577088	0.031429	0.585617	0.032858	POSITIVE
0	0.249608	0.033134	0.259882	0.034562	BACKBONE
0	0.260396	0.033134	0.272310	0.034562	CONNECTOR
0	0.269608	0.035368	0.273307	0.036797	SAE
0	0.273821	0.035368	0.278858	0.036797	J1939
0	0.279372	0.035368	0.284303	0.036797	DATA
0	0.284817	0.035368	0.288927	0.036797	LINK
0	0.289441	0.035368	0.297969	0.036797	POSITIVE
0	0.700980	0.034990	0.704680	0.036418	SAE
0	0.705194	0.034990	0.710230	0.036418	J1939
0	0.710744	0.034990	0.715675	0.036418	DATA
0	0.716189	0.034990	0.720299	0.036418	LINK
0	0.720813	0.034990	0.729342	0.036418	POSITIVE
0	0.024363	0.037906	0.036896	0.039335	REPRESENTS
0	0.037410	0.037906	0.044088	0.039335	SHIELD
0	0.220147	0.036921	0.223231	0.038350	120
0	0.223745	0.036921	0.228058	0.038350	OHM
0	0.228572	0.036921	0.241309	0.038350	TERMINATION
0	0.231765	0.038626	0.241216	0.040055	RESISTOR
0	0.260441	0.038929	0.261674	0.040358	B
0	0.260588	0.036391	0.261821	0.037820	A
0	0.269608	0.037906	0.273307	0.039335	SAE
0	0.273821	0.037906	0.278858	0.039335	J1939
0	0.279372	0.037906	0.284303	0.039335	DATA
0	0.284817	0.037906	0.288927	0.039335	LINK
0	0.289441	0.037906	0.298790	0.039335	NEGATIVE
0	0.700147	0.037528	0.703847	0.038956	SAE
0	0.704361	0.037528	0.709397	0.038956	J1939
0	0.709911	0.037528	0.714842	0.038956	DATA
0	0.715356	0.037528	0.719466	0.038956	LINK
0	0.719980	0.037528	0.729330	0.038956	NEGATIVE
0	0.735147	0.038967	0.736380	0.040396	B
0	0.735245	0.036391	0.736478	0.037820	A
0	0.753382	0.036808	0.756466	0.038237	120
0	0.753431	0.038512	0.762883	0.039941	RESISTOR
0	0.756980	0.036808	0.761294	0.038237	OHM
0	0.761808	0.036808	0.774544	0.038237	TERMINATION
0	0.269608	0.040482	0.273307	0.041911	SAE
0	0.273821	0.040482	0.278858	0.041911	J1939
0	0.279372	0.040482	0.284303	0.041911	DATA
0	0.284817	0.040482	0.288927	0.041911	LINK
0	0.289441	0.040482	0.296119	0.041911	SHIELD
0	0.702843	0.040103	0.706543	0.041532	SAE
0	0.707057	0.040103	0.712093	0.041532	J1939
0	0.712607	0.040103	0.717538	0.041532	DATA
0	0.718052	0.040103	0.722162	0.041532	LINK
0	0.722676	0.040103	0.729354	0.041532	SHIELD
0	0.260490	0.041505	0.261825	0.042933	C
0	0.735196	0.041505	0.736531	0.042933	C
0	0.374363	0.048000	0.381210	0.050382	ECM
0	0.382066	0.048000	0.383780	0.050382	3
0	0.384636	0.048000	0.397819	0.050382	SOURCE
0	0.398676	0.048000	0.413571	0.050382	ADDRESS
0	0.414428	0.048000	0.417855	0.050382	00
0	0.418711	0.048000	0.425731	0.050382	OEM
0	0.426587	0.048000	0.446444	0.050382	CONNECTOR
0	0.483186	0.049346	0.490889	0.050774	RETURN
0	0.475539	0.050444	0.476772	0.051873	A
0	0.370441	0.051618	0.374141	0.053047	SAE
0	0.374655	0.051618	0.379691	0.053047	J1939
0	0.380205	0.051618	0.385136	0.053047	DATA
0	0.385650	0.051618	0.389760	0.053047	LINK
0	0.390274	0.051618	0.398803	0.053047	POSITIVE
0	0.483235	0.051884	0.491762	0.053312	BATTERY
0	0.492276	0.051884	0.499572	0.053312	SUPPLY
0	0.405490	0.052982	0.407546	0.054411	01
0	0.475392	0.053134	0.476625	0.054562	B
0	0.369853	0.054422	0.373553	0.055850	SAE
0	0.374067	0.054422	0.379103	0.055850	J1939
0	0.379617	0.054422	0.384548	0.055850	DATA
0	0.385062	0.054422	0.389172	0.055850	LINK
0	0.389686	0.054422	0.399035	0.055850	NEGATIVE
0	0.483431	0.054308	0.487131	0.055737	SAE
0	0.487645	0.054308	0.492681	0.055737	J1939
0	0.493195	0.054308	0.498126	0.055737	DATA
0	0.498640	0.054308	0.502750	0.055737	LINK
0	0.503264	0.054308	0.511793	0.055737	POSITIVE
0	0.371225	0.057035	0.374925	0.058464	SAE
0	0.375439	0.057035	0.380475	0.058464	J1939
0	0.380989	0.057035	0.385920	0.058464	DATA
0	0.386434	0.057035	0.390544	0.058464	LINK
0	0.391058	0.057035	0.397736	0.058464	SHIELD
0	0.405539	0.055558	0.407595	0.056987	21
0	0.434853	0.056391	0.442969	0.057820	SERVICE
0	0.443483	0.056391	0.448620	0.057820	PORT
0	0.449134	0.056391	0.461048	0.057820	CONNECTOR
0	0.475441	0.055634	0.476776	0.057062	C
0	0.483431	0.057111	0.487131	0.058540	SAE
0	0.487645	0.057111	0.492681	0.058540	J1939
0	0.493195	0.057111	0.498126	0.058540	DATA
0	0.498640	0.057111	0.502750	0.058540	LINK
0	0.503264	0.057111	0.512614	0.058540	NEGATIVE
0	0.405490	0.058096	0.407546	0.059524	38
0	0.475392	0.058247	0.476727	0.059676	D
0	0.375049	0.059687	0.382138	0.061115	ENGINE
0	0.382652	0.059687	0.385632	0.061115	OIL
0	0.386146	0.059687	0.391384	0.061115	BURN
0	0.391898	0.059687	0.397858	0.061115	VALVE
0	0.405637	0.060634	0.407693	0.062062	32
0	0.475392	0.060785	0.476625	0.062214	E
0	0.483529	0.059762	0.487229	0.061191	SAE
0	0.487743	0.059762	0.492779	0.061191	J1939
0	0.493293	0.059762	0.498224	0.061191	DATA
0	0.498738	0.059762	0.502848	0.061191	LINK
0	0.503362	0.059762	0.510040	0.061191	SHIELD
0	0.375049	0.062149	0.382138	0.063577	ENGINE
0	0.382652	0.062149	0.385632	0.063577	OIL
0	0.386146	0.062149	0.391384	0.063577	BURN
0	0.391898	0.062149	0.397858	0.063577	VALVE
0	0.405637	0.063209	0.407693	0.064638	59
0	0.483431	0.063247	0.487131	0.064676	SAE
0	0.487645	0.063247	0.492681	0.064676	J1939
0	0.493195	0.063247	0.498126	0.064676	DATA
0	0.498640	0.063247	0.502750	0.064676	LINK
0	0.503264	0.063247	0.504292	0.064676	2
0	0.504806	0.063247	0.513335	0.064676	POSITIVE
0	0.699412	0.063361	0.703111	0.064790	SAE
0	0.703625	0.063361	0.708662	0.064790	J1939
0	0.709176	0.063361	0.714107	0.064790	DATA
0	0.714621	0.063361	0.718731	0.064790	LINK
0	0.719245	0.063361	0.720273	0.064790	2
0	0.720787	0.063361	0.729315	0.064790	POSITIVE
0	0.380539	0.064725	0.388347	0.066153	SENSOR
0	0.388861	0.064725	0.396563	0.066153	RETURN
0	0.397077	0.064725	0.398105	0.066153	1
0	0.475539	0.064535	0.476772	0.065964	A
0	0.735245	0.064384	0.736478	0.065812	A
0	0.753480	0.064649	0.756564	0.066077	120
0	0.757078	0.064649	0.761392	0.066077	OHM
0	0.761906	0.064649	0.774642	0.066077	TERMINATION
0	0.256324	0.065576	0.259750	0.067957	31
0	0.260607	0.065576	0.265744	0.067957	PIN
0	0.371029	0.067300	0.378118	0.068729	ENGINE
0	0.378632	0.067300	0.383358	0.068729	FUEL
0	0.383872	0.067300	0.397842	0.068729	TEMPERATURE
0	0.429461	0.066581	0.432545	0.068009	120
0	0.433059	0.066581	0.437372	0.068009	OHM
0	0.437886	0.066581	0.450623	0.068009	TERMINATION
0	0.451137	0.066581	0.460588	0.068009	RESISTOR
0	0.475392	0.067073	0.476625	0.068502	B
0	0.483431	0.066050	0.487131	0.067479	SAE
0	0.487645	0.066050	0.492681	0.067479	J1939
0	0.493195	0.066050	0.498126	0.067479	DATA
0	0.498640	0.066050	0.502750	0.067479	LINK
0	0.503264	0.066050	0.504292	0.067479	2
0	0.504806	0.066050	0.514156	0.067479	NEGATIVE
0	0.698627	0.065937	0.702327	0.067365	SAE
0	0.702841	0.065937	0.707877	0.067365	J1939
0	0.708391	0.065937	0.713322	0.067365	DATA
0	0.713836	0.065937	0.717946	0.067365	LINK
0	0.718460	0.065937	0.719488	0.067365	2
0	0.720002	0.065937	0.729352	0.067365	NEGATIVE
0	0.735147	0.066959	0.736380	0.068388	B
0	0.753529	0.066353	0.762981	0.067782	RESISTOR
0	0.251029	0.068455	0.270886	0.070836	CONNECTOR
0	0.384559	0.069876	0.388257	0.071305	FAN
0	0.388771	0.069876	0.397810	0.071305	CONTROL
0	0.405637	0.068323	0.407693	0.069752	36
0	0.475441	0.069611	0.476776	0.071040	C
0	0.483529	0.068702	0.487229	0.070131	SAE
0	0.487743	0.068702	0.492779	0.070131	J1939
0	0.493293	0.068702	0.498224	0.070131	DATA
0	0.498738	0.068702	0.502848	0.070131	LINK
0	0.503362	0.068702	0.504390	0.070131	2
0	0.504904	0.068702	0.511582	0.070131	SHIELD
0	0.701274	0.068475	0.704974	0.069903	SAE
0	0.705488	0.068475	0.710524	0.069903	J1939
0	0.711038	0.068475	0.715969	0.069903	DATA
0	0.716483	0.068475	0.720593	0.069903	LINK
0	0.721107	0.068475	0.722135	0.069903	2
0	0.722649	0.068475	0.729327	0.069903	SHIELD
0	0.735196	0.069497	0.736531	0.070926	C
0	0.110343	0.071694	0.113632	0.073123	47K
0	0.114146	0.071694	0.116816	0.073123	NC
0	0.137745	0.072338	0.148635	0.073767	ALTERNATE
0	0.149149	0.072338	0.157058	0.073767	TORQUE
0	0.157572	0.072338	0.164864	0.073767	SWITCH
0	0.269853	0.072338	0.280743	0.073767	ALTERNATE
0	0.281257	0.072338	0.289166	0.073767	TORQUE
0	0.289680	0.072338	0.296972	0.073767	SWITCH
0	0.405686	0.070861	0.407742	0.072290	44
0	0.259804	0.073475	0.261860	0.074903	12
0	0.405637	0.073399	0.407693	0.074827	56
0	0.110343	0.076808	0.113632	0.078237	47K
0	0.114146	0.076808	0.116816	0.078237	NC
0	0.137598	0.077528	0.144378	0.078956	DROOP
0	0.144892	0.077528	0.152084	0.078956	SELECT
0	0.152598	0.077528	0.159890	0.078956	SWITCH
0	0.259804	0.078588	0.261860	0.080017	13
0	0.269706	0.077528	0.276486	0.078956	DROOP
0	0.277000	0.077528	0.284192	0.078956	SELECT
0	0.284706	0.077528	0.291998	0.078956	SWITCH
0	0.405637	0.078512	0.407693	0.079941	34
0	0.509559	0.077944	0.514079	0.079373	LEFT
0	0.514593	0.077944	0.519628	0.079373	BANK
0	0.520142	0.077944	0.526509	0.079373	FRONT
0	0.527023	0.077944	0.536371	0.079373	CYLINDER
0	0.536885	0.077944	0.543870	0.079373	DRIVER
0	0.544384	0.077944	0.545412	0.079373	8
0	0.545926	0.077944	0.549008	0.079373	PIN
0	0.549522	0.077944	0.561436	0.079373	CONNECTOR
0	0.716961	0.078341	0.730143	0.080722	SOURCE
0	0.729559	0.075766	0.736406	0.078147	ECM
0	0.731000	0.078341	0.745896	0.080722	ADDRESS
0	0.737263	0.075766	0.738976	0.078147	1
0	0.746752	0.078341	0.751892	0.080722	144
0	0.137647	0.083891	0.145455	0.085320	SENSOR
0	0.145969	0.083891	0.153264	0.085320	SUPPLY
0	0.153778	0.083891	0.154806	0.085320	1
0	0.259902	0.082414	0.261958	0.083843	07
0	0.259902	0.084952	0.261958	0.086381	08
0	0.269706	0.081581	0.277408	0.083009	RETURN
0	0.269755	0.084118	0.270783	0.085547	5
0	0.271297	0.084118	0.276126	0.085547	VOLT
0	0.276640	0.084118	0.283936	0.085547	SUPPLY
0	0.405637	0.082376	0.407693	0.083805	22
0	0.405637	0.084914	0.407693	0.086343	26
0	0.411275	0.082906	0.420519	0.084335	INJECTOR
0	0.411373	0.084611	0.420720	0.086040	CYLINDER
0	0.421033	0.082906	0.430588	0.084335	SOLENOID
0	0.421234	0.084611	0.422262	0.086040	1
0	0.431102	0.082906	0.438087	0.084335	DRIVER
0	0.460441	0.084990	0.461469	0.086418	1
0	0.460588	0.082414	0.461616	0.083843	2
0	0.468039	0.081315	0.475742	0.082744	RETURN
0	0.468088	0.083853	0.474870	0.085282	SIGNAL
0	0.535245	0.082452	0.536478	0.083880	B
0	0.535245	0.084990	0.536478	0.086418	A
0	0.707255	0.084118	0.716499	0.085547	INJECTOR
0	0.707549	0.081543	0.716793	0.082971	INJECTOR
0	0.717013	0.084118	0.726568	0.085547	SOLENOID
0	0.717307	0.081543	0.726862	0.082971	SOLENOID
0	0.727082	0.084118	0.728110	0.085547	1
0	0.727376	0.081543	0.728404	0.082971	1
0	0.734608	0.082414	0.736664	0.083843	53
0	0.734608	0.085028	0.736664	0.086456	57
0	0.087892	0.086997	0.097242	0.088426	OPTIONAL
0	0.155343	0.091543	0.162125	0.092971	SIGNAL
0	0.259902	0.087528	0.261958	0.088956	05
0	0.259902	0.090065	0.261958	0.091494	06
0	0.269706	0.088853	0.273918	0.090282	OEM
0	0.269755	0.086467	0.273967	0.087896	OEM
0	0.274432	0.088853	0.288402	0.090282	TEMPERATURE
0	0.274481	0.086467	0.284651	0.087896	PRESSURE
0	0.405637	0.090028	0.407693	0.091456	50
0	0.405686	0.087490	0.407742	0.088918	46
0	0.411275	0.089573	0.420519	0.091002	INJECTOR
0	0.411373	0.091315	0.420720	0.092744	CYLINDER
0	0.421033	0.089573	0.430588	0.091002	SOLENOID
0	0.421234	0.091315	0.422262	0.092744	3
0	0.431102	0.089573	0.438087	0.091002	DRIVER
0	0.460441	0.091391	0.461469	0.092820	1
0	0.460588	0.088778	0.461616	0.090206	2
0	0.468039	0.087793	0.475742	0.089221	RETURN
0	0.468088	0.090331	0.474870	0.091759	SIGNAL
0	0.535147	0.088815	0.536482	0.090244	D
0	0.535196	0.091353	0.536531	0.092782	C
0	0.707157	0.087944	0.716401	0.089373	INJECTOR
0	0.707451	0.090482	0.716695	0.091911	INJECTOR
0	0.716915	0.087944	0.726470	0.089373	SOLENOID
0	0.717209	0.090482	0.726764	0.091911	SOLENOID
0	0.726984	0.087944	0.728012	0.089373	3
0	0.727278	0.090482	0.728306	0.091911	3
0	0.734608	0.088815	0.736664	0.090244	60
0	0.734608	0.091429	0.736664	0.092858	54
0	0.148088	0.092603	0.149116	0.094032	3
0	0.269706	0.092831	0.277408	0.094259	RETURN
0	0.070147	0.096467	0.075387	0.097896	GEAR
0	0.070245	0.093929	0.079904	0.095358	AUXILIARY
0	0.075901	0.096467	0.078881	0.097896	OIL
0	0.079395	0.096467	0.089566	0.097896	PRESSURE
0	0.080418	0.093929	0.090588	0.095358	PRESSURE
0	0.090080	0.096467	0.097888	0.097896	SENSOR
0	0.091102	0.093929	0.098910	0.095358	SENSOR
0	0.099424	0.093929	0.100452	0.095358	1
0	0.148039	0.097755	0.149067	0.099183	1
0	0.148088	0.095179	0.149116	0.096608	2
0	0.155098	0.096732	0.156126	0.098161	5
0	0.155245	0.094119	0.162947	0.095547	RETURN
0	0.156640	0.096732	0.161469	0.098161	VOLT
0	0.161983	0.096732	0.169791	0.098161	SENSOR
0	0.170305	0.096732	0.177601	0.098161	SUPPLY
0	0.178115	0.096732	0.179143	0.098161	1
0	0.259804	0.093929	0.261860	0.095358	19
0	0.259902	0.096467	0.261958	0.097896	30
0	0.269706	0.095596	0.281313	0.097024	FREQUENCY
0	0.269755	0.097944	0.273967	0.099373	OEM
0	0.274481	0.097944	0.281773	0.099373	SWITCH
0	0.281827	0.095596	0.287374	0.097024	INPUT
0	0.287888	0.095596	0.295695	0.097024	SENSOR
0	0.411275	0.095634	0.420519	0.097062	INJECTOR
0	0.411373	0.097376	0.420720	0.098805	CYLINDER
0	0.421033	0.095634	0.430588	0.097062	SOLENOID
0	0.421234	0.097376	0.422262	0.098805	5
0	0.431102	0.095634	0.438087	0.097062	DRIVER
0	0.460441	0.097755	0.461469	0.099183	1
0	0.460588	0.095217	0.461616	0.096646	2
0	0.468039	0.094232	0.475742	0.095661	RETURN
0	0.468088	0.096770	0.474870	0.098199	SIGNAL
0	0.535245	0.095217	0.536375	0.096646	F
0	0.535245	0.097793	0.536478	0.099221	E
0	0.698627	0.096429	0.702327	0.097858	SAE
0	0.699412	0.093853	0.703111	0.095282	SAE
0	0.702841	0.096429	0.707877	0.097858	J1939
0	0.703625	0.093853	0.708662	0.095282	J1939
0	0.708391	0.096429	0.713322	0.097858	DATA
0	0.709176	0.093853	0.714107	0.095282	DATA
0	0.713836	0.096429	0.717946	0.097858	LINK
0	0.714621	0.093853	0.718731	0.095282	LINK
0	0.718460	0.096429	0.719488	0.097858	2
0	0.719245	0.093853	0.720273	0.095282	2
0	0.720002	0.096429	0.729352	0.097858	NEGATIVE
0	0.720787	0.093853	0.729315	0.095282	POSITIVE
0	0.734608	0.095179	0.736664	0.096608	38
0	0.734608	0.097717	0.736664	0.099146	39
0	0.259902	0.099043	0.261958	0.100471	04
0	0.701274	0.098967	0.704974	0.100396	SAE
0	0.705488	0.098967	0.710524	0.100396	J1939
0	0.711038	0.098967	0.715969	0.100396	DATA
0	0.716483	0.098967	0.720593	0.100396	LINK
0	0.721107	0.098967	0.722135	0.100396	2
0	0.722649	0.098967	0.729327	0.100396	SHIELD
0	0.269657	0.100482	0.283422	0.101911	INTERMEDIATE
0	0.283936	0.100482	0.290203	0.101911	SPEED
0	0.290717	0.100482	0.299756	0.101911	CONTROL
0	0.300270	0.100482	0.301298	0.101911	1
0	0.301812	0.100482	0.312806	0.101911	VALIDATION
0	0.313320	0.100482	0.320612	0.101911	SWITCH
0	0.468039	0.100482	0.475742	0.101911	RETURN
0	0.259951	0.101581	0.262007	0.103009	26
0	0.269657	0.103058	0.283422	0.104487	INTERMEDIATE
0	0.283936	0.103058	0.290203	0.104487	SPEED
0	0.290717	0.103058	0.299756	0.104487	CONTROL
0	0.300270	0.103058	0.301298	0.104487	2
0	0.411275	0.102376	0.420519	0.103805	INJECTOR
0	0.421033	0.102376	0.430588	0.103805	SOLENOID
0	0.431102	0.102376	0.438087	0.103805	DRIVER
0	0.460588	0.101581	0.461616	0.103009	2
0	0.468088	0.103020	0.474870	0.104449	SIGNAL
0	0.535196	0.101619	0.536531	0.103047	H
0	0.259951	0.104156	0.262007	0.105585	27
0	0.411373	0.104081	0.420720	0.105509	CYLINDER
0	0.421234	0.104081	0.422262	0.105509	7
0	0.460441	0.104194	0.461469	0.105623	1
0	0.535147	0.104156	0.536585	0.105585	G
0	0.102843	0.105823	0.114349	0.107252	DIAGNOSTIC
0	0.114863	0.105823	0.122155	0.107252	SWITCH
0	0.215784	0.105823	0.222873	0.107252	ENGINE
0	0.223387	0.105823	0.235508	0.107252	PROTECTION
0	0.236022	0.105823	0.245679	0.107252	OVERRIDE
0	0.246193	0.105823	0.253485	0.107252	SWITCH
0	0.259902	0.106694	0.261958	0.108123	01
0	0.269804	0.105823	0.281309	0.107252	DIAGNOSTIC
0	0.281823	0.105823	0.289115	0.107252	SWITCH
0	0.337059	0.105823	0.344147	0.107252	ENGINE
0	0.344661	0.105823	0.356783	0.107252	PROTECTION
0	0.357296	0.105823	0.366953	0.107252	OVERRIDE
0	0.367467	0.105823	0.374759	0.107252	SWITCH
0	0.405637	0.106656	0.407693	0.108085	20
0	0.102990	0.108399	0.113880	0.109827	ALTERNATE
0	0.114394	0.108399	0.118504	0.109827	IDLE
0	0.119018	0.108399	0.126310	0.109827	SWITCH
0	0.217059	0.108399	0.226717	0.109827	AUXILIARY
0	0.227231	0.108399	0.238018	0.109827	GOVERNOR
0	0.238532	0.108399	0.245724	0.109827	SELECT
0	0.246238	0.108399	0.253530	0.109827	SWITCH
0	0.259804	0.109270	0.261860	0.110699	14
0	0.269951	0.108399	0.280841	0.109827	ALTERNATE
0	0.281355	0.108399	0.285465	0.109827	IDLE
0	0.285979	0.108399	0.293271	0.109827	SWITCH
0	0.338039	0.108399	0.347698	0.109827	AUXILIARY
0	0.348212	0.108399	0.358998	0.109827	GOVERNOR
0	0.359512	0.108399	0.366704	0.109827	SELECT
0	0.367218	0.108399	0.374510	0.109827	SWITCH
0	0.405490	0.109232	0.407546	0.110661	17
0	0.681667	0.107944	0.690399	0.109373	EXHAUST
0	0.690913	0.107944	0.694818	0.109373	GAS
0	0.695332	0.107944	0.709302	0.109373	TEMPERATURE
0	0.709816	0.107944	0.717623	0.109373	SENSOR
0	0.718137	0.107944	0.727485	0.109373	CYLINDER
0	0.727999	0.107944	0.729027	0.109373	1
0	0.734608	0.109270	0.736664	0.110699	24
0	0.069755	0.112035	0.081773	0.113464	MOMENTARY
0	0.102794	0.110937	0.116559	0.112365	INTERMEDIATE
0	0.102794	0.113512	0.116559	0.114941	INTERMEDIATE
0	0.117073	0.110937	0.123341	0.112365	SPEED
0	0.117073	0.113512	0.123341	0.114941	SPEED
0	0.123855	0.110937	0.132894	0.112365	CONTROL
0	0.123855	0.113512	0.132894	0.114941	CONTROL
0	0.229363	0.113512	0.233473	0.114941	IDLE
0	0.230098	0.110937	0.234208	0.112365	IDLE
0	0.233987	0.113512	0.245696	0.114941	DECREMENT
0	0.234722	0.110937	0.245712	0.112365	INCREMENT
0	0.246210	0.113512	0.253502	0.114941	SWITCH
0	0.246226	0.110937	0.253518	0.112365	SWITCH
0	0.259951	0.111808	0.262007	0.113237	23
0	0.259951	0.114384	0.262007	0.115812	24
0	0.270098	0.110937	0.283863	0.112365	INTERMEDIATE
0	0.270098	0.113512	0.283863	0.114941	INTERMEDIATE
0	0.284377	0.110937	0.290645	0.112365	SPEED
0	0.284377	0.113512	0.290645	0.114941	SPEED
0	0.291158	0.110937	0.300198	0.112365	CONTROL
0	0.291158	0.113512	0.300198	0.114941	CONTROL
0	0.350245	0.113512	0.354355	0.114941	IDLE
0	0.351127	0.110937	0.355237	0.112365	IDLE
0	0.354869	0.113512	0.366578	0.114941	DECREMENT
0	0.355751	0.110937	0.366741	0.112365	INCREMENT
0	0.367092	0.113512	0.374384	0.114941	SWITCH
0	0.367255	0.110937	0.374547	0.112365	SWITCH
0	0.405490	0.114308	0.407546	0.115737	16
0	0.405637	0.111770	0.407693	0.113199	06
0	0.510147	0.112452	0.514668	0.113880	LEFT
0	0.515181	0.112452	0.520216	0.113880	BANK
0	0.520730	0.112452	0.525866	0.113880	REAR
0	0.526380	0.112452	0.535728	0.113880	CYLINDER
0	0.536242	0.112452	0.543227	0.113880	DRIVER
0	0.543741	0.112452	0.544769	0.113880	8
0	0.545283	0.112452	0.548365	0.113880	PIN
0	0.548879	0.112452	0.560793	0.113880	CONNECTOR
0	0.681422	0.110823	0.690154	0.112252	EXHAUST
0	0.681422	0.113399	0.690154	0.114827	EXHAUST
0	0.690668	0.110823	0.694573	0.112252	GAS
0	0.690668	0.113399	0.694573	0.114827	GAS
0	0.695087	0.110823	0.709057	0.112252	TEMPERATURE
0	0.695087	0.113399	0.709057	0.114827	TEMPERATURE
0	0.709571	0.110823	0.717378	0.112252	SENSOR
0	0.709571	0.113399	0.717378	0.114827	SENSOR
0	0.717892	0.110823	0.727240	0.112252	CYLINDER
0	0.717892	0.113399	0.727240	0.114827	CYLINDER
0	0.727754	0.110823	0.728782	0.112252	3
0	0.727754	0.113399	0.728782	0.114827	5
0	0.734608	0.114384	0.736664	0.115812	01
0	0.734657	0.111808	0.736713	0.113237	49
0	0.102794	0.116050	0.116559	0.117479	INTERMEDIATE
0	0.102843	0.118399	0.106541	0.119827	FAN
0	0.107055	0.118399	0.114552	0.119827	CLUTCH
0	0.115066	0.118399	0.122358	0.119827	SWITCH
0	0.117073	0.116050	0.123341	0.117479	SPEED
0	0.123855	0.116050	0.132894	0.117479	CONTROL
0	0.133408	0.116050	0.142859	0.117479	1/REMOTE
0	0.143373	0.116050	0.147174	0.117479	PTO
0	0.147688	0.116050	0.154980	0.117479	SWITCH
0	0.259951	0.116922	0.262007	0.118350	25
0	0.270147	0.116353	0.283912	0.117782	INTERMEDIATE
0	0.270196	0.118399	0.273894	0.119827	FAN
0	0.274408	0.118399	0.281905	0.119827	CLUTCH
0	0.282419	0.118399	0.289711	0.119827	SWITCH
0	0.284426	0.116353	0.290694	0.117782	SPEED
0	0.291208	0.116353	0.300247	0.117782	CONTROL
0	0.300761	0.116353	0.310212	0.117782	1/REMOTE
0	0.310726	0.116353	0.314527	0.117782	PTO
0	0.315041	0.116353	0.322333	0.117782	SWITCH
0	0.411275	0.116164	0.420519	0.117593	INJECTOR
0	0.411373	0.117906	0.420720	0.119335	CYLINDER
0	0.421033	0.116164	0.430588	0.117593	SOLENOID
0	0.421234	0.117906	0.423290	0.119335	15
0	0.431102	0.116164	0.438087	0.117593	DRIVER
0	0.460588	0.116959	0.461616	0.118388	2
0	0.467941	0.115937	0.475644	0.117365	RETURN
0	0.467990	0.118475	0.474772	0.119903	SIGNAL
0	0.535000	0.116959	0.536335	0.118388	H
0	0.690049	0.115899	0.699293	0.117327	INJECTOR
0	0.690049	0.118437	0.699293	0.119865	INJECTOR
0	0.699807	0.115899	0.709362	0.117327	SOLENOID
0	0.699807	0.118437	0.709362	0.119865	SOLENOID
0	0.709876	0.115899	0.716861	0.117327	DRIVER
0	0.709876	0.118437	0.716861	0.119865	DRIVER
0	0.717375	0.115899	0.726723	0.117327	CYLINDER
0	0.717375	0.118437	0.726723	0.119865	CYLINDER
0	0.727237	0.115899	0.729293	0.117327	15
0	0.727237	0.118437	0.729293	0.119865	15
0	0.734608	0.116922	0.736664	0.118350	52
0	0.259902	0.119497	0.261958	0.120926	02
0	0.460441	0.119497	0.461469	0.120926	1
0	0.535049	0.119497	0.536487	0.120926	G
0	0.734657	0.119535	0.736713	0.120964	46
0	0.137647	0.122262	0.145863	0.123691	GROUND
0	0.269804	0.122224	0.282746	0.123653	TACHOMETER
0	0.283260	0.122224	0.288910	0.123653	DRIVE
0	0.289424	0.122224	0.297025	0.123653	OUTPUT
0	0.467941	0.122300	0.475644	0.123729	RETURN
0	0.690098	0.122262	0.699342	0.123691	INJECTOR
0	0.699856	0.122262	0.709411	0.123691	SOLENOID
0	0.709925	0.122262	0.716910	0.123691	DRIVER
0	0.717424	0.122262	0.726772	0.123691	CYLINDER
0	0.727286	0.122262	0.729342	0.123691	13
0	0.076618	0.127793	0.079598	0.129221	ISS
0	0.105882	0.125141	0.108863	0.126570	ISS
0	0.105931	0.128588	0.113020	0.130017	DESIGN
0	0.106078	0.126884	0.119947	0.128312	ACCELERATOR
0	0.133529	0.128588	0.140618	0.130017	OPTION
0	0.134314	0.126656	0.135342	0.128085	6
0	0.135856	0.126656	0.138938	0.128085	PIN
0	0.143922	0.128437	0.151010	0.129865	OPTION
0	0.144755	0.126467	0.145783	0.127896	3
0	0.146297	0.126467	0.149379	0.127896	PIN
0	0.154412	0.128437	0.162116	0.129865	NON-ISS
0	0.162630	0.128437	0.176498	0.129865	ACCELERATOR
0	0.177012	0.128437	0.184101	0.129865	DESIGN
0	0.259804	0.125861	0.261860	0.127290	15
0	0.259902	0.123323	0.261958	0.124752	31
0	0.259951	0.128437	0.262007	0.129865	28
0	0.269706	0.124725	0.281313	0.126153	FREQUENCY
0	0.269706	0.127490	0.281313	0.128918	FREQUENCY
0	0.281827	0.124725	0.291585	0.126153	THROTTLE
0	0.281827	0.127490	0.291585	0.128918	THROTTLE
0	0.405490	0.123285	0.407546	0.124714	12
0	0.405686	0.125823	0.407742	0.127252	42
0	0.411275	0.123815	0.420519	0.125244	INJECTOR
0	0.411275	0.129914	0.420519	0.131343	INJECTOR
0	0.411373	0.125520	0.420720	0.126949	CYLINDER
0	0.421033	0.123815	0.430588	0.125244	SOLENOID
0	0.421033	0.129914	0.430588	0.131343	SOLENOID
0	0.421234	0.125520	0.423290	0.126949	13
0	0.431102	0.123815	0.438087	0.125244	DRIVER
0	0.431102	0.129914	0.438087	0.131343	DRIVER
0	0.460441	0.125899	0.461469	0.127327	1
0	0.460588	0.123285	0.461616	0.124714	2
0	0.460588	0.129725	0.461616	0.131153	2
0	0.467941	0.128815	0.475644	0.130244	RETURN
0	0.467990	0.124876	0.474772	0.126305	SIGNAL
0	0.535000	0.123361	0.536130	0.124790	F
0	0.535000	0.125899	0.536233	0.127327	E
0	0.535000	0.129725	0.536335	0.131153	D
0	0.690098	0.124800	0.699342	0.126229	INJECTOR
0	0.699856	0.124800	0.709411	0.126229	SOLENOID
0	0.709925	0.124800	0.716910	0.126229	DRIVER
0	0.717424	0.124800	0.726772	0.126229	CYLINDER
0	0.727286	0.124800	0.729342	0.126229	13
0	0.734608	0.123323	0.736664	0.124752	59
0	0.734608	0.125937	0.736664	0.127365	55
0	0.101471	0.132262	0.102805	0.133691	C
0	0.105000	0.131505	0.106028	0.132934	5
0	0.106542	0.131505	0.111371	0.132934	VOLT
0	0.111885	0.131505	0.119181	0.132934	SUPPLY
0	0.136225	0.132262	0.137560	0.133691	C
0	0.147794	0.132262	0.149129	0.133691	C
0	0.176127	0.132262	0.177361	0.133691	A
0	0.181176	0.131467	0.182204	0.132896	5
0	0.182718	0.131467	0.187548	0.132896	VOLT
0	0.188062	0.131467	0.195357	0.132896	SUPPLY
0	0.213971	0.132262	0.215305	0.133691	C
0	0.259951	0.132262	0.262007	0.133691	20
0	0.270196	0.131164	0.271224	0.132593	5
0	0.271738	0.131164	0.276567	0.132593	VOLT
0	0.277081	0.131164	0.284377	0.132593	SUPPLY
0	0.355147	0.131505	0.362955	0.132934	SENSOR
0	0.363469	0.131505	0.370764	0.132934	SUPPLY
0	0.371278	0.131505	0.372306	0.132934	2
0	0.405637	0.132225	0.407693	0.133653	27
0	0.411373	0.131618	0.420720	0.133047	CYLINDER
0	0.421234	0.131618	0.423290	0.133047	11
0	0.460441	0.132300	0.461469	0.133729	1
0	0.467990	0.131353	0.474772	0.132782	SIGNAL
0	0.535098	0.132262	0.536433	0.133691	C
0	0.101667	0.134838	0.102900	0.136267	A
0	0.105000	0.133740	0.111782	0.135168	SIGNAL
0	0.136176	0.134838	0.137410	0.136267	B
0	0.147745	0.134838	0.148978	0.136267	B
0	0.175882	0.134838	0.177116	0.136267	B
0	0.181176	0.133740	0.187958	0.135168	SIGNAL
0	0.213922	0.134838	0.215155	0.136267	B
0	0.259951	0.134838	0.262007	0.136267	21
0	0.269902	0.133740	0.276684	0.135168	SIGNAL
0	0.405637	0.134762	0.407693	0.136191	35
0	0.467941	0.135103	0.475644	0.136532	RETURN
0	0.681912	0.134459	0.690644	0.135888	EXHAUST
0	0.691158	0.134459	0.695063	0.135888	GAS
0	0.695577	0.134459	0.709547	0.135888	TEMPERATURE
0	0.710061	0.134459	0.717869	0.135888	SENSOR
0	0.718382	0.134459	0.727730	0.135888	CYLINDER
0	0.728244	0.134459	0.729272	0.135888	9
0	0.101422	0.137376	0.102655	0.138805	B
0	0.104951	0.136278	0.112653	0.137706	RETURN
0	0.136422	0.137376	0.137655	0.138805	A
0	0.147990	0.137376	0.149223	0.138805	A
0	0.175931	0.137376	0.177266	0.138805	C
0	0.181078	0.136278	0.188781	0.137706	RETURN
0	0.214167	0.137376	0.215400	0.138805	A
0	0.259951	0.137376	0.262007	0.138805	22
0	0.269853	0.136278	0.277555	0.137706	RETURN
0	0.405637	0.137338	0.407693	0.138767	28
0	0.411275	0.136732	0.420519	0.138161	INJECTOR
0	0.411373	0.138474	0.420720	0.139903	CYLINDER
0	0.421033	0.136732	0.430588	0.138161	SOLENOID
0	0.421234	0.138474	0.422262	0.139903	9
0	0.431102	0.136732	0.438087	0.138161	DRIVER
0	0.460441	0.138702	0.461469	0.140131	1
0	0.460588	0.136088	0.461616	0.137517	2
0	0.467990	0.137641	0.474772	0.139070	SIGNAL
0	0.535049	0.136126	0.536282	0.137555	B
0	0.535147	0.138702	0.536380	0.140131	A
0	0.681127	0.137376	0.689860	0.138805	EXHAUST
0	0.690374	0.137376	0.694278	0.138805	GAS
0	0.694792	0.137376	0.708762	0.138805	TEMPERATURE
0	0.709276	0.137376	0.717084	0.138805	SENSOR
0	0.717598	0.137376	0.726946	0.138805	CYLINDER
0	0.727460	0.137376	0.729516	0.138805	11
0	0.734608	0.136088	0.736664	0.137517	32
0	0.734657	0.138664	0.736713	0.140093	41
0	0.096471	0.140558	0.099451	0.141987	ISS
0	0.681912	0.139952	0.690644	0.141381	EXHAUST
0	0.691158	0.139952	0.695063	0.141381	GAS
0	0.695577	0.139952	0.709547	0.141381	TEMPERATURE
0	0.710061	0.139952	0.717869	0.141381	SENSOR
0	0.718382	0.139952	0.727730	0.141381	CYLINDER
0	0.728244	0.139952	0.729272	0.141381	7
0	0.734461	0.141240	0.736517	0.142668	11
0	0.105000	0.142679	0.108698	0.144108	OFF
0	0.109212	0.142679	0.113322	0.144108	IDLE
0	0.174559	0.142679	0.178257	0.144108	OFF
0	0.178771	0.142679	0.182881	0.144108	IDLE
0	0.269608	0.142679	0.273306	0.144108	OFF
0	0.273820	0.142679	0.277930	0.144108	IDLE
0	0.711765	0.142717	0.719572	0.144146	SENSOR
0	0.720086	0.142717	0.727789	0.144146	RETURN
0	0.728303	0.142717	0.729331	0.144146	3
0	0.101422	0.143778	0.102756	0.145206	D
0	0.101422	0.146315	0.102655	0.147744	E
0	0.105000	0.145634	0.107773	0.147062	ON
0	0.108287	0.145634	0.112397	0.147062	IDLE
0	0.136127	0.143778	0.137462	0.145206	D
0	0.136176	0.146315	0.137410	0.147744	E
0	0.147745	0.146315	0.148978	0.147744	B
0	0.147794	0.143740	0.149129	0.145168	C
0	0.174559	0.145558	0.177332	0.146987	ON
0	0.177846	0.145558	0.181956	0.146987	IDLE
0	0.213922	0.146315	0.215155	0.147744	B
0	0.213971	0.143740	0.215305	0.145168	C
0	0.259804	0.146315	0.261860	0.147744	10
0	0.259902	0.143778	0.261958	0.145206	09
0	0.269608	0.145255	0.272381	0.146684	ON
0	0.272895	0.145255	0.277005	0.146684	IDLE
0	0.405490	0.143702	0.407546	0.145130	19
0	0.405637	0.146278	0.407693	0.147706	30
0	0.520049	0.144687	0.524569	0.146115	LEFT
0	0.525083	0.144687	0.530118	0.146115	BANK
0	0.530632	0.144687	0.536999	0.146115	FRONT
0	0.537513	0.144687	0.546451	0.146115	HARNESS
0	0.734657	0.143778	0.736713	0.145206	44
0	0.101422	0.148891	0.102551	0.150320	F
0	0.104951	0.147793	0.112653	0.149221	RETURN
0	0.136176	0.148891	0.137306	0.150320	F
0	0.147990	0.148891	0.149223	0.150320	A
0	0.174510	0.147793	0.182212	0.149221	RETURN
0	0.214167	0.148891	0.215400	0.150320	A
0	0.259804	0.148891	0.261860	0.150320	11
0	0.269559	0.147793	0.277261	0.149221	RETURN
0	0.405686	0.148853	0.407742	0.150282	41
0	0.516520	0.147300	0.525252	0.148729	EXHAUST
0	0.525766	0.147300	0.529671	0.148729	GAS
0	0.530185	0.147300	0.544155	0.148729	TEMPERATURE
0	0.544669	0.147300	0.552476	0.148729	SENSOR
0	0.701716	0.147906	0.711884	0.149335	CAMSHAFT
0	0.712398	0.147906	0.721234	0.149335	POSITION
0	0.721748	0.147906	0.729556	0.149335	SENSOR
0	0.734608	0.148853	0.736664	0.150282	37
0	0.309314	0.150406	0.318353	0.151835	CONTROL
0	0.318867	0.150406	0.326776	0.151835	MODULE
0	0.327290	0.150406	0.341979	0.151835	IDENTIFICATION
0	0.342493	0.150406	0.343521	0.151835	2
0	0.405490	0.151391	0.407546	0.152820	18
0	0.413186	0.150331	0.422536	0.151759	OPTIONAL
0	0.527745	0.149952	0.528773	0.151380	8
0	0.529287	0.149952	0.532369	0.151380	PIN
0	0.532883	0.149952	0.544797	0.151380	CONNECTOR
0	0.699755	0.150444	0.712286	0.151873	CRANKSHAFT
0	0.712800	0.150444	0.721636	0.151873	POSITION
0	0.722150	0.150444	0.729958	0.151873	SENSOR
0	0.734657	0.151429	0.736713	0.152858	42
0	0.309314	0.152944	0.318353	0.154373	CONTROL
0	0.318867	0.152944	0.326776	0.154373	MODULE
0	0.327290	0.152944	0.341979	0.154373	IDENTIFICATION
0	0.342493	0.152944	0.343521	0.154373	3
0	0.405637	0.153929	0.407693	0.155358	08
0	0.471422	0.154043	0.478203	0.155471	SIGNAL
0	0.413480	0.155558	0.422213	0.156987	EXHAUST
0	0.422727	0.155558	0.426631	0.156987	GAS
0	0.427145	0.155558	0.441115	0.156987	TEMPERATURE
0	0.463676	0.155331	0.464704	0.156759	1
0	0.535049	0.155293	0.536282	0.156721	A
0	0.137598	0.156732	0.151054	0.158161	MAINTENANCE
0	0.151568	0.156732	0.156603	0.158161	LAMP
0	0.259804	0.157831	0.261860	0.159259	18
0	0.268922	0.156732	0.282378	0.158161	MAINTENANCE
0	0.282892	0.156732	0.287926	0.158161	LAMP
0	0.405637	0.158020	0.407693	0.159449	57
0	0.413529	0.157262	0.421337	0.158691	SENSOR
0	0.421851	0.157262	0.431199	0.158691	CYLINDER
0	0.431713	0.157262	0.432741	0.158691	1
0	0.463774	0.157831	0.464802	0.159259	2
0	0.471373	0.156619	0.479075	0.158047	RETURN
0	0.535049	0.157868	0.536282	0.159297	B
0	0.137745	0.159573	0.144320	0.161002	AMBER
0	0.144834	0.159573	0.153769	0.161002	WARNING
0	0.154283	0.159573	0.159318	0.161002	LAMP
0	0.259804	0.160406	0.261860	0.161835	17
0	0.269069	0.159573	0.275643	0.161002	AMBER
0	0.276157	0.159573	0.285093	0.161002	WARNING
0	0.285607	0.159573	0.290641	0.161002	LAMP
0	0.405686	0.160331	0.407742	0.161759	43
0	0.137598	0.162149	0.144687	0.163577	ENGINE
0	0.145201	0.162149	0.157322	0.163577	PROTECTION
0	0.157836	0.162149	0.161739	0.163577	RED
0	0.162253	0.162149	0.167287	0.163577	STOP
0	0.167801	0.162149	0.172836	0.163577	LAMP
0	0.259804	0.162944	0.261860	0.164373	16
0	0.268922	0.162149	0.276010	0.163577	ENGINE
0	0.276524	0.162149	0.288645	0.163577	PROTECTION
0	0.289159	0.162149	0.293062	0.163577	RED
0	0.293576	0.162149	0.298611	0.163577	STOP
0	0.299125	0.162149	0.304159	0.163577	LAMP
0	0.405686	0.162906	0.407742	0.164335	47
0	0.413480	0.164497	0.422213	0.165926	EXHAUST
0	0.422727	0.164497	0.426631	0.165926	GAS
0	0.427145	0.164497	0.441115	0.165926	TEMPERATURE
0	0.463676	0.164270	0.464704	0.165699	1
0	0.471422	0.163323	0.478203	0.164752	SIGNAL
0	0.535000	0.164232	0.536335	0.165661	C
0	0.731814	0.163266	0.738661	0.165647	ECM
0	0.739517	0.163266	0.741231	0.165647	1
0	0.945245	0.163682	0.952092	0.166063	ECM
0	0.952949	0.163682	0.954662	0.166063	3
0	0.955519	0.163682	0.968701	0.166063	SOURCE
0	0.969558	0.163682	0.984454	0.166063	ADDRESS
0	0.413529	0.166202	0.421337	0.167630	SENSOR
0	0.421851	0.166202	0.431199	0.167630	CYLINDER
0	0.431713	0.166202	0.432741	0.167630	3
0	0.463774	0.166770	0.464802	0.168199	2
0	0.471373	0.165899	0.479075	0.167327	RETURN
0	0.535000	0.166808	0.536335	0.168237	D
0	0.719510	0.166485	0.732692	0.168866	SOURCE
0	0.733549	0.166485	0.748445	0.168866	ADDRESS
0	0.749301	0.166485	0.754441	0.168866	144
0	0.947500	0.166523	0.950927	0.168904	00
0	0.951783	0.166523	0.963598	0.168904	ENGINE
0	0.964454	0.166523	0.984311	0.168904	CONNECTOR
0	0.722206	0.169288	0.729225	0.171670	OEM
0	0.730082	0.169288	0.749939	0.171670	CONNECTOR
0	0.949118	0.170368	0.961444	0.171797	BAROMETRIC
0	0.961958	0.170368	0.965040	0.171797	AIR
0	0.965554	0.170368	0.975725	0.171797	PRESSURE
0	0.062745	0.172944	0.073737	0.174373	KEYSWITCH
0	0.076422	0.175975	0.084640	0.177403	IGNITION
0	0.251029	0.175841	0.270886	0.178223	CONNECTOR
0	0.256373	0.172963	0.259799	0.175344	23
0	0.260656	0.172963	0.265793	0.175344	PIN
0	0.413480	0.173626	0.422213	0.175055	EXHAUST
0	0.413529	0.175331	0.421337	0.176759	SENSOR
0	0.421851	0.175331	0.431199	0.176759	CYLINDER
0	0.422727	0.173626	0.426631	0.175055	GAS
0	0.427145	0.173626	0.441115	0.175055	TEMPERATURE
0	0.431713	0.175331	0.432741	0.176759	5
0	0.463676	0.173209	0.464704	0.174638	1
0	0.463774	0.175709	0.464802	0.177138	2
0	0.471373	0.174952	0.479075	0.176380	RETURN
0	0.471422	0.172376	0.478203	0.173805	SIGNAL
0	0.535049	0.173209	0.536282	0.174638	E
0	0.535098	0.175747	0.536228	0.177176	F
0	0.700147	0.175899	0.703847	0.177327	SAE
0	0.700980	0.173323	0.704680	0.174752	SAE
0	0.704361	0.175899	0.709397	0.177327	J1939
0	0.705194	0.173323	0.710230	0.174752	J1939
0	0.709911	0.175899	0.714842	0.177327	DATA
0	0.710744	0.173323	0.715675	0.174752	DATA
0	0.715356	0.175899	0.719466	0.177327	LINK
0	0.716189	0.173323	0.720299	0.174752	LINK
0	0.719980	0.175899	0.729330	0.177327	NEGATIVE
0	0.720813	0.173323	0.729342	0.174752	POSITIVE
0	0.734608	0.174422	0.736664	0.175850	01
0	0.734608	0.176997	0.736664	0.178426	21
0	0.742696	0.173967	0.755022	0.175396	BAROMETRIC
0	0.742696	0.175709	0.752867	0.177138	PRESSURE
0	0.753381	0.175709	0.761188	0.177138	SENSOR
0	0.791569	0.173134	0.792597	0.174562	3
0	0.791618	0.175709	0.792646	0.177138	2
0	0.798578	0.174687	0.806281	0.176115	RETURN
0	0.798627	0.171922	0.805409	0.173350	SIGNAL
0	0.798725	0.177187	0.799753	0.178615	5
0	0.800267	0.177187	0.805097	0.178615	VOLT
0	0.805611	0.177187	0.812906	0.178615	SUPPLY
0	0.967843	0.172073	0.975651	0.173502	SENSOR
0	0.979412	0.173134	0.981468	0.174562	20
0	0.269706	0.178475	0.273404	0.179903	FAN
0	0.273918	0.178475	0.282957	0.179903	CONTROL
0	0.296274	0.178475	0.302337	0.179903	PULSE
0	0.302851	0.178475	0.308910	0.179903	WIDTH
0	0.309424	0.178475	0.321750	0.179903	MODULATION
0	0.702843	0.178437	0.706543	0.179865	SAE
0	0.707057	0.178437	0.712093	0.179865	J1939
0	0.712607	0.178437	0.717538	0.179865	DATA
0	0.718052	0.178437	0.722162	0.179865	LINK
0	0.722676	0.178437	0.729354	0.179865	SHIELD
0	0.791471	0.178285	0.792499	0.179714	1
0	0.260441	0.179573	0.261776	0.181002	D
0	0.405637	0.179497	0.407693	0.180926	52
0	0.260441	0.184649	0.261776	0.186077	U
0	0.260588	0.182111	0.261821	0.183540	A
0	0.260588	0.187225	0.261821	0.188653	V
0	0.269706	0.181050	0.274637	0.182479	DUAL
0	0.269706	0.183815	0.278747	0.185244	MULTIPLE
0	0.269706	0.186391	0.278747	0.187820	MULTIPLE
0	0.275151	0.181050	0.282751	0.182479	OUTPUT
0	0.279261	0.183815	0.283574	0.185244	UNIT
0	0.279261	0.186391	0.283574	0.187820	UNIT
0	0.283265	0.181050	0.284499	0.182479	A
0	0.284088	0.183815	0.301961	0.185244	SYNCHRONIZATION
0	0.284088	0.186391	0.301961	0.187820	SYNCHRONIZATION
0	0.302475	0.183815	0.309767	0.185244	SWITCH
0	0.302475	0.186391	0.309767	0.187820	SWITCH
0	0.310281	0.183815	0.311309	0.185244	2
0	0.310281	0.186391	0.311309	0.187820	1
0	0.405490	0.187187	0.407546	0.188615	10
0	0.405637	0.182073	0.407693	0.183502	02
0	0.405637	0.184611	0.407693	0.186040	09
0	0.413971	0.182565	0.422703	0.183994	EXHAUST
0	0.414069	0.184270	0.421876	0.185699	SENSOR
0	0.422390	0.184270	0.431738	0.185699	CYLINDER
0	0.423217	0.182565	0.427122	0.183994	GAS
0	0.427636	0.182565	0.441606	0.183994	TEMPERATURE
0	0.432252	0.184270	0.433280	0.185699	7
0	0.463676	0.182149	0.464704	0.183577	1
0	0.463774	0.184649	0.464802	0.186077	2
0	0.471373	0.183702	0.479075	0.185130	RETURN
0	0.471422	0.181126	0.478203	0.182555	SIGNAL
0	0.534951	0.182149	0.536389	0.183577	G
0	0.535000	0.184724	0.536335	0.186153	H
0	0.680882	0.182073	0.689615	0.183502	EXHAUST
0	0.680882	0.184952	0.689615	0.186380	EXHAUST
0	0.690129	0.182073	0.694033	0.183502	GAS
0	0.690129	0.184952	0.694033	0.186380	GAS
0	0.694547	0.182073	0.708517	0.183502	TEMPERATURE
0	0.694547	0.184952	0.708517	0.186380	TEMPERATURE
0	0.709031	0.182073	0.716839	0.183502	SENSOR
0	0.709031	0.184952	0.716839	0.186380	SENSOR
0	0.712010	0.187490	0.719818	0.188918	SENSOR
0	0.717353	0.182073	0.726701	0.183502	CYLINDER
0	0.717353	0.184952	0.726701	0.186380	CYLINDER
0	0.720332	0.187490	0.728034	0.188918	RETURN
0	0.727215	0.182073	0.729271	0.183502	13
0	0.727215	0.184952	0.729271	0.186380	15
0	0.728548	0.187490	0.729576	0.188918	1
0	0.734608	0.183399	0.736664	0.184827	50
0	0.734608	0.185937	0.736664	0.187365	09
0	0.742696	0.185103	0.749374	0.186532	INTAKE
0	0.742794	0.186808	0.756764	0.188237	TEMPERATURE
0	0.749888	0.185103	0.759441	0.186532	MANIFOLD
0	0.757278	0.186808	0.765086	0.188237	SENSOR
0	0.759955	0.185103	0.760983	0.186532	3
0	0.761497	0.185103	0.764579	0.186532	AIR
0	0.791520	0.184649	0.792753	0.186077	B
0	0.791667	0.187225	0.792900	0.188653	A
0	0.798578	0.183891	0.806281	0.185320	RETURN
0	0.798627	0.186240	0.805409	0.187668	SIGNAL
0	0.953382	0.186126	0.967353	0.187555	TEMPERATURE
0	0.953774	0.184421	0.960453	0.185850	INTAKE
0	0.960967	0.184421	0.970520	0.185850	MANIFOLD
0	0.967867	0.186126	0.975675	0.187555	SENSOR
0	0.971034	0.184421	0.972062	0.185850	3
0	0.972576	0.184421	0.975658	0.185850	AIR
0	0.979363	0.187187	0.981419	0.188615	32
0	0.260490	0.189762	0.261929	0.191191	O
0	0.269706	0.188929	0.277615	0.190358	REMOTE
0	0.278129	0.188929	0.291998	0.190358	ACCELERATOR
0	0.292512	0.188929	0.298574	0.190358	PEDAL
0	0.299088	0.188929	0.301861	0.190358	OR
0	0.302375	0.188929	0.308438	0.190358	LEVER
0	0.308952	0.188929	0.317788	0.190358	POSITION
0	0.318302	0.188929	0.325593	0.190358	SWITCH
0	0.405686	0.189725	0.407742	0.191153	49
0	0.734608	0.188550	0.736664	0.189979	22
0	0.260441	0.192338	0.261674	0.193767	K
0	0.269853	0.191278	0.277762	0.192706	REMOTE
0	0.278276	0.191278	0.281257	0.192706	OIL
0	0.281771	0.191278	0.287526	0.192706	LEVEL
0	0.405686	0.192300	0.407742	0.193729	40
0	0.521225	0.191467	0.525746	0.192896	LEFT
0	0.526260	0.191467	0.531294	0.192896	BANK
0	0.531808	0.191467	0.536945	0.192896	REAR
0	0.537459	0.191467	0.546396	0.192896	HARNESS
0	0.712108	0.191315	0.721147	0.192744	CONTROL
0	0.721661	0.191315	0.729363	0.192744	RETURN
0	0.734657	0.192338	0.736713	0.193767	41
0	0.833922	0.191429	0.838647	0.192858	FUEL
0	0.839161	0.191429	0.845531	0.192858	FILTER
0	0.846045	0.191429	0.854982	0.192858	HARNESS
0	0.867500	0.192831	0.872021	0.194259	LEFT
0	0.872534	0.192831	0.877569	0.194259	BANK
0	0.878083	0.192831	0.884451	0.194259	FRONT
0	0.884965	0.192831	0.893902	0.194259	HARNESS
0	0.044118	0.200634	0.052645	0.202062	BATTERY
0	0.048137	0.205368	0.049217	0.206797	+
0	0.048137	0.205368	0.049217	0.206797	+
0	0.048137	0.205368	0.049217	0.206797	+
0	0.048137	0.205368	0.049217	0.206797	+
0	0.048137	0.205368	0.049217	0.206797	+
0	0.048137	0.205368	0.049217	0.206797	+
0	0.048137	0.205368	0.049217	0.206797	+
0	0.058578	0.195179	0.067105	0.196608	BATTERY
0	0.097500	0.196126	0.105409	0.197555	REMOTE
0	0.097549	0.197868	0.100322	0.199297	OR
0	0.097549	0.209346	0.106486	0.210774	COOLANT
0	0.100836	0.197868	0.106899	0.199297	LEVER
0	0.105923	0.196126	0.119792	0.197555	ACCELERATOR
0	0.107000	0.209346	0.112756	0.210774	LEVEL
0	0.107413	0.197868	0.116249	0.199297	POSITION
0	0.113270	0.209346	0.121078	0.210774	SENSOR
0	0.116762	0.197868	0.124570	0.199297	SENSOR
0	0.120306	0.196126	0.126368	0.197555	PEDAL
0	0.121592	0.209346	0.122620	0.210774	1
0	0.146520	0.197528	0.147753	0.198956	B
0	0.146569	0.199990	0.147904	0.201418	C
0	0.146667	0.194914	0.147900	0.196343	A
0	0.156422	0.197528	0.157655	0.198956	B
0	0.156422	0.207755	0.157655	0.209184	B
0	0.156471	0.199990	0.157805	0.201418	C
0	0.156471	0.210217	0.157805	0.211646	C
0	0.156569	0.194914	0.157802	0.196343	A
0	0.156569	0.205141	0.157802	0.206570	A
0	0.163676	0.194043	0.171379	0.195471	RETURN
0	0.163676	0.209232	0.171379	0.210661	RETURN
0	0.163725	0.196618	0.170507	0.198047	SIGNAL
0	0.163725	0.199156	0.164753	0.200585	5
0	0.163725	0.204156	0.164753	0.205585	5
0	0.163725	0.206884	0.170507	0.208312	SIGNAL
0	0.165267	0.199156	0.170097	0.200585	VOLT
0	0.165267	0.204156	0.170097	0.205585	VOLT
0	0.170611	0.199156	0.177906	0.200585	SUPPLY
0	0.170611	0.204156	0.177906	0.205585	SUPPLY
0	0.260441	0.194914	0.261776	0.196343	N
0	0.260441	0.197452	0.261981	0.198880	M
0	0.260441	0.200028	0.261469	0.201456	L
0	0.260441	0.202565	0.261674	0.203994	E
0	0.260539	0.205103	0.261464	0.206532	J
0	0.260539	0.207679	0.262285	0.209108	W
0	0.260588	0.210255	0.261821	0.211684	X
0	0.269608	0.194043	0.277310	0.195471	RETURN
0	0.269706	0.196618	0.276488	0.198047	SIGNAL
0	0.269706	0.199156	0.270734	0.200585	5
0	0.269706	0.201505	0.274637	0.202934	DUAL
0	0.269706	0.211732	0.275972	0.213161	ETHER
0	0.270049	0.209232	0.277751	0.210661	RETURN
0	0.270098	0.206884	0.276880	0.208312	SIGNAL
0	0.270147	0.204156	0.271175	0.205585	5
0	0.271248	0.199156	0.276077	0.200585	VOLT
0	0.271689	0.204156	0.276518	0.205585	VOLT
0	0.275151	0.201505	0.282751	0.202934	OUTPUT
0	0.276486	0.211732	0.286244	0.213161	INJECTION
0	0.276591	0.199156	0.283887	0.200585	SUPPLY
0	0.277032	0.204156	0.284328	0.205585	SUPPLY
0	0.283265	0.201505	0.284499	0.202934	B
0	0.405637	0.197414	0.407693	0.198843	37
0	0.405637	0.202528	0.407693	0.203956	55
0	0.405637	0.207641	0.407693	0.209070	60
0	0.413088	0.200520	0.421820	0.201949	EXHAUST
0	0.413088	0.209459	0.421820	0.210888	EXHAUST
0	0.413137	0.202225	0.420945	0.203653	SENSOR
0	0.413137	0.211164	0.420945	0.212593	SENSOR
0	0.421459	0.202225	0.430807	0.203653	CYLINDER
0	0.421459	0.211164	0.430807	0.212593	CYLINDER
0	0.422334	0.200520	0.426239	0.201949	GAS
0	0.422334	0.209459	0.426239	0.210888	GAS
0	0.426753	0.200520	0.440723	0.201949	TEMPERATURE
0	0.426753	0.209459	0.440723	0.210888	TEMPERATURE
0	0.431321	0.202225	0.432349	0.203653	9
0	0.431321	0.211164	0.433377	0.212593	11
0	0.463676	0.200065	0.464704	0.201494	1
0	0.463676	0.209005	0.464704	0.210434	1
0	0.463774	0.202565	0.464802	0.203994	2
0	0.463774	0.211505	0.464802	0.212934	2
0	0.471373	0.201240	0.479075	0.202668	RETURN
0	0.471373	0.210520	0.479075	0.211949	RETURN
0	0.471422	0.198664	0.478203	0.200093	SIGNAL
0	0.471422	0.207944	0.478203	0.209373	SIGNAL
0	0.514608	0.194081	0.523340	0.195509	EXHAUST
0	0.523854	0.194081	0.527759	0.195509	GAS
0	0.525833	0.196732	0.526861	0.198161	8
0	0.527375	0.196732	0.530457	0.198161	PIN
0	0.528273	0.194081	0.542243	0.195509	TEMPERATURE
0	0.530971	0.196732	0.542885	0.198161	CONNECTOR
0	0.535000	0.208967	0.536335	0.210396	C
0	0.535000	0.211543	0.536335	0.212971	D
0	0.535049	0.200065	0.536282	0.201494	A
0	0.535049	0.202603	0.536282	0.204032	B
0	0.542757	0.194081	0.550565	0.195509	SENSOR
0	0.680343	0.200558	0.689384	0.201987	MULTIPLE
0	0.680343	0.203209	0.689384	0.204638	MULTIPLE
0	0.680588	0.205861	0.689629	0.207290	MULTIPLE
0	0.689898	0.200558	0.694211	0.201987	UNIT
0	0.689898	0.203209	0.694211	0.204638	UNIT
0	0.690143	0.205861	0.694457	0.207290	UNIT
0	0.694725	0.200558	0.712598	0.201987	SYNCHRONIZATION
0	0.694725	0.203209	0.712598	0.204638	SYNCHRONIZATION
0	0.694971	0.205861	0.712844	0.207290	SYNCHRONIZATION
0	0.695147	0.193891	0.704186	0.195320	CONTROL
0	0.695343	0.196429	0.704382	0.197858	CONTROL
0	0.704700	0.193891	0.712610	0.195320	MODULE
0	0.704896	0.196429	0.712806	0.197858	MODULE
0	0.713112	0.200558	0.727802	0.201987	IDENTIFICATION
0	0.713112	0.203209	0.727802	0.204638	IDENTIFICATION
0	0.713124	0.193891	0.727813	0.195320	IDENTIFICATION
0	0.713320	0.196429	0.728009	0.197858	IDENTIFICATION
0	0.713358	0.205861	0.728047	0.207290	IDENTIFICATION
0	0.718382	0.207944	0.729374	0.209373	KEYSWITCH
0	0.728316	0.200558	0.729344	0.201987	3
0	0.728316	0.203209	0.729344	0.204638	2
0	0.728327	0.193891	0.729355	0.195320	2
0	0.728523	0.196429	0.729551	0.197858	1
0	0.728561	0.205861	0.729589	0.207290	1
0	0.734461	0.194876	0.736517	0.196305	18
0	0.734608	0.197452	0.736664	0.198880	07
0	0.734608	0.203853	0.736664	0.205282	15
0	0.734657	0.209005	0.736713	0.210434	45
0	0.734706	0.201315	0.736762	0.202744	05
0	0.734755	0.206429	0.736811	0.207858	24
0	0.742696	0.197452	0.751839	0.198880	ELECTRIC
0	0.742745	0.199194	0.750041	0.200623	SUPPLY
0	0.742843	0.209421	0.749519	0.210850	WATER
0	0.750033	0.209421	0.751882	0.210850	IN
0	0.752353	0.197452	0.756154	0.198880	LIFT
0	0.752396	0.209421	0.757122	0.210850	FUEL
0	0.756668	0.197452	0.762009	0.198880	PUMP
0	0.757636	0.209421	0.765444	0.210850	SENSOR
0	0.762523	0.197452	0.766426	0.198880	FOR
0	0.766940	0.197452	0.774029	0.198880	ENGINE
0	0.774543	0.197452	0.779268	0.198880	FUEL
0	0.791471	0.200634	0.792499	0.202062	1
0	0.791471	0.210823	0.792499	0.212252	1
0	0.791618	0.198058	0.792646	0.199487	2
0	0.791618	0.208285	0.792646	0.209714	2
0	0.799510	0.196846	0.807212	0.198274	RETURN
0	0.799510	0.207035	0.807212	0.208464	RETURN
0	0.799559	0.202149	0.806341	0.203577	SIGNAL
0	0.799559	0.209573	0.806341	0.211002	SIGNAL
0	0.835931	0.194421	0.836959	0.195850	4
0	0.837473	0.194421	0.840555	0.195850	PIN
0	0.841069	0.194421	0.852984	0.195850	CONNECTOR
0	0.844363	0.203209	0.845391	0.204638	3
0	0.844559	0.198096	0.845587	0.199524	4
0	0.844559	0.208323	0.845587	0.209752	2
0	0.844608	0.210861	0.845636	0.212290	1
0	0.874706	0.194535	0.886620	0.195964	CONNECTOR
0	0.880196	0.203209	0.882252	0.204638	19
0	0.880441	0.198096	0.882497	0.199524	20
0	0.880441	0.208285	0.882497	0.209714	26
0	0.880441	0.210861	0.882497	0.212290	25
0	0.944314	0.195028	0.953457	0.196456	ELECTRIC
0	0.944510	0.200406	0.953653	0.201835	ELECTRIC
0	0.952598	0.209838	0.959274	0.211267	WATER
0	0.953971	0.195028	0.957772	0.196456	LIFT
0	0.954167	0.200406	0.957968	0.201835	LIFT
0	0.958286	0.195028	0.963627	0.196456	PUMP
0	0.958482	0.200406	0.963823	0.201835	PUMP
0	0.959788	0.209838	0.961637	0.211267	IN
0	0.962151	0.209838	0.966877	0.211267	FUEL
0	0.962990	0.196732	0.967716	0.198161	FUEL
0	0.963235	0.202149	0.967961	0.203577	FUEL
0	0.964141	0.195028	0.968044	0.196456	FOR
0	0.964337	0.200406	0.968240	0.201835	FOR
0	0.967391	0.209838	0.975199	0.211267	SENSOR
0	0.968230	0.196732	0.975526	0.198161	SUPPLY
0	0.968475	0.202149	0.975771	0.203577	SUPPLY
0	0.968558	0.195028	0.975647	0.196456	ENGINE
0	0.968754	0.200406	0.975843	0.201835	ENGINE
0	0.979363	0.198020	0.981419	0.199449	33
0	0.979363	0.203134	0.981419	0.204562	09
0	0.979363	0.210823	0.981419	0.212252	34
0	0.260490	0.212793	0.261825	0.214221	C
0	0.405637	0.212755	0.407693	0.214183	54
0	0.260441	0.215368	0.261674	0.216797	B
0	0.269853	0.214611	0.279511	0.216040	AUXILIARY
0	0.280025	0.214611	0.286088	0.216040	PULSE
0	0.286602	0.214611	0.292661	0.216040	WIDTH
0	0.293175	0.214611	0.305501	0.216040	MODULATION
0	0.306015	0.214611	0.313823	0.216040	SENSOR
0	0.314337	0.214611	0.315365	0.216040	1
0	0.334853	0.214611	0.345536	0.216040	DEDICATED
0	0.346050	0.214611	0.352112	0.216040	PULSE
0	0.352626	0.214611	0.358685	0.216040	WIDTH
0	0.359199	0.214611	0.371525	0.216040	MODULATION
0	0.405490	0.215331	0.407546	0.216759	14
0	0.260441	0.217906	0.261776	0.219335	R
0	0.260490	0.220444	0.261723	0.221873	S
0	0.269706	0.216846	0.278747	0.218274	MULTIPLE
0	0.269706	0.219346	0.278747	0.220774	MULTIPLE
0	0.269706	0.221959	0.278747	0.223388	MULTIPLE
0	0.279261	0.216846	0.283574	0.218274	UNIT
0	0.279261	0.219346	0.283574	0.220774	UNIT
0	0.279261	0.221959	0.283574	0.223388	UNIT
0	0.284088	0.216846	0.301961	0.218274	SYNCHRONIZATION
0	0.284088	0.219346	0.301961	0.220774	SYNCHRONIZATION
0	0.284088	0.221959	0.301961	0.223388	SYNCHRONIZATION
0	0.302475	0.216846	0.317164	0.218274	IDENTIFICATION
0	0.302475	0.219346	0.317164	0.220774	IDENTIFICATION
0	0.302475	0.221959	0.317164	0.223388	IDENTIFICATION
0	0.317678	0.216846	0.318706	0.218274	3
0	0.317678	0.219346	0.318706	0.220774	2
0	0.317678	0.221959	0.318706	0.223388	1
0	0.405490	0.220444	0.407546	0.221873	15
0	0.405637	0.217868	0.407693	0.219297	05
0	0.413088	0.218399	0.421820	0.219827	EXHAUST
0	0.413137	0.220141	0.420945	0.221570	SENSOR
0	0.421459	0.220141	0.430807	0.221570	CYLINDER
0	0.422334	0.218399	0.426239	0.219827	GAS
0	0.426753	0.218399	0.440723	0.219827	TEMPERATURE
0	0.431321	0.220141	0.433377	0.221570	13
0	0.463676	0.217944	0.464704	0.219373	1
0	0.463774	0.220444	0.464802	0.221873	2
0	0.471373	0.219573	0.479075	0.221002	RETURN
0	0.471422	0.216997	0.478203	0.218426	SIGNAL
0	0.535049	0.217944	0.536282	0.219373	E
0	0.535098	0.220520	0.536228	0.221949	F
0	0.708088	0.220349	0.721271	0.222730	SOURCE
0	0.722127	0.220349	0.737023	0.222730	ADDRESS
0	0.730882	0.218076	0.737729	0.220457	ECM
0	0.737880	0.220349	0.741306	0.222730	01
0	0.738586	0.218076	0.740299	0.220457	2
0	0.744265	0.218437	0.750429	0.219865	METAL
0	0.750943	0.218437	0.759984	0.219865	PARTICLE
0	0.760498	0.218437	0.770666	0.219865	DETECTOR
0	0.771180	0.218437	0.772208	0.219865	2
0	0.791127	0.217414	0.792361	0.218843	B
0	0.791274	0.219952	0.792508	0.221380	A
0	0.798235	0.216429	0.805938	0.217858	RETURN
0	0.798284	0.219232	0.805066	0.220661	SIGNAL
0	0.260539	0.223020	0.261669	0.224449	T
0	0.360196	0.224573	0.371188	0.226002	KEYSWITCH
0	0.405637	0.223020	0.407693	0.224449	24
0	0.712206	0.223076	0.719225	0.225457	OEM
0	0.720082	0.223076	0.739939	0.225457	CONNECTOR
0	0.405539	0.225558	0.407595	0.226987	45
0	0.471422	0.225747	0.478203	0.227176	SIGNAL
0	0.413088	0.227376	0.421820	0.228805	EXHAUST
0	0.413137	0.229081	0.420945	0.230509	SENSOR
0	0.421459	0.229081	0.430807	0.230509	CYLINDER
0	0.422334	0.227376	0.426239	0.228805	GAS
0	0.426753	0.227376	0.440723	0.228805	TEMPERATURE
0	0.431321	0.229081	0.433377	0.230509	15
0	0.463676	0.226922	0.464704	0.228350	1
0	0.463774	0.229422	0.464802	0.230850	2
0	0.471373	0.228323	0.479075	0.229752	RETURN
0	0.534951	0.226884	0.536389	0.228312	G
0	0.535000	0.229459	0.536335	0.230888	H
0	0.700147	0.229762	0.703847	0.231191	SAE
0	0.700980	0.227225	0.704680	0.228653	SAE
0	0.704361	0.229762	0.709397	0.231191	J1939
0	0.705194	0.227225	0.710230	0.228653	J1939
0	0.709911	0.229762	0.714842	0.231191	DATA
0	0.710744	0.227225	0.715675	0.228653	DATA
0	0.715356	0.229762	0.719466	0.231191	LINK
0	0.716189	0.227225	0.720299	0.228653	LINK
0	0.719980	0.229762	0.729330	0.231191	NEGATIVE
0	0.720813	0.227225	0.729342	0.228653	POSITIVE
0	0.734608	0.228096	0.736664	0.229524	01
0	0.734608	0.230671	0.736664	0.232100	21
0	0.744020	0.230709	0.752957	0.232138	COOLANT
0	0.791520	0.230709	0.792753	0.232138	B
0	0.798578	0.229611	0.806281	0.231040	RETURN
0	0.880147	0.230709	0.882203	0.232138	14
0	0.702843	0.232338	0.706543	0.233767	SAE
0	0.707057	0.232338	0.712093	0.233767	J1939
0	0.712607	0.232338	0.717538	0.233767	DATA
0	0.718052	0.232338	0.722162	0.233767	LINK
0	0.722676	0.232338	0.729354	0.233767	SHIELD
0	0.744020	0.234118	0.751827	0.235547	SENSOR
0	0.744069	0.232414	0.758039	0.233843	TEMPERATURE
0	0.752341	0.234118	0.753369	0.235547	1
0	0.791667	0.233247	0.792900	0.234676	A
0	0.798627	0.232149	0.805409	0.233577	SIGNAL
0	0.880147	0.233247	0.882203	0.234676	13
0	0.943137	0.232187	0.952075	0.233615	COOLANT
0	0.952589	0.232187	0.966559	0.233615	TEMPERATURE
0	0.967073	0.232187	0.974881	0.233615	SENSOR
0	0.975395	0.232187	0.976423	0.233615	1
0	0.979412	0.233285	0.981468	0.234714	49
0	0.696716	0.236050	0.705755	0.237479	CONTROL
0	0.706269	0.236050	0.714178	0.237479	MODULE
0	0.714692	0.236050	0.729381	0.237479	IDENTIFICATION
0	0.695098	0.238626	0.704137	0.240055	CONTROL
0	0.704651	0.238626	0.712561	0.240055	MODULE
0	0.713075	0.238626	0.727764	0.240055	IDENTIFICATION
0	0.728278	0.238626	0.729306	0.240055	3
0	0.734657	0.237073	0.736713	0.238502	41
0	0.791520	0.238399	0.792753	0.239827	B
0	0.798578	0.237603	0.806281	0.239032	RETURN
0	0.880490	0.238399	0.882546	0.239827	22
0	0.695343	0.241164	0.704382	0.242593	CONTROL
0	0.704896	0.241164	0.712806	0.242593	MODULE
0	0.713320	0.241164	0.728009	0.242593	IDENTIFICATION
0	0.728523	0.241164	0.729551	0.242593	1
0	0.734608	0.239611	0.736664	0.241040	08
0	0.743971	0.239611	0.747668	0.241040	FAN
0	0.791667	0.240975	0.792900	0.242403	A
0	0.798627	0.240141	0.805409	0.241570	SIGNAL
0	0.880588	0.240975	0.882644	0.242403	21
0	0.734608	0.242187	0.736664	0.243615	07
0	0.950833	0.243020	0.955559	0.244449	FUEL
0	0.956073	0.243020	0.961415	0.244449	PUMP
0	0.961929	0.243020	0.975797	0.244449	PRESSURIZING
0	0.680343	0.247679	0.689384	0.249108	MULTIPLE
0	0.689898	0.247679	0.694211	0.249108	UNIT
0	0.694725	0.247679	0.712598	0.249108	SYNCHRONIZATION
0	0.713112	0.247679	0.727802	0.249108	IDENTIFICATION
0	0.718382	0.245331	0.729374	0.246759	KEYSWITCH
0	0.728316	0.247679	0.729344	0.249108	3
0	0.734657	0.246088	0.736713	0.247517	45
0	0.734706	0.248550	0.736762	0.249979	05
0	0.743971	0.246808	0.748696	0.248237	FUEL
0	0.744118	0.248550	0.754085	0.249979	ASSEMBLY
0	0.749210	0.246808	0.754552	0.248237	PUMP
0	0.754599	0.248550	0.755627	0.249979	1
0	0.755066	0.246808	0.768934	0.248237	PRESSURIZING
0	0.791471	0.248588	0.792499	0.250017	1
0	0.791618	0.246012	0.792646	0.247441	2
0	0.798578	0.244952	0.806281	0.246380	RETURN
0	0.798627	0.247490	0.805409	0.248918	SIGNAL
0	0.880343	0.246050	0.882399	0.247479	18
0	0.880343	0.248626	0.882399	0.250055	17
0	0.950833	0.248134	0.955559	0.249562	FUEL
0	0.956073	0.248134	0.961415	0.249562	PUMP
0	0.961929	0.248134	0.975797	0.249562	PRESSURIZING
0	0.964510	0.244762	0.974477	0.246191	ASSEMBLY
0	0.974991	0.244762	0.976019	0.246191	1
0	0.979265	0.246012	0.981321	0.247441	14
0	0.680343	0.250179	0.689384	0.251608	MULTIPLE
0	0.689898	0.250179	0.694211	0.251608	UNIT
0	0.694725	0.250179	0.712598	0.251608	SYNCHRONIZATION
0	0.713112	0.250179	0.727802	0.251608	IDENTIFICATION
0	0.728316	0.250179	0.729344	0.251608	2
0	0.734608	0.251126	0.736664	0.252555	15
0	0.964510	0.249876	0.974477	0.251305	ASSEMBLY
0	0.974991	0.249876	0.976019	0.251305	1
0	0.979265	0.250709	0.981321	0.252138	10
0	0.680000	0.255482	0.693765	0.256911	INTERMEDIATE
0	0.680588	0.252982	0.689629	0.254411	MULTIPLE
0	0.690143	0.252982	0.694457	0.254411	UNIT
0	0.694279	0.255482	0.700546	0.256911	SPEED
0	0.694971	0.252982	0.712844	0.254411	SYNCHRONIZATION
0	0.697696	0.258058	0.711461	0.259487	INTERMEDIATE
0	0.701060	0.255482	0.710100	0.256911	CONTROL
0	0.710613	0.255482	0.721607	0.256911	VALIDATION
0	0.711975	0.258058	0.718243	0.259487	SPEED
0	0.713358	0.252982	0.728047	0.254411	IDENTIFICATION
0	0.718756	0.258058	0.727796	0.259487	CONTROL
0	0.722121	0.255482	0.729413	0.256911	SWITCH
0	0.728310	0.258058	0.729338	0.259487	2
0	0.728561	0.252982	0.729589	0.254411	1
0	0.734608	0.256240	0.736664	0.257668	17
0	0.734706	0.258778	0.736762	0.260206	06
0	0.734755	0.253702	0.736811	0.255130	24
0	0.743971	0.255520	0.753215	0.256949	INJECTOR
0	0.743971	0.257262	0.754141	0.258691	PRESSURE
0	0.753729	0.255520	0.763487	0.256949	METERING
0	0.754655	0.257262	0.762463	0.258691	SENSOR
0	0.764001	0.255520	0.768111	0.256949	RAIL
0	0.768625	0.255520	0.769653	0.256949	1
0	0.791471	0.256240	0.792499	0.257668	1
0	0.791569	0.258815	0.792597	0.260244	3
0	0.791618	0.253702	0.792646	0.255130	2
0	0.798578	0.255293	0.806281	0.256721	RETURN
0	0.798627	0.252528	0.805409	0.253956	SIGNAL
0	0.798725	0.257793	0.799753	0.259221	5
0	0.800267	0.257793	0.805097	0.259221	VOLT
0	0.805611	0.257793	0.812906	0.259221	SUPPLY
0	0.880588	0.253702	0.882644	0.255130	09
0	0.880588	0.256278	0.882644	0.257706	08
0	0.880588	0.258815	0.882644	0.260244	07
0	0.950588	0.254346	0.959833	0.255774	INJECTOR
0	0.957451	0.256050	0.967622	0.257479	PRESSURE
0	0.960347	0.254346	0.970105	0.255774	METERING
0	0.968136	0.256050	0.975944	0.257479	SENSOR
0	0.970619	0.254346	0.974729	0.255774	RAIL
0	0.975243	0.254346	0.976271	0.255774	1
0	0.979412	0.256732	0.981468	0.258161	29
0	0.677206	0.260823	0.690971	0.262252	INTERMEDIATE
0	0.691485	0.260823	0.697752	0.262252	SPEED
0	0.698266	0.260823	0.707305	0.262252	CONTROL
0	0.707819	0.260823	0.717271	0.262252	1/REMOTE
0	0.717785	0.260823	0.721586	0.262252	PTO
0	0.722100	0.260823	0.729392	0.262252	SWITCH
0	0.734608	0.261353	0.736664	0.262782	16
0	0.943431	0.260975	0.950110	0.262403	INTAKE
0	0.950624	0.260975	0.960177	0.262403	MANIFOLD
0	0.960691	0.260975	0.961719	0.262403	1
0	0.962233	0.260975	0.965315	0.262403	AIR
0	0.965829	0.260975	0.976000	0.262403	PRESSURE
0	0.680882	0.263020	0.689615	0.264449	EXHAUST
0	0.690129	0.263020	0.694033	0.264449	GAS
0	0.694547	0.263020	0.708517	0.264449	TEMPERATURE
0	0.709031	0.263020	0.716839	0.264449	SENSOR
0	0.717353	0.263020	0.726701	0.264449	CYLINDER
0	0.727215	0.263020	0.729271	0.264449	14
0	0.734608	0.263967	0.736664	0.265396	50
0	0.791569	0.263891	0.792597	0.265320	3
0	0.798627	0.262906	0.805409	0.264335	SIGNAL
0	0.880588	0.263929	0.882644	0.265358	06
0	0.966863	0.262679	0.974671	0.264108	SENSOR
0	0.975185	0.262679	0.976213	0.264108	1
0	0.979265	0.263891	0.981321	0.265320	19
0	0.680882	0.265937	0.689615	0.267365	EXHAUST
0	0.690129	0.265937	0.694033	0.267365	GAS
0	0.694547	0.265937	0.708517	0.267365	TEMPERATURE
0	0.709031	0.265937	0.716839	0.267365	SENSOR
0	0.717353	0.265937	0.726701	0.267365	CYLINDER
0	0.727215	0.265937	0.729271	0.267365	16
0	0.734608	0.266467	0.736664	0.267896	09
0	0.743971	0.265596	0.750649	0.267024	INTAKE
0	0.743971	0.267338	0.754141	0.268767	PRESSURE
0	0.751163	0.265596	0.760716	0.267024	MANIFOLD
0	0.754655	0.267338	0.762463	0.268767	SENSOR
0	0.761230	0.265596	0.762258	0.267024	1
0	0.762772	0.265596	0.765854	0.267024	AIR
0	0.762977	0.267338	0.764005	0.268767	1
0	0.791471	0.269043	0.792499	0.270471	1
0	0.791618	0.266467	0.792646	0.267896	2
0	0.798578	0.265672	0.806281	0.267100	RETURN
0	0.798725	0.268172	0.799753	0.269600	5
0	0.800267	0.268172	0.805097	0.269600	VOLT
0	0.805611	0.268172	0.812906	0.269600	SUPPLY
0	0.880539	0.266505	0.882595	0.267934	05
0	0.880588	0.269043	0.882644	0.270471	04
0	0.426912	0.274725	0.432664	0.276153	RIGHT
0	0.428627	0.276467	0.435612	0.277896	DRIVER
0	0.433178	0.274725	0.438212	0.276153	BANK
0	0.436126	0.276467	0.437154	0.277896	8
0	0.437668	0.276467	0.440750	0.277896	PIN
0	0.438726	0.274725	0.445093	0.276153	FRONT
0	0.441264	0.276467	0.453179	0.277896	CONNECTOR
0	0.445607	0.274725	0.454955	0.276153	CYLINDER
0	0.470882	0.274649	0.476634	0.276077	RIGHT
0	0.477148	0.274649	0.482183	0.276077	BANK
0	0.478333	0.276353	0.490247	0.277782	CONNECTOR
0	0.482697	0.274649	0.491634	0.276077	HARNESS
0	0.492148	0.274649	0.494204	0.276077	47
0	0.494718	0.274649	0.497800	0.276077	PIN
0	0.508676	0.274800	0.514428	0.276229	RIGHT
0	0.510049	0.276505	0.512105	0.277933	47
0	0.512619	0.276505	0.515701	0.277933	PIN
0	0.514942	0.274800	0.519977	0.276229	BANK
0	0.516215	0.276505	0.528129	0.277933	CONNECTOR
0	0.520491	0.274800	0.529428	0.276229	HARNESS
0	0.712010	0.273437	0.719818	0.274865	SENSOR
0	0.720332	0.273437	0.728034	0.274865	RETURN
0	0.728548	0.273437	0.729576	0.274865	1
0	0.734608	0.274156	0.736664	0.275585	22
0	0.744020	0.276050	0.751108	0.277479	ENGINE
0	0.751622	0.276050	0.761791	0.277479	CAMSHAFT
0	0.791569	0.274119	0.792597	0.275547	3
0	0.791618	0.276694	0.792646	0.278123	2
0	0.798578	0.275937	0.806281	0.277365	RETURN
0	0.798627	0.273134	0.805409	0.274562	SIGNAL
0	0.880588	0.274156	0.882644	0.275585	03
0	0.880588	0.276732	0.882644	0.278161	02
0	0.958627	0.275634	0.966435	0.277062	SENSOR
0	0.966949	0.275634	0.974652	0.277062	RETURN
0	0.969412	0.273399	0.976193	0.274827	SIGNAL
0	0.975166	0.275634	0.976194	0.277062	4
0	0.979363	0.274119	0.981419	0.275547	37
0	0.979412	0.276694	0.981468	0.278123	48
0	0.322010	0.277982	0.331254	0.279411	INJECTOR
0	0.322010	0.279724	0.328995	0.281153	DRIVER
0	0.329509	0.279724	0.338857	0.281153	CYLINDER
0	0.331768	0.277982	0.341323	0.279411	SOLENOID
0	0.339371	0.279724	0.340399	0.281153	2
0	0.371275	0.279270	0.372302	0.280699	2
0	0.378578	0.278020	0.386281	0.279449	RETURN
0	0.378676	0.280558	0.385458	0.281987	SIGNAL
0	0.439216	0.279308	0.440449	0.280737	B
0	0.483333	0.279308	0.485389	0.280737	17
0	0.518039	0.279308	0.520095	0.280737	17
0	0.696029	0.279516	0.702876	0.281897	ECM
0	0.703733	0.279516	0.705446	0.281897	2
0	0.706303	0.279516	0.719486	0.281897	SOURCE
0	0.720342	0.279516	0.735238	0.281897	ADDRESS
0	0.736095	0.279516	0.739521	0.281897	01
0	0.744069	0.277793	0.759686	0.279221	SPEED/POSITION
0	0.744069	0.279497	0.751876	0.280926	SENSOR
0	0.791471	0.279270	0.792499	0.280699	1
0	0.798725	0.278437	0.799753	0.279865	5
0	0.800267	0.278437	0.805097	0.279865	VOLT
0	0.805611	0.278437	0.812906	0.279865	SUPPLY
0	0.880686	0.279270	0.882742	0.280699	01
0	0.959069	0.277906	0.966877	0.279335	SENSOR
0	0.967391	0.277906	0.974686	0.279335	SUPPLY
0	0.975200	0.277906	0.976228	0.279335	4
0	0.979363	0.279232	0.981419	0.280661	36
0	0.205196	0.280955	0.208623	0.283336	16
0	0.209479	0.280955	0.214616	0.283336	PIN
0	0.215473	0.280955	0.227115	0.283336	POWER
0	0.371127	0.281846	0.372155	0.283274	1
0	0.439216	0.281846	0.440449	0.283274	A
0	0.483333	0.281846	0.485389	0.283274	16
0	0.518039	0.281846	0.520095	0.283274	16
0	0.206324	0.283834	0.226181	0.286215	CONNECTOR
0	0.215882	0.288247	0.217217	0.289676	H
0	0.221422	0.287149	0.232413	0.288577	KEYSWITCH
0	0.322010	0.285937	0.331254	0.287365	INJECTOR
0	0.322010	0.287679	0.328995	0.289108	DRIVER
0	0.329509	0.287679	0.338857	0.289108	CYLINDER
0	0.331768	0.285937	0.341323	0.287365	SOLENOID
0	0.339371	0.287679	0.340399	0.289108	4
0	0.371127	0.288247	0.372155	0.289676	1
0	0.371275	0.285634	0.372302	0.287062	2
0	0.378578	0.284497	0.386281	0.285926	RETURN
0	0.378676	0.287035	0.385458	0.288464	SIGNAL
0	0.439167	0.285671	0.440502	0.287100	D
0	0.439167	0.288247	0.440502	0.289676	C
0	0.483333	0.285671	0.485389	0.287100	19
0	0.483333	0.288209	0.485389	0.289638	18
0	0.518039	0.285671	0.520095	0.287100	19
0	0.518039	0.288209	0.520095	0.289638	18
0	0.699069	0.284876	0.711600	0.286305	CRANKSHAFT
0	0.701422	0.287376	0.711590	0.288805	CAMSHAFT
0	0.706471	0.282357	0.718285	0.284738	ENGINE
0	0.712104	0.287376	0.720940	0.288805	POSITION
0	0.712114	0.284876	0.720950	0.286305	POSITION
0	0.719142	0.282357	0.738999	0.284738	CONNECTOR
0	0.721454	0.287376	0.729262	0.288805	SENSOR
0	0.721464	0.284876	0.729272	0.286305	SENSOR
0	0.734608	0.288247	0.736664	0.289676	37
0	0.734657	0.285709	0.736713	0.287138	42
0	0.743431	0.284952	0.750110	0.286380	INTAKE
0	0.743529	0.288361	0.751337	0.289790	SENSOR
0	0.743578	0.286656	0.746661	0.288085	AIR
0	0.747174	0.286656	0.761145	0.288085	TEMPERATURE
0	0.750623	0.284952	0.760177	0.286380	MANIFOLD
0	0.751851	0.288361	0.752879	0.289790	1
0	0.760691	0.284952	0.761719	0.286380	1
0	0.791520	0.284384	0.792753	0.285812	B
0	0.791667	0.286921	0.792900	0.288350	A
0	0.798578	0.283475	0.806281	0.284903	RETURN
0	0.798627	0.285823	0.805409	0.287252	SIGNAL
0	0.880490	0.284384	0.882546	0.285812	16
0	0.880490	0.286959	0.882546	0.288388	15
0	0.952647	0.285861	0.966617	0.287290	TEMPERATURE
0	0.954265	0.284118	0.960943	0.285547	INTAKE
0	0.961457	0.284118	0.971010	0.285547	MANIFOLD
0	0.967131	0.285861	0.974939	0.287290	SENSOR
0	0.971524	0.284118	0.972552	0.285547	1
0	0.973066	0.284118	0.976148	0.285547	AIR
0	0.975453	0.285861	0.976481	0.287290	1
0	0.979363	0.286921	0.981419	0.288350	01
0	0.216029	0.294611	0.217263	0.296040	A
0	0.221176	0.293361	0.225285	0.294790	ECM
0	0.225799	0.293361	0.226827	0.294790	3
0	0.227341	0.293361	0.235868	0.294790	BATTERY
0	0.236382	0.293361	0.243677	0.294790	SUPPLY
0	0.282255	0.294649	0.283488	0.296077	A
0	0.287647	0.294497	0.291755	0.295926	ECM
0	0.292269	0.294497	0.293297	0.295926	3
0	0.322010	0.292490	0.331254	0.293918	INJECTOR
0	0.322010	0.294232	0.328995	0.295661	DRIVER
0	0.329509	0.294232	0.338857	0.295661	CYLINDER
0	0.331768	0.292490	0.341323	0.293918	SOLENOID
0	0.339371	0.294232	0.340399	0.295661	6
0	0.371127	0.294611	0.372155	0.296040	1
0	0.371275	0.292073	0.372302	0.293502	2
0	0.378578	0.290937	0.386281	0.292365	RETURN
0	0.378676	0.293512	0.385458	0.294941	SIGNAL
0	0.439216	0.294649	0.440449	0.296077	E
0	0.439265	0.292073	0.440394	0.293502	F
0	0.483382	0.294611	0.485438	0.296040	20
0	0.483529	0.292073	0.485585	0.293502	21
0	0.518137	0.294611	0.520193	0.296040	20
0	0.518235	0.292073	0.520291	0.293502	21
0	0.653284	0.294762	0.660373	0.296191	OPTION
0	0.660887	0.294762	0.661915	0.296191	1
0	0.710735	0.289914	0.711763	0.291343	5
0	0.712277	0.289914	0.717106	0.291343	VOLT
0	0.717620	0.289914	0.724916	0.291343	SUPPLY
0	0.880490	0.290785	0.882546	0.292214	12
0	0.880637	0.293361	0.882693	0.294790	11
0	0.951176	0.291202	0.955902	0.292630	FUEL
0	0.956416	0.291202	0.965561	0.292630	DELIVERY
0	0.966075	0.291202	0.976246	0.292630	PRESSURE
0	0.968333	0.292906	0.976141	0.294335	SENSOR
0	0.979265	0.293967	0.981321	0.295396	15
0	0.880490	0.295899	0.882546	0.297327	10
0	0.282157	0.297225	0.283390	0.298653	B
0	0.287255	0.297111	0.292186	0.298540	FUSE
0	0.378578	0.297187	0.386281	0.298615	RETURN
0	0.652843	0.297187	0.661675	0.298615	CUMMINS
0	0.662189	0.297187	0.677396	0.298615	RESPONSIBILITY
0	0.695735	0.297149	0.696968	0.298577	A
0	0.322010	0.299497	0.331254	0.300926	INJECTOR
0	0.331768	0.299497	0.341323	0.300926	SOLENOID
0	0.371275	0.298437	0.372302	0.299865	2
0	0.378676	0.299762	0.385458	0.301191	SIGNAL
0	0.439167	0.298475	0.440502	0.299903	H
0	0.483382	0.298437	0.485438	0.299865	23
0	0.518137	0.298437	0.520193	0.299865	23
0	0.695588	0.299725	0.696821	0.301153	B
0	0.717206	0.298853	0.724908	0.300282	RETURN
0	0.880588	0.298475	0.882644	0.299903	24
0	0.322010	0.301240	0.328995	0.302668	DRIVER
0	0.329509	0.301240	0.338857	0.302668	CYLINDER
0	0.339371	0.301240	0.340399	0.302668	8
0	0.371127	0.301012	0.372155	0.302441	1
0	0.439118	0.301012	0.440556	0.302441	G
0	0.483382	0.301012	0.485438	0.302441	22
0	0.518137	0.301012	0.520193	0.302441	22
0	0.653186	0.301846	0.656167	0.303274	OIL
0	0.656681	0.301846	0.662436	0.303274	LEVEL
0	0.662950	0.301846	0.670758	0.303274	SENSOR
0	0.695637	0.302262	0.696972	0.303691	C
0	0.718333	0.301543	0.725115	0.302971	SIGNAL
0	0.734608	0.302300	0.736664	0.303729	20
0	0.880588	0.301012	0.882644	0.302441	23
0	0.282255	0.303626	0.283283	0.305055	4
0	0.286765	0.303853	0.290873	0.305282	ECM
0	0.291387	0.303853	0.292415	0.305282	3
0	0.282206	0.306202	0.283234	0.307630	2
0	0.286814	0.306353	0.294723	0.307782	SOURCE
0	0.295237	0.306353	0.304175	0.307782	ADDRESS
0	0.304689	0.306353	0.306744	0.307782	00
0	0.653284	0.305861	0.660373	0.307290	OPTION
0	0.660887	0.305861	0.661915	0.307290	2
0	0.704069	0.305899	0.705097	0.307327	4
0	0.705611	0.305899	0.708693	0.307327	PIN
0	0.215980	0.308702	0.216905	0.310130	J
0	0.221324	0.307414	0.229026	0.308843	RETURN
0	0.282059	0.308740	0.283087	0.310168	1
0	0.286422	0.307793	0.293407	0.309221	POWER
0	0.293921	0.307793	0.305835	0.309221	CONNECTOR
0	0.322010	0.309952	0.331254	0.311380	INJECTOR
0	0.331768	0.309952	0.341323	0.311380	SOLENOID
0	0.378578	0.309990	0.386281	0.311418	RETURN
0	0.413578	0.308020	0.419330	0.309449	RIGHT
0	0.419844	0.308020	0.424879	0.309449	BANK
0	0.425393	0.308020	0.430529	0.309449	REAR
0	0.431043	0.308020	0.440391	0.309449	CYLINDER
0	0.440905	0.308020	0.447890	0.309449	DRIVER
0	0.448404	0.308020	0.449432	0.309449	8
0	0.449946	0.308020	0.453028	0.309449	PIN
0	0.453542	0.308020	0.465456	0.309449	CONNECTOR
0	0.653382	0.309573	0.662214	0.311002	CUMMINS
0	0.662728	0.309573	0.677935	0.311002	RESPONSIBILITY
0	0.695735	0.309952	0.696968	0.311380	A
0	0.700294	0.307603	0.712208	0.309032	CONNECTOR
0	0.705441	0.309952	0.706469	0.311380	1
0	0.715049	0.309081	0.716077	0.310509	5
0	0.716591	0.309081	0.721420	0.310509	VOLT
0	0.721934	0.309081	0.729230	0.310509	SUPPLY
0	0.734608	0.309990	0.736664	0.311418	36
0	0.322010	0.311656	0.328995	0.313085	DRIVER
0	0.329509	0.311656	0.338857	0.313085	CYLINDER
0	0.339371	0.311656	0.341427	0.313085	16
0	0.371275	0.311240	0.372302	0.312668	2
0	0.378676	0.312565	0.385458	0.313994	SIGNAL
0	0.439167	0.311240	0.440502	0.312668	H
0	0.483480	0.311240	0.485536	0.312668	31
0	0.518235	0.311240	0.520291	0.312668	31
0	0.695588	0.312490	0.696821	0.313918	B
0	0.705588	0.312490	0.706616	0.313918	2
0	0.734657	0.312528	0.736713	0.313956	48
0	0.371127	0.313815	0.372155	0.315244	1
0	0.439118	0.313778	0.440556	0.315206	G
0	0.483382	0.313778	0.485438	0.315206	30
0	0.518137	0.313778	0.520193	0.315206	30
0	0.653382	0.313967	0.656363	0.315396	OIL
0	0.656877	0.313967	0.662632	0.315396	LEVEL
0	0.663146	0.313967	0.670954	0.315396	SENSOR
0	0.695637	0.315028	0.696972	0.316456	C
0	0.705539	0.315028	0.706567	0.316456	3
0	0.722500	0.314194	0.729282	0.315623	SIGNAL
0	0.734608	0.315103	0.736664	0.316532	20
0	0.950147	0.315065	0.965863	0.316494	TURBOCHARGER
0	0.966377	0.315065	0.967405	0.316494	1
0	0.967919	0.315065	0.974187	0.316494	SPEED
0	0.322010	0.317111	0.331254	0.318540	INJECTOR
0	0.322010	0.318853	0.328995	0.320282	DRIVER
0	0.329509	0.318853	0.338857	0.320282	CYLINDER
0	0.331768	0.317111	0.341323	0.318540	SOLENOID
0	0.339371	0.318853	0.341427	0.320282	14
0	0.371275	0.317603	0.372302	0.319032	2
0	0.378578	0.316391	0.386281	0.317820	RETURN
0	0.378676	0.318929	0.385458	0.320358	SIGNAL
0	0.439216	0.317641	0.440345	0.319070	F
0	0.483382	0.317641	0.485438	0.319070	29
0	0.518137	0.317641	0.520193	0.319070	29
0	0.700980	0.319156	0.704680	0.320585	SAE
0	0.705194	0.319156	0.710230	0.320585	J1939
0	0.710744	0.319156	0.715675	0.320585	DATA
0	0.716189	0.319156	0.720299	0.320585	LINK
0	0.720813	0.319156	0.729342	0.320585	POSITIVE
0	0.741029	0.318626	0.756745	0.320055	TURBOCHARGER
0	0.757259	0.318626	0.758287	0.320055	1
0	0.758801	0.318626	0.765068	0.320055	SPEED
0	0.791667	0.316315	0.792695	0.317744	3
0	0.791667	0.318891	0.792695	0.320320	2
0	0.798578	0.317793	0.806281	0.319221	RETURN
0	0.979363	0.316315	0.981419	0.317744	31
0	0.215882	0.321467	0.217012	0.322896	F
0	0.215931	0.324005	0.217266	0.325433	C
0	0.221324	0.322944	0.225432	0.324373	ECM
0	0.221520	0.320520	0.230047	0.321949	BATTERY
0	0.225946	0.322944	0.226974	0.324373	2
0	0.227488	0.322944	0.236015	0.324373	BATTERY
0	0.230561	0.320520	0.237856	0.321949	SUPPLY
0	0.236529	0.322944	0.243824	0.324373	SUPPLY
0	0.282157	0.324081	0.283390	0.325509	B
0	0.282255	0.321543	0.283488	0.322971	A
0	0.287549	0.322187	0.295666	0.323615	SERVICE
0	0.296180	0.322187	0.301316	0.323615	PORT
0	0.301830	0.322187	0.306761	0.323615	FUSE
0	0.322010	0.323778	0.331254	0.325206	INJECTOR
0	0.331768	0.323778	0.341323	0.325206	SOLENOID
0	0.371127	0.320217	0.372155	0.321646	1
0	0.371275	0.324005	0.372302	0.325433	2
0	0.378578	0.322906	0.386281	0.324335	RETURN
0	0.439118	0.324043	0.440453	0.325471	D
0	0.439167	0.320179	0.440400	0.321608	E
0	0.483382	0.320179	0.485438	0.321608	28
0	0.483382	0.324043	0.485438	0.325471	27
0	0.518137	0.320179	0.520193	0.321608	28
0	0.518137	0.324043	0.520193	0.325471	27
0	0.700147	0.321694	0.703847	0.323123	SAE
0	0.702843	0.324270	0.706543	0.325699	SAE
0	0.704361	0.321694	0.709397	0.323123	J1939
0	0.707057	0.324270	0.712093	0.325699	J1939
0	0.709911	0.321694	0.714842	0.323123	DATA
0	0.712607	0.324270	0.717538	0.325699	DATA
0	0.715356	0.321694	0.719466	0.323123	LINK
0	0.718052	0.324270	0.722162	0.325699	LINK
0	0.719980	0.321694	0.729330	0.323123	NEGATIVE
0	0.722676	0.324270	0.729354	0.325699	SHIELD
0	0.734608	0.320217	0.736664	0.321646	38
0	0.734608	0.322755	0.736664	0.324183	39
0	0.741029	0.320331	0.748837	0.321759	SENSOR
0	0.791569	0.321467	0.792597	0.322896	1
0	0.798627	0.320368	0.805409	0.321797	SIGNAL
0	0.950147	0.320406	0.965863	0.321835	TURBOCHARGER
0	0.966377	0.320406	0.967405	0.321835	1
0	0.967919	0.320406	0.974187	0.321835	SPEED
0	0.979412	0.321505	0.981468	0.322934	21
0	0.322010	0.325520	0.328995	0.326949	DRIVER
0	0.329509	0.325520	0.338857	0.326949	CYLINDER
0	0.339371	0.325520	0.341427	0.326949	12
0	0.378676	0.325444	0.385458	0.326873	SIGNAL
0	0.798578	0.325558	0.806281	0.326987	RETURN
0	0.371127	0.326581	0.372155	0.328009	1
0	0.378578	0.329194	0.386281	0.330623	RETURN
0	0.439167	0.326581	0.440502	0.328009	C
0	0.483382	0.326581	0.485438	0.328009	26
0	0.518137	0.326581	0.520193	0.328009	26
0	0.691127	0.326808	0.700372	0.328237	INJECTOR
0	0.691127	0.329384	0.700372	0.330812	INJECTOR
0	0.700886	0.326808	0.710441	0.328237	SOLENOID
0	0.700886	0.329384	0.710441	0.330812	SOLENOID
0	0.710955	0.326808	0.717940	0.328237	DRIVER
0	0.710955	0.329384	0.717940	0.330812	DRIVER
0	0.718454	0.326808	0.727802	0.328237	CYLINDER
0	0.718454	0.329384	0.727802	0.330812	CYLINDER
0	0.728316	0.326808	0.729343	0.328237	7
0	0.728316	0.329384	0.729343	0.330812	7
0	0.734608	0.327868	0.736664	0.329297	52
0	0.740882	0.328702	0.741910	0.330130	1
0	0.741029	0.326997	0.744010	0.328426	OIL
0	0.744524	0.326997	0.758494	0.328426	TEMPERATURE
0	0.759008	0.326997	0.766816	0.328426	SENSOR
0	0.791422	0.329119	0.792655	0.330547	A
0	0.791569	0.326581	0.792802	0.328009	B
0	0.798627	0.328134	0.805409	0.329562	SIGNAL
0	0.947108	0.327793	0.950088	0.329221	OIL
0	0.950602	0.327793	0.964572	0.329221	TEMPERATURE
0	0.965086	0.327793	0.972894	0.329221	SENSOR
0	0.973408	0.327793	0.974436	0.329221	1
0	0.979412	0.329194	0.981468	0.330623	24
0	0.322010	0.330937	0.331254	0.332365	INJECTOR
0	0.322010	0.332641	0.328995	0.334070	DRIVER
0	0.329509	0.332641	0.338857	0.334070	CYLINDER
0	0.331768	0.330937	0.341323	0.332365	SOLENOID
0	0.339371	0.332641	0.341427	0.334070	10
0	0.371127	0.332982	0.372155	0.334411	1
0	0.371275	0.330369	0.372302	0.331797	2
0	0.378676	0.331732	0.385458	0.333161	SIGNAL
0	0.439167	0.330406	0.440400	0.331835	B
0	0.439216	0.332982	0.440449	0.334411	A
0	0.483382	0.330406	0.485438	0.331835	25
0	0.483382	0.332982	0.485438	0.334411	24
0	0.518137	0.330406	0.520193	0.331835	25
0	0.518137	0.332982	0.520193	0.334411	24
0	0.691078	0.333209	0.700323	0.334638	INJECTOR
0	0.700837	0.333209	0.710392	0.334638	SOLENOID
0	0.710906	0.333209	0.717891	0.334638	DRIVER
0	0.718405	0.333209	0.727753	0.334638	CYLINDER
0	0.728266	0.333209	0.729294	0.334638	9
0	0.734657	0.330444	0.736713	0.331873	46
0	0.691078	0.335785	0.700323	0.337214	INJECTOR
0	0.700837	0.335785	0.710392	0.337214	SOLENOID
0	0.710906	0.335785	0.717891	0.337214	DRIVER
0	0.718405	0.335785	0.727753	0.337214	CYLINDER
0	0.728266	0.335785	0.729294	0.337214	9
0	0.734608	0.334270	0.736664	0.335699	58
0	0.853186	0.335103	0.862536	0.336532	OPTIONAL
0	0.734657	0.336808	0.736713	0.338237	45
0	0.282255	0.338172	0.283488	0.339600	A
0	0.287843	0.338172	0.291951	0.339600	ECM
0	0.292465	0.338172	0.293493	0.339600	2
0	0.423382	0.338626	0.429134	0.340055	RIGHT
0	0.429648	0.338626	0.434683	0.340055	BANK
0	0.435197	0.338626	0.441564	0.340055	FRONT
0	0.442078	0.338626	0.451015	0.340055	HARNESS
0	0.282157	0.340709	0.283390	0.342138	B
0	0.287451	0.341164	0.292382	0.342593	FUSE
0	0.323824	0.343399	0.333173	0.344827	OPTIONAL
0	0.420490	0.340179	0.429222	0.341608	EXHAUST
0	0.429736	0.340179	0.433641	0.341608	GAS
0	0.431667	0.342376	0.432695	0.343805	8
0	0.433209	0.342376	0.436291	0.343805	PIN
0	0.434155	0.340179	0.448125	0.341608	TEMPERATURE
0	0.436805	0.342376	0.448719	0.343805	CONNECTOR
0	0.448639	0.340179	0.456447	0.341608	SENSOR
0	0.691127	0.339611	0.700372	0.341040	INJECTOR
0	0.691127	0.342149	0.700372	0.343577	INJECTOR
0	0.700886	0.339611	0.710441	0.341040	SOLENOID
0	0.700886	0.342149	0.710441	0.343577	SOLENOID
0	0.710955	0.339611	0.717940	0.341040	DRIVER
0	0.710955	0.342149	0.717940	0.343577	DRIVER
0	0.718454	0.339611	0.727802	0.341040	CYLINDER
0	0.718454	0.342149	0.727802	0.343577	CYLINDER
0	0.728316	0.339611	0.729343	0.341040	4
0	0.728316	0.342149	0.729343	0.343577	4
0	0.734608	0.340672	0.736664	0.342100	60
0	0.734608	0.343209	0.736664	0.344638	54
0	0.857843	0.342111	0.862569	0.343540	FUEL
0	0.863083	0.342111	0.869452	0.343540	FILTER
0	0.864608	0.340179	0.865636	0.341608	7
0	0.866150	0.340179	0.869232	0.341608	PIN
0	0.221324	0.349459	0.229026	0.350888	RETURN
0	0.282206	0.348399	0.283234	0.349827	2
0	0.282255	0.345823	0.283283	0.347252	4
0	0.286422	0.349384	0.293407	0.350812	POWER
0	0.287402	0.345065	0.291510	0.346494	ECM
0	0.287500	0.347528	0.295409	0.348956	SOURCE
0	0.292024	0.345065	0.293052	0.346494	2
0	0.293921	0.349384	0.305835	0.350812	CONNECTOR
0	0.295923	0.347528	0.304861	0.348956	ADDRESS
0	0.305375	0.347528	0.307431	0.348956	01
0	0.324167	0.347679	0.332899	0.349108	EXHAUST
0	0.324265	0.349384	0.338235	0.350812	TEMPERATURE
0	0.333413	0.347679	0.337318	0.349108	GAS
0	0.371029	0.348361	0.372057	0.349790	1
0	0.378578	0.349876	0.386281	0.351305	RETURN
0	0.378676	0.347262	0.385458	0.348691	SIGNAL
0	0.439118	0.348323	0.440351	0.349752	A
0	0.483382	0.348285	0.485438	0.349714	33
0	0.691078	0.346012	0.700323	0.347441	INJECTOR
0	0.691078	0.348550	0.700323	0.349979	INJECTOR
0	0.700837	0.346012	0.710392	0.347441	SOLENOID
0	0.700837	0.348550	0.710392	0.349979	SOLENOID
0	0.710906	0.346012	0.717891	0.347441	DRIVER
0	0.710906	0.348550	0.717891	0.349979	DRIVER
0	0.718405	0.346012	0.727753	0.347441	CYLINDER
0	0.718405	0.348550	0.727753	0.349979	CYLINDER
0	0.728266	0.346012	0.729294	0.347441	6
0	0.728266	0.348550	0.729294	0.349979	6
0	0.734608	0.347035	0.736664	0.348464	53
0	0.734608	0.349611	0.736664	0.351040	57
0	0.857451	0.347868	0.869365	0.349297	CONNECTOR
0	0.858775	0.344422	0.869459	0.345850	EXTENSION
0	0.860490	0.346164	0.869428	0.347593	HARNESS
0	0.215882	0.350899	0.217116	0.352327	K
0	0.282059	0.350937	0.283087	0.352365	1
0	0.324216	0.351088	0.332023	0.352517	SENSOR
0	0.332537	0.351088	0.341885	0.352517	CYLINDER
0	0.342399	0.351088	0.343427	0.352517	2
0	0.371176	0.350861	0.372204	0.352290	2
0	0.439118	0.350899	0.440351	0.352327	B
0	0.483382	0.350861	0.485438	0.352290	32
0	0.689951	0.352414	0.699195	0.353843	INJECTOR
0	0.699709	0.352414	0.709264	0.353843	SOLENOID
0	0.709778	0.352414	0.716763	0.353843	DRIVER
0	0.717277	0.352414	0.726625	0.353843	CYLINDER
0	0.727139	0.352414	0.729195	0.353843	14
0	0.734608	0.353437	0.736664	0.354865	51
0	0.791569	0.353399	0.792597	0.354827	3
0	0.798627	0.352035	0.805409	0.353464	SIGNAL
0	0.864363	0.353323	0.865391	0.354752	3
0	0.215882	0.358588	0.217217	0.360017	D
0	0.221324	0.357262	0.225432	0.358691	ECM
0	0.225946	0.357262	0.226974	0.358691	1
0	0.227488	0.357262	0.236015	0.358691	BATTERY
0	0.236529	0.357262	0.243824	0.358691	SUPPLY
0	0.282255	0.358626	0.283488	0.360055	A
0	0.287843	0.357944	0.291951	0.359373	ECM
0	0.292465	0.357944	0.293493	0.359373	1
0	0.324167	0.355331	0.332899	0.356759	EXHAUST
0	0.324216	0.358778	0.332023	0.360206	SENSOR
0	0.324265	0.357035	0.338235	0.358464	TEMPERATURE
0	0.332537	0.358778	0.341885	0.360206	CYLINDER
0	0.333413	0.355331	0.337318	0.356759	GAS
0	0.342399	0.358778	0.343427	0.360206	4
0	0.371029	0.356012	0.372057	0.357441	1
0	0.371176	0.358512	0.372204	0.359941	2
0	0.378578	0.357679	0.386281	0.359108	RETURN
0	0.378676	0.355103	0.385458	0.356532	SIGNAL
0	0.439020	0.358550	0.440354	0.359979	D
0	0.439069	0.355975	0.440404	0.357403	C
0	0.483382	0.355975	0.485438	0.357403	35
0	0.690098	0.354952	0.699342	0.356380	INJECTOR
0	0.690098	0.358778	0.699342	0.360206	INJECTOR
0	0.699856	0.354952	0.709411	0.356380	SOLENOID
0	0.699856	0.358778	0.709411	0.360206	SOLENOID
0	0.709925	0.354952	0.716910	0.356380	DRIVER
0	0.709925	0.358778	0.716910	0.360206	DRIVER
0	0.717424	0.354952	0.726772	0.356380	CYLINDER
0	0.717424	0.358778	0.726772	0.360206	CYLINDER
0	0.727286	0.354952	0.729342	0.356380	14
0	0.727286	0.358778	0.729342	0.360206	12
0	0.734608	0.356012	0.736664	0.357441	56
0	0.740931	0.354535	0.745657	0.355964	FUEL
0	0.741029	0.356278	0.748837	0.357706	SENSOR
0	0.746171	0.354535	0.755316	0.355964	DELIVERY
0	0.755830	0.354535	0.766000	0.355964	PRESSURE
0	0.791471	0.358512	0.792499	0.359941	1
0	0.791618	0.355975	0.792646	0.357403	2
0	0.798578	0.354838	0.806281	0.356267	RETURN
0	0.798725	0.357338	0.799753	0.358767	5
0	0.800267	0.357338	0.805097	0.358767	VOLT
0	0.805611	0.357338	0.812906	0.358767	SUPPLY
0	0.864412	0.355975	0.865440	0.357403	2
0	0.864461	0.358550	0.865489	0.359979	1
0	0.734608	0.359838	0.736664	0.361267	59
0	0.282157	0.361164	0.283390	0.362593	B
0	0.282206	0.368853	0.283234	0.370282	2
0	0.282255	0.366278	0.283283	0.367706	4
0	0.287451	0.361505	0.292382	0.362933	FUSE
0	0.287598	0.365709	0.291706	0.367138	ECM
0	0.287647	0.368020	0.295556	0.369449	SOURCE
0	0.292220	0.365709	0.293248	0.367138	1
0	0.296070	0.368020	0.305008	0.369449	ADDRESS
0	0.305522	0.368020	0.308606	0.369449	144
0	0.324167	0.363020	0.332899	0.364449	EXHAUST
0	0.324216	0.366429	0.332023	0.367858	SENSOR
0	0.324265	0.364725	0.338235	0.366153	TEMPERATURE
0	0.332537	0.366429	0.341885	0.367858	CYLINDER
0	0.333413	0.363020	0.337318	0.364449	GAS
0	0.342399	0.366429	0.343427	0.367858	6
0	0.371029	0.363702	0.372057	0.365130	1
0	0.371176	0.366202	0.372204	0.367630	2
0	0.378578	0.365217	0.386281	0.366646	RETURN
0	0.378676	0.362641	0.385458	0.364070	SIGNAL
0	0.439069	0.363664	0.440302	0.365093	E
0	0.439118	0.366240	0.440247	0.367668	F
0	0.483382	0.363626	0.485438	0.365055	36
0	0.518137	0.364914	0.520193	0.366343	33
0	0.518137	0.367490	0.520193	0.368918	32
0	0.681912	0.363929	0.690644	0.365358	EXHAUST
0	0.681912	0.369043	0.690644	0.370471	EXHAUST
0	0.691158	0.363929	0.695063	0.365358	GAS
0	0.691158	0.369043	0.695063	0.370471	GAS
0	0.692598	0.361353	0.701842	0.362782	INJECTOR
0	0.695577	0.363929	0.709547	0.365358	TEMPERATURE
0	0.695577	0.369043	0.709547	0.370471	TEMPERATURE
0	0.702356	0.361353	0.711911	0.362782	SOLENOID
0	0.710061	0.363929	0.717869	0.365358	SENSOR
0	0.710061	0.369043	0.717869	0.370471	SENSOR
0	0.711765	0.366467	0.719572	0.367896	SENSOR
0	0.712425	0.361353	0.719410	0.362782	DRIVER
0	0.718382	0.363929	0.727730	0.365358	CYLINDER
0	0.718382	0.369043	0.727730	0.370471	CYLINDER
0	0.719924	0.361353	0.729272	0.362782	CYLINDER
0	0.720086	0.366467	0.727789	0.367896	RETURN
0	0.728244	0.363929	0.729272	0.365358	2
0	0.728244	0.369043	0.729272	0.370471	4
0	0.728303	0.366467	0.729331	0.367896	3
0	0.734608	0.362376	0.736664	0.363805	55
0	0.734608	0.364990	0.736664	0.366418	24
0	0.734657	0.367528	0.736713	0.368956	44
0	0.740931	0.365179	0.745657	0.366608	FUEL
0	0.741029	0.366922	0.748837	0.368350	SENSOR
0	0.746171	0.365179	0.760141	0.366608	TEMPERATURE
0	0.749351	0.366922	0.750379	0.368350	1
0	0.791520	0.364914	0.792753	0.366343	B
0	0.791667	0.367452	0.792900	0.368880	A
0	0.798578	0.363967	0.806281	0.365396	RETURN
0	0.798627	0.366315	0.805409	0.367744	SIGNAL
0	0.864363	0.364914	0.865391	0.366343	5
0	0.864412	0.367490	0.865440	0.368918	4
0	0.215882	0.371315	0.216910	0.372744	L
0	0.221324	0.370103	0.229026	0.371532	RETURN
0	0.282059	0.371315	0.283087	0.372744	1
0	0.286422	0.370293	0.293407	0.371721	POWER
0	0.293921	0.370293	0.305835	0.371721	CONNECTOR
0	0.324167	0.370672	0.332899	0.372100	EXHAUST
0	0.324265	0.372376	0.338235	0.373805	TEMPERATURE
0	0.333413	0.370672	0.337318	0.372100	GAS
0	0.371029	0.371353	0.372057	0.372782	1
0	0.378578	0.372868	0.386281	0.374297	RETURN
0	0.378676	0.370293	0.385458	0.371721	SIGNAL
0	0.439020	0.371315	0.440458	0.372744	G
0	0.483382	0.371315	0.485438	0.372744	37
0	0.518137	0.370028	0.520193	0.371456	35
0	0.518137	0.372603	0.520193	0.374032	36
0	0.681912	0.371808	0.690644	0.373237	EXHAUST
0	0.691158	0.371808	0.695063	0.373237	GAS
0	0.695577	0.371808	0.709547	0.373237	TEMPERATURE
0	0.710061	0.371808	0.717869	0.373237	SENSOR
0	0.718382	0.371808	0.727730	0.373237	CYLINDER
0	0.728244	0.371808	0.729272	0.373237	6
0	0.734608	0.372641	0.736664	0.374070	01
0	0.734657	0.370065	0.736713	0.371494	49
0	0.324216	0.374118	0.332023	0.375547	SENSOR
0	0.332537	0.374118	0.341885	0.375547	CYLINDER
0	0.342399	0.374118	0.343427	0.375547	8
0	0.371176	0.373853	0.372204	0.375282	2
0	0.439069	0.373891	0.440404	0.375320	H
0	0.681912	0.374043	0.690644	0.375471	EXHAUST
0	0.691158	0.374043	0.695063	0.375471	GAS
0	0.695577	0.374043	0.709547	0.375471	TEMPERATURE
0	0.710061	0.374043	0.717869	0.375471	SENSOR
0	0.718382	0.374043	0.727730	0.375471	CYLINDER
0	0.728244	0.374043	0.729272	0.375471	8
0	0.518137	0.375141	0.520193	0.376570	37
0	0.734461	0.375217	0.736517	0.376646	11
0	0.426226	0.376543	0.431977	0.377971	RIGHT
0	0.432491	0.376543	0.437526	0.377971	BANK
0	0.438040	0.376543	0.443176	0.377971	REAR
0	0.443690	0.376543	0.452627	0.377971	HARNESS
0	0.694020	0.376732	0.697000	0.378161	OIL
0	0.697514	0.376732	0.703883	0.378161	FILTER
0	0.704397	0.376732	0.709637	0.378161	INLET
0	0.710151	0.376732	0.720322	0.378161	PRESSURE
0	0.720836	0.376732	0.728643	0.378161	SENSOR
0	0.422206	0.378399	0.430938	0.379827	EXHAUST
0	0.431452	0.378399	0.435357	0.379827	GAS
0	0.435871	0.378399	0.449841	0.379827	TEMPERATURE
0	0.450355	0.378399	0.458163	0.379827	SENSOR
0	0.692108	0.379270	0.695088	0.380699	OIL
0	0.695602	0.379270	0.701972	0.380699	FILTER
0	0.702486	0.379270	0.709779	0.380699	OUTLET
0	0.710293	0.379270	0.720464	0.380699	PRESSURE
0	0.720978	0.379270	0.728786	0.380699	SENSOR
0	0.734461	0.377755	0.736517	0.379183	17
0	0.431716	0.380331	0.432744	0.381759	8
0	0.433258	0.380331	0.436340	0.381759	PIN
0	0.436854	0.380331	0.448768	0.381759	CONNECTOR
0	0.734608	0.380293	0.736664	0.381721	27
0	0.324167	0.381581	0.332899	0.383009	EXHAUST
0	0.324265	0.383285	0.338235	0.384714	TEMPERATURE
0	0.333413	0.381581	0.337318	0.383009	GAS
0	0.371029	0.382868	0.372057	0.384297	1
0	0.378676	0.381694	0.385458	0.383123	SIGNAL
0	0.439118	0.382868	0.440351	0.384297	A
0	0.483382	0.382831	0.485438	0.384259	38
0	0.518137	0.382831	0.520193	0.384259	38
0	0.680882	0.381732	0.689615	0.383161	EXHAUST
0	0.690129	0.381732	0.694033	0.383161	GAS
0	0.694547	0.381732	0.708517	0.383161	TEMPERATURE
0	0.709031	0.381732	0.716839	0.383161	SENSOR
0	0.717353	0.381732	0.726701	0.383161	CYLINDER
0	0.727215	0.381732	0.729271	0.383161	10
0	0.734608	0.382868	0.736664	0.384297	32
0	0.741029	0.382831	0.747194	0.384259	METAL
0	0.747707	0.382831	0.756748	0.384259	PARTICLE
0	0.757262	0.382831	0.767431	0.384259	DETECTOR
0	0.767945	0.382831	0.768973	0.384259	1
0	0.790196	0.382565	0.791429	0.383994	B
0	0.797255	0.381581	0.804957	0.383009	RETURN
0	0.324216	0.385028	0.332023	0.386456	SENSOR
0	0.332537	0.385028	0.341885	0.386456	CYLINDER
0	0.342399	0.385028	0.344455	0.386456	10
0	0.371176	0.385368	0.372204	0.386797	2
0	0.378578	0.384270	0.386281	0.385699	RETURN
0	0.439118	0.385406	0.440351	0.386835	B
0	0.692059	0.384384	0.698737	0.385812	INTAKE
0	0.699251	0.384384	0.708804	0.385812	MANIFOLD
0	0.709318	0.384384	0.719489	0.385812	PRESSURE
0	0.720003	0.384384	0.727810	0.385812	SENSOR
0	0.728324	0.384384	0.729352	0.385812	2
0	0.734461	0.385406	0.736517	0.386835	19
0	0.790343	0.385103	0.791576	0.386532	A
0	0.797353	0.384384	0.804135	0.385812	SIGNAL
0	0.711765	0.386922	0.719572	0.388350	SENSOR
0	0.720086	0.386922	0.727789	0.388350	RETURN
0	0.728303	0.386922	0.729331	0.388350	4
0	0.734657	0.387944	0.736713	0.389373	48
0	0.263774	0.391353	0.267883	0.392782	ECM
0	0.324167	0.389762	0.332899	0.391191	EXHAUST
0	0.324216	0.393209	0.332023	0.394638	SENSOR
0	0.324265	0.391467	0.338235	0.392896	TEMPERATURE
0	0.332537	0.393209	0.341885	0.394638	CYLINDER
0	0.333413	0.389762	0.337318	0.391191	GAS
0	0.342399	0.393209	0.344455	0.394638	12
0	0.371029	0.390520	0.372057	0.391949	1
0	0.371176	0.393020	0.372204	0.394449	2
0	0.378578	0.392225	0.386281	0.393653	RETURN
0	0.378676	0.389649	0.385458	0.391077	SIGNAL
0	0.439020	0.393096	0.440354	0.394524	D
0	0.439069	0.390520	0.440404	0.391949	C
0	0.483382	0.390482	0.485438	0.391911	39
0	0.518137	0.390482	0.520193	0.391911	39
0	0.680882	0.389497	0.689615	0.390926	EXHAUST
0	0.690129	0.389497	0.694033	0.390926	GAS
0	0.694547	0.389497	0.708517	0.390926	TEMPERATURE
0	0.709031	0.389497	0.716839	0.390926	SENSOR
0	0.712157	0.391959	0.719965	0.393388	SENSOR
0	0.717353	0.389497	0.726701	0.390926	CYLINDER
0	0.720479	0.391959	0.727774	0.393388	SUPPLY
0	0.727215	0.389497	0.729271	0.390926	12
0	0.728288	0.391959	0.729316	0.393388	4
0	0.734608	0.393058	0.736664	0.394487	36
0	0.734657	0.390558	0.736713	0.391987	41
0	0.696127	0.394611	0.700853	0.396040	FUEL
0	0.701367	0.394611	0.706709	0.396040	PUMP
0	0.707222	0.394611	0.710203	0.396040	OIL
0	0.710717	0.394611	0.720887	0.396040	PRESSURE
0	0.721401	0.394611	0.729209	0.396040	SENSOR
0	0.734608	0.395634	0.736664	0.397062	23
0	0.324167	0.397376	0.332899	0.398805	EXHAUST
0	0.324216	0.400785	0.332023	0.402214	SENSOR
0	0.324265	0.399081	0.338235	0.400509	TEMPERATURE
0	0.332537	0.400785	0.341885	0.402214	CYLINDER
0	0.333413	0.397376	0.337318	0.398805	GAS
0	0.342399	0.400785	0.344455	0.402214	14
0	0.371029	0.398209	0.372057	0.399638	1
0	0.371176	0.400709	0.372204	0.402138	2
0	0.378578	0.399876	0.386281	0.401305	RETURN
0	0.378676	0.397300	0.385458	0.398729	SIGNAL
0	0.439069	0.398209	0.440302	0.399638	E
0	0.439118	0.400747	0.440247	0.402176	F
0	0.483529	0.398172	0.485585	0.399600	41
0	0.518284	0.398172	0.520340	0.399600	41
0	0.702941	0.396732	0.709105	0.398161	METAL
0	0.709619	0.396732	0.718660	0.398161	PARTICLE
0	0.719174	0.396732	0.729343	0.398161	DETECTOR
0	0.734510	0.397490	0.736566	0.398918	13
0	0.796961	0.401164	0.804667	0.402593	ANALOG
0	0.805181	0.401164	0.807749	0.402593	TO
0	0.808263	0.401164	0.815455	0.402593	DIGITAL
0	0.846373	0.400899	0.853051	0.402327	SHIELD
0	0.930882	0.400899	0.938589	0.402327	ANALOG
0	0.939102	0.400899	0.941671	0.402327	TO
0	0.942185	0.400899	0.949377	0.402327	DIGITAL
0	0.965588	0.400899	0.972266	0.402327	SHIELD
0	0.979412	0.401997	0.981468	0.403426	47
0	0.324167	0.405255	0.332899	0.406683	EXHAUST
0	0.324216	0.408664	0.332023	0.410093	SENSOR
0	0.324265	0.406959	0.338235	0.408388	TEMPERATURE
0	0.332537	0.408664	0.341885	0.410093	CYLINDER
0	0.333413	0.405255	0.337318	0.406683	GAS
0	0.342399	0.408664	0.344455	0.410093	16
0	0.371029	0.405861	0.372057	0.407290	1
0	0.371176	0.408361	0.372204	0.409790	2
0	0.378578	0.407414	0.386281	0.408843	RETURN
0	0.378676	0.404838	0.385458	0.406267	SIGNAL
0	0.439020	0.405861	0.440458	0.407290	G
0	0.439069	0.408437	0.440404	0.409865	H
0	0.483382	0.408399	0.485438	0.409827	40
0	0.483431	0.405861	0.485487	0.407290	42
0	0.518137	0.405861	0.520193	0.407290	42
0	0.518137	0.408399	0.520193	0.409827	40
0	0.795931	0.403588	0.799631	0.405017	SAE
0	0.796765	0.406012	0.800464	0.407441	SAE
0	0.800145	0.403588	0.805181	0.405017	J1939
0	0.800978	0.406012	0.806015	0.407441	J1939
0	0.805695	0.403588	0.810626	0.405017	DATA
0	0.806528	0.406012	0.811460	0.407441	DATA
0	0.811140	0.403588	0.815250	0.405017	LINK
0	0.811974	0.406012	0.816084	0.407441	LINK
0	0.815764	0.403588	0.816792	0.405017	2
0	0.816598	0.406012	0.817626	0.407441	2
0	0.817306	0.403588	0.826656	0.405017	NEGATIVE
0	0.818139	0.406012	0.826668	0.407441	POSITIVE
0	0.941323	0.403588	0.945023	0.405017	SAE
0	0.942157	0.406012	0.945857	0.407441	SAE
0	0.945537	0.403588	0.950573	0.405017	J1939
0	0.946371	0.406012	0.951407	0.407441	J1939
0	0.951088	0.403588	0.956018	0.405017	DATA
0	0.951921	0.406012	0.956852	0.407441	DATA
0	0.956532	0.403588	0.960642	0.405017	LINK
0	0.957366	0.406012	0.961476	0.407441	LINK
0	0.961157	0.403588	0.962184	0.405017	2
0	0.961990	0.406012	0.963018	0.407441	2
0	0.962698	0.403588	0.972048	0.405017	NEGATIVE
0	0.963532	0.406012	0.972061	0.407441	POSITIVE
0	0.979363	0.404535	0.981419	0.405964	39
0	0.979363	0.407073	0.981419	0.408502	38
0	0.789020	0.409952	0.798264	0.411380	INJECTOR
0	0.798778	0.409952	0.808333	0.411380	SOLENOID
0	0.808847	0.409952	0.815832	0.411380	DRIVER
0	0.816346	0.409952	0.825694	0.411380	CYLINDER
0	0.826208	0.409952	0.827236	0.411380	5
0	0.935931	0.409952	0.945176	0.411380	INJECTOR
0	0.945690	0.409952	0.955245	0.411380	SOLENOID
0	0.955759	0.409952	0.962744	0.411380	DRIVER
0	0.963258	0.409952	0.972606	0.411380	CYLINDER
0	0.973120	0.409952	0.974148	0.411380	5
0	0.979363	0.410975	0.981419	0.412403	58
0	0.789020	0.412528	0.798264	0.413956	INJECTOR
0	0.798778	0.412528	0.808333	0.413956	SOLENOID
0	0.808847	0.412528	0.815832	0.413956	DRIVER
0	0.816346	0.412528	0.825694	0.413956	CYLINDER
0	0.826208	0.412528	0.827236	0.413956	5
0	0.935931	0.412528	0.945176	0.413956	INJECTOR
0	0.945690	0.412528	0.955245	0.413956	SOLENOID
0	0.955759	0.412528	0.962744	0.413956	DRIVER
0	0.963258	0.412528	0.972606	0.413956	CYLINDER
0	0.973120	0.412528	0.974148	0.413956	5
0	0.979412	0.413588	0.981468	0.415017	45
0	0.229853	0.415785	0.233961	0.417214	ECM
0	0.234475	0.415785	0.239510	0.417214	CASE
0	0.240024	0.415785	0.248240	0.417214	GROUND
0	0.318922	0.416164	0.325600	0.417593	INTAKE
0	0.326114	0.416164	0.335667	0.417593	MANIFOLD
0	0.336181	0.416164	0.337209	0.417593	2
0	0.337723	0.416164	0.340805	0.417593	AIR
0	0.371127	0.416088	0.372155	0.417517	3
0	0.378676	0.415179	0.385458	0.416608	SIGNAL
0	0.483382	0.416050	0.485438	0.417479	09
0	0.518137	0.416050	0.520193	0.417479	09
0	0.788284	0.416353	0.797529	0.417782	INJECTOR
0	0.798043	0.416353	0.807597	0.417782	SOLENOID
0	0.808112	0.416353	0.815097	0.417782	DRIVER
0	0.815611	0.416353	0.824959	0.417782	CYLINDER
0	0.825473	0.416353	0.827529	0.417782	11
0	0.935147	0.416353	0.944391	0.417782	INJECTOR
0	0.944905	0.416353	0.954461	0.417782	SOLENOID
0	0.954975	0.416353	0.961960	0.417782	DRIVER
0	0.962474	0.416353	0.971822	0.417782	CYLINDER
0	0.972336	0.416353	0.974392	0.417782	11
0	0.318922	0.417906	0.329092	0.419335	PRESSURE
0	0.329606	0.417906	0.337414	0.419335	SENSOR
0	0.337928	0.417906	0.338956	0.419335	2
0	0.371176	0.418664	0.372204	0.420093	2
0	0.378578	0.417755	0.386281	0.419184	RETURN
0	0.483382	0.418626	0.485438	0.420055	03
0	0.518137	0.418626	0.520193	0.420055	03
0	0.788284	0.418929	0.797529	0.420358	INJECTOR
0	0.798043	0.418929	0.807597	0.420358	SOLENOID
0	0.808112	0.418929	0.815097	0.420358	DRIVER
0	0.815611	0.418929	0.824959	0.420358	CYLINDER
0	0.825473	0.418929	0.827529	0.420358	11
0	0.935147	0.418929	0.944391	0.420358	INJECTOR
0	0.944905	0.418929	0.954461	0.420358	SOLENOID
0	0.954975	0.418929	0.961960	0.420358	DRIVER
0	0.962474	0.418929	0.971822	0.420358	CYLINDER
0	0.972336	0.418929	0.974392	0.420358	11
0	0.979363	0.417338	0.981419	0.418767	51
0	0.371029	0.421202	0.372057	0.422630	1
0	0.378431	0.420368	0.379459	0.421797	5
0	0.379973	0.420368	0.384803	0.421797	VOLT
0	0.385317	0.420368	0.393124	0.421797	SENSOR
0	0.393638	0.420368	0.400934	0.421797	SUPPLY
0	0.401448	0.420368	0.402476	0.421797	4
0	0.483382	0.421164	0.485438	0.422593	02
0	0.518137	0.421164	0.520193	0.422593	02
0	0.979363	0.419952	0.981419	0.421380	56
0	0.789069	0.422679	0.798313	0.424108	INJECTOR
0	0.798827	0.422679	0.808382	0.424108	SOLENOID
0	0.808896	0.422679	0.815881	0.424108	DRIVER
0	0.816395	0.422679	0.825743	0.424108	CYLINDER
0	0.826257	0.422679	0.827285	0.424108	2
0	0.935980	0.422679	0.945225	0.424108	INJECTOR
0	0.945739	0.422679	0.955294	0.424108	SOLENOID
0	0.955808	0.422679	0.962793	0.424108	DRIVER
0	0.963307	0.422679	0.972655	0.424108	CYLINDER
0	0.973169	0.422679	0.974197	0.424108	2
0	0.318971	0.424952	0.321951	0.426380	OIL
0	0.322465	0.424952	0.328834	0.426380	FILTER
0	0.329348	0.424952	0.336642	0.426380	OUTLET
0	0.371127	0.424990	0.372155	0.426418	3
0	0.378676	0.424005	0.385458	0.425433	SIGNAL
0	0.483382	0.424990	0.485438	0.426418	08
0	0.518137	0.424990	0.520193	0.426418	08
0	0.789069	0.425255	0.798313	0.426684	INJECTOR
0	0.798827	0.425255	0.808382	0.426684	SOLENOID
0	0.808896	0.425255	0.815881	0.426684	DRIVER
0	0.816395	0.425255	0.825743	0.426684	CYLINDER
0	0.826257	0.425255	0.827285	0.426684	2
0	0.935980	0.425255	0.945225	0.426684	INJECTOR
0	0.945739	0.425255	0.955294	0.426684	SOLENOID
0	0.955808	0.425255	0.962793	0.426684	DRIVER
0	0.963307	0.425255	0.972655	0.426684	CYLINDER
0	0.973169	0.425255	0.974197	0.426684	2
0	0.979363	0.423740	0.981419	0.425168	53
0	0.318922	0.426656	0.329092	0.428085	PRESSURE
0	0.329606	0.426656	0.337414	0.428085	SENSOR
0	0.371176	0.427565	0.372204	0.428994	2
0	0.378578	0.426581	0.386281	0.428009	RETURN
0	0.979363	0.426353	0.981419	0.427782	57
0	0.371029	0.430103	0.372057	0.431532	1
0	0.378431	0.429194	0.379459	0.430623	5
0	0.379973	0.429194	0.384803	0.430623	VOLT
0	0.385317	0.429194	0.393124	0.430623	SENSOR
0	0.393638	0.429194	0.400934	0.430623	SUPPLY
0	0.401448	0.429194	0.402476	0.430623	4
0	0.789069	0.429081	0.798313	0.430509	INJECTOR
0	0.798827	0.429081	0.808382	0.430509	SOLENOID
0	0.808896	0.429081	0.815881	0.430509	DRIVER
0	0.816395	0.429081	0.825743	0.430509	CYLINDER
0	0.826257	0.429081	0.827285	0.430509	8
0	0.935931	0.429081	0.945176	0.430509	INJECTOR
0	0.945690	0.429081	0.955245	0.430509	SOLENOID
0	0.955759	0.429081	0.962744	0.430509	DRIVER
0	0.963258	0.429081	0.972606	0.430509	CYLINDER
0	0.973120	0.429081	0.974148	0.430509	8
0	0.979363	0.430103	0.981419	0.431532	60
0	0.224559	0.433550	0.231647	0.434979	ENGINE
0	0.232161	0.433550	0.238429	0.434979	BLOCK
0	0.318922	0.432073	0.325600	0.433502	INTAKE
0	0.319020	0.433778	0.332990	0.435206	TEMPERATURE
0	0.326114	0.432073	0.335667	0.433502	MANIFOLD
0	0.333504	0.433778	0.341311	0.435206	SENSOR
0	0.336181	0.432073	0.337209	0.433502	4
0	0.337723	0.432073	0.340805	0.433502	AIR
0	0.341825	0.433778	0.342853	0.435206	4
0	0.371078	0.434005	0.372312	0.435434	B
0	0.378676	0.432982	0.385458	0.434411	SIGNAL
0	0.789069	0.431618	0.798313	0.433047	INJECTOR
0	0.798827	0.431618	0.808382	0.433047	SOLENOID
0	0.808896	0.431618	0.815881	0.433047	DRIVER
0	0.816395	0.431618	0.825743	0.433047	CYLINDER
0	0.826257	0.431618	0.827285	0.433047	8
0	0.935931	0.431618	0.945176	0.433047	INJECTOR
0	0.945690	0.431618	0.955245	0.433047	SOLENOID
0	0.955759	0.431618	0.962744	0.433047	DRIVER
0	0.963258	0.431618	0.972606	0.433047	CYLINDER
0	0.973120	0.431618	0.974148	0.433047	8
0	0.979363	0.432717	0.981419	0.434146	54
0	0.371225	0.436618	0.372459	0.438047	A
0	0.378578	0.435558	0.386281	0.436987	RETURN
0	0.483333	0.436505	0.485389	0.437933	15
0	0.518039	0.436505	0.520095	0.437933	15
0	0.781029	0.435293	0.787708	0.436721	INTAKE
0	0.788221	0.435293	0.797775	0.436721	MANIFOLD
0	0.798289	0.435293	0.799317	0.436721	4
0	0.799831	0.435293	0.802913	0.436721	AIR
0	0.803427	0.435293	0.817397	0.436721	TEMPERATURE
0	0.817911	0.435293	0.825719	0.436721	SENSOR
0	0.826233	0.435293	0.827261	0.436721	4
0	0.927941	0.435293	0.934619	0.436721	INTAKE
0	0.935133	0.435293	0.944686	0.436721	MANIFOLD
0	0.945201	0.435293	0.946228	0.436721	4
0	0.946742	0.435293	0.949824	0.436721	AIR
0	0.950338	0.435293	0.964309	0.436721	TEMPERATURE
0	0.964823	0.435293	0.972631	0.436721	SENSOR
0	0.973145	0.435293	0.974173	0.436721	4
0	0.979412	0.436581	0.981468	0.438009	41
0	0.788039	0.439308	0.797284	0.440737	INJECTOR
0	0.797798	0.439308	0.807352	0.440737	SOLENOID
0	0.807866	0.439308	0.814852	0.440737	DRIVER
0	0.815366	0.439308	0.824714	0.440737	CYLINDER
0	0.825228	0.439308	0.827284	0.440737	16
0	0.934902	0.439308	0.944146	0.440737	INJECTOR
0	0.944660	0.439308	0.954215	0.440737	SOLENOID
0	0.954729	0.439308	0.961715	0.440737	DRIVER
0	0.962229	0.439308	0.971577	0.440737	CYLINDER
0	0.972091	0.439308	0.974147	0.440737	16
0	0.979363	0.440368	0.981419	0.441797	59
0	0.788039	0.441884	0.797284	0.443312	INJECTOR
0	0.797798	0.441884	0.807352	0.443312	SOLENOID
0	0.807866	0.441884	0.814852	0.443312	DRIVER
0	0.815366	0.441884	0.824714	0.443312	CYLINDER
0	0.825228	0.441884	0.827284	0.443312	16
0	0.934902	0.441884	0.944146	0.443312	INJECTOR
0	0.944660	0.441884	0.954215	0.443312	SOLENOID
0	0.954729	0.441884	0.961715	0.443312	DRIVER
0	0.962229	0.441884	0.971577	0.443312	CYLINDER
0	0.972091	0.441884	0.974147	0.443312	16
0	0.158824	0.442735	0.176456	0.445116	CUSTOMER
0	0.177312	0.442735	0.194775	0.445116	INTERFACE
0	0.195632	0.442735	0.202140	0.445116	BOX
0	0.229216	0.442735	0.241030	0.445116	ENGINE
0	0.241887	0.442735	0.256783	0.445116	HARNESS
0	0.257639	0.442735	0.264831	0.445116	SIDE
0	0.429363	0.444573	0.435115	0.446002	RIGHT
0	0.435629	0.444573	0.440663	0.446002	BANK
0	0.441177	0.444573	0.447544	0.446002	FRONT
0	0.448058	0.444573	0.456996	0.446002	HARNESS
0	0.457510	0.444573	0.459566	0.446002	20
0	0.460080	0.444573	0.463162	0.446002	PIN
0	0.979363	0.442944	0.981419	0.444373	55
0	0.440294	0.446315	0.452208	0.447744	CONNECTOR
0	0.788039	0.445709	0.797284	0.447138	INJECTOR
0	0.797798	0.445709	0.807352	0.447138	SOLENOID
0	0.807866	0.445709	0.814852	0.447138	DRIVER
0	0.815366	0.445709	0.824714	0.447138	CYLINDER
0	0.825228	0.445709	0.827284	0.447138	10
0	0.934902	0.445709	0.944146	0.447138	INJECTOR
0	0.944660	0.445709	0.954215	0.447138	SOLENOID
0	0.954729	0.445709	0.961715	0.447138	DRIVER
0	0.962229	0.445709	0.971577	0.447138	CYLINDER
0	0.972091	0.445709	0.974147	0.447138	10
0	0.979363	0.446732	0.981419	0.448161	52
0	0.378578	0.448172	0.386281	0.449600	RETURN
0	0.788039	0.448247	0.797284	0.449676	INJECTOR
0	0.797798	0.448247	0.807352	0.449676	SOLENOID
0	0.807866	0.448247	0.814852	0.449676	DRIVER
0	0.815366	0.448247	0.824714	0.449676	CYLINDER
0	0.825228	0.448247	0.827284	0.449676	10
0	0.934902	0.448247	0.944146	0.449676	INJECTOR
0	0.944660	0.448247	0.954215	0.449676	SOLENOID
0	0.954729	0.448247	0.961715	0.449676	DRIVER
0	0.962229	0.448247	0.971577	0.449676	CYLINDER
0	0.972091	0.448247	0.974147	0.449676	10
0	0.318922	0.449384	0.325600	0.450812	INTAKE
0	0.326114	0.449384	0.335667	0.450812	MANIFOLD
0	0.336181	0.449384	0.337209	0.450812	2
0	0.337723	0.449384	0.340805	0.450812	AIR
0	0.371275	0.449346	0.372508	0.450774	B
0	0.445098	0.449308	0.447154	0.450737	13
0	0.979412	0.449346	0.981468	0.450774	46
0	0.319020	0.451126	0.332990	0.452555	TEMPERATURE
0	0.333504	0.451126	0.341311	0.452555	SENSOR
0	0.371225	0.451959	0.372459	0.453388	A
0	0.378676	0.450823	0.385458	0.452252	SIGNAL
0	0.445098	0.451884	0.447154	0.453312	12
0	0.483333	0.451884	0.485389	0.453312	14
0	0.518039	0.451884	0.520095	0.453312	14
0	0.781029	0.450634	0.787708	0.452062	INTAKE
0	0.788221	0.450634	0.797775	0.452062	MANIFOLD
0	0.798289	0.450634	0.799317	0.452062	2
0	0.799831	0.450634	0.802913	0.452062	AIR
0	0.803427	0.450634	0.817397	0.452062	TEMPERATURE
0	0.817911	0.450634	0.825719	0.452062	SENSOR
0	0.826233	0.450634	0.827261	0.452062	2
0	0.927941	0.450634	0.934619	0.452062	INTAKE
0	0.935133	0.450634	0.944686	0.452062	MANIFOLD
0	0.945201	0.450634	0.946228	0.452062	2
0	0.946742	0.450634	0.949824	0.452062	AIR
0	0.950338	0.450634	0.964309	0.452062	TEMPERATURE
0	0.964823	0.450634	0.972631	0.452062	SENSOR
0	0.973145	0.450634	0.974173	0.452062	2
0	0.979265	0.451922	0.981321	0.453350	11
0	0.378676	0.454611	0.385458	0.456040	SIGNAL
0	0.805098	0.454497	0.816604	0.455926	CRANKCASE
0	0.817118	0.454497	0.827289	0.455926	PRESSURE
0	0.952010	0.454497	0.963516	0.455926	CRANKCASE
0	0.964030	0.454497	0.974201	0.455926	PRESSURE
0	0.371422	0.455672	0.372450	0.457100	3
0	0.445098	0.455709	0.447154	0.457138	11
0	0.483333	0.455672	0.485389	0.457100	13
0	0.518039	0.455672	0.520095	0.457100	13
0	0.979412	0.455747	0.981468	0.457176	23
0	0.318971	0.457149	0.330476	0.458577	CRANKCASE
0	0.330990	0.457149	0.341161	0.458577	PRESSURE
0	0.378578	0.457187	0.386281	0.458615	RETURN
0	0.172745	0.459573	0.179421	0.461002	WATER
0	0.179935	0.459573	0.181784	0.461002	IN
0	0.182298	0.459573	0.187024	0.461002	FUEL
0	0.187538	0.459573	0.195346	0.461002	SENSOR
0	0.318971	0.458891	0.326778	0.460320	SENSOR
0	0.371422	0.458247	0.372450	0.459676	2
0	0.378431	0.459800	0.379459	0.461229	5
0	0.379973	0.459800	0.384803	0.461229	VOLT
0	0.385317	0.459800	0.393124	0.461229	SENSOR
0	0.393638	0.459800	0.400934	0.461229	SUPPLY
0	0.401448	0.459800	0.402476	0.461229	4
0	0.445098	0.458247	0.447154	0.459676	10
0	0.371373	0.460823	0.372401	0.462252	1
0	0.445196	0.460785	0.447252	0.462214	09
0	0.165441	0.462225	0.174584	0.463653	ELECTRIC
0	0.175098	0.462225	0.178899	0.463653	LIFT
0	0.179413	0.462225	0.184755	0.463653	PUMP
0	0.185269	0.462225	0.189171	0.463653	FOR
0	0.189685	0.462225	0.196774	0.463653	ENGINE
0	0.197288	0.462225	0.202014	0.463653	FUEL
0	0.220049	0.461884	0.229293	0.463312	INJECTOR
0	0.229807	0.461884	0.239566	0.463312	METERING
0	0.240080	0.461884	0.244190	0.463312	RAIL
0	0.244704	0.461884	0.245732	0.463312	1
0	0.246246	0.461884	0.256416	0.463312	PRESSURE
0	0.256930	0.461884	0.264738	0.463312	SENSOR
0	0.180098	0.463929	0.187394	0.465358	SUPPLY
0	0.230098	0.464194	0.242012	0.465623	CONNECTOR
0	0.242526	0.464194	0.249716	0.465623	MATING
0	0.250230	0.464194	0.255161	0.465623	FACE
0	0.318971	0.464611	0.327908	0.466040	COOLANT
0	0.328422	0.464611	0.338593	0.466040	PRESSURE
0	0.371225	0.464611	0.372253	0.466040	3
0	0.378676	0.463588	0.385458	0.465017	SIGNAL
0	0.445196	0.464649	0.447252	0.466077	08
0	0.483333	0.464649	0.485389	0.466077	12
0	0.518039	0.464649	0.520095	0.466077	12
0	0.711176	0.463437	0.720114	0.464865	COOLANT
0	0.720628	0.463437	0.730799	0.464865	PRESSURE
0	0.954559	0.463437	0.963496	0.464865	COOLANT
0	0.964010	0.463437	0.974181	0.464865	PRESSURE
0	0.979265	0.464725	0.981321	0.466153	17
0	0.169510	0.466088	0.181424	0.467517	CONNECTOR
0	0.181938	0.466088	0.189128	0.467517	MATING
0	0.189642	0.466088	0.194573	0.467517	FACE
0	0.318971	0.466353	0.326778	0.467782	SENSOR
0	0.371225	0.467187	0.372253	0.468615	2
0	0.378578	0.466202	0.386281	0.467630	RETURN
0	0.445196	0.467187	0.447252	0.468615	07
0	0.483431	0.467225	0.485487	0.468653	11
0	0.518186	0.467225	0.520242	0.468653	11
0	0.378431	0.468778	0.379459	0.470206	5
0	0.379973	0.468778	0.384803	0.470206	VOLT
0	0.385317	0.468778	0.393124	0.470206	SENSOR
0	0.393638	0.468778	0.400934	0.470206	SUPPLY
0	0.401448	0.468778	0.402476	0.470206	4
0	0.712157	0.468664	0.719965	0.470093	SENSOR
0	0.720479	0.468664	0.727774	0.470093	SUPPLY
0	0.728288	0.468664	0.729316	0.470093	4
0	0.170833	0.470558	0.171861	0.471987	2
0	0.192990	0.470596	0.194018	0.472024	1
0	0.371324	0.469762	0.372352	0.471191	1
0	0.445196	0.469762	0.447252	0.471191	05
0	0.483333	0.469762	0.485389	0.471191	10
0	0.518039	0.469762	0.520095	0.471191	10
0	0.318922	0.473172	0.329708	0.474600	PRE-FILTER
0	0.330222	0.473172	0.333202	0.474600	OIL
0	0.333716	0.473172	0.343887	0.474600	PRESSURE
0	0.371225	0.473550	0.372253	0.474979	3
0	0.378676	0.472414	0.385458	0.473843	SIGNAL
0	0.445196	0.473588	0.447252	0.475017	04
0	0.483382	0.473588	0.485438	0.475017	07
0	0.518137	0.473588	0.520193	0.475017	07
0	0.318971	0.474876	0.326778	0.476305	SENSOR
0	0.378578	0.474990	0.386281	0.476418	RETURN
0	0.371225	0.476126	0.372253	0.477555	2
0	0.445196	0.476126	0.447252	0.477555	02
0	0.378431	0.477603	0.379459	0.479032	5
0	0.379973	0.477603	0.384803	0.479032	VOLT
0	0.385317	0.477603	0.393124	0.479032	SENSOR
0	0.393638	0.477603	0.400934	0.479032	SUPPLY
0	0.401448	0.477603	0.402476	0.479032	4
0	0.371176	0.478702	0.372204	0.480130	1
0	0.445196	0.478702	0.447252	0.480130	01
0	0.318971	0.481391	0.331502	0.482820	CRANKSHAFT
0	0.378676	0.481429	0.385458	0.482858	SIGNAL
0	0.698873	0.481315	0.711404	0.482744	CRANKSHAFT
0	0.711918	0.481315	0.720754	0.482744	POSITION
0	0.721268	0.481315	0.729076	0.482744	SENSOR
0	0.944020	0.481315	0.956552	0.482744	CRANKSHAFT
0	0.957065	0.481315	0.965901	0.482744	POSITION
0	0.966415	0.481315	0.974223	0.482744	SENSOR
0	0.042696	0.487376	0.053381	0.488805	EXTENSION
0	0.047353	0.485331	0.052079	0.486759	FUEL
0	0.052593	0.485331	0.058962	0.486759	FILTER
0	0.053895	0.487376	0.062832	0.488805	HARNESS
0	0.105490	0.484308	0.111242	0.485737	RIGHT
0	0.110735	0.486088	0.112791	0.487517	20
0	0.111756	0.484308	0.116790	0.485737	BANK
0	0.113305	0.486088	0.116387	0.487517	PIN
0	0.116901	0.486088	0.128815	0.487517	CONNECTOR
0	0.117304	0.484308	0.123672	0.485737	FRONT
0	0.124186	0.484308	0.133123	0.485737	HARNESS
0	0.229510	0.482452	0.230538	0.483880	1
0	0.254363	0.482565	0.255391	0.483994	3
0	0.318922	0.483134	0.327757	0.484562	POSITION
0	0.318971	0.484838	0.326778	0.486267	SENSOR
0	0.371029	0.487641	0.372057	0.489070	1
0	0.371127	0.482490	0.372155	0.483918	3
0	0.371176	0.485065	0.372204	0.486494	2
0	0.378431	0.486505	0.379459	0.487933	5
0	0.378578	0.484005	0.386281	0.485434	RETURN
0	0.379973	0.486505	0.384803	0.487933	VOLT
0	0.385317	0.486505	0.393124	0.487933	SENSOR
0	0.393638	0.486505	0.400934	0.487933	SUPPLY
0	0.401448	0.486505	0.402476	0.487933	3
0	0.518137	0.482528	0.520193	0.483956	45
0	0.518137	0.485103	0.520193	0.486532	44
0	0.518137	0.487641	0.520193	0.489070	43
0	0.711765	0.484005	0.719572	0.485434	SENSOR
0	0.712157	0.486543	0.719965	0.487971	SENSOR
0	0.720086	0.484005	0.727789	0.485434	RETURN
0	0.720479	0.486543	0.727774	0.487971	SUPPLY
0	0.728288	0.486543	0.729316	0.487971	3
0	0.728303	0.484005	0.729331	0.485434	3
0	0.956569	0.484005	0.964377	0.485434	SENSOR
0	0.957010	0.486543	0.964818	0.487971	SENSOR
0	0.964891	0.484005	0.972593	0.485434	RETURN
0	0.965332	0.486543	0.972628	0.487971	SUPPLY
0	0.973107	0.484005	0.974135	0.485434	3
0	0.973142	0.486543	0.974169	0.487971	3
0	0.979412	0.482528	0.981468	0.483956	42
0	0.979412	0.485065	0.981468	0.486494	44
0	0.979412	0.487603	0.981468	0.489032	26
0	0.038235	0.489043	0.039263	0.490471	6
0	0.039777	0.489043	0.042859	0.490471	PIN
0	0.043373	0.489043	0.055287	0.490471	CONNECTOR
0	0.055801	0.489043	0.062992	0.490471	MATING
0	0.063506	0.489043	0.068437	0.490471	FACE
0	0.222500	0.491240	0.223528	0.492668	4
0	0.224042	0.491240	0.227124	0.492668	PIN
0	0.227638	0.491240	0.238323	0.492668	EXTENSION
0	0.238837	0.491240	0.247774	0.492668	HARNESS
0	0.242010	0.491050	0.243038	0.492479	2
0	0.248288	0.491240	0.260202	0.492668	CONNECTOR
0	0.318971	0.492149	0.321951	0.493577	OIL
0	0.318971	0.493853	0.326778	0.495282	SENSOR
0	0.322465	0.492149	0.327705	0.493577	RIFLE
0	0.327292	0.493853	0.328320	0.495282	1
0	0.328219	0.492149	0.338389	0.493577	PRESSURE
0	0.371225	0.491467	0.372253	0.492896	3
0	0.371225	0.494043	0.372253	0.495471	2
0	0.378578	0.492982	0.386281	0.494411	RETURN
0	0.378676	0.490406	0.385458	0.491835	SIGNAL
0	0.518088	0.494043	0.520144	0.495471	05
0	0.518137	0.491467	0.520193	0.492896	06
0	0.700147	0.490255	0.703127	0.491683	OIL
0	0.703641	0.490255	0.708881	0.491683	RIFLE
0	0.709395	0.490255	0.719566	0.491683	PRESSURE
0	0.710784	0.492944	0.718490	0.494373	ANALOG
0	0.719004	0.492944	0.721572	0.494373	TO
0	0.720080	0.490255	0.727887	0.491683	SENSOR
0	0.722086	0.492944	0.729279	0.494373	DIGITAL
0	0.728401	0.490255	0.729429	0.491683	1
0	0.748480	0.492944	0.756183	0.494373	RETURN
0	0.945245	0.490255	0.948225	0.491683	OIL
0	0.948739	0.490255	0.953979	0.491683	RIFLE
0	0.954493	0.490255	0.964664	0.491683	PRESSURE
0	0.965178	0.490255	0.972986	0.491683	SENSOR
0	0.973500	0.490255	0.974528	0.491683	1
0	0.979412	0.491581	0.981468	0.493009	27
0	0.114069	0.496694	0.115097	0.498123	8
0	0.120784	0.495368	0.121812	0.496797	9
0	0.169314	0.496088	0.174039	0.497517	FUEL
0	0.174553	0.496088	0.188524	0.497517	TEMPERATURE
0	0.189038	0.496088	0.196845	0.497517	SENSOR
0	0.197359	0.496088	0.198387	0.497517	1
0	0.228333	0.495293	0.229361	0.496721	1
0	0.250245	0.495293	0.251273	0.496721	4
0	0.371324	0.496618	0.372352	0.498047	1
0	0.378431	0.495596	0.379459	0.497024	5
0	0.379973	0.495596	0.384803	0.497024	VOLT
0	0.385317	0.495596	0.393124	0.497024	SENSOR
0	0.393638	0.495596	0.400934	0.497024	SUPPLY
0	0.401448	0.495596	0.402476	0.497024	4
0	0.518137	0.496581	0.520193	0.498009	04
0	0.127549	0.497868	0.129605	0.499297	10
0	0.170196	0.497717	0.173176	0.499146	OIL
0	0.173690	0.497717	0.187661	0.499146	TEMPERATURE
0	0.188175	0.497717	0.195982	0.499146	SENSOR
0	0.196496	0.497717	0.197524	0.499146	1
0	0.109853	0.500368	0.111909	0.501797	20
0	0.117059	0.501505	0.118087	0.502934	7
0	0.124363	0.501505	0.125391	0.502934	2
0	0.132353	0.501732	0.134409	0.503161	11
0	0.168480	0.499497	0.177418	0.500926	COOLANT
0	0.171863	0.501315	0.183777	0.502744	CONNECTOR
0	0.177932	0.499497	0.191902	0.500926	TEMPERATURE
0	0.184291	0.501315	0.191481	0.502744	MATING
0	0.191995	0.501315	0.196926	0.502744	FACE
0	0.192416	0.499497	0.200224	0.500926	SENSOR
0	0.200738	0.499497	0.201766	0.500926	1
0	0.047794	0.503740	0.048822	0.505168	2
0	0.054853	0.503815	0.055881	0.505244	7
0	0.106373	0.504838	0.108428	0.506267	19
0	0.134510	0.504838	0.136566	0.506267	12
0	0.320490	0.504876	0.327579	0.506305	OPTION
0	0.112157	0.506202	0.113185	0.507630	6
0	0.120098	0.506770	0.121126	0.508199	1
0	0.127500	0.506278	0.128528	0.507706	3
0	0.168627	0.505861	0.169861	0.507290	B
0	0.195931	0.505861	0.197165	0.507290	A
0	0.044314	0.508512	0.045342	0.509941	3
0	0.058431	0.508512	0.059459	0.509941	6
0	0.379902	0.508664	0.387604	0.510093	RETURN
0	0.525441	0.508664	0.533144	0.510093	RETURN
0	0.697598	0.508399	0.700578	0.509827	OIL
0	0.701092	0.508399	0.706330	0.509827	BURN
0	0.706844	0.508399	0.712805	0.509827	VALVE
0	0.713319	0.508399	0.722874	0.509827	SOLENOID
0	0.047794	0.513096	0.048822	0.514524	4
0	0.054853	0.513096	0.055881	0.514524	5
0	0.107451	0.510785	0.109507	0.512214	18
0	0.116569	0.511694	0.117597	0.513123	5
0	0.124314	0.511770	0.125342	0.513199	4
0	0.134216	0.510065	0.136272	0.511494	13
0	0.320490	0.509990	0.323471	0.511418	OIL
0	0.323985	0.509990	0.329222	0.511418	BURN
0	0.329736	0.509990	0.335697	0.511418	VALVE
0	0.336211	0.509990	0.345766	0.511418	SOLENOID
0	0.372598	0.509725	0.373831	0.511153	B
0	0.372647	0.512300	0.373880	0.513729	A
0	0.379951	0.511202	0.386733	0.512630	SIGNAL
0	0.518137	0.509762	0.520193	0.511191	47
0	0.518137	0.512300	0.520193	0.513729	46
0	0.525539	0.511202	0.532321	0.512630	SIGNAL
0	0.697598	0.511050	0.700578	0.512479	OIL
0	0.701092	0.511050	0.706330	0.512479	BURN
0	0.706844	0.511050	0.712805	0.512479	VALVE
0	0.713319	0.511050	0.722874	0.512479	SOLENOID
0	0.110686	0.514952	0.112742	0.516380	17
0	0.130000	0.514990	0.132056	0.516418	14
0	0.115784	0.518209	0.117840	0.519638	16
0	0.123824	0.518929	0.125879	0.520358	15
0	0.320490	0.520217	0.327579	0.521646	OPTION
0	0.228235	0.521353	0.229263	0.522782	2
0	0.250196	0.521315	0.251224	0.522744	3
0	0.429265	0.526770	0.441695	0.528199	LUBRICATING
0	0.442209	0.526770	0.445189	0.528199	OIL
0	0.445703	0.526770	0.452072	0.528199	FILTER
0	0.452586	0.526770	0.463271	0.528199	EXTENSION
0	0.435539	0.528475	0.444477	0.529903	HARNESS
0	0.444991	0.528475	0.456905	0.529903	CONNECTOR
0	0.047745	0.529725	0.052471	0.531153	FUEL
0	0.052985	0.529725	0.059354	0.531153	FILTER
0	0.043088	0.531770	0.053773	0.533199	EXTENSION
0	0.044510	0.533740	0.045538	0.535168	6
0	0.046052	0.533740	0.049134	0.535168	PIN
0	0.049648	0.533740	0.061562	0.535168	CONNECTOR
0	0.054287	0.531770	0.063224	0.533199	HARNESS
0	0.105882	0.532868	0.111634	0.534297	RIGHT
0	0.112148	0.532868	0.117183	0.534297	BANK
0	0.117697	0.532868	0.124064	0.534297	FRONT
0	0.117941	0.534687	0.119997	0.536115	20
0	0.120511	0.534687	0.123593	0.536115	PIN
0	0.124578	0.532868	0.133516	0.534297	HARNESS
0	0.229265	0.535179	0.238509	0.536608	INJECTOR
0	0.239023	0.535179	0.248578	0.536608	SOLENOID
0	0.249092	0.535179	0.256077	0.536608	DRIVER
0	0.320049	0.533512	0.336896	0.534941	PRE-LUBRICATING
0	0.320098	0.535255	0.327390	0.536684	SWITCH
0	0.337410	0.533512	0.340390	0.534941	OIL
0	0.340904	0.533512	0.351075	0.534941	PRESSURE
0	0.371422	0.532717	0.372450	0.534146	2
0	0.371471	0.535293	0.372499	0.536721	1
0	0.378382	0.531656	0.386085	0.533085	RETURN
0	0.378431	0.534232	0.385213	0.535661	SIGNAL
0	0.445735	0.532755	0.446969	0.534184	E
0	0.445735	0.535331	0.446865	0.536759	F
0	0.518137	0.532755	0.520193	0.534184	47
0	0.518137	0.535293	0.520193	0.536721	46
0	0.525441	0.531656	0.533144	0.533085	RETURN
0	0.525686	0.534232	0.532468	0.535661	SIGNAL
0	0.655931	0.532717	0.656959	0.534146	2
0	0.655980	0.535293	0.657008	0.536721	1
0	0.671716	0.534384	0.688563	0.535812	PRE-LUBRICATING
0	0.689076	0.534384	0.692057	0.535812	OIL
0	0.692571	0.534384	0.702742	0.535812	PRESSURE
0	0.703255	0.534384	0.710547	0.535812	SWITCH
0	0.107549	0.536732	0.119463	0.538161	CONNECTOR
0	0.119977	0.536732	0.127167	0.538161	MATING
0	0.127681	0.536732	0.132612	0.538161	FACE
0	0.224069	0.538778	0.228794	0.540206	FUEL
0	0.229308	0.538778	0.234650	0.540206	PUMP
0	0.235164	0.538778	0.249032	0.540206	PRESSURIZING
0	0.249546	0.538778	0.259513	0.540206	ASSEMBLY
0	0.260027	0.538778	0.261055	0.540206	1
0	0.230637	0.540444	0.242551	0.541873	CONNECTOR
0	0.243065	0.540444	0.250256	0.541873	MATING
0	0.250770	0.540444	0.255700	0.541873	FACE
0	0.050049	0.546315	0.051077	0.547744	7
0	0.056373	0.546202	0.057401	0.547630	2
0	0.106569	0.549118	0.108625	0.550547	11
0	0.110441	0.545899	0.112497	0.547327	10
0	0.115490	0.548891	0.116518	0.550320	2
0	0.119020	0.542717	0.120048	0.544146	9
0	0.122745	0.548891	0.123773	0.550320	7
0	0.125735	0.544081	0.126763	0.545509	8
0	0.128971	0.547755	0.131027	0.549184	20
0	0.163235	0.545293	0.169913	0.546721	INTAKE
0	0.163235	0.546922	0.169913	0.548350	INTAKE
0	0.163333	0.543664	0.170011	0.545093	INTAKE
0	0.163578	0.542035	0.170257	0.543464	INTAKE
0	0.170427	0.545293	0.179981	0.546721	MANIFOLD
0	0.170427	0.546922	0.179981	0.548350	MANIFOLD
0	0.170525	0.543664	0.180079	0.545093	MANIFOLD
0	0.170771	0.542035	0.180324	0.543464	MANIFOLD
0	0.171961	0.548475	0.183875	0.549903	CONNECTOR
0	0.180495	0.545293	0.183577	0.546721	AIR
0	0.180495	0.546922	0.183577	0.548350	AIR
0	0.180593	0.543664	0.183675	0.545093	AIR
0	0.180838	0.542035	0.183920	0.543464	AIR
0	0.184091	0.545293	0.194261	0.546721	PRESSURE
0	0.184091	0.546922	0.194261	0.548350	PRESSURE
0	0.184189	0.543664	0.194359	0.545093	PRESSURE
0	0.184389	0.548475	0.191579	0.549903	MATING
0	0.184434	0.542035	0.194604	0.543464	PRESSURE
0	0.192093	0.548475	0.197024	0.549903	FACE
0	0.194775	0.545293	0.202583	0.546721	SENSOR
0	0.194775	0.546922	0.202583	0.548350	SENSOR
0	0.194873	0.543664	0.202681	0.545093	SENSOR
0	0.195118	0.542035	0.202926	0.543464	SENSOR
0	0.203097	0.545293	0.204125	0.546721	3
0	0.203097	0.546922	0.204125	0.548350	4
0	0.203195	0.543664	0.204223	0.545093	2
0	0.203440	0.542035	0.204468	0.543464	1
0	0.320539	0.544232	0.325265	0.545661	FUEL
0	0.320637	0.545975	0.328445	0.547403	SENSOR
0	0.325779	0.544232	0.331120	0.545661	PUMP
0	0.331634	0.544232	0.334615	0.545661	OIL
0	0.335129	0.544232	0.345299	0.545661	PRESSURE
0	0.371373	0.542944	0.372401	0.544373	3
0	0.371422	0.545520	0.372450	0.546949	2
0	0.371471	0.548096	0.372499	0.549524	1
0	0.378382	0.544573	0.386085	0.546002	RETURN
0	0.378431	0.541770	0.385213	0.543199	SIGNAL
0	0.378529	0.547073	0.379557	0.548502	5
0	0.380071	0.547073	0.384901	0.548502	VOLT
0	0.385415	0.547073	0.392710	0.548502	SUPPLY
0	0.445686	0.542982	0.447021	0.544411	C
0	0.445735	0.545558	0.446969	0.546987	B
0	0.445735	0.548096	0.446969	0.549524	A
0	0.655931	0.545520	0.656959	0.546949	2
0	0.655980	0.548096	0.657008	0.549524	1
0	0.664461	0.546429	0.668672	0.547858	OEM
0	0.669186	0.546429	0.681101	0.547858	CONNECTOR
0	0.047010	0.550406	0.048038	0.551835	6
0	0.059363	0.550406	0.060391	0.551835	3
0	0.050049	0.554459	0.051077	0.555888	5
0	0.056275	0.554497	0.057302	0.555926	4
0	0.104167	0.552225	0.106223	0.553653	12
0	0.112304	0.553626	0.113332	0.555055	3
0	0.119804	0.554156	0.120832	0.555585	1
0	0.127647	0.553550	0.128675	0.554979	6
0	0.132255	0.552225	0.134311	0.553653	19
0	0.169706	0.553020	0.170939	0.554449	B
0	0.194951	0.553020	0.196184	0.554449	A
0	0.378235	0.555937	0.385938	0.557365	RETURN
0	0.697598	0.555671	0.700578	0.557100	OIL
0	0.701092	0.555671	0.706330	0.557100	BURN
0	0.706844	0.555671	0.712805	0.557100	VALVE
0	0.713319	0.555671	0.722874	0.557100	SOLENOID
0	0.104461	0.557452	0.106517	0.558880	13
0	0.115539	0.559156	0.116567	0.560585	4
0	0.123235	0.559081	0.124263	0.560509	5
0	0.131225	0.558172	0.133281	0.559600	18
0	0.318824	0.557300	0.321804	0.558729	OIL
0	0.322318	0.557300	0.327556	0.558729	BURN
0	0.328070	0.557300	0.334030	0.558729	VALVE
0	0.334544	0.557300	0.344099	0.558729	SOLENOID
0	0.370931	0.557035	0.372165	0.558464	B
0	0.370980	0.559573	0.372214	0.561002	A
0	0.378284	0.558512	0.385066	0.559941	SIGNAL
0	0.697598	0.558361	0.700578	0.559790	OIL
0	0.701092	0.558361	0.706330	0.559790	BURN
0	0.706844	0.558361	0.712805	0.559790	VALVE
0	0.713319	0.558361	0.722874	0.559790	SOLENOID
0	0.232745	0.560596	0.233773	0.562024	1
0	0.252843	0.560709	0.253871	0.562138	2
0	0.108676	0.562376	0.110732	0.563805	14
0	0.127990	0.562338	0.130046	0.563767	17
0	0.114804	0.566315	0.116860	0.567744	15
0	0.122892	0.565596	0.124948	0.567024	16
0	0.319853	0.568437	0.329203	0.569865	OPTIONAL
0	0.497304	0.575803	0.504151	0.578185	ECM
0	0.502500	0.578682	0.514314	0.581063	ENGINE
0	0.505008	0.575803	0.506721	0.578185	2
0	0.507578	0.575803	0.520760	0.578185	SOURCE
0	0.515171	0.578682	0.535028	0.581063	CONNECTOR
0	0.521617	0.575803	0.536513	0.578185	ADDRESS
0	0.537369	0.575803	0.540796	0.578185	01
0	0.554216	0.577831	0.559967	0.579259	RIGHT
0	0.560481	0.577831	0.565516	0.579259	BANK
0	0.561716	0.579535	0.573630	0.580964	CONNECTOR
0	0.566030	0.577831	0.574967	0.579259	HARNESS
0	0.575481	0.577831	0.577537	0.579259	47
0	0.578051	0.577831	0.581133	0.579259	PIN
0	0.590931	0.578872	0.610788	0.581253	CONNECTOR
0	0.591029	0.576031	0.594456	0.578412	47
0	0.595313	0.576031	0.600449	0.578412	PIN
0	0.601306	0.576031	0.620997	0.578412	CROSSOVER
0	0.688039	0.578134	0.702009	0.579562	TEMPERATURE
0	0.692598	0.576429	0.701330	0.577858	EXHAUST
0	0.692598	0.579876	0.704205	0.581305	CONVERTER
0	0.701844	0.576429	0.705749	0.577858	GAS
0	0.702523	0.578134	0.710331	0.579562	SENSOR
0	0.704719	0.579876	0.705747	0.581305	2
0	0.804069	0.577300	0.822560	0.578729	INJECTOR/EXHAUST
0	0.814657	0.579043	0.825342	0.580471	EXTENSION
0	0.821765	0.575596	0.827517	0.577024	RIGHT
0	0.823073	0.577300	0.826978	0.578729	GAS
0	0.825856	0.579043	0.837770	0.580471	CONNECTOR
0	0.827492	0.577300	0.841463	0.578729	TEMPERATURE
0	0.828031	0.575596	0.833065	0.577024	BANK
0	0.838284	0.579043	0.839312	0.580471	2
0	0.841977	0.577300	0.849785	0.578729	SENSOR
0	0.042255	0.585861	0.046981	0.587290	FUEL
0	0.047495	0.585861	0.053864	0.587290	FILTER
0	0.054378	0.585861	0.063315	0.587290	HARNESS
0	0.331618	0.585709	0.335726	0.587138	ECM
0	0.336240	0.585709	0.337268	0.587138	2
0	0.337782	0.585709	0.345691	0.587138	SOURCE
0	0.346205	0.585709	0.355143	0.587138	ADDRESS
0	0.355657	0.585709	0.357713	0.587138	01
0	0.358227	0.585709	0.362438	0.587138	OEM
0	0.362952	0.585709	0.374866	0.587138	CONNECTOR
0	0.517451	0.585785	0.519507	0.587214	24
0	0.522549	0.584876	0.531281	0.586305	EXHAUST
0	0.531795	0.584876	0.535700	0.586305	GAS
0	0.536214	0.584876	0.550184	0.586305	TEMPERATURE
0	0.550698	0.584876	0.558506	0.586305	SENSOR
0	0.559020	0.584876	0.560048	0.586305	2
0	0.566225	0.585899	0.568281	0.587327	33
0	0.603235	0.585861	0.605291	0.587290	33
0	0.694412	0.585937	0.695645	0.587365	B
0	0.702108	0.585861	0.703443	0.587290	C
0	0.826618	0.585823	0.827542	0.587252	J
0	0.831667	0.584497	0.838448	0.585926	SIGNAL
0	0.860784	0.585634	0.861812	0.587062	1
0	0.037745	0.587755	0.038773	0.589183	4
0	0.039287	0.587755	0.042369	0.589183	PIN
0	0.042883	0.587755	0.054797	0.589183	CONNECTOR
0	0.055311	0.587755	0.062502	0.589183	MATING
0	0.063015	0.587755	0.067946	0.589183	FACE
0	0.517451	0.588323	0.519507	0.589752	44
0	0.522745	0.587603	0.530447	0.589032	RETURN
0	0.566225	0.588437	0.568281	0.589865	32
0	0.603235	0.588399	0.605291	0.589827	32
0	0.694461	0.588399	0.695385	0.589827	c
0	0.702108	0.588437	0.703443	0.589865	D
0	0.826324	0.588437	0.827557	0.589865	K
0	0.831618	0.587111	0.839320	0.588540	RETURN
0	0.860980	0.588209	0.862008	0.589638	2
0	0.350588	0.591921	0.352644	0.593350	50
0	0.360049	0.591050	0.368781	0.592479	EXHAUST
0	0.369295	0.591050	0.373200	0.592479	GAS
0	0.373714	0.591050	0.387684	0.592479	TEMPERATURE
0	0.388198	0.591050	0.396006	0.592479	SENSOR
0	0.396520	0.591050	0.398576	0.592479	14
0	0.517451	0.593437	0.519507	0.594865	49
0	0.522745	0.592565	0.531477	0.593994	EXHAUST
0	0.531991	0.592565	0.535896	0.593994	GAS
0	0.536410	0.592565	0.550380	0.593994	TEMPERATURE
0	0.550894	0.592565	0.558702	0.593994	SENSOR
0	0.559216	0.592565	0.560244	0.593994	4
0	0.566225	0.593550	0.568281	0.594979	35
0	0.603235	0.593512	0.605291	0.594941	35
0	0.694363	0.593588	0.695596	0.595017	E
0	0.702206	0.593550	0.703336	0.594979	F
0	0.826471	0.593512	0.827499	0.594941	L
0	0.831569	0.592149	0.838350	0.593577	SIGNAL
0	0.860784	0.593550	0.861812	0.594979	1
0	0.931912	0.591240	0.940644	0.592668	EXHAUST
0	0.941158	0.591240	0.945063	0.592668	GAS
0	0.945577	0.591240	0.959547	0.592668	TEMPERATURE
0	0.950196	0.592944	0.958004	0.594373	SENSOR
0	0.958518	0.592944	0.959546	0.594373	2
0	0.103824	0.594762	0.105879	0.596191	16
0	0.106393	0.594762	0.109476	0.596191	PIN
0	0.109990	0.594762	0.121904	0.596191	CONNECTOR
0	0.122418	0.594762	0.129608	0.596191	MATING
0	0.130122	0.594762	0.135053	0.596191	FACE
0	0.831520	0.594762	0.839222	0.596191	RETURN
0	0.158431	0.597035	0.165109	0.598464	INTAKE
0	0.165623	0.597035	0.175177	0.598464	MANIFOLD
0	0.175691	0.597035	0.176719	0.598464	1
0	0.177233	0.597035	0.180315	0.598464	AIR
0	0.180829	0.597035	0.190999	0.598464	PRESSURE
0	0.191513	0.597035	0.199321	0.598464	SENSOR
0	0.350588	0.597111	0.352644	0.598540	09
0	0.359951	0.596240	0.368683	0.597668	EXHAUST
0	0.369197	0.596240	0.373102	0.597668	GAS
0	0.373616	0.596240	0.387586	0.597668	TEMPERATURE
0	0.388100	0.596240	0.395908	0.597668	SENSOR
0	0.396422	0.596240	0.398478	0.597668	16
0	0.702108	0.596088	0.703546	0.597517	G
0	0.826225	0.596088	0.827766	0.597517	M
0	0.860882	0.595861	0.861910	0.597290	2
0	0.158333	0.599043	0.165011	0.600471	INTAKE
0	0.160735	0.600861	0.163716	0.602290	OIL
0	0.164230	0.600861	0.170599	0.602290	FILTER
0	0.165525	0.599043	0.175079	0.600471	MANIFOLD
0	0.171113	0.600861	0.178407	0.602290	OUTLET
0	0.175593	0.599043	0.176621	0.600471	2
0	0.177135	0.599043	0.180217	0.600471	AIR
0	0.178921	0.600861	0.189091	0.602290	PRESSURE
0	0.180731	0.599043	0.190901	0.600471	PRESSURE
0	0.189605	0.600861	0.197413	0.602290	SENSOR
0	0.191415	0.599043	0.199223	0.600471	SENSOR
0	0.231225	0.599270	0.238314	0.600699	ENGINE
0	0.236961	0.601240	0.240659	0.602668	FAN
0	0.238828	0.599270	0.241808	0.600699	OIL
0	0.241172	0.601240	0.248670	0.602668	CLUTCH
0	0.242322	0.599270	0.247560	0.600699	BURN
0	0.248074	0.599270	0.254035	0.600699	VALVE
0	0.350637	0.600179	0.352693	0.601608	22
0	0.359804	0.599384	0.367506	0.600812	RETURN
0	0.517549	0.601126	0.519605	0.602555	01
0	0.522745	0.600293	0.531477	0.601721	EXHAUST
0	0.531991	0.600293	0.535896	0.601721	GAS
0	0.536410	0.600293	0.550380	0.601721	TEMPERATURE
0	0.550894	0.600293	0.558702	0.601721	SENSOR
0	0.559216	0.600293	0.560244	0.601721	6
0	0.566225	0.601240	0.568281	0.602668	36
0	0.603235	0.601202	0.605291	0.602630	36
0	0.694265	0.601278	0.695600	0.602706	H
0	0.702402	0.601202	0.703326	0.602630	J
0	0.826373	0.601164	0.827707	0.602593	N
0	0.831520	0.599838	0.838301	0.601267	SIGNAL
0	0.860882	0.601240	0.861910	0.602668	1
0	0.931912	0.599270	0.940644	0.600699	EXHAUST
0	0.941158	0.599270	0.945063	0.600699	GAS
0	0.945577	0.599270	0.959547	0.600699	TEMPERATURE
0	0.950196	0.601012	0.958004	0.602441	SENSOR
0	0.958518	0.601012	0.959546	0.602441	4
0	0.047353	0.603778	0.048381	0.605206	1
0	0.047353	0.603778	0.048381	0.605206	1
0	0.047353	0.603778	0.048381	0.605206	1
0	0.047353	0.603778	0.048381	0.605206	1
0	0.047353	0.603778	0.048381	0.605206	1
0	0.047353	0.603778	0.048381	0.605206	1
0	0.047353	0.603778	0.048381	0.605206	1
0	0.047353	0.603778	0.048381	0.605206	1
0	0.047353	0.603778	0.048381	0.605206	1
0	0.057157	0.603740	0.058185	0.605168	4
0	0.057157	0.603740	0.058185	0.605168	4
0	0.057157	0.603740	0.058185	0.605168	4
0	0.057157	0.603740	0.058185	0.605168	4
0	0.057157	0.603740	0.058185	0.605168	4
0	0.057157	0.603740	0.058185	0.605168	4
0	0.057157	0.603740	0.058185	0.605168	4
0	0.057157	0.603740	0.058185	0.605168	4
0	0.057157	0.603740	0.058185	0.605168	4
0	0.160343	0.604497	0.167432	0.605926	ENGINE
0	0.163333	0.602679	0.170422	0.604108	ENGINE
0	0.167946	0.604497	0.176883	0.605926	COOLANT
0	0.170936	0.602679	0.182441	0.604108	CRANKCASE
0	0.177397	0.604497	0.187568	0.605926	PRESSURE
0	0.182955	0.602679	0.193126	0.604108	PRESSURE
0	0.188082	0.604497	0.195890	0.605926	SENSOR
0	0.230245	0.603285	0.242159	0.604714	CONNECTOR
0	0.242673	0.603285	0.249863	0.604714	MATING
0	0.250377	0.603285	0.255308	0.604714	FACE
0	0.702108	0.603778	0.703341	0.605206	K
0	0.826373	0.603778	0.827606	0.605206	P
0	0.831471	0.602452	0.839173	0.603880	RETURN
0	0.860980	0.603815	0.862008	0.605244	2
0	0.162157	0.606429	0.165137	0.607858	OIL
0	0.165651	0.606429	0.172021	0.607858	FILTER
0	0.172535	0.606429	0.177774	0.607858	INLET
0	0.178288	0.606429	0.188459	0.607858	PRESSURE
0	0.188973	0.606429	0.196781	0.607858	SENSOR
0	0.047353	0.611543	0.048381	0.612971	3
0	0.047353	0.611543	0.048381	0.612971	3
0	0.047353	0.611543	0.048381	0.612971	3
0	0.047353	0.611543	0.048381	0.612971	3
0	0.047353	0.611543	0.048381	0.612971	3
0	0.047353	0.611543	0.048381	0.612971	3
0	0.047353	0.611543	0.048381	0.612971	3
0	0.047353	0.611543	0.048381	0.612971	3
0	0.047353	0.611543	0.048381	0.612971	3
0	0.057157	0.611467	0.058185	0.612896	2
0	0.057157	0.611467	0.058185	0.612896	2
0	0.057157	0.611467	0.058185	0.612896	2
0	0.057157	0.611467	0.058185	0.612896	2
0	0.057157	0.611467	0.058185	0.612896	2
0	0.057157	0.611467	0.058185	0.612896	2
0	0.057157	0.611467	0.058185	0.612896	2
0	0.057157	0.611467	0.058185	0.612896	2
0	0.057157	0.611467	0.058185	0.612896	2
0	0.106520	0.612452	0.107854	0.613880	R
0	0.111373	0.608437	0.112606	0.609865	S
0	0.115000	0.612452	0.116233	0.613880	E
0	0.118676	0.608437	0.119806	0.609865	F
0	0.122255	0.612338	0.123488	0.613767	A
0	0.125833	0.608437	0.127272	0.609865	G
0	0.130588	0.612452	0.131923	0.613880	H
0	0.163235	0.610444	0.167961	0.611873	FUEL
0	0.166520	0.608247	0.169500	0.609676	OIL
0	0.166814	0.612603	0.178728	0.614032	CONNECTOR
0	0.168475	0.610444	0.177620	0.611873	DELIVERY
0	0.170014	0.608247	0.175254	0.609676	RIFLE
0	0.175768	0.608247	0.185938	0.609676	PRESSURE
0	0.178134	0.610444	0.188304	0.611873	PRESSURE
0	0.179242	0.612603	0.186432	0.614032	MATING
0	0.186452	0.608247	0.194260	0.609676	SENSOR
0	0.186946	0.612603	0.191877	0.614032	FACE
0	0.188818	0.610444	0.196626	0.611873	SENSOR
0	0.194774	0.608247	0.195802	0.609676	1
0	0.227108	0.609459	0.228341	0.610888	A
0	0.256863	0.609459	0.258096	0.610888	B
0	0.517745	0.611581	0.519801	0.613009	11
0	0.523284	0.610671	0.532016	0.612100	EXHAUST
0	0.532530	0.610671	0.536435	0.612100	GAS
0	0.536949	0.610671	0.550919	0.612100	TEMPERATURE
0	0.551433	0.610671	0.559241	0.612100	SENSOR
0	0.559755	0.610671	0.560783	0.612100	8
0	0.566471	0.611656	0.568527	0.613085	37
0	0.603480	0.611618	0.605536	0.613047	37
0	0.694608	0.611656	0.695636	0.613085	L
0	0.702108	0.611656	0.703648	0.613085	M
0	0.702206	0.614232	0.703541	0.615661	N
0	0.826274	0.610823	0.827609	0.612252	R
0	0.826422	0.613361	0.827655	0.614790	S
0	0.831716	0.612225	0.839418	0.613653	RETURN
0	0.831765	0.609649	0.838546	0.611077	SIGNAL
0	0.860784	0.611012	0.861812	0.612441	1
0	0.860882	0.613664	0.861910	0.615093	2
0	0.931422	0.607452	0.940154	0.608880	EXHAUST
0	0.940668	0.607452	0.944573	0.608880	GAS
0	0.945087	0.607452	0.959057	0.608880	TEMPERATURE
0	0.949706	0.609156	0.957514	0.610585	SENSOR
0	0.958028	0.609156	0.959056	0.610585	6
0	0.931912	0.616012	0.940644	0.617441	EXHAUST
0	0.941158	0.616012	0.945063	0.617441	GAS
0	0.945577	0.616012	0.959547	0.617441	TEMPERATURE
0	0.104853	0.617793	0.106086	0.619221	P
0	0.112794	0.617793	0.114129	0.619221	D
0	0.124559	0.617793	0.125792	0.619221	B
0	0.132402	0.617717	0.133326	0.619146	J
0	0.162157	0.617262	0.163185	0.618691	1
0	0.329853	0.618134	0.333961	0.619562	ECM
0	0.334475	0.618134	0.335503	0.619562	3
0	0.336017	0.618134	0.343927	0.619562	SOURCE
0	0.344441	0.618134	0.353378	0.619562	ADDRESS
0	0.353892	0.618134	0.355948	0.619562	00
0	0.356462	0.618134	0.363550	0.619562	ENGINE
0	0.364064	0.618134	0.375978	0.619562	CONNECTOR
0	0.524706	0.618664	0.532514	0.620093	SENSOR
0	0.533028	0.618664	0.540323	0.620093	SUPPLY
0	0.540837	0.618664	0.541865	0.620093	4
0	0.675588	0.618853	0.676616	0.620282	5
0	0.677130	0.618853	0.681959	0.620282	VOLT
0	0.682473	0.618853	0.689769	0.620282	SUPPLY
0	0.950196	0.617755	0.958004	0.619184	SENSOR
0	0.958518	0.617755	0.959546	0.619184	8
0	0.517549	0.619914	0.519605	0.621343	36
0	0.566324	0.619914	0.568379	0.621343	02
0	0.603284	0.619876	0.605340	0.621305	02
0	0.694559	0.619838	0.695792	0.621267	A
0	0.118431	0.621088	0.119766	0.622517	C
0	0.359657	0.621164	0.368901	0.622593	INJECTOR
0	0.369415	0.621164	0.371471	0.622593	16
0	0.109069	0.622641	0.110404	0.624070	N
0	0.127402	0.622641	0.128635	0.624070	K
0	0.350735	0.622262	0.352791	0.623691	55
0	0.350735	0.624762	0.352791	0.626191	59
0	0.359608	0.623740	0.368852	0.625168	INJECTOR
0	0.369366	0.623740	0.371422	0.625168	16
0	0.517255	0.624346	0.519311	0.625774	54
0	0.525637	0.623815	0.534882	0.625244	INJECTOR
0	0.535396	0.623815	0.536424	0.625244	4
0	0.565980	0.624459	0.568036	0.625888	18
0	0.572304	0.623626	0.579086	0.625055	SIGNAL
0	0.602941	0.624422	0.604997	0.625850	18
0	0.042696	0.626846	0.047422	0.628274	FUEL
0	0.044755	0.628740	0.045783	0.630168	4
0	0.046297	0.628740	0.049379	0.630168	PIN
0	0.047255	0.641808	0.048283	0.643237	4
0	0.047255	0.641808	0.048283	0.643237	4
0	0.047255	0.641808	0.048283	0.643237	4
0	0.047255	0.641808	0.048283	0.643237	4
0	0.047255	0.641808	0.048283	0.643237	4
0	0.047255	0.641808	0.048283	0.643237	4
0	0.047255	0.641808	0.048283	0.643237	4
0	0.047255	0.641808	0.048283	0.643237	4
0	0.047255	0.641808	0.048283	0.643237	4
0	0.047936	0.626846	0.054305	0.628274	FILTER
0	0.049893	0.628740	0.061807	0.630168	CONNECTOR
0	0.054819	0.626846	0.063757	0.628274	HARNESS
0	0.057304	0.641846	0.058332	0.643274	1
0	0.057304	0.641846	0.058332	0.643274	1
0	0.057304	0.641846	0.058332	0.643274	1
0	0.057304	0.641846	0.058332	0.643274	1
0	0.057304	0.641846	0.058332	0.643274	1
0	0.057304	0.641846	0.058332	0.643274	1
0	0.057304	0.641846	0.058332	0.643274	1
0	0.057304	0.641846	0.058332	0.643274	1
0	0.057304	0.641846	0.058332	0.643274	1
0	0.110343	0.639497	0.112399	0.640926	16
0	0.112913	0.639497	0.115995	0.640926	PIN
0	0.114804	0.626543	0.116344	0.627971	M
0	0.116509	0.639497	0.128423	0.640926	CONNECTOR
0	0.122304	0.626505	0.123332	0.627934	L
0	0.153824	0.626467	0.154852	0.627896	3
0	0.160147	0.639762	0.161175	0.641191	2
0	0.225686	0.635028	0.238218	0.636456	CRANKSHAFT
0	0.225931	0.630975	0.238258	0.632403	BAROMETRIC
0	0.226863	0.633209	0.237032	0.634638	CAMSHAFT
0	0.229020	0.641656	0.230048	0.643085	1
0	0.229804	0.636694	0.241718	0.638123	CONNECTOR
0	0.235882	0.639043	0.236910	0.640471	2
0	0.237545	0.633209	0.246381	0.634638	POSITION
0	0.238732	0.635028	0.247568	0.636456	POSITION
0	0.238772	0.630975	0.248942	0.632403	PRESSURE
0	0.242232	0.636694	0.249422	0.638123	MATING
0	0.246895	0.633209	0.254703	0.634638	SENSOR
0	0.248082	0.635028	0.255889	0.636456	SENSOR
0	0.249456	0.630975	0.257264	0.632403	SENSOR
0	0.249936	0.636694	0.254867	0.638123	FACE
0	0.250539	0.641240	0.251567	0.642668	3
0	0.350833	0.627717	0.352889	0.629146	57
0	0.350882	0.631164	0.352938	0.632593	53
0	0.350980	0.634308	0.353036	0.635737	54
0	0.350980	0.637565	0.353036	0.638994	60
0	0.351029	0.641202	0.353085	0.642630	46
0	0.359314	0.643588	0.368558	0.645017	INJECTOR
0	0.359363	0.640179	0.368607	0.641608	INJECTOR
0	0.359461	0.636467	0.368705	0.637896	INJECTOR
0	0.359510	0.629952	0.368754	0.631380	INJECTOR
0	0.359510	0.633399	0.368754	0.634827	INJECTOR
0	0.359559	0.626884	0.368803	0.628312	INJECTOR
0	0.369072	0.643588	0.371128	0.645017	10
0	0.369121	0.640179	0.371177	0.641608	10
0	0.369219	0.636467	0.370247	0.637896	8
0	0.369268	0.629952	0.370296	0.631380	2
0	0.369268	0.633399	0.370296	0.634827	8
0	0.369317	0.626884	0.370345	0.628312	2
0	0.517255	0.627755	0.519311	0.629183	60
0	0.517304	0.643891	0.519360	0.645320	51
0	0.517353	0.630520	0.519409	0.631949	57
0	0.517402	0.632906	0.519458	0.634335	53
0	0.517500	0.635558	0.519556	0.636987	55
0	0.517500	0.638626	0.519556	0.640055	59
0	0.517549	0.641240	0.519605	0.642668	56
0	0.525441	0.637679	0.534686	0.639108	INJECTOR
0	0.525441	0.643058	0.534686	0.644487	INJECTOR
0	0.525490	0.634687	0.534735	0.636115	INJECTOR
0	0.525490	0.640255	0.534735	0.641683	INJECTOR
0	0.525588	0.626997	0.534833	0.628426	INJECTOR
0	0.525588	0.631884	0.534833	0.633312	INJECTOR
0	0.525637	0.629611	0.534882	0.631040	INJECTOR
0	0.535199	0.637679	0.537255	0.639108	12
0	0.535199	0.643058	0.537255	0.644487	14
0	0.535249	0.634687	0.537304	0.636115	12
0	0.535249	0.640255	0.537304	0.641683	14
0	0.535347	0.626997	0.536375	0.628426	4
0	0.535347	0.631884	0.536375	0.633312	6
0	0.535396	0.629611	0.536424	0.631040	6
0	0.566029	0.627868	0.568085	0.629297	19
0	0.566029	0.643929	0.568085	0.645358	29
0	0.566127	0.630596	0.568183	0.632024	20
0	0.566275	0.638588	0.568330	0.640017	27
0	0.566324	0.635634	0.568379	0.637062	26
0	0.566373	0.633020	0.568428	0.634449	21
0	0.566373	0.641278	0.568428	0.642706	28
0	0.571765	0.640331	0.578546	0.641759	SIGNAL
0	0.571912	0.642868	0.579614	0.644297	RETURN
0	0.571961	0.637641	0.579663	0.639070	RETURN
0	0.572010	0.634762	0.578791	0.636191	SIGNAL
0	0.572108	0.632111	0.579810	0.633540	RETURN
0	0.572157	0.629535	0.578939	0.630964	SIGNAL
0	0.572255	0.627073	0.579957	0.628502	RETURN
0	0.602990	0.627793	0.605046	0.629221	19
0	0.602990	0.643891	0.605046	0.645320	29
0	0.603137	0.630558	0.605193	0.631987	20
0	0.603284	0.635596	0.605340	0.637024	26
0	0.603284	0.638550	0.605340	0.639979	27
0	0.603333	0.632982	0.605389	0.634411	21
0	0.603333	0.641240	0.605389	0.642668	28
0	0.826225	0.637376	0.827560	0.638805	D
0	0.826274	0.629687	0.827508	0.631115	B
0	0.826324	0.634914	0.827658	0.636343	C
0	0.826373	0.627262	0.827606	0.628691	A
0	0.826373	0.642603	0.827606	0.644032	E
0	0.831814	0.628664	0.839516	0.630093	RETURN
0	0.831814	0.636353	0.839516	0.637782	RETURN
0	0.831814	0.644005	0.839516	0.645433	RETURN
0	0.831912	0.626126	0.838693	0.627555	SIGNAL
0	0.831912	0.633778	0.838693	0.635206	SIGNAL
0	0.831912	0.641467	0.838693	0.642896	SIGNAL
0	0.861226	0.629762	0.862253	0.631191	2
0	0.861226	0.637452	0.862253	0.638880	2
0	0.861373	0.627225	0.862400	0.628653	1
0	0.861373	0.634914	0.862400	0.636343	1
0	0.861373	0.642490	0.862400	0.643918	1
0	0.948186	0.628361	0.957431	0.629790	INJECTOR
0	0.948186	0.636050	0.957431	0.637479	INJECTOR
0	0.948186	0.643702	0.957431	0.645130	INJECTOR
0	0.957945	0.628361	0.958973	0.629790	2
0	0.957945	0.636050	0.958973	0.637479	4
0	0.957945	0.643702	0.958973	0.645130	6
0	0.350686	0.644990	0.352742	0.646418	52
0	0.826324	0.645028	0.827453	0.646456	F
0	0.861226	0.645065	0.862253	0.646494	2
0	0.171127	0.647225	0.180065	0.648653	COOLANT
0	0.180579	0.647225	0.186334	0.648653	LEVEL
0	0.186848	0.647225	0.194656	0.648653	SENSOR
0	0.195170	0.647225	0.196198	0.648653	1
0	0.350735	0.647679	0.352791	0.649108	45
0	0.359363	0.647073	0.368607	0.648502	INJECTOR
0	0.369121	0.647073	0.370149	0.648502	5
0	0.047206	0.649535	0.048234	0.650964	2
0	0.047206	0.649535	0.048234	0.650964	2
0	0.047206	0.649535	0.048234	0.650964	2
0	0.047206	0.649535	0.048234	0.650964	2
0	0.047206	0.649535	0.048234	0.650964	2
0	0.047206	0.649535	0.048234	0.650964	2
0	0.047206	0.649535	0.048234	0.650964	2
0	0.047206	0.649535	0.048234	0.650964	2
0	0.047206	0.649535	0.048234	0.650964	2
0	0.057304	0.649611	0.058332	0.651040	3
0	0.057304	0.649611	0.058332	0.651040	3
0	0.057304	0.649611	0.058332	0.651040	3
0	0.057304	0.649611	0.058332	0.651040	3
0	0.057304	0.649611	0.058332	0.651040	3
0	0.057304	0.649611	0.058332	0.651040	3
0	0.057304	0.649611	0.058332	0.651040	3
0	0.057304	0.649611	0.058332	0.651040	3
0	0.057304	0.649611	0.058332	0.651040	3
0	0.106422	0.653929	0.107756	0.655358	H
0	0.111078	0.649914	0.112517	0.651343	G
0	0.114853	0.653815	0.116086	0.655244	A
0	0.118480	0.649876	0.119610	0.651305	F
0	0.122059	0.653929	0.123292	0.655358	E
0	0.125784	0.649914	0.127018	0.651343	S
0	0.130343	0.653929	0.131678	0.655358	R
0	0.167108	0.654270	0.168443	0.655699	C
0	0.171275	0.649384	0.183189	0.650812	CONNECTOR
0	0.183703	0.649384	0.190893	0.650812	MATING
0	0.191407	0.649384	0.196338	0.650812	FACE
0	0.197500	0.654270	0.198733	0.655699	A
0	0.350686	0.650937	0.352742	0.652365	58
0	0.350735	0.654573	0.352791	0.656002	56
0	0.359167	0.653815	0.368411	0.655244	INJECTOR
0	0.359314	0.650103	0.368558	0.651532	INJECTOR
0	0.368925	0.653815	0.370981	0.655244	11
0	0.369072	0.650103	0.370100	0.651532	5
0	0.517549	0.652641	0.519605	0.654070	52
0	0.517598	0.649573	0.519654	0.651002	46
0	0.517647	0.655293	0.519703	0.656721	45
0	0.525294	0.654270	0.534538	0.655699	INJECTOR
0	0.525343	0.651505	0.534587	0.652933	INJECTOR
0	0.525392	0.648702	0.534636	0.650130	INJECTOR
0	0.535052	0.654270	0.536080	0.655699	9
0	0.535101	0.651505	0.536129	0.652933	7
0	0.535150	0.648702	0.536178	0.650130	7
0	0.826127	0.653096	0.827361	0.654524	B
0	0.826225	0.650671	0.827459	0.652100	A
0	0.831716	0.652073	0.839418	0.653502	RETURN
0	0.831765	0.649535	0.838546	0.650964	SIGNAL
0	0.861176	0.653172	0.862204	0.654600	2
0	0.861324	0.650634	0.862351	0.652062	1
0	0.948039	0.651922	0.957284	0.653350	INJECTOR
0	0.957798	0.651922	0.958826	0.653350	8
0	0.105098	0.659194	0.106022	0.660623	J
0	0.112500	0.659232	0.113733	0.660661	B
0	0.124167	0.659232	0.125502	0.660661	D
0	0.132206	0.659232	0.133439	0.660661	P
0	0.350539	0.658361	0.352595	0.659790	51
0	0.359118	0.657225	0.368362	0.658653	INJECTOR
0	0.368876	0.657225	0.370932	0.658653	11
0	0.517255	0.657944	0.519311	0.659373	58
0	0.525245	0.657111	0.534489	0.658540	INJECTOR
0	0.535003	0.657111	0.536031	0.658540	9
0	0.222745	0.661126	0.231477	0.662555	EXHAUST
0	0.231991	0.661126	0.235896	0.662555	GAS
0	0.236410	0.661126	0.250380	0.662555	TEMPERATURE
0	0.250894	0.661126	0.258702	0.662555	SENSOR
0	0.118578	0.662565	0.119913	0.663994	C
0	0.228971	0.662868	0.240885	0.664297	CONNECTOR
0	0.241399	0.662868	0.248589	0.664297	MATING
0	0.249103	0.662868	0.254034	0.664297	FACE
0	0.823676	0.663020	0.829428	0.664449	RIGHT
0	0.829942	0.663020	0.834977	0.664449	BANK
0	0.109608	0.664081	0.110841	0.665509	K
0	0.127941	0.664081	0.129276	0.665509	N
0	0.806029	0.664724	0.824520	0.666153	INJECTOR/EXHAUST
0	0.825034	0.664724	0.828939	0.666153	GAS
0	0.829453	0.664724	0.843423	0.666153	TEMPERATURE
0	0.843937	0.664724	0.851745	0.666153	SENSOR
0	0.816569	0.666429	0.827253	0.667858	EXTENSION
0	0.827767	0.666429	0.839682	0.667858	CONNECTOR
0	0.840196	0.666429	0.841224	0.667858	4
0	0.114902	0.667982	0.115930	0.669411	L
0	0.122010	0.668020	0.123550	0.669449	M
0	0.189118	0.668778	0.190351	0.670206	B
0	0.225441	0.669421	0.226469	0.670850	1
0	0.256029	0.669459	0.257057	0.670888	2
0	0.743137	0.670596	0.751869	0.672024	EXHAUST
0	0.752383	0.670596	0.756288	0.672024	GAS
0	0.756802	0.670596	0.770772	0.672024	TEMPERATURE
0	0.771286	0.670596	0.779094	0.672024	SENSOR
0	0.779608	0.670596	0.781664	0.672024	10
0	0.833137	0.670596	0.839919	0.672024	SIGNAL
0	0.517696	0.671770	0.519752	0.673199	32
0	0.566471	0.671884	0.568527	0.673312	38
0	0.603480	0.671846	0.605536	0.673274	38
0	0.694412	0.671922	0.695645	0.673350	P
0	0.702157	0.671846	0.703492	0.673274	R
0	0.828137	0.671732	0.829062	0.673161	J
0	0.860931	0.671997	0.861959	0.673426	1
0	0.833088	0.673209	0.840791	0.674638	RETURN
0	0.702255	0.674422	0.703488	0.675850	S
0	0.827892	0.674346	0.829125	0.675774	K
0	0.860980	0.674649	0.862008	0.676077	2
0	0.931912	0.677073	0.940644	0.678502	EXHAUST
0	0.941158	0.677073	0.945063	0.678502	GAS
0	0.945577	0.677073	0.959547	0.678502	TEMPERATURE
0	0.099853	0.679194	0.108585	0.680623	EXHAUST
0	0.109099	0.679194	0.113004	0.680623	GAS
0	0.113518	0.679194	0.127488	0.680623	TEMPERATURE
0	0.128002	0.679194	0.135810	0.680623	SENSOR
0	0.166422	0.679156	0.170121	0.680585	SAE
0	0.170635	0.679156	0.175671	0.680585	J1939
0	0.176185	0.679156	0.181116	0.680585	DATA
0	0.181630	0.679156	0.185740	0.680585	LINK
0	0.186254	0.679156	0.198169	0.680585	CONNECTOR
0	0.517843	0.679497	0.519899	0.680926	41
0	0.566471	0.679611	0.568527	0.681040	39
0	0.603480	0.679573	0.605536	0.681002	39
0	0.694412	0.679535	0.695541	0.680964	T
0	0.702206	0.679497	0.703541	0.680926	U
0	0.743382	0.678399	0.752115	0.679827	EXHAUST
0	0.752629	0.678399	0.756533	0.679827	GAS
0	0.757047	0.678399	0.771017	0.679827	TEMPERATURE
0	0.771531	0.678399	0.779339	0.679827	SENSOR
0	0.779853	0.678399	0.781909	0.679827	12
0	0.827990	0.679421	0.829018	0.680850	L
0	0.833284	0.678247	0.840066	0.679676	SIGNAL
0	0.860980	0.679687	0.862008	0.681115	1
0	0.949167	0.678815	0.956975	0.680244	SENSOR
0	0.957489	0.678815	0.959544	0.680244	10
0	0.833186	0.680861	0.840889	0.682290	RETURN
0	0.044314	0.682679	0.053046	0.684108	EXHAUST
0	0.053560	0.682679	0.057465	0.684108	GAS
0	0.057979	0.682679	0.071949	0.684108	TEMPERATURE
0	0.072463	0.682679	0.080271	0.684108	SENSOR
0	0.104412	0.683096	0.113656	0.684524	INJECTOR
0	0.114170	0.683096	0.123725	0.684524	SOLENOID
0	0.124239	0.683096	0.131224	0.684524	DRIVER
0	0.702255	0.682111	0.703488	0.683539	V
0	0.827794	0.682035	0.829334	0.683464	M
0	0.861029	0.682338	0.862057	0.683767	2
0	0.047941	0.684649	0.057186	0.686077	INJECTOR
0	0.057700	0.684649	0.067255	0.686077	SOLENOID
0	0.067769	0.684649	0.074754	0.686077	DRIVER
0	0.109853	0.685406	0.110881	0.686835	8
0	0.111395	0.685406	0.114477	0.686835	PIN
0	0.114991	0.685406	0.126905	0.686835	CONNECTOR
0	0.931912	0.684762	0.940644	0.686191	EXHAUST
0	0.941158	0.684762	0.945063	0.686191	GAS
0	0.945577	0.684762	0.959547	0.686191	TEMPERATURE
0	0.046863	0.686618	0.047891	0.688047	8
0	0.048405	0.686618	0.051487	0.688047	PIN
0	0.052001	0.686618	0.063915	0.688047	CONNECTOR
0	0.064429	0.686618	0.071619	0.688047	MATING
0	0.072133	0.686618	0.077064	0.688047	FACE
0	0.832941	0.686694	0.839723	0.688123	SIGNAL
0	0.949167	0.686467	0.956975	0.687896	SENSOR
0	0.957489	0.686467	0.959544	0.687896	12
0	0.175980	0.690444	0.177214	0.691873	E
0	0.182745	0.688285	0.184080	0.689714	D
0	0.225784	0.689800	0.241500	0.691229	TURBOCHARGER
0	0.242014	0.689800	0.243042	0.691229	1
0	0.243556	0.689800	0.249823	0.691229	SPEED
0	0.250337	0.689800	0.258145	0.691229	SENSOR
0	0.566520	0.688361	0.568576	0.689790	41
0	0.603480	0.688247	0.605536	0.689676	41
0	0.694657	0.687944	0.696402	0.689373	W
0	0.701961	0.688058	0.703194	0.689486	X
0	0.701961	0.690634	0.703194	0.692062	Y
0	0.827696	0.687944	0.829031	0.689373	N
0	0.827696	0.690520	0.828929	0.691949	P
0	0.832892	0.689308	0.840595	0.690736	RETURN
0	0.860686	0.688096	0.861714	0.689524	1
0	0.860833	0.690709	0.861861	0.692138	2
0	0.187206	0.691959	0.188541	0.693388	C
0	0.229608	0.692111	0.241522	0.693540	CONNECTOR
0	0.242036	0.692111	0.249226	0.693540	MATING
0	0.249740	0.692111	0.254671	0.693540	FACE
0	0.832941	0.694384	0.839723	0.695812	SIGNAL
0	0.931667	0.693929	0.940399	0.695358	EXHAUST
0	0.940913	0.693929	0.944818	0.695358	GAS
0	0.945332	0.693929	0.959302	0.695358	TEMPERATURE
0	0.173333	0.695634	0.174463	0.697062	F
0	0.182745	0.695520	0.183978	0.696949	A
0	0.192108	0.695596	0.193341	0.697024	B
0	0.566422	0.695785	0.568478	0.697214	42
0	0.603431	0.695671	0.605487	0.697100	42
0	0.694902	0.695634	0.696032	0.697062	Z
0	0.702059	0.695709	0.703087	0.697138	a
0	0.827598	0.695634	0.828933	0.697062	R
0	0.860637	0.695747	0.861665	0.697176	1
0	0.948922	0.695671	0.956730	0.697100	SENSOR
0	0.957243	0.695671	0.959299	0.697100	14
0	0.058382	0.697944	0.059616	0.699373	A
0	0.066618	0.697944	0.068056	0.699373	G
0	0.113529	0.698437	0.114968	0.699865	G
0	0.122500	0.698399	0.123733	0.699827	A
0	0.187402	0.699232	0.188326	0.700661	J
0	0.566520	0.698778	0.568576	0.700206	40
0	0.603529	0.698664	0.605585	0.700093	40
0	0.702010	0.698285	0.703038	0.699714	b
0	0.827745	0.698209	0.828978	0.699638	S
0	0.832843	0.696997	0.840546	0.698426	RETURN
0	0.860784	0.698399	0.861812	0.699827	2
0	0.058235	0.701240	0.059468	0.702668	B
0	0.064363	0.700634	0.065698	0.702062	H
0	0.067304	0.700293	0.068434	0.701721	F
0	0.114314	0.700861	0.115443	0.702290	F
0	0.116225	0.701656	0.117560	0.703085	H
0	0.122206	0.701088	0.123439	0.702517	B
0	0.175833	0.700747	0.177272	0.702176	G
0	0.931667	0.701618	0.940399	0.703047	EXHAUST
0	0.940913	0.701618	0.944818	0.703047	GAS
0	0.945332	0.701618	0.959302	0.703047	TEMPERATURE
0	0.059608	0.703475	0.060943	0.704903	C
0	0.062402	0.704043	0.063737	0.705471	D
0	0.064804	0.703361	0.066037	0.704790	E
0	0.115490	0.703891	0.116723	0.705320	E
0	0.118186	0.704725	0.119521	0.706153	D
0	0.120833	0.703891	0.122168	0.705320	C
0	0.182598	0.702868	0.183933	0.704297	H
0	0.225588	0.703740	0.226616	0.705168	1
0	0.260931	0.703702	0.261959	0.705130	3
0	0.948922	0.703323	0.956730	0.704752	SENSOR
0	0.957243	0.703323	0.959299	0.704752	16
0	0.238578	0.711846	0.239606	0.713274	2
0	0.833382	0.723172	0.840164	0.724600	SIGNAL
0	0.827794	0.724270	0.829129	0.725699	C
0	0.861324	0.724270	0.862351	0.725699	1
0	0.833333	0.725709	0.841036	0.727138	RETURN
0	0.947255	0.725558	0.956499	0.726987	INJECTOR
0	0.957013	0.725558	0.959069	0.726987	10
0	0.827696	0.726732	0.829031	0.728161	D
0	0.861176	0.726808	0.862204	0.728236	2
0	0.833382	0.730823	0.840164	0.732252	SIGNAL
0	0.827843	0.731959	0.829076	0.733388	E
0	0.861324	0.731921	0.862351	0.733350	1
0	0.833333	0.733399	0.841036	0.734827	RETURN
0	0.947304	0.733209	0.956548	0.734638	INJECTOR
0	0.957062	0.733209	0.959118	0.734638	12
0	0.827794	0.734384	0.828924	0.735812	F
0	0.861176	0.734497	0.862204	0.735926	2
0	0.138382	0.736012	0.140438	0.737441	31
0	0.140952	0.736012	0.144034	0.737441	PIN
0	0.144548	0.736012	0.156462	0.737441	CONNECTOR
0	0.156976	0.736012	0.164167	0.737441	MATING
0	0.164681	0.736012	0.169612	0.737441	FACE
0	0.051569	0.737111	0.053625	0.738539	23
0	0.054139	0.737111	0.057221	0.738539	PIN
0	0.057735	0.737111	0.069649	0.738539	CONNECTOR
0	0.070163	0.737111	0.077353	0.738539	MATING
0	0.077867	0.737111	0.082798	0.738539	FACE
0	0.213284	0.738475	0.219036	0.739903	RIGHT
0	0.219550	0.738475	0.224585	0.739903	BANK
0	0.225099	0.738475	0.234036	0.739903	HARNESS
0	0.234550	0.738475	0.236606	0.739903	47
0	0.237120	0.738475	0.240202	0.739903	PIN
0	0.240716	0.738475	0.252630	0.739903	CONNECTOR
0	0.833137	0.738626	0.839919	0.740055	SIGNAL
0	0.827598	0.739762	0.828831	0.741191	A
0	0.861324	0.739838	0.862351	0.741267	1
0	0.833039	0.741202	0.840742	0.742630	RETURN
0	0.947451	0.741240	0.956695	0.742668	INJECTOR
0	0.957209	0.741240	0.959265	0.742668	14
0	0.827500	0.742224	0.828733	0.743653	B
0	0.861176	0.742414	0.862204	0.743843	2
0	0.611912	0.746391	0.621156	0.747820	INJECTOR
0	0.621670	0.746391	0.623726	0.747820	16
0	0.833137	0.746315	0.839919	0.747744	SIGNAL
0	0.566422	0.747452	0.568478	0.748880	30
0	0.603382	0.747414	0.605438	0.748843	30
0	0.827549	0.747414	0.828884	0.748843	C
0	0.861324	0.747528	0.862351	0.748956	1
0	0.059265	0.750785	0.061010	0.752214	W
0	0.067353	0.749384	0.068586	0.750812	X
0	0.075049	0.750785	0.076282	0.752214	K
0	0.139559	0.753020	0.141615	0.754449	30
0	0.145539	0.750368	0.147595	0.751797	31
0	0.151814	0.752755	0.152842	0.754183	8
0	0.157206	0.750368	0.159262	0.751797	20
0	0.163186	0.753020	0.165242	0.754449	21
0	0.223039	0.751846	0.225095	0.753274	47
0	0.231618	0.750975	0.233674	0.752403	34
0	0.240098	0.751846	0.242154	0.753274	35
0	0.566422	0.752906	0.568478	0.754335	16
0	0.566569	0.749990	0.568625	0.751418	31
0	0.603431	0.752868	0.605487	0.754297	16
0	0.603578	0.749914	0.605634	0.751343	31
0	0.611863	0.748929	0.621107	0.750358	INJECTOR
0	0.612059	0.752111	0.621303	0.753539	INJECTOR
0	0.621621	0.748929	0.623677	0.750358	16
0	0.621817	0.752111	0.622845	0.753539	2
0	0.827451	0.749876	0.828786	0.751305	D
0	0.833039	0.748853	0.840742	0.750282	RETURN
0	0.861176	0.750103	0.862204	0.751532	2
0	0.947451	0.748929	0.956695	0.750358	INJECTOR
0	0.957209	0.748929	0.959265	0.750358	16
0	0.053186	0.754725	0.054419	0.756153	V
0	0.067206	0.756240	0.068130	0.757668	J
0	0.081471	0.754459	0.082499	0.755888	L
0	0.145147	0.755293	0.147203	0.756721	19
0	0.157892	0.755293	0.158920	0.756721	9
0	0.218039	0.754081	0.220095	0.755509	46
0	0.222990	0.756278	0.225046	0.757706	32
0	0.227990	0.754081	0.230046	0.755509	33
0	0.232059	0.756278	0.233087	0.757706	8
0	0.235147	0.754081	0.237203	0.755509	20
0	0.240245	0.756202	0.242301	0.757630	21
0	0.245098	0.754081	0.247154	0.755509	36
0	0.566520	0.756391	0.568576	0.757820	17
0	0.603529	0.756353	0.605585	0.757782	17
0	0.612010	0.755179	0.621254	0.756608	INJECTOR
0	0.621768	0.755179	0.622796	0.756608	2
0	0.049706	0.760217	0.051041	0.761646	U
0	0.058284	0.763134	0.059723	0.764562	G
0	0.060931	0.758285	0.062266	0.759714	H
0	0.067353	0.763134	0.068586	0.764562	A
0	0.073676	0.758285	0.074910	0.759714	B
0	0.076275	0.763209	0.077609	0.764638	C
0	0.084706	0.760103	0.086246	0.761532	M
0	0.133775	0.760747	0.135830	0.762176	29
0	0.139069	0.757982	0.141125	0.759411	18
0	0.139069	0.763399	0.141125	0.764827	17
0	0.145686	0.760672	0.146714	0.762100	7
0	0.151716	0.763399	0.152744	0.764827	1
0	0.151814	0.757982	0.152842	0.759411	2
0	0.157941	0.760823	0.158969	0.762252	3
0	0.163382	0.757982	0.165438	0.759411	10
0	0.163382	0.763399	0.165438	0.764827	11
0	0.168873	0.760747	0.170928	0.762176	22
0	0.216716	0.762603	0.218772	0.764032	30
0	0.217794	0.757793	0.219850	0.759221	31
0	0.222941	0.760747	0.224997	0.762176	18
0	0.227598	0.758891	0.229654	0.760320	19
0	0.228137	0.763740	0.229165	0.765168	7
0	0.232108	0.761050	0.233136	0.762479	2
0	0.235980	0.758891	0.237008	0.760320	9
0	0.235980	0.763740	0.237008	0.765168	3
0	0.240049	0.760747	0.242105	0.762176	10
0	0.245441	0.757679	0.247497	0.759108	22
0	0.246422	0.762603	0.248478	0.764032	23
0	0.566667	0.759497	0.568723	0.760926	22
0	0.566667	0.762755	0.568723	0.764183	23
0	0.603627	0.762717	0.605683	0.764146	23
0	0.603676	0.759459	0.605732	0.760888	22
0	0.611961	0.761694	0.621205	0.763123	INJECTOR
0	0.612010	0.758626	0.621254	0.760055	INJECTOR
0	0.621719	0.761694	0.622747	0.763123	8
0	0.621768	0.758626	0.622796	0.760055	8
0	0.049902	0.766391	0.051032	0.767820	T
0	0.084804	0.766391	0.086139	0.767820	N
0	0.133725	0.765975	0.135781	0.767403	28
0	0.145686	0.766126	0.146714	0.767555	6
0	0.157941	0.766126	0.158969	0.767555	4
0	0.168873	0.765975	0.170928	0.767403	23
0	0.211765	0.764800	0.213821	0.766229	45
0	0.216716	0.767035	0.218772	0.768464	29
0	0.221667	0.764800	0.223723	0.766229	17
0	0.231863	0.765709	0.232891	0.767138	1
0	0.241471	0.764800	0.243527	0.766229	11
0	0.246422	0.767035	0.248478	0.768464	24
0	0.251373	0.764800	0.253428	0.766229	37
0	0.566716	0.766391	0.568772	0.767820	24
0	0.603725	0.766353	0.605781	0.767782	24
0	0.612206	0.765368	0.621450	0.766797	INJECTOR
0	0.621964	0.765368	0.624020	0.766797	10
0	0.053284	0.771959	0.054518	0.773388	S
0	0.061029	0.768020	0.062159	0.769449	F
0	0.067304	0.770065	0.068537	0.771494	E
0	0.073775	0.768096	0.075109	0.769524	D
0	0.081275	0.771959	0.082713	0.773388	O
0	0.139069	0.768853	0.141125	0.770282	16
0	0.145147	0.771543	0.147203	0.772971	15
0	0.151814	0.768853	0.152842	0.770282	5
0	0.157304	0.771543	0.159360	0.772971	13
0	0.163382	0.768853	0.165438	0.770282	12
0	0.211569	0.769611	0.213625	0.771040	44
0	0.216765	0.772868	0.218821	0.774297	43
0	0.220196	0.769725	0.222252	0.771153	16
0	0.225294	0.768285	0.226322	0.769714	6
0	0.232108	0.770861	0.233136	0.772290	5
0	0.238971	0.768285	0.239999	0.769714	4
0	0.242843	0.769725	0.244899	0.771153	12
0	0.246373	0.772868	0.248428	0.774297	39
0	0.251667	0.769573	0.253723	0.771002	38
0	0.566373	0.770179	0.568428	0.771608	25
0	0.603382	0.770141	0.605438	0.771570	25
0	0.612157	0.768778	0.621401	0.770206	INJECTOR
0	0.621915	0.768778	0.623971	0.770206	10
0	0.139657	0.773891	0.141713	0.775320	27
0	0.151225	0.774270	0.153281	0.775699	14
0	0.162990	0.773891	0.165046	0.775320	24
0	0.222010	0.774649	0.224066	0.776077	28
0	0.227892	0.774118	0.229948	0.775547	15
0	0.235098	0.774118	0.237154	0.775547	13
0	0.241127	0.774649	0.243183	0.776077	25
0	0.059559	0.775785	0.060894	0.777214	R
0	0.067206	0.777187	0.068644	0.778615	Q
0	0.075343	0.775785	0.076576	0.777214	P
0	0.145539	0.776467	0.147595	0.777896	26
0	0.157108	0.776467	0.159164	0.777896	25
0	0.231520	0.776353	0.233576	0.777782	14
0	0.222059	0.779118	0.224115	0.780547	42
0	0.227647	0.778929	0.229703	0.780358	27
0	0.235490	0.778929	0.237546	0.780358	26
0	0.241127	0.779118	0.243183	0.780547	40
0	0.231618	0.781505	0.233674	0.782933	41
0	0.331912	0.780122	0.338759	0.782503	ECM
0	0.339615	0.780122	0.341329	0.782503	1
0	0.342185	0.780122	0.355368	0.782503	SOURCE
0	0.356225	0.780122	0.371120	0.782503	ADDRESS
0	0.371977	0.780122	0.377117	0.782503	144
0	0.823382	0.781846	0.827903	0.783274	LEFT
0	0.828417	0.781846	0.833451	0.783274	BANK
0	0.338186	0.783000	0.350001	0.785382	ENGINE
0	0.350857	0.783000	0.370714	0.785382	CONNECTOR
0	0.688775	0.784800	0.702745	0.786229	TEMPERATURE
0	0.693333	0.783096	0.702066	0.784524	EXHAUST
0	0.702579	0.783096	0.706484	0.784524	GAS
0	0.703258	0.784800	0.711066	0.786229	SENSOR
0	0.805147	0.783550	0.823638	0.784979	INJECTOR/EXHAUST
0	0.815833	0.785255	0.826518	0.786683	EXTENSION
0	0.824152	0.783550	0.828057	0.784979	GAS
0	0.827032	0.785255	0.838946	0.786683	CONNECTOR
0	0.828571	0.783550	0.842541	0.784979	TEMPERATURE
0	0.839460	0.785255	0.840488	0.786683	1
0	0.843055	0.783550	0.850863	0.784979	SENSOR
0	0.693480	0.786543	0.705088	0.787971	CONVERTER
0	0.705602	0.786543	0.706629	0.787971	1
0	0.352010	0.791353	0.354066	0.792782	24
0	0.361176	0.790179	0.369909	0.791608	EXHAUST
0	0.370423	0.790179	0.374327	0.791608	GAS
0	0.374841	0.790179	0.388811	0.791608	TEMPERATURE
0	0.389325	0.790179	0.397133	0.791608	SENSOR
0	0.397647	0.790179	0.398675	0.791608	1
0	0.695539	0.791353	0.696772	0.792782	B
0	0.702451	0.791164	0.703786	0.792593	C
0	0.827892	0.791126	0.828817	0.792555	J
0	0.832843	0.792414	0.840546	0.793843	RETURN
0	0.832941	0.790179	0.839723	0.791608	SIGNAL
0	0.862010	0.791202	0.863038	0.792630	1
0	0.932990	0.791732	0.941723	0.793161	EXHAUST
0	0.942237	0.791732	0.946141	0.793161	GAS
0	0.946655	0.791732	0.960626	0.793161	TEMPERATURE
0	0.702402	0.793778	0.703737	0.795206	D
0	0.827598	0.793740	0.828831	0.795168	K
0	0.862059	0.793512	0.863087	0.794941	2
0	0.951520	0.793437	0.959328	0.794865	SENSOR
0	0.959842	0.793437	0.960869	0.794865	1
0	0.058088	0.797300	0.060144	0.798729	23
0	0.060658	0.797300	0.063740	0.798729	PIN
0	0.064254	0.797300	0.076168	0.798729	CONNECTOR
0	0.144069	0.798020	0.146125	0.799449	31
0	0.146639	0.798020	0.149721	0.799449	PIN
0	0.150235	0.798020	0.162149	0.799449	CONNECTOR
0	0.217059	0.802225	0.219115	0.803653	47
0	0.219629	0.802225	0.222711	0.803653	PIN
0	0.222598	0.800672	0.228350	0.802100	RIGHT
0	0.223225	0.802225	0.235139	0.803653	CONNECTOR
0	0.228864	0.800672	0.233898	0.802100	BANK
0	0.234412	0.800672	0.243350	0.802100	HARNESS
0	0.235653	0.802225	0.242843	0.803653	MATING
0	0.243357	0.802225	0.248288	0.803653	FACE
0	0.351912	0.799081	0.353968	0.800509	49
0	0.361176	0.797679	0.369909	0.799108	EXHAUST
0	0.370423	0.797679	0.374327	0.799108	GAS
0	0.374841	0.797679	0.388811	0.799108	TEMPERATURE
0	0.389325	0.797679	0.397133	0.799108	SENSOR
0	0.397647	0.797679	0.398675	0.799108	3
0	0.695539	0.799043	0.696772	0.800471	E
0	0.702402	0.801429	0.703840	0.802858	G
0	0.702500	0.798853	0.703630	0.800282	F
0	0.827500	0.801391	0.829040	0.802820	M
0	0.827745	0.798815	0.828773	0.800244	L
0	0.832843	0.800103	0.840546	0.801532	RETURN
0	0.832990	0.797755	0.839772	0.799183	SIGNAL
0	0.862059	0.798853	0.863087	0.800282	1
0	0.862108	0.801202	0.863136	0.802630	2
0	0.932990	0.799384	0.941723	0.800812	EXHAUST
0	0.942237	0.799384	0.946141	0.800812	GAS
0	0.946655	0.799384	0.960626	0.800812	TEMPERATURE
0	0.951225	0.801126	0.959033	0.802555	SENSOR
0	0.959547	0.801126	0.960575	0.802555	3
0	0.059804	0.808096	0.061037	0.809524	K
0	0.067696	0.806732	0.068929	0.808161	X
0	0.075245	0.808096	0.076990	0.809524	W
0	0.351912	0.809118	0.353968	0.810547	44
0	0.352206	0.806770	0.354262	0.808199	01
0	0.361127	0.808247	0.368830	0.809676	RETURN
0	0.361274	0.805331	0.370007	0.806759	EXHAUST
0	0.370521	0.805331	0.374426	0.806759	GAS
0	0.374939	0.805331	0.388910	0.806759	TEMPERATURE
0	0.389424	0.805331	0.397231	0.806759	SENSOR
0	0.397745	0.805331	0.398773	0.806759	5
0	0.695490	0.806694	0.696825	0.808123	H
0	0.702451	0.809118	0.703684	0.810547	K
0	0.702696	0.806505	0.703621	0.807933	J
0	0.827647	0.806467	0.828982	0.807896	N
0	0.827647	0.809081	0.828880	0.810509	P
0	0.832745	0.807982	0.840448	0.809411	RETURN
0	0.833333	0.805558	0.840115	0.806986	SIGNAL
0	0.862157	0.806543	0.863185	0.807971	1
0	0.862206	0.808853	0.863234	0.810282	2
0	0.932990	0.807073	0.941723	0.808502	EXHAUST
0	0.942237	0.807073	0.946141	0.808502	GAS
0	0.946655	0.807073	0.960626	0.808502	TEMPERATURE
0	0.951225	0.808778	0.959033	0.810206	SENSOR
0	0.959547	0.808778	0.960575	0.810206	5
0	0.145000	0.810444	0.147056	0.811873	20
0	0.156961	0.810444	0.159017	0.811873	31
0	0.050000	0.817452	0.051540	0.818880	M
0	0.053725	0.811808	0.054753	0.813237	L
0	0.061324	0.815634	0.062557	0.817062	B
0	0.067696	0.813588	0.068621	0.815017	J
0	0.073971	0.815634	0.075305	0.817062	H
0	0.081863	0.812035	0.083096	0.813464	V
0	0.085147	0.817565	0.086482	0.818994	U
0	0.138676	0.818058	0.140732	0.819487	10
0	0.139314	0.813096	0.141370	0.814524	21
0	0.145343	0.815368	0.146371	0.816797	9
0	0.151422	0.812868	0.152450	0.814297	8
0	0.151471	0.818058	0.152499	0.819487	2
0	0.156912	0.815368	0.158968	0.816797	19
0	0.162647	0.813096	0.164703	0.814524	30
0	0.162990	0.818058	0.165046	0.819487	18
0	0.222941	0.818512	0.224997	0.819941	35
0	0.231471	0.817641	0.233527	0.819070	34
0	0.240098	0.818550	0.242154	0.819979	47
0	0.352010	0.815444	0.354066	0.816873	11
0	0.361912	0.814081	0.370644	0.815509	EXHAUST
0	0.371158	0.814081	0.375063	0.815509	GAS
0	0.375577	0.814081	0.389547	0.815509	TEMPERATURE
0	0.390061	0.814081	0.397869	0.815509	SENSOR
0	0.398383	0.814081	0.399410	0.815509	7
0	0.695931	0.815558	0.696959	0.816986	L
0	0.702157	0.815558	0.703697	0.816986	M
0	0.702255	0.818171	0.703590	0.819600	N
0	0.827549	0.815558	0.828884	0.816986	R
0	0.827696	0.818134	0.828929	0.819562	S
0	0.834069	0.816997	0.841771	0.818426	RETURN
0	0.834559	0.814687	0.841341	0.816115	SIGNAL
0	0.862157	0.818096	0.863185	0.819524	2
0	0.862402	0.816012	0.863430	0.817441	1
0	0.932941	0.816126	0.941674	0.817555	EXHAUST
0	0.942188	0.816126	0.946092	0.817555	GAS
0	0.946606	0.816126	0.960577	0.817555	TEMPERATURE
0	0.951225	0.817831	0.959033	0.819259	SENSOR
0	0.959547	0.817831	0.960575	0.819259	7
0	0.058627	0.820558	0.059962	0.821986	C
0	0.067696	0.820444	0.068929	0.821873	A
0	0.076569	0.820482	0.078007	0.821911	G
0	0.133382	0.820861	0.135438	0.822290	22
0	0.145294	0.820899	0.146322	0.822327	3
0	0.157549	0.820785	0.158577	0.822214	7
0	0.168480	0.820861	0.170536	0.822290	29
0	0.217941	0.820747	0.219997	0.822176	36
0	0.227941	0.820747	0.229997	0.822176	20
0	0.235098	0.820747	0.237154	0.822176	33
0	0.245049	0.820747	0.247105	0.822176	46
0	0.050098	0.823702	0.051433	0.825130	N
0	0.061078	0.825444	0.062413	0.826873	D
0	0.074069	0.825368	0.075198	0.826797	F
0	0.085245	0.823702	0.086375	0.825130	T
0	0.133382	0.826050	0.135438	0.827479	23
0	0.138971	0.823512	0.141027	0.824941	11
0	0.145343	0.826240	0.146371	0.827668	4
0	0.151324	0.823512	0.152352	0.824941	1
0	0.157549	0.826240	0.158577	0.827668	6
0	0.162990	0.823512	0.165046	0.824941	17
0	0.168480	0.826050	0.170536	0.827479	28
0	0.217647	0.824384	0.219703	0.825812	22
0	0.223088	0.822868	0.225144	0.824297	21
0	0.228088	0.825596	0.229116	0.827024	9
0	0.232010	0.822982	0.233038	0.824411	8
0	0.235343	0.825596	0.237399	0.827024	19
0	0.240049	0.822982	0.242105	0.824411	32
0	0.245490	0.824459	0.247546	0.825888	31
0	0.351765	0.823134	0.353821	0.824562	57
0	0.351765	0.825634	0.353821	0.827062	53
0	0.360637	0.824573	0.369882	0.826002	INJECTOR
0	0.360686	0.822035	0.369931	0.823464	INJECTOR
0	0.370396	0.824573	0.371424	0.826002	1
0	0.370445	0.822035	0.371473	0.823464	1
0	0.053529	0.829308	0.054968	0.830736	O
0	0.067647	0.827376	0.068880	0.828805	E
0	0.081716	0.829308	0.082949	0.830736	S
0	0.138725	0.828929	0.140781	0.830358	12
0	0.151422	0.828929	0.152450	0.830358	5
0	0.162990	0.828929	0.165046	0.830358	16
0	0.216667	0.829270	0.218723	0.830699	23
0	0.222892	0.827414	0.224948	0.828843	10
0	0.232010	0.827717	0.233038	0.829146	2
0	0.240000	0.827414	0.242056	0.828843	18
0	0.246324	0.829270	0.248379	0.830699	30
0	0.351863	0.828588	0.353919	0.830017	54
0	0.360588	0.827755	0.369833	0.829183	INJECTOR
0	0.370347	0.827755	0.371374	0.829183	3
0	0.059657	0.833134	0.060890	0.834562	P
0	0.067549	0.834535	0.068987	0.835964	Q
0	0.075245	0.833134	0.076580	0.834562	R
0	0.139265	0.833967	0.141321	0.835396	24
0	0.144755	0.831618	0.146811	0.833047	13
0	0.150833	0.834346	0.152889	0.835774	14
0	0.156912	0.831618	0.158968	0.833047	15
0	0.162598	0.833967	0.164654	0.835396	27
0	0.211667	0.831505	0.213723	0.832933	37
0	0.216667	0.833702	0.218723	0.835130	24
0	0.221716	0.831505	0.223772	0.832933	11
0	0.225196	0.834990	0.226224	0.836418	4
0	0.228088	0.830406	0.229116	0.831835	3
0	0.231765	0.832414	0.232793	0.833843	1
0	0.235931	0.830444	0.236959	0.831873	7
0	0.238774	0.834952	0.239802	0.836380	6
0	0.241275	0.831505	0.243330	0.832933	17
0	0.246324	0.833702	0.248379	0.835130	29
0	0.251324	0.831505	0.253379	0.832933	45
0	0.351912	0.832035	0.353968	0.833464	60
0	0.352010	0.835141	0.354066	0.836570	55
0	0.360539	0.830823	0.369784	0.832252	INJECTOR
0	0.360539	0.834270	0.369784	0.835699	INJECTOR
0	0.370298	0.830823	0.371325	0.832252	3
0	0.370298	0.834270	0.372353	0.835699	13
0	0.827304	0.834573	0.828537	0.836002	B
0	0.827451	0.832149	0.828684	0.833577	A
0	0.834461	0.833588	0.842163	0.835017	RETURN
0	0.834510	0.831012	0.841291	0.832441	SIGNAL
0	0.862157	0.834687	0.863185	0.836115	2
0	0.862304	0.832111	0.863332	0.833540	1
0	0.948774	0.833778	0.958019	0.835206	INJECTOR
0	0.958533	0.833778	0.959561	0.835206	1
0	0.145147	0.836581	0.147203	0.838009	25
0	0.156716	0.836581	0.158772	0.838009	26
0	0.211373	0.836278	0.213428	0.837706	38
0	0.216667	0.839573	0.218723	0.841002	39
0	0.220098	0.836429	0.222154	0.837858	12
0	0.231961	0.837528	0.232989	0.838956	5
0	0.242745	0.836391	0.244801	0.837820	16
0	0.246373	0.839535	0.248428	0.840964	43
0	0.251569	0.836278	0.253625	0.837706	44
0	0.352010	0.838437	0.354066	0.839865	59
0	0.360490	0.837338	0.369735	0.838767	INJECTOR
0	0.370248	0.837338	0.372304	0.838767	13
0	0.827353	0.839800	0.828688	0.841229	C
0	0.834510	0.838702	0.841291	0.840130	SIGNAL
0	0.862304	0.839800	0.863332	0.841229	1
0	0.221961	0.841353	0.224017	0.842782	25
0	0.227843	0.840785	0.229899	0.842214	13
0	0.231422	0.843020	0.233478	0.844449	14
0	0.235000	0.840785	0.237056	0.842214	15
0	0.241078	0.841353	0.243134	0.842782	28
0	0.352059	0.842035	0.354115	0.843464	46
0	0.360392	0.841050	0.369636	0.842479	INJECTOR
0	0.370150	0.841050	0.372206	0.842479	15
0	0.827255	0.842262	0.828590	0.843691	D
0	0.834461	0.841240	0.842163	0.842668	RETURN
0	0.862157	0.842376	0.863185	0.843805	2
0	0.948480	0.841429	0.957725	0.842858	INJECTOR
0	0.958239	0.841429	0.959267	0.842858	3
0	0.360343	0.844459	0.369587	0.845888	INJECTOR
0	0.370101	0.844459	0.372157	0.845888	15
0	0.221961	0.845785	0.224017	0.847214	40
0	0.227598	0.845634	0.229654	0.847062	26
0	0.235441	0.845634	0.237497	0.847062	27
0	0.241078	0.845785	0.243134	0.847214	42
0	0.351716	0.845823	0.353772	0.847252	52
0	0.834510	0.846353	0.841291	0.847782	SIGNAL
0	0.231765	0.848209	0.233821	0.849638	41
0	0.827353	0.849914	0.828483	0.851343	F
0	0.827402	0.847490	0.828635	0.848918	E
0	0.834461	0.848929	0.842163	0.850358	RETURN
0	0.862157	0.849952	0.863185	0.851380	2
0	0.862304	0.847376	0.863332	0.848805	1
0	0.948480	0.849118	0.957725	0.850547	INJECTOR
0	0.958239	0.849118	0.959267	0.850547	5
0	0.834510	0.854156	0.841291	0.855585	SIGNAL
0	0.827451	0.855293	0.828684	0.856721	A
0	0.862059	0.855255	0.863087	0.856683	1
0	0.834461	0.856732	0.842163	0.858161	RETURN
0	0.948529	0.856543	0.957774	0.857971	INJECTOR
0	0.958288	0.856543	0.959316	0.857971	7
0	0.827353	0.857755	0.828586	0.859183	B
0	0.861961	0.857831	0.862989	0.859259	2
0	0.351863	0.867679	0.353919	0.869108	36
0	0.361324	0.866618	0.362351	0.868047	5
0	0.362865	0.866618	0.367695	0.868047	VOLT
0	0.368209	0.866618	0.375504	0.868047	SUPPLY
0	0.676863	0.866656	0.677891	0.868085	5
0	0.678405	0.866656	0.683234	0.868085	VOLT
0	0.683748	0.866656	0.691044	0.868085	SUPPLY
0	0.696225	0.867641	0.697459	0.869070	A
0	0.825343	0.867111	0.829864	0.868540	LEFT
0	0.830378	0.867111	0.835412	0.868540	BANK
0	0.807059	0.868778	0.825550	0.870206	INJECTOR/EXHAUST
0	0.826064	0.868778	0.829969	0.870206	GAS
0	0.830483	0.868778	0.844453	0.870206	TEMPERATURE
0	0.844967	0.868778	0.852775	0.870206	SENSOR
0	0.817598	0.870520	0.828283	0.871949	EXTENSION
0	0.828797	0.870520	0.840711	0.871949	CONNECTOR
0	0.841225	0.870520	0.842253	0.871949	3
0	0.061029	0.874402	0.072844	0.876783	ENGINE
0	0.073700	0.874402	0.088766	0.876783	CONTROL
0	0.089622	0.874402	0.102805	0.876783	MODULE
0	0.146863	0.873569	0.158677	0.875950	ENGINE
0	0.159534	0.873569	0.174599	0.875950	CONTROL
0	0.175456	0.873569	0.188638	0.875950	MODULE
0	0.153971	0.876447	0.165785	0.878828	ENGINE
0	0.166642	0.876447	0.181537	0.878828	HARNESS
0	0.207549	0.876447	0.219363	0.878828	ENGINE
0	0.220220	0.876447	0.235285	0.878828	CONTROL
0	0.236142	0.876447	0.249324	0.878828	MODULE
0	0.250181	0.876447	0.257201	0.878828	OEM
0	0.361667	0.877755	0.370399	0.879183	EXHAUST
0	0.370913	0.877755	0.374818	0.879183	GAS
0	0.375332	0.877755	0.389302	0.879183	TEMPERATURE
0	0.389816	0.877755	0.397623	0.879183	SENSOR
0	0.398137	0.877755	0.399165	0.879183	9
0	0.834118	0.877982	0.840899	0.879411	SIGNAL
0	0.146912	0.879288	0.166769	0.881669	CONNECTOR
0	0.167625	0.879288	0.179609	0.881669	MATING
0	0.180466	0.879288	0.188684	0.881669	FACE
0	0.211471	0.879288	0.231328	0.881669	CONNECTOR
0	0.232184	0.879288	0.244168	0.881669	MATING
0	0.245025	0.879288	0.253243	0.881669	FACE
0	0.351912	0.879043	0.353968	0.880471	32
0	0.695833	0.879156	0.697067	0.880585	P
0	0.702206	0.879005	0.703541	0.880433	R
0	0.829412	0.878967	0.830336	0.880396	J
0	0.834167	0.880406	0.841869	0.881835	RETURN
0	0.862353	0.879422	0.863381	0.880850	1
0	0.702353	0.881581	0.703586	0.883009	S
0	0.829167	0.881581	0.830400	0.883009	K
0	0.862108	0.881505	0.863136	0.882933	2
0	0.050931	0.885425	0.056445	0.886537	ENGINE
0	0.056844	0.885425	0.060839	0.886537	PORT
0	0.082941	0.885425	0.086217	0.886537	OEM
0	0.086617	0.885425	0.090611	0.886537	PORT
0	0.107598	0.885425	0.113031	0.886537	POWER
0	0.113431	0.885425	0.117425	0.886537	PORT
0	0.145441	0.885672	0.147497	0.887100	10
0	0.188578	0.885823	0.189606	0.887252	1
0	0.210049	0.885672	0.212105	0.887100	10
0	0.253186	0.885823	0.254214	0.887252	1
0	0.352304	0.886770	0.354360	0.888199	41
0	0.361814	0.885520	0.370546	0.886949	EXHAUST
0	0.371060	0.885520	0.374965	0.886949	GAS
0	0.375479	0.885520	0.389449	0.886949	TEMPERATURE
0	0.389963	0.885520	0.397771	0.886949	SENSOR
0	0.398284	0.885520	0.400340	0.886949	11
0	0.695882	0.886846	0.697012	0.888274	T
0	0.702304	0.886656	0.703639	0.888085	U
0	0.829265	0.886656	0.830293	0.888085	L
0	0.834412	0.885406	0.841193	0.886835	SIGNAL
0	0.862402	0.887111	0.863430	0.888539	1
0	0.932990	0.884838	0.941723	0.886267	EXHAUST
0	0.942237	0.884838	0.946141	0.886267	GAS
0	0.946655	0.884838	0.960626	0.886267	TEMPERATURE
0	0.951225	0.886581	0.959033	0.888009	SENSOR
0	0.959547	0.886581	0.960575	0.888009	9
0	0.834265	0.888096	0.841967	0.889524	RETURN
0	0.702353	0.889270	0.703586	0.890699	V
0	0.829069	0.889232	0.830609	0.890661	M
0	0.862157	0.889194	0.863185	0.890623	2
0	0.932990	0.892528	0.941723	0.893956	EXHAUST
0	0.942237	0.892528	0.946141	0.893956	GAS
0	0.946655	0.892528	0.960626	0.893956	TEMPERATURE
0	0.695980	0.893702	0.696905	0.895130	c
0	0.950490	0.894232	0.958298	0.895661	SENSOR
0	0.958812	0.894232	0.960868	0.895661	11
0	0.695588	0.897300	0.697334	0.898729	W
0	0.702500	0.897225	0.703733	0.898653	X
0	0.828774	0.897225	0.830109	0.898653	N
0	0.834706	0.896315	0.841488	0.897744	SIGNAL
0	0.862304	0.897490	0.863332	0.898918	1
0	0.834461	0.898588	0.842163	0.900017	RETURN
0	0.702500	0.899838	0.703733	0.901267	Y
0	0.828774	0.899800	0.830008	0.901229	P
0	0.862304	0.899687	0.863332	0.901115	2
0	0.332745	0.902243	0.339592	0.904624	ECM
0	0.340449	0.902243	0.342162	0.904624	1
0	0.341471	0.905122	0.348490	0.907503	OEM
0	0.343019	0.902243	0.356201	0.904624	SOURCE
0	0.349347	0.905122	0.369204	0.907503	CONNECTOR
0	0.357058	0.902243	0.371954	0.904624	ADDRESS
0	0.372810	0.902243	0.377950	0.904624	144
0	0.695882	0.904952	0.697012	0.906380	Z
0	0.702598	0.904876	0.703626	0.906305	a
0	0.828725	0.904876	0.830060	0.906305	R
0	0.834265	0.906240	0.841967	0.907668	RETURN
0	0.834657	0.903891	0.841439	0.905320	SIGNAL
0	0.862353	0.905179	0.863381	0.906608	1
0	0.933039	0.902868	0.941772	0.904297	EXHAUST
0	0.942286	0.902868	0.946190	0.904297	GAS
0	0.946704	0.902868	0.960675	0.904297	TEMPERATURE
0	0.950294	0.904573	0.958102	0.906002	SENSOR
0	0.958616	0.904573	0.960672	0.906002	13
0	0.702598	0.907490	0.703626	0.908918	b
0	0.828824	0.907452	0.830057	0.908880	S
0	0.862402	0.907338	0.863430	0.908767	2
0	0.933039	0.910520	0.941772	0.911949	EXHAUST
0	0.942286	0.910520	0.946190	0.911949	GAS
0	0.946704	0.910520	0.960675	0.911949	TEMPERATURE
0	0.145882	0.912982	0.147938	0.914411	60
0	0.188088	0.912906	0.190144	0.914335	51
0	0.210441	0.912982	0.212497	0.914411	60
0	0.252647	0.912906	0.254703	0.914335	51
0	0.950294	0.912262	0.958102	0.913691	SENSOR
0	0.958616	0.912262	0.960672	0.913691	15
0	0.362157	0.914232	0.370889	0.915661	EXHAUST
0	0.371403	0.914232	0.375308	0.915661	GAS
0	0.375822	0.914232	0.389792	0.915661	TEMPERATURE
0	0.390306	0.914232	0.398114	0.915661	SENSOR
0	0.398628	0.914232	0.400684	0.915661	13
0	0.352696	0.915368	0.354752	0.916797	50
0	0.151225	0.917849	0.158073	0.920230	ECM
0	0.158929	0.917849	0.170571	0.920230	POWER
0	0.171428	0.917849	0.186323	0.920230	HARNESS
0	0.143333	0.920349	0.145047	0.922730	4
0	0.145903	0.920349	0.151040	0.922730	PIN
0	0.151897	0.920349	0.171754	0.922730	CONNECTOR
0	0.156863	0.923058	0.157891	0.924486	1
0	0.172610	0.920349	0.184594	0.922730	MATING
0	0.178775	0.923058	0.179802	0.924486	4
0	0.185451	0.920349	0.193669	0.922730	FACE
0	0.223186	0.924043	0.226886	0.925471	SAE
0	0.227400	0.924043	0.232436	0.925471	J1939
0	0.232950	0.924043	0.237881	0.925471	DATA
0	0.238395	0.924043	0.242505	0.925471	LINK
0	0.352696	0.922944	0.354752	0.924373	09
0	0.361863	0.924914	0.369565	0.926343	RETURN
0	0.362010	0.921732	0.370742	0.923161	EXHAUST
0	0.371256	0.921732	0.375161	0.923161	GAS
0	0.375675	0.921732	0.389645	0.923161	TEMPERATURE
0	0.390159	0.921732	0.397967	0.923161	SENSOR
0	0.398481	0.921732	0.400537	0.923161	15
0	0.828774	0.924800	0.830109	0.926229	D
0	0.828873	0.922338	0.830207	0.923767	C
0	0.835931	0.923778	0.843634	0.925206	RETURN
0	0.835980	0.921240	0.842762	0.922668	SIGNAL
0	0.862255	0.924876	0.863283	0.926305	2
0	0.862402	0.922338	0.863430	0.923767	1
0	0.949363	0.923626	0.958607	0.925055	INJECTOR
0	0.959121	0.923626	0.960149	0.925055	9
0	0.221373	0.926315	0.233287	0.927744	CONNECTOR
0	0.233801	0.926315	0.240991	0.927744	MATING
0	0.241505	0.926315	0.246436	0.927744	FACE
0	0.352696	0.925975	0.354752	0.927403	22
0	0.835980	0.928891	0.842762	0.930320	SIGNAL
0	0.218725	0.929914	0.219959	0.931343	B
0	0.246716	0.929990	0.247949	0.931418	A
0	0.828922	0.930028	0.830155	0.931456	E
0	0.862402	0.929990	0.863430	0.931418	1
0	0.835931	0.931467	0.843634	0.932896	RETURN
0	0.948578	0.931278	0.957823	0.932706	INJECTOR
0	0.958337	0.931278	0.960393	0.932706	11
0	0.828873	0.932490	0.830002	0.933918	F
0	0.862255	0.932565	0.863283	0.933994	2
0	0.836029	0.937187	0.842811	0.938615	SIGNAL
0	0.828971	0.938323	0.830204	0.939752	A
0	0.862647	0.938437	0.863675	0.939865	1
0	0.828824	0.940785	0.830057	0.942214	B
0	0.835931	0.939762	0.843634	0.941191	RETURN
0	0.862500	0.940975	0.863528	0.942403	2
0	0.948774	0.939838	0.958019	0.941267	INJECTOR
0	0.958533	0.939838	0.960589	0.941267	13
0	0.242745	0.945141	0.244080	0.946570	C
0	0.828873	0.945975	0.830207	0.947403	C
0	0.836029	0.944876	0.842811	0.946305	SIGNAL
0	0.862647	0.946126	0.863675	0.947555	1
0	0.156765	0.949156	0.157793	0.950585	2
0	0.178725	0.949118	0.179753	0.950547	3
0	0.828774	0.948437	0.830109	0.949865	D
0	0.835931	0.947452	0.843634	0.948880	RETURN
0	0.862500	0.948664	0.863528	0.950093	2
0	0.948774	0.947490	0.958019	0.948918	INJECTOR
0	0.958533	0.947490	0.960589	0.948918	15
0	0.065588	0.965602	0.092081	0.971952	QSK60
0	0.094365	0.965602	0.125418	0.971952	CM2150
0	0.127703	0.965602	0.176555	0.971952	INDUSTRIAL
0	0.178839	0.965602	0.219926	0.971952	MODULAR
0	0.222210	0.965602	0.260552	0.971952	COMMON
0	0.262836	0.965602	0.281103	0.971952	RAIL
0	0.065882	0.971928	0.089162	0.978278	Wiring
0	0.091446	0.971928	0.122491	0.978278	Diagram
0	0.065637	0.980160	0.080364	0.982541	BULLETIN
0	0.081324	0.980160	0.093317	0.982541	4022116
0	0.065735	0.983000	0.079260	0.985382	PRINTED
0	0.080117	0.983000	0.083198	0.985382	IN
0	0.084055	0.983000	0.090218	0.985382	THE
0	0.091074	0.983000	0.099980	0.985382	U.S.A.
0	0.065833	0.985538	0.070286	0.987919	08-
0	0.070833	0.985538	0.086247	0.987919	JULY-2022
0	0.017353	0.988550	0.025159	0.989979	Cummins
0	0.017353	0.988550	0.025159	0.989979	Cummins
0	0.025673	0.988550	0.028653	0.989979	Inc.
0	0.025673	0.988550	0.028653	0.989979	Inc.
