0	0.804862	0.101927	0.911461	0.115414	GET-6903A_RU
0	0.117608	0.114735	0.162189	0.128222	ƴǓǍǖǏ
0	0.165903	0.114735	0.175123	0.128222	Ǎ
0	0.178837	0.114735	0.263487	0.128222	ǘǖǗǕǅǒǊǒǍǊ
0	0.267216	0.114735	0.386553	0.128222	ǒǊǍǖǔǕǅǇǒǓǖǗǊǎ
0	0.390267	0.114735	0.440291	0.128222	ǝǏǅǙǅ
0	0.444005	0.114735	0.530160	0.128222	ǘǔǕǅǇǐǊǒǍǤ
0	0.533904	0.114735	0.550376	0.128222	ǖǓ
0	0.554090	0.114735	0.636321	0.128222	ǖǉǇǓǊǒǒǠǑ
0	0.639507	0.114735	0.672130	0.128222	IGBT
0	0.676372	0.114735	0.763648	0.128222	ǍǒǇǊǕǗǊǕǓǑ
0	0.766867	0.114735	0.829099	0.128222	17KG535
0	0.833312	0.114735	0.842532	0.128222	Ǎ
0	0.846246	0.114735	0.908478	0.128222	17KG537
0	0.117608	0.140016	0.162955	0.156201	4.3.8.
0	0.167493	0.140016	0.262422	0.156201	ƴƵƳƧƪƵƯƭ
0	0.266970	0.140016	0.341631	0.156201	ƹƥƬƲǀƺ
0	0.346179	0.140016	0.435502	0.156201	ƱƳƩƸưƪƮ
0	0.440052	0.140016	0.489643	0.156201	(IGBT)
0	0.117608	0.170020	0.143011	0.183507	ƩǐǤ
0	0.152204	0.170020	0.229450	0.183507	ǍǖǔǠǗǅǒǍǎ
0	0.238646	0.170020	0.272823	0.183507	ǖǚǊǑ
0	0.281998	0.170020	0.341864	0.183507	ǙǅǌǒǓǈǓ
0	0.351060	0.170020	0.402236	0.183507	ǑǓǉǘǐǤ
0	0.411432	0.170020	0.420187	0.183507	Ǎ
0	0.429384	0.170020	0.480519	0.183507	ǜǓǔǔǊǕ
0	0.485100	0.170020	0.536276	0.183507	ǑǓǉǘǐǤ
0	0.545473	0.170020	0.643300	0.183507	ǍǖǔǓǐǡǌǘǣǗǖǤ
0	0.652496	0.170020	0.739332	0.183507	ǓǉǍǒǅǏǓǇǠǊ
0	0.748543	0.170020	0.831718	0.183507	ǔǕǓǛǊǉǘǕǠ.
0	0.836308	0.170020	0.911446	0.183507	ƧǠǔǓǐǒǤǗǡ
0	0.117591	0.183877	0.197562	0.197364	ǔǕǓǛǊǉǘǕǠ
0	0.201322	0.183877	0.277473	0.197364	ǍǖǔǠǗǅǒǍǤ
0	0.281263	0.183877	0.305418	0.197364	ǉǐǤ
0	0.309206	0.183877	0.361174	0.197364	ǐǣǆǓǈǓ
0	0.364993	0.183877	0.419403	0.197364	ǑǓǉǘǐǤ.
0	0.117608	0.211590	0.169853	0.225076	ƨǕǘǔǔǠ
0	0.177277	0.211590	0.260549	0.225076	ǘǔǕǅǇǐǊǒǍǤ
0	0.267958	0.211590	0.331013	0.225076	17KG535
0	0.338401	0.211590	0.347156	0.225076	Ǎ
0	0.354588	0.211590	0.417642	0.225076	17KG537
0	0.425039	0.211590	0.489401	0.225076	ǤǇǐǤǣǗǖǤ
0	0.496861	0.211590	0.574365	0.225076	ǖǍǖǗǊǑǅǑǍ
0	0.581784	0.211590	0.589657	0.225076	ǖ
0	0.597090	0.211590	0.700309	0.225076	ǔǅǕǅǐǐǊǐǡǒǠǑ
0	0.707723	0.211590	0.793119	0.225076	ǍǒǇǊǕǗǊǕǓǑ
0	0.800545	0.211590	0.835331	0.225076	IGBT.
0	0.842771	0.211590	0.911397	0.225076	ƷǤǈǓǇǠǑǍ
0	0.117624	0.225446	0.262821	0.238933	ǢǐǊǏǗǕǓǉǇǍǈǅǗǊǐǤǑǍ
0	0.267640	0.225446	0.332002	0.238933	ǤǇǐǤǣǗǖǤ
0	0.336832	0.225446	0.409309	0.238933	ǉǇǍǈǅǗǊǐǍ
0	0.414127	0.225446	0.508295	0.238933	ǔǊǕǊǑǊǒǒǓǈǓ
0	0.513065	0.225446	0.544177	0.238933	ǗǓǏǅ
0	0.548985	0.225446	0.556858	0.238933	ǖ
0	0.561660	0.225446	0.666104	0.238933	ǕǊǈǘǐǍǕǘǊǑǠǑ
0	0.670872	0.225446	0.688238	0.238933	ǔǓ
0	0.693038	0.225446	0.747736	0.238933	ǜǅǖǗǓǗǊ
0	0.752528	0.225446	0.761284	0.238933	Ǎ
0	0.766086	0.225446	0.841829	0.238933	ǅǑǔǐǍǗǘǉǊ
0	0.846631	0.225446	0.915280	0.238933	ǔǍǗǅǒǍǊǑ
0	0.117608	0.239302	0.132813	0.252789	ǓǗ
0	0.142452	0.239302	0.229368	0.252789	ǍǒǇǊǕǗǓǕǓǇ,
0	0.239005	0.239302	0.352337	0.252789	ǕǅǖǔǓǐǓǋǊǒǒǠǚ
0	0.361955	0.239302	0.370073	0.252789	Ǉ
0	0.379711	0.239302	0.426411	0.252789	ǝǏǅǙǘ
0	0.436048	0.239302	0.522539	0.252789	ǘǔǕǅǇǐǊǒǍǤ.
0	0.532176	0.239302	0.588449	0.252789	ƯǅǋǉǠǎ
0	0.598086	0.239302	0.655100	0.252789	ǗǤǈǓǇǠǎ
0	0.664763	0.239302	0.790986	0.252789	ǢǐǊǏǗǕǓǉǇǍǈǅǗǊǐǡ
0	0.800617	0.239302	0.915290	0.252789	ǓǆǊǖǔǊǜǍǇǅǊǗǖǤ
0	0.117608	0.253159	0.215304	0.266646	ǒǊǌǅǇǍǖǍǑǠǑ
0	0.226706	0.253159	0.295355	0.266646	ǔǍǗǅǒǍǊǑ
0	0.306761	0.253159	0.400929	0.266646	ǔǊǕǊǑǊǒǒǓǈǓ
0	0.412314	0.253159	0.443426	0.266646	ǗǓǏǅ
0	0.454865	0.253159	0.470839	0.266646	Ǎǌ
0	0.482258	0.253159	0.561187	0.266646	ǍǒǇǊǕǗǓǕǅ.
0	0.572604	0.253159	0.641487	0.266646	ƭǒǇǊǕǗǓǕ
0	0.652913	0.253159	0.661570	0.266646	1
0	0.672980	0.253159	0.772115	0.266646	ǓǆǊǖǔǊǜǍǇǅǊǗ
0	0.783499	0.253159	0.841845	0.266646	ǔǍǗǅǒǍǊ
0	0.853263	0.253159	0.915176	0.266646	ǗǤǈǓǇǓǈǓ
0	0.117559	0.267015	0.243708	0.280502	ǢǐǊǏǗǕǓǉǇǍǈǅǗǊǐǤ
0	0.254071	0.267015	0.262728	0.280502	1
0	0.273076	0.267015	0.312132	0.280502	(ƷƱ1),
0	0.322491	0.267015	0.331246	0.280502	Ǎ
0	0.341586	0.267015	0.408378	0.280502	ǍǒǇǊǕǗǓǕ
0	0.418724	0.267015	0.427381	0.280502	2
0	0.437714	0.267015	0.536850	0.280502	ǓǆǊǖǔǊǜǍǇǅǊǗ
0	0.547155	0.267015	0.605502	0.280502	ǔǍǗǅǒǍǊ
0	0.615842	0.267015	0.677754	0.280502	ǗǤǈǓǇǓǈǓ
0	0.688122	0.267015	0.814273	0.280502	ǢǐǊǏǗǕǓǉǇǍǈǅǗǊǐǤ
0	0.824634	0.267015	0.833291	0.280502	2
0	0.843639	0.267015	0.879464	0.280502	(ƷƱ2)
0	0.889803	0.267015	0.915207	0.280502	ƩǐǤ
0	0.117559	0.280872	0.198872	0.294359	ǔǓǇǠǝǊǒǍǤ
0	0.203641	0.280872	0.350929	0.294359	ǔǕǓǍǌǇǓǉǍǗǊǐǡǒǓǖǗǍ
0	0.355715	0.280872	0.364471	0.294359	Ǎ
0	0.369257	0.280872	0.429939	0.294359	ǊǑǏǓǖǗǍ,
0	0.434725	0.280872	0.489266	0.294359	ǏǅǋǉǠǎ
0	0.494052	0.280872	0.560843	0.294359	ǍǒǇǊǕǗǓǕ
0	0.565613	0.280872	0.620530	0.294359	ǖǓǖǗǓǍǗ
0	0.625316	0.280872	0.641289	0.294359	Ǎǌ
0	0.646060	0.280872	0.678860	0.294359	ǉǇǘǚ
0	0.683646	0.280872	0.733401	0.294359	ǖǗǊǏǓǇ.
0	0.742963	0.280872	0.768366	0.294359	ƩǐǤ
0	0.773143	0.280872	0.814900	0.294359	ǛǊǐǊǎ
0	0.819663	0.280872	0.915203	0.294359	ǓǆǓǌǒǅǜǊǒǍǤ,
0	0.117559	0.294728	0.143606	0.308215	ǉǇǅ
0	0.150081	0.294728	0.188614	0.308215	ǖǗǊǏǅ
0	0.195082	0.294728	0.270776	0.308215	ǍǒǇǊǕǗǓǕǅ
0	0.277244	0.294728	0.285363	0.308215	Ǉ
0	0.291831	0.294728	0.359059	0.308215	ǔǕǊǉǊǐǅǚ
0	0.365516	0.294728	0.441210	0.308215	ǍǒǇǊǕǗǓǕǅ
0	0.447680	0.294728	0.456337	0.308215	1
0	0.462788	0.294728	0.527150	0.308215	ǤǇǐǤǣǗǖǤ
0	0.533647	0.294728	0.600438	0.308215	ǍǒǇǊǕǗǓǕ
0	0.606908	0.294728	0.624226	0.308215	11
0	0.630673	0.294728	0.639429	0.308215	Ǎ
0	0.645897	0.294728	0.712689	0.308215	ǍǒǇǊǕǗǓǕ
0	0.719159	0.294728	0.739711	0.308215	12.
0	0.746174	0.294728	0.773469	0.308215	ƩǇǅ
0	0.779938	0.294728	0.818471	0.308215	ǖǗǊǏǅ
0	0.824939	0.294728	0.900633	0.308215	ǍǒǇǊǕǗǓǕǅ
0	0.907101	0.294728	0.915220	0.308215	Ǉ
0	0.117575	0.308585	0.184803	0.322072	ǔǕǊǉǊǐǅǚ
0	0.188581	0.308585	0.264275	0.322072	ǍǒǇǊǕǗǓǕǅ
0	0.268066	0.308585	0.276723	0.322072	2
0	0.280518	0.308585	0.344881	0.322072	ǤǇǐǤǣǗǖǤ
0	0.348675	0.308585	0.415467	0.322072	ǍǒǇǊǕǗǓǕ
0	0.419258	0.308585	0.436576	0.322072	21
0	0.440344	0.308585	0.449099	0.322072	Ǎ
0	0.452889	0.308585	0.519681	0.322072	ǍǒǇǊǕǗǓǕ
0	0.523472	0.308585	0.544027	0.322072	22.
0	0.117575	0.336297	0.197042	0.349784	ƭǒǇǊǕǗǓǕǠ
0	0.203886	0.336297	0.272388	0.349784	ǖǓǉǊǕǋǅǗ
0	0.279221	0.336297	0.333754	0.349784	ǙǅǌǒǠǊ
0	0.340590	0.336297	0.396094	0.349784	ǑǓǉǘǐǍ,
0	0.402938	0.336297	0.520073	0.349784	ǔǕǊǓǆǕǅǌǘǣǞǍǊ
0	0.526917	0.336297	0.535035	0.349784	Ǉ
0	0.541879	0.336297	0.631145	0.349784	ǔǊǕǊǑǊǒǒǠǎ
0	0.637975	0.336297	0.660186	0.349784	ǗǓǏ
0	0.667034	0.336297	0.737729	0.349784	ǑǓǞǒǓǖǗǡ
0	0.744574	0.336297	0.849083	0.349784	ǈǊǒǊǕǍǕǘǊǑǘǣ
0	0.855909	0.336297	0.864028	0.349784	Ǉ
0	0.870872	0.336297	0.911437	0.349784	ǌǇǊǒǊ
0	0.117575	0.350154	0.207104	0.363641	ǔǓǖǗǓǤǒǒǓǈǓ
0	0.220254	0.350154	0.254598	0.363641	ǗǓǏǅ.
0	0.267738	0.350154	0.416976	0.363641	ƴǓǐǘǔǕǓǇǓǉǒǍǏǓǇǠǑ
0	0.430151	0.350154	0.520334	0.363641	ǘǖǗǕǓǎǖǗǇǓǑ
0	0.533467	0.350154	0.582234	0.363641	ǇǒǘǗǕǍ
0	0.595375	0.350154	0.655240	0.363641	ǙǅǌǒǓǈǓ
0	0.668373	0.350154	0.722783	0.363641	ǑǓǉǘǐǤ,
0	0.735933	0.350154	0.795152	0.363641	ǏǓǗǓǕǠǎ
0	0.808294	0.350154	0.889526	0.363641	ǇǏǐǣǜǅǊǗǖǤ
0	0.902675	0.350154	0.911430	0.363641	Ǎ
0	0.117575	0.364010	0.209130	0.377497	ǓǗǏǐǣǜǅǊǗǖǤ,
0	0.215337	0.364010	0.276526	0.377497	ǤǇǐǤǊǗǖǤ
0	0.282733	0.364010	0.369583	0.377497	ǆǍǔǓǐǤǕǒǠǎ
0	0.375790	0.364010	0.456581	0.377497	ǗǕǅǒǌǍǖǗǓǕ
0	0.462788	0.364010	0.470661	0.377497	ǖ
0	0.476868	0.364010	0.590589	0.377497	ǍǌǓǐǍǕǓǇǅǒǒǠǑ
0	0.596796	0.364010	0.664208	0.377497	ǌǅǗǇǓǕǓǑ
0	0.670418	0.364010	0.712137	0.377497	(IGBT).
0	0.718347	0.364010	0.745642	0.377497	ƩǇǅ
0	0.751842	0.364010	0.784528	0.377497	ǗǍǔǅ
0	0.790735	0.364010	0.844647	0.377497	ǙǅǌǒǠǚ
0	0.850846	0.364010	0.911430	0.377497	ǑǓǉǘǐǊǎ
0	0.117575	0.377867	0.201943	0.391354	ǈǊǒǊǕǍǕǘǣǗ
0	0.211515	0.377867	0.266170	0.391354	Ǐǅǋǉǘǣ
0	0.275742	0.377867	0.310735	0.391354	Ǚǅǌǘ
0	0.320302	0.377867	0.336276	0.391354	Ǎǌ
0	0.345849	0.377867	0.377200	0.391354	ǗǕǊǚ
0	0.386767	0.377867	0.413804	0.391354	Ǚǅǌ
0	0.423373	0.377867	0.484300	0.391354	ǔǍǗǅǒǍǤ:
0	0.493872	0.377867	0.604359	0.391354	ǔǓǐǓǋǍǗǊǐǡǒǠǎ
0	0.613931	0.377867	0.622686	0.391354	Ǎ
0	0.632258	0.377867	0.744035	0.391354	ǓǗǕǍǛǅǗǊǐǡǒǠǎ.
0	0.753607	0.377867	0.762917	0.391354	Ƨ
0	0.772489	0.377867	0.826744	0.391354	ǏǅǋǉǓǑ
0	0.836324	0.377867	0.911430	0.391354	ǍǒǇǊǕǗǓǕǊ
0	0.117575	0.391723	0.201453	0.405210	ǖǓǉǊǕǋǍǗǖǤ
0	0.208411	0.391723	0.248186	0.405210	ǇǖǊǈǓ
0	0.255160	0.391723	0.339120	0.405210	ǉǇǊǒǅǉǛǅǗǡ
0	0.346078	0.391723	0.399990	0.405210	ǙǅǌǒǠǚ
0	0.406940	0.391723	0.470759	0.405210	ǑǓǉǘǐǊǎ,
0	0.477717	0.391723	0.485591	0.405210	ǖ
0	0.492565	0.391723	0.560447	0.405210	ǜǊǗǠǕǡǑǤ
0	0.567394	0.391723	0.632660	0.405210	ǙǅǌǒǠǑǍ
0	0.639608	0.391723	0.709830	0.405210	ǑǓǉǘǐǤǑǍ
0	0.716787	0.391723	0.746299	0.405210	(ǉǇǅ
0	0.753264	0.391723	0.862688	0.405210	ǔǓǐǓǋǍǗǊǐǡǒǠǚ
0	0.869663	0.391723	0.878418	0.405210	Ǎ
0	0.885377	0.391723	0.911424	0.405210	ǉǇǅ
0	0.117575	0.405580	0.228519	0.419067	ǓǗǕǍǛǅǗǊǐǡǒǠǚ)
0	0.233092	0.405580	0.241211	0.419067	Ǉ
0	0.245784	0.405580	0.298504	0.419067	ǏǅǋǉǓǎ
0	0.303102	0.405580	0.319075	0.419067	Ǎǌ
0	0.323651	0.405580	0.355002	0.419067	ǗǕǊǚ
0	0.359570	0.405580	0.389843	0.419067	Ǚǅǌ.
0	0.394428	0.405580	0.471086	0.419067	ƲǅǔǕǍǑǊǕ,
0	0.475659	0.405580	0.511600	0.419067	Ǚǅǌǅ
0	0.516169	0.405580	0.525512	0.419067	ƥ
0	0.530086	0.405580	0.605780	0.419067	ǍǒǇǊǕǗǓǕǅ
0	0.610376	0.405580	0.619033	0.419067	1
0	0.623601	0.405580	0.691944	0.419067	ǖǓǉǊǕǋǍǗ
0	0.696518	0.405580	0.751050	0.419067	ǙǅǌǒǠǊ
0	0.755616	0.405580	0.807886	0.419067	ǑǓǉǘǐǍ
0	0.812476	0.405580	0.859683	0.419067	P11A+,
0	0.864276	0.405580	0.911482	0.419067	P12A+,
0	0.117575	0.419436	0.158767	0.432923	P11A-
0	0.162528	0.419436	0.171283	0.432923	Ǎ
0	0.175074	0.419436	0.218357	0.432923	P12A–
0	0.222116	0.419436	0.246271	0.432923	ǉǐǤ
0	0.250059	0.419436	0.316867	0.432923	ǖǓǌǉǅǒǍǤ
0	0.320657	0.419436	0.371604	0.432923	ǔǓǐǒǓǎ
0	0.375394	0.419436	0.418925	0.432923	ǇǓǐǒǠ
0	0.422714	0.419436	0.516883	0.432923	ǔǊǕǊǑǊǒǒǓǈǓ
0	0.520661	0.419436	0.555006	0.432923	ǗǓǏǅ.
0	0.117575	0.447149	0.162593	0.460636	ƯǕǓǑǊ
0	0.168441	0.447149	0.202344	0.460636	ǗǓǈǓ,
0	0.208199	0.447149	0.320779	0.460636	ǔǕǊǉǘǖǑǓǗǕǊǒǠ
0	0.326607	0.447149	0.352654	0.460636	ǉǇǅ
0	0.358509	0.447149	0.409644	0.460636	ǜǓǔǔǊǕ
0	0.415483	0.447149	0.466659	0.460636	ǑǓǉǘǐǤ
0	0.472507	0.447149	0.503131	0.460636	ƶƱ1
0	0.508982	0.447149	0.517737	0.460636	Ǎ
0	0.523585	0.447149	0.545553	0.460636	ƶƱ
0	0.551415	0.447149	0.560073	0.460636	2
0	0.565924	0.447149	0.573797	0.460636	ǖ
0	0.579645	0.447149	0.630780	0.460636	ǜǓǔǔǊǕ
0	0.636619	0.447149	0.700160	0.460636	ǉǍǓǉǅǑǍ
0	0.706016	0.447149	0.734618	0.460636	CD1
0	0.740457	0.447149	0.749213	0.460636	Ǎ
0	0.755060	0.447149	0.783662	0.460636	CD2
0	0.789510	0.447149	0.813665	0.460636	ǉǐǤ
0	0.819516	0.447149	0.911447	0.460636	ǓǆǊǖǔǊǜǊǒǍǤ
0	0.117575	0.461005	0.262256	0.474492	ǏǓǓǕǉǍǒǍǕǓǇǅǒǒǓǈǓ
0	0.266088	0.461005	0.373879	0.474492	ǕǊǈǘǐǍǕǓǇǅǒǍǤ
0	0.377669	0.461005	0.463913	0.474492	ǒǅǔǕǤǋǊǒǍǤ
0	0.467688	0.461005	0.508841	0.474492	ǌǇǊǒǅ
0	0.512624	0.461005	0.602153	0.474492	ǔǓǖǗǓǤǒǒǓǈǓ
0	0.605943	0.461005	0.637055	0.474492	ǗǓǏǅ
0	0.644636	0.461005	0.664581	0.474492	DC
0	0.668372	0.461005	0.695879	0.474492	Link
0	0.699654	0.461005	0.707772	0.474492	Ǉ
0	0.711562	0.461005	0.766405	0.474492	ǕǊǋǍǑǊ
0	0.770170	0.461005	0.799709	0.474492	ǗǤǈǍ
0	0.803525	0.461005	0.812280	0.474492	Ǎ
0	0.816070	0.461005	0.903851	0.474492	ǌǅǑǊǉǐǊǒǍǤ.
0	0.117559	0.488718	0.173831	0.502205	ƯǅǋǉǠǎ
0	0.179205	0.488718	0.245997	0.502205	ǍǒǇǊǕǗǓǕ
0	0.251355	0.488718	0.339250	0.502205	ǘǔǕǅǇǐǤǊǗǖǤ
0	0.344592	0.488718	0.393513	0.502205	ǔǐǅǗǓǎ
0	0.398878	0.488718	0.427528	0.502205	CPU
0	0.432892	0.488718	0.516164	0.502205	ǘǔǕǅǇǐǊǒǍǤ
0	0.521510	0.488718	0.580060	0.502205	ǗǤǈǓǇǠǑ
0	0.585443	0.488718	0.722537	0.502205	ǢǐǊǏǗǕǓǉǇǍǈǅǗǊǐǊǑ
0	0.729402	0.488718	0.767556	0.502205	(ƷƱƶ)
0	0.772914	0.488718	0.781032	0.502205	Ǉ
0	0.786390	0.488718	0.837019	0.502205	ǔǅǒǊǐǍ
0	0.842373	0.488718	0.867703	0.502205	ICP.
0	0.873064	0.488718	0.915194	0.502205	ƯǓǈǉǅ
0	0.117559	0.502575	0.183905	0.516062	ǍǒǇǊǕǗǊǕ
0	0.188374	0.502575	0.197031	0.516062	1
0	0.201518	0.502575	0.237459	0.516062	Ǚǅǌǅ
0	0.241946	0.502575	0.251289	0.516062	ƥ
0	0.255781	0.502575	0.336978	0.516062	ǈǊǒǊǕǍǕǘǊǗ
0	0.341439	0.502575	0.412135	0.516062	ǑǓǞǒǓǖǗǡ
0	0.416627	0.502575	0.434123	0.516062	ǒǅ
0	0.438613	0.502575	0.495349	0.516062	ǗǤǈǓǇǓǑ
0	0.499867	0.502575	0.626670	0.516062	ǢǐǊǏǗǕǓǉǇǍǈǅǗǊǐǊ
0	0.631164	0.502575	0.663290	0.516062	ƷƱ1,
0	0.667785	0.502575	0.722318	0.516062	ǙǅǌǒǠǊ
0	0.726785	0.502575	0.779056	0.516062	ǑǓǉǘǐǍ
0	0.783548	0.502575	0.821171	0.516062	ǙǅǌǠ
0	0.825658	0.502575	0.835001	0.516062	ƥ
0	0.839493	0.502575	0.915187	0.516062	ǍǒǇǊǕǗǓǕǅ
0	0.117526	0.516431	0.134844	0.529918	11
0	0.141179	0.516431	0.149934	0.529918	Ǎ
0	0.156272	0.516431	0.231965	0.529918	ǍǒǇǊǕǗǓǕǅ
0	0.238308	0.516431	0.255626	0.529918	12
0	0.261956	0.516431	0.346372	0.529918	ǇǏǐǣǜǅǣǗǖǤ
0	0.352726	0.516431	0.376882	0.529918	ǉǐǤ
0	0.383223	0.516431	0.450031	0.529918	ǖǓǌǉǅǒǍǤ
0	0.456385	0.516431	0.551419	0.529918	ǓǉǒǓǙǅǌǒǓǈǓ
0	0.557756	0.516431	0.610852	0.529918	ǇǠǚǓǉǅ
0	0.617214	0.516431	0.626557	0.529918	ƥ
0	0.632895	0.516431	0.641013	0.529918	Ǉ
0	0.647351	0.516431	0.679478	0.529918	ƷƱ1.
0	0.685835	0.516431	0.741544	0.529918	ƩǅǒǒǠǎ
0	0.747873	0.516431	0.807112	0.529918	ǔǕǓǛǊǖǖ
0	0.813440	0.516431	0.900976	0.529918	ǔǓǇǗǓǕǤǊǗǖǤ
0	0.907330	0.516431	0.915203	0.529918	ǖ
0	0.117543	0.530287	0.180796	0.543774	ǇǠǚǓǉǓǑ
0	0.188042	0.530287	0.225665	0.543774	ǙǅǌǠ
0	0.232880	0.530287	0.242191	0.543774	Ƨ
0	0.249411	0.530287	0.258166	0.543774	Ǎ
0	0.265402	0.530287	0.328656	0.543774	ǇǠǚǓǉǓǑ
0	0.335902	0.530287	0.373525	0.543774	ǙǅǌǠ
0	0.380740	0.530287	0.390230	0.543774	ƶ
0	0.397466	0.530287	0.405584	0.543774	Ǉ
0	0.412804	0.530287	0.469818	0.543774	ǗǤǈǓǇǠǎ
0	0.477080	0.530287	0.606529	0.543774	ǢǐǊǏǗǕǓǉǇǍǈǅǗǊǐǡ.
0	0.613767	0.530287	0.642186	0.543774	ƴǕǍ
0	0.649425	0.530287	0.735557	0.543774	ǔǕǍǇǊǉǊǒǍǍ
0	0.742777	0.530287	0.792335	0.543774	ǖǖǠǐǏǍ
0	0.799572	0.530287	0.817068	0.543774	ǒǅ
0	0.824286	0.530287	0.849091	0.543774	ǏǓǉ
0	0.856334	0.530287	0.915187	0.543774	ǖǓǆǠǗǍǤ
0	0.117542	0.544144	0.193236	0.557631	ǍǒǇǊǕǗǓǕǅ
0	0.197229	0.544144	0.209120	0.557631	1,
0	0.213112	0.544144	0.249053	0.557631	Ǚǅǌǅ
0	0.253021	0.544144	0.265598	0.557631	ƥ,
0	0.269584	0.544144	0.319289	0.557631	ǖǖǠǐǏǅ
0	0.323291	0.544144	0.394461	0.557631	ǓǗǒǓǖǍǗǖǤ
0	0.398463	0.544144	0.405470	0.557631	Ǐ
0	0.409456	0.544144	0.478588	0.557631	ǖǓǆǠǗǍǤǑ
0	0.482601	0.544144	0.536513	0.557631	ǙǅǌǒǠǚ
0	0.540507	0.544144	0.601092	0.557631	ǑǓǉǘǐǊǎ
0	0.605077	0.544144	0.680771	0.557631	ǍǒǇǊǕǗǓǕǅ
0	0.684745	0.544144	0.702063	0.557631	11
0	0.706057	0.544144	0.714812	0.557631	Ǎ
0	0.718798	0.544144	0.794492	0.557631	ǍǒǇǊǕǗǓǕǅ
0	0.798484	0.544144	0.819036	0.557631	12.
0	0.823028	0.544144	0.832339	0.557631	Ƨ
0	0.836324	0.544144	0.911397	0.557631	ǒǊǏǓǗǓǕǠǚ
0	0.117575	0.558000	0.158977	0.571487	ǏǓǉǅǚ
0	0.168277	0.558000	0.228225	0.571487	ǖǓǆǠǗǍǎ
0	0.237535	0.558000	0.326526	0.571487	ǘǏǅǌǠǇǅǊǗǖǤ
0	0.335804	0.558000	0.402595	0.571487	ǍǒǇǊǕǗǓǕ
0	0.411894	0.558000	0.429212	0.571487	11
0	0.438466	0.558000	0.463438	0.571487	ǍǐǍ
0	0.472752	0.558000	0.539543	0.571487	ǍǒǇǊǕǗǓǕ
0	0.548843	0.558000	0.569395	0.571487	12,
0	0.578665	0.558000	0.611077	0.571487	ǊǖǐǍ
0	0.620366	0.558000	0.708131	0.571487	ǒǊǓǆǚǓǉǍǑǓ
0	0.717426	0.558000	0.783695	0.571487	ǕǅǌǐǍǜǍǊ
0	0.792973	0.558000	0.911414	0.571487	ǏǓǒǗǕǓǐǍǕǘǊǑǠǚ
0	0.117559	0.571857	0.203705	0.585344	ǔǅǕǅǑǊǗǕǓǇ
0	0.207464	0.571857	0.231619	0.585344	ǉǐǤ
0	0.235428	0.571857	0.287331	0.585344	ǕǅǌǒǠǚ
0	0.291113	0.571857	0.337633	0.585344	ǖǗǊǏǓǇ
0	0.341423	0.571857	0.420351	0.585344	ǍǒǇǊǕǗǓǕǅ.
0	0.117559	0.599570	0.144854	0.613057	ƩǇǅ
0	0.148415	0.599570	0.249037	0.613057	ǔǅǕǅǐǐǊǐǡǒǠǚ
0	0.252563	0.599570	0.368897	0.613057	ǔǕǊǉǓǚǕǅǒǍǗǊǐǤ
0	0.372460	0.599570	0.407757	0.613057	600ƥ
0	0.411318	0.599570	0.419436	0.613057	Ǉ
0	0.422997	0.599570	0.475717	0.613057	ǏǅǋǉǓǎ
0	0.479286	0.599570	0.514638	0.613057	ǙǅǌǊ
0	0.518178	0.599570	0.577609	0.613057	ǏǅǋǉǓǈǓ
0	0.581180	0.599570	0.619713	0.613057	ǖǗǊǏǅ
0	0.623258	0.599570	0.698952	0.613057	ǍǒǇǊǕǗǓǕǅ
0	0.702512	0.599570	0.804815	0.613057	ǓǆǊǖǔǊǜǍǇǅǣǗ
0	0.808360	0.599570	0.859862	0.613057	ǌǅǞǍǗǘ
0	0.863423	0.599570	0.911414	0.613057	ǖǚǊǑǠ.
0	0.117559	0.613426	0.144854	0.626913	ƩǇǅ
0	0.149623	0.613426	0.265957	0.626913	ǔǕǊǉǓǚǕǅǒǍǗǊǐǤ
0	0.270711	0.613426	0.362331	0.626913	ǘǖǗǅǒǓǇǐǊǒǠ
0	0.367084	0.613426	0.412941	0.626913	ǑǊǋǉǘ
0	0.417705	0.613426	0.469011	0.626913	ǌǇǊǒǓǑ
0	0.473781	0.613426	0.563310	0.626913	ǔǓǖǗǓǤǒǒǓǈǓ
0	0.568063	0.613426	0.599176	0.626913	ǗǓǏǅ
0	0.603942	0.613426	0.623886	0.626913	DC
0	0.628655	0.613426	0.656162	0.626913	Link
0	0.660930	0.613426	0.669685	0.626913	Ǎ
0	0.674450	0.613426	0.746349	0.626913	ǒǅǆǓǕǅǑǍ
0	0.751107	0.613426	0.805019	0.626913	ǙǅǌǒǠǚ
0	0.809781	0.613426	0.870365	0.626913	ǑǓǉǘǐǊǎ
0	0.875122	0.613426	0.887245	0.626913	(+
0	0.892005	0.613426	0.900760	0.626913	Ǎ
0	0.905530	0.613426	0.911410	0.626913	-
0	0.117559	0.627282	0.155182	0.640769	ǙǅǌǠ
0	0.158973	0.627282	0.218405	0.640769	ǏǅǋǉǓǈǓ
0	0.222197	0.627282	0.301679	0.640769	ǏǓǑǔǐǊǏǗǅ).
0	0.305466	0.627282	0.314776	0.640769	Ƨ
0	0.318566	0.627282	0.369701	0.640769	ǜǓǔǔǊǕ
0	0.373471	0.627282	0.435575	0.640769	ǑǓǉǘǐǤǚ,
0	0.439358	0.627282	0.447231	0.640769	ǖ
0	0.451020	0.627282	0.501134	0.640769	ǉǕǘǈǓǎ
0	0.504924	0.627282	0.568089	0.640769	ǖǗǓǕǓǒǠ,
0	0.571872	0.627282	0.666532	0.640769	ǍǖǔǓǐǡǌǘǊǗǖǤ
0	0.670317	0.627282	0.716486	0.640769	ǗǓǐǡǏǓ
0	0.720301	0.627282	0.755447	0.640769	ǓǉǍǒ
0	0.759235	0.627282	0.878869	0.640769	ǔǕǊǉǓǚǕǅǒǍǗǊǐǡ.
0	0.117543	0.654995	0.137206	0.668482	Ʋǅ
0	0.158330	0.654995	0.235461	0.668482	ǓǖǒǓǇǅǒǍǍ
0	0.246029	0.654995	0.305895	0.668482	ǙǅǌǒǓǈǓ
0	0.316464	0.654995	0.367640	0.668482	ǑǓǉǘǐǤ
0	0.378206	0.654995	0.402210	0.668482	(Ǌǎ)
0	0.423386	0.654993	0.478998	0.668480	[ǜǓǔǔǊǕ
0	0.489541	0.654993	0.540717	0.668480	ǑǓǉǘǐǤ
0	0.551267	0.654993	0.575270	0.668480	(Ǌǎ)
0	0.585845	0.654993	0.593555	0.668480	],
0	0.604130	0.654993	0.712852	0.668480	ǓǆǓǌǒǅǜǊǒǒǓǈǓ
0	0.723401	0.654993	0.746315	0.668480	ǏǅǏ
0	0.767434	0.654993	0.911440	0.668480	«ǔǕǊǉǔǓǐǓǋǍǗǊǐǡǒǓ
0	0.117589	0.668850	0.222799	0.682337	ǒǊǍǖǔǕǅǇǒǠǎ»
0	0.226592	0.668850	0.272831	0.682337	ǕǅǒǊǊ,
0	0.276614	0.668850	0.358924	0.682337	ǓǔǕǊǉǊǐǍǗǡ
0	0.362713	0.668850	0.470181	0.682337	ǒǊǍǖǔǕǅǇǒǓǖǗǡ
0	0.473958	0.668850	0.482076	0.682337	Ǉ
0	0.485865	0.668850	0.580524	0.682337	ǖǓǓǗǇǊǗǖǗǇǍǍ
0	0.584313	0.668850	0.600960	0.682337	ǖǓ
0	0.604751	0.668850	0.686207	0.682337	ǖǐǊǉǘǣǞǊǎ
0	0.689981	0.668850	0.780114	0.682337	ǔǕǓǛǊǉǘǕǓǎ:
0	0.298234	0.697612	0.307871	0.711099	Ƨ
0	0.311400	0.697612	0.368015	0.711099	ǉǅǒǒǓǑ
0	0.371527	0.697612	0.478877	0.711099	ǓǆǓǕǘǉǓǇǅǒǍǍ
0	0.482389	0.697612	0.604442	0.711099	ǔǕǍǖǘǗǖǗǇǘǣǗ
0	0.607952	0.697612	0.672359	0.711099	ǓǔǅǖǒǠǊ
0	0.675871	0.697612	0.771280	0.711099	ǒǅǔǕǤǋǊǒǍǤ.
0	0.774792	0.697612	0.857673	0.711099	ƸǆǊǉǍǗǡǖǤ
0	0.861201	0.697612	0.869810	0.711099	Ǉ
0	0.873322	0.697612	0.910744	0.711099	ǗǓǑ,
0	0.159092	0.709638	0.285427	0.727003	ɉɊȿȾɍɉɊȿɀȾȿɇɂȿ
0	0.300135	0.712284	0.331373	0.725771	ǜǗǓ
0	0.335140	0.712284	0.440579	0.725771	ǇǠǏǐǣǜǅǗǊǐǡ
0	0.444336	0.712284	0.512565	0.725771	ǔǍǗǅǒǍǤ
0	0.516354	0.712284	0.604315	0.725771	ǘǔǕǅǇǐǊǒǍǤ
0	0.610529	0.712284	0.644488	0.725771	(CPS)
0	0.645838	0.712284	0.729290	0.725771	ǒǅǚǓǉǍǗǖǤ
0	0.733080	0.712284	0.741688	0.725771	Ǉ
0	0.745478	0.712284	0.827787	0.725771	ǔǓǐǓǋǊǒǍǍ
0	0.831577	0.712284	0.877890	0.725771	ƳƷƯư.,
0	0.881676	0.712284	0.890807	0.725771	Ǎ
0	0.298234	0.725325	0.403673	0.738812	ǇǠǏǐǣǜǅǗǊǐǡ
0	0.410632	0.725325	0.508049	0.738812	ǏǓǒǗǅǏǗǓǕǅ
0	0.515009	0.725325	0.550809	0.738812	ǛǊǔǍ
0	0.557805	0.725325	0.655600	0.738812	ǇǓǌǆǘǋǉǊǒǍǤ
0	0.662591	0.725325	0.754733	0.738812	ǈǊǒǊǕǅǗǓǕǅ
0	0.761729	0.725325	0.808487	0.738812	(GFCO)
0	0.815465	0.725325	0.898918	0.738812	ǒǅǚǓǉǍǗǖǤ
0	0.905909	0.725325	0.914517	0.738812	Ǉ
0	0.116856	0.739182	0.199166	0.752669	ǔǓǐǓǋǊǒǍǍ
0	0.204164	0.739182	0.242783	0.752669	ƳƷƯư
0	0.247761	0.739182	0.291138	0.752669	ǔǊǕǊǉ
0	0.296160	0.739182	0.360919	0.752669	ǒǅǜǅǐǓǑ
0	0.365891	0.739182	0.448707	0.752669	ǏǅǏǍǚ-ǐǍǆǓ
0	0.453689	0.739182	0.503526	0.752669	ǕǅǆǓǗ
0	0.508508	0.739182	0.526949	0.752669	ǒǅ
0	0.531931	0.739182	0.634757	0.752669	ǏǓǑǔǓǒǊǒǗǅǚ
0	0.639716	0.739182	0.761511	0.752669	ǢǐǊǏǗǕǍǜǊǖǏǓǈǓ
0	0.766497	0.739182	0.817663	0.752669	ǝǏǅǙǅ
0	0.822647	0.739182	0.914501	0.752669	ǘǔǕǅǇǐǊǒǍǤ.
0	0.116840	0.753038	0.199721	0.766525	ƸǆǊǉǍǗǡǖǤ
0	0.204017	0.753038	0.212625	0.766525	Ǉ
0	0.216921	0.753038	0.254343	0.766525	ǗǓǑ,
0	0.258623	0.753038	0.289861	0.766525	ǜǗǓ
0	0.294134	0.753038	0.408475	0.766525	ǍǒǉǍǏǅǗǓǕǒǠǊ
0	0.412771	0.753038	0.462712	0.766525	ǐǅǑǔǠ
0	0.466985	0.753038	0.527710	0.766525	ǌǅǕǤǉǏǍ
0	0.531997	0.753038	0.642172	0.766525	ǏǓǒǉǊǒǖǅǗǓǕǅ
0	0.646467	0.753038	0.681210	0.766525	(CCL)
0	0.685492	0.753038	0.702741	0.766525	ǒǊ
0	0.707037	0.753038	0.758882	0.766525	ǈǓǕǤǗ.
0	0.763178	0.753038	0.873372	0.766525	ƭǖǔǓǐǡǌǓǇǅǗǡ
0	0.877632	0.753038	0.914520	0.766525	VOM,
0	0.116840	0.766895	0.168855	0.780382	ǜǗǓǆǠ
0	0.173194	0.766895	0.254670	0.780382	ǘǆǊǉǍǗǡǖǤ
0	0.259015	0.766895	0.267623	0.780382	Ǉ
0	0.271968	0.766895	0.373012	0.780382	ǓǗǖǘǗǖǗǇǍǍ
0	0.377325	0.766895	0.468798	0.780382	ǒǅǔǕǤǋǊǒǍǤ
0	0.473143	0.766895	0.516521	0.780382	ǔǊǕǊǉ
0	0.520889	0.766895	0.644917	0.780382	ǔǕǍǏǓǖǒǓǇǊǒǍǊǑ
0	0.657952	0.766895	0.665596	0.780382	Ǐ
0	0.669941	0.766895	0.740343	0.780382	ǏǐǊǑǑǅǑ.
0	0.744688	0.766895	0.853800	0.780382	ƲǊǖǓǆǐǣǉǊǒǍǊ
0	0.858179	0.766895	0.914501	0.780382	ǉǅǒǒǠǚ
0	0.116840	0.780751	0.144968	0.794238	ǑǊǕ
0	0.148757	0.780751	0.285944	0.794238	ǔǕǊǉǓǖǗǊǕǊǋǊǒǍǤ
0	0.289773	0.780751	0.342631	0.794238	ǑǓǋǊǗ
0	0.346421	0.780751	0.421216	0.794238	ǔǕǍǇǊǖǗǍ
0	0.425006	0.780751	0.432650	0.794238	Ǐ
0	0.436440	0.780751	0.517557	0.794238	ǖǊǕǡǊǌǒǠǑ
0	0.521346	0.780751	0.593244	0.794238	ǗǕǅǇǑǅǑ
0	0.596991	0.780751	0.623845	0.794238	ǍǐǍ
0	0.627635	0.780751	0.690441	0.794238	ǖǑǊǕǗǍ.
0	0.117608	0.809102	0.178072	0.825286	4.3.8.1.
0	0.188172	0.809102	0.274889	0.825286	ƴǕǓǇǊǕǏǅ
0	0.279436	0.809102	0.301431	0.825286	ǒǅ
0	0.305980	0.809102	0.427038	0.825286	ǔǓǇǕǊǋǉǊǒǍǊ
0	0.431621	0.809102	0.479873	0.825286	Ǎǌ-ǌǅ
0	0.484423	0.809102	0.592465	0.825286	ǜǕǊǌǑǊǕǒǓǎ
0	0.597013	0.809102	0.675175	0.825286	ǆǓǐǡǝǓǎ
0	0.679715	0.809102	0.724184	0.825286	ǖǍǐǠ
0	0.728730	0.809102	0.768448	0.825286	ǗǓǏǅ
0	0.117608	0.839745	0.129502	0.853232	1.
0	0.147010	0.839745	0.221720	0.853232	ƧǍǌǘǅǐǡǒǓ
0	0.238597	0.839745	0.313115	0.853232	ǔǕǓǇǊǕǍǗǡ
0	0.330021	0.839745	0.458312	0.853232	ǖǓǓǗǇǊǗǖǗǇǘǣǞǘǣ
0	0.475202	0.839745	0.574875	0.853232	ǇǊǕǗǍǏǅǐǡǒǘǣ
0	0.591781	0.839745	0.715874	0.853232	ǐǅǑǍǒǍǕǓǇǅǒǒǘǣ
0	0.732764	0.839745	0.828859	0.853232	ǗǓǏǓǇǊǉǘǞǘǣ
0	0.845765	0.839745	0.882992	0.853232	ǝǍǒǘ
0	0.899896	0.839745	0.911479	0.853232	(Ǉ
0	0.147010	0.853601	0.241668	0.867088	ǖǓǓǗǇǊǗǖǗǇǍǍ
0	0.246732	0.853601	0.263378	0.867088	ǖǓ
0	0.268456	0.853601	0.349913	0.867088	ǖǐǊǉǘǣǞǊǎ
0	0.354980	0.853601	0.424745	0.867088	ǗǅǆǐǍǛǊǎ)
0	0.429808	0.853601	0.447304	0.867088	ǒǅ
0	0.452382	0.853601	0.511121	0.867088	ǒǅǐǍǜǍǊ
0	0.516185	0.853601	0.591046	0.867088	ǔǕǍǌǒǅǏǓǇ
0	0.596126	0.853601	0.665220	0.867088	ǍǖǏǕǊǒǍǤ,
0	0.670284	0.853601	0.723518	0.867088	ǗǕǊǞǍǒ
0	0.728598	0.853601	0.753570	0.867088	ǍǐǍ
0	0.758637	0.853601	0.820953	0.867088	ǓǖǗǅǗǏǓǇ
0	0.826033	0.853601	0.888905	0.867088	ǔǓǕǓǝǏǅ
0	0.893968	0.853601	0.911464	0.867088	ǒǅ
1	0.088595	0.101927	0.193061	0.115414	GET-6903A_RU
1	0.088595	0.115784	0.133176	0.129271	ƴǓǍǖǏ
1	0.136890	0.115784	0.146110	0.129271	Ǎ
1	0.149824	0.115784	0.234474	0.129271	ǘǖǗǕǅǒǊǒǍǊ
1	0.238203	0.115784	0.357540	0.129271	ǒǊǍǖǔǕǅǇǒǓǖǗǊǎ
1	0.361254	0.115784	0.411278	0.129271	ǝǏǅǙǅ
1	0.414992	0.115784	0.501147	0.129271	ǘǔǕǅǇǐǊǒǍǤ
1	0.504891	0.115784	0.521363	0.129271	ǖǓ
1	0.525076	0.115784	0.607308	0.129271	ǖǉǇǓǊǒǒǠǑ
1	0.610686	0.115784	0.643309	0.129271	IGBT
1	0.647359	0.115784	0.734635	0.129271	ǍǒǇǊǕǗǊǕǓǑ
1	0.738062	0.115784	0.800294	0.129271	17KG535
1	0.804299	0.115784	0.813519	0.129271	Ǎ
1	0.817233	0.115784	0.879464	0.129271	17KG537
1	0.117608	0.139998	0.171185	0.153485	ǇǗǘǐǏǅǚ
1	0.178764	0.139998	0.221854	0.153485	ǝǍǒǠ.
1	0.233226	0.139998	0.242537	0.153485	Ƨ
1	0.253901	0.139998	0.302373	0.153485	ǖǐǘǜǅǊ
1	0.313703	0.139998	0.409014	0.153485	ǔǓǇǕǊǋǉǊǒǍǤ
1	0.416597	0.139998	0.538762	0.153485	ǐǅǑǍǒǍǕǓǇǅǒǒǓǎ
1	0.546345	0.139998	0.589435	0.153485	ǝǍǒǠ,
1	0.600807	0.139998	0.627073	0.153485	Ǔǒǅ
1	0.638442	0.139998	0.706067	0.153485	ǔǓǉǐǊǋǍǗ
1	0.717445	0.139998	0.772260	0.153485	ǌǅǑǊǒǊ.
1	0.776050	0.139998	0.816798	0.153485	ƷǅǏǓǊ
1	0.117591	0.153854	0.216774	0.167341	ǔǓǇǕǊǋǉǊǒǍǊ,
1	0.220557	0.153854	0.277238	0.167341	ǓǆǠǜǒǓ,
1	0.281034	0.153854	0.353151	0.167341	ǇǓǌǒǍǏǅǊǗ
1	0.356940	0.153854	0.373828	0.167341	ǇǓ
1	0.377616	0.153854	0.420909	0.167341	ǇǕǊǑǤ
1	0.424696	0.153854	0.476166	0.167341	ǔǕǓǆǓǤ
1	0.479955	0.153854	0.504927	0.167341	ǍǐǍ
1	0.508715	0.153854	0.534968	0.167341	ǔǕǍ
1	0.538759	0.153854	0.589233	0.167341	ǏǕǅǎǒǊ
1	0.593022	0.153854	0.655198	0.167341	ǆǓǐǡǝǓǎ
1	0.659030	0.153854	0.691437	0.167341	ǖǍǐǊ
1	0.695227	0.153854	0.729572	0.167341	ǗǓǏǅ.
1	0.265189	0.179258	0.328214	0.192744	ƷǅǆǐǍǛǅ
1	0.332032	0.179258	0.353286	0.192744	10.
1	0.357071	0.179258	0.429334	0.192744	ƴǕǓǇǊǕǏǅ
1	0.433124	0.179258	0.531686	0.192744	ǗǓǏǓǇǊǉǘǞǊǎ
1	0.535476	0.179258	0.578109	0.192744	ǝǍǒǠ
1	0.093122	0.201197	0.127359	0.214684	ƪǖǐǍ
1	0.131149	0.201197	0.274190	0.214684	ǔǕǊǉǔǓǐǓǋǍǗǊǐǡǒǓ
1	0.277979	0.201197	0.378763	0.214684	ǒǊǍǖǔǕǅǇǒǠǎ
1	0.382587	0.201197	0.407889	0.214684	PM:
1	0.520954	0.203506	0.600654	0.216993	ƴǕǓǇǊǕǍǗǡ
1	0.604456	0.203506	0.710106	0.216993	ǇǊǕǗǍǏǅǐǡǒǘǣ
1	0.550014	0.217363	0.681044	0.230850	ǐǅǑǍǒǍǕǓǇǅǒǒǘǣ
1	0.541340	0.231219	0.642679	0.244706	ǗǓǏǓǇǊǉǘǞǘǣ
1	0.646469	0.231219	0.689755	0.244706	ǝǍǒǘ:
1	0.093122	0.252004	0.152802	0.265491	PM11A+,
1	0.156595	0.252004	0.213497	0.265491	PM11A-,
1	0.217290	0.252004	0.276937	0.265491	PM11B+,
1	0.280730	0.252004	0.337600	0.265491	PM11B-,
1	0.341393	0.252004	0.401220	0.265491	PM11C+,
1	0.405013	0.252004	0.458826	0.265491	PM11C-
1	0.595831	0.252004	0.635514	0.265491	I11VB
1	0.093106	0.270479	0.152785	0.283966	PM12A+,
1	0.156578	0.270479	0.213481	0.283966	PM12A-,
1	0.217274	0.270479	0.276921	0.283966	PM12B+,
1	0.280714	0.270479	0.337584	0.283966	PM12B-,
1	0.341376	0.270479	0.401203	0.283966	PM12C+,
1	0.404996	0.270479	0.458810	0.283966	PM12C-
1	0.595831	0.270479	0.635514	0.283966	I12VB
1	0.093106	0.288955	0.152785	0.302442	PM21A+,
1	0.156578	0.288955	0.213481	0.302442	PM21A-,
1	0.217274	0.288955	0.276921	0.302442	PM21B+,
1	0.280714	0.288955	0.337584	0.302442	PM21B-,
1	0.341376	0.288955	0.401203	0.302442	PM21C+,
1	0.404996	0.288955	0.458810	0.302442	PM21C-
1	0.595684	0.288955	0.635366	0.302442	,21VB
1	0.093106	0.307430	0.152785	0.320917	PM22A+,
1	0.156578	0.307430	0.213481	0.320917	PM22A-,
1	0.217274	0.307430	0.276921	0.320917	PM22B+,
1	0.280714	0.307430	0.337584	0.320917	PM22B-,
1	0.341376	0.307430	0.401203	0.320917	PM22C+,
1	0.404996	0.307430	0.458810	0.320917	PM22C-
1	0.595831	0.307430	0.635514	0.320917	I22VB
1	0.093106	0.325905	0.126962	0.339392	CM1,
1	0.130752	0.325905	0.164608	0.339392	CM2,
1	0.168398	0.325905	0.200229	0.339392	CD1,
1	0.204018	0.325905	0.232617	0.339392	CD2
1	0.601548	0.325905	0.629428	0.339392	CVB
1	0.088189	0.357082	0.194184	0.370569	ƴƵƭƱƪƼƥƲƭƪ:
1	0.200080	0.357082	0.218656	0.370569	ƧǓ
1	0.224549	0.357082	0.269894	0.370569	ǇǕǊǑǤ
1	0.275791	0.357082	0.333182	0.370569	ǌǅǑǊǒǠ
1	0.339070	0.357082	0.402932	0.370569	ǙǅǌǒǓǈǓ
1	0.408818	0.357082	0.463253	0.370569	ǑǓǉǘǐǤ
1	0.469158	0.357082	0.496012	0.370569	ǍǐǍ
1	0.501909	0.357082	0.611237	0.370569	ǇǊǕǗǍǏǅǐǡǒǓǎ
1	0.617116	0.357082	0.721313	0.370569	ǗǓǏǓǇǊǉǘǞǊǎ
1	0.733107	0.357082	0.780166	0.370569	ǝǍǒǠ,
1	0.786063	0.357082	0.867539	0.370569	ǘǆǊǉǍǗǡǖǤ
1	0.873436	0.357082	0.882044	0.370569	Ǉ
1	0.088189	0.370938	0.125611	0.384425	ǗǓǑ,
1	0.129401	0.370938	0.257545	0.384425	ǔǕǊǉǓǚǕǅǒǍǗǊǐǍ
1	0.261351	0.370938	0.420563	0.384425	ǖǓǓǗǇǊǗǖǗǇǘǣǞǊǈǓ
1	0.424336	0.370938	0.509422	0.384425	ǍǒǇǊǕǗǓǕǅ
1	0.513212	0.370938	0.532764	0.384425	Ʋƪ
1	0.536554	0.370938	0.639165	0.384425	ƵƥƬƳƱƯƲƸƷǀ
1	0.642924	0.370938	0.652055	0.384425	Ǎ
1	0.655845	0.370938	0.673094	0.384425	ǒǊ
1	0.676883	0.370938	0.766511	0.384425	ǔǊǕǊǈǓǕǊǐǍ.
1	0.088206	0.398651	0.100100	0.412138	2.
1	0.117608	0.398651	0.192318	0.412138	ƧǍǌǘǅǐǡǒǓ
1	0.196323	0.398651	0.270841	0.412138	ǔǕǓǇǊǕǍǗǡ
1	0.274843	0.398651	0.409602	0.412138	ǔǕǊǉǔǓǐǓǋǍǗǊǐǡǒǓ
1	0.413621	0.398651	0.509618	0.412138	ǒǊǍǖǔǕǅǇǒǠǎ
1	0.513604	0.398651	0.568578	0.412138	ǙǅǌǒǠǎ
1	0.572588	0.398651	0.623829	0.412138	ǑǓǉǘǐǡ
1	0.631882	0.398651	0.656854	0.412138	ǍǐǍ
1	0.664894	0.398651	0.716029	0.412138	ǜǓǔǔǊǕ
1	0.720039	0.398651	0.771280	0.412138	ǑǓǉǘǐǡ
1	0.775282	0.398651	0.783400	0.412138	Ǉ
1	0.787419	0.398651	0.882077	0.412138	ǖǓǓǗǇǊǗǖǗǇǍǍ
1	0.117624	0.412508	0.134270	0.425994	ǖǓ
1	0.142109	0.412508	0.223566	0.425994	ǖǐǊǉǘǣǞǊǎ
1	0.231377	0.412508	0.300913	0.425994	ǗǅǆǐǍǛǊǎ.
1	0.308753	0.412508	0.341084	0.425994	ƪǖǐǍ
1	0.348920	0.412508	0.409269	0.425994	ǌǅǑǊǗǒǠ
1	0.417100	0.412508	0.495538	0.425994	ǓǜǊǇǍǉǒǠǊ
1	0.503362	0.412508	0.570089	0.425994	ǔǕǍǌǒǅǏǍ
1	0.577929	0.412508	0.668961	0.425994	ǙǍǌǍǜǊǖǏǓǈǓ
1	0.676802	0.412508	0.772113	0.425994	ǔǓǇǕǊǋǉǊǒǍǤ
1	0.779941	0.412508	0.849261	0.425994	(ǍǖǏǕǊǒǍǤ
1	0.857101	0.412508	0.882074	0.425994	ǍǐǍ
1	0.117624	0.426364	0.210992	0.439851	ǓǆǕǅǌǓǇǅǒǍǤ
1	0.216023	0.426364	0.275952	0.439851	ǗǕǊǞǍǒ),
1	0.280968	0.426364	0.305941	0.439851	ǍǐǍ
1	0.310975	0.426364	0.343387	0.439851	ǊǖǐǍ
1	0.348414	0.426364	0.427485	0.439851	ǓǆǒǅǕǘǋǊǒ
1	0.432487	0.426364	0.476378	0.439851	ǆǊǐǠǎ
1	0.481409	0.426364	0.544149	0.439851	ǔǓǕǓǝǓǏ
1	0.549164	0.426364	0.566660	0.439851	ǒǅ
1	0.571689	0.426364	0.688595	0.439851	ǖǓǊǉǍǒǍǗǊǐǡǒǠǚ
1	0.693626	0.426364	0.747203	0.439851	ǇǗǘǐǏǅǚ
1	0.752218	0.426364	0.795308	0.439851	ǝǍǒǠ,
1	0.800339	0.426364	0.882077	0.439851	ǔǕǓǍǌǇǊǖǗǍ
1	0.117624	0.440220	0.168906	0.453707	ǌǅǑǊǒǘ
1	0.172671	0.440220	0.232537	0.453707	ǙǅǌǒǓǈǓ
1	0.236326	0.440220	0.290737	0.453707	ǑǓǉǘǐǤ.
1	0.158133	0.466837	0.221158	0.480324	ƷǅǆǐǍǛǅ
1	0.224959	0.466837	0.246213	0.480324	11.
1	0.250006	0.466837	0.322270	0.480324	ƴǕǓǇǊǕǏǅ
1	0.326060	0.466837	0.469101	0.480324	ǔǕǊǉǔǓǐǓǋǍǗǊǐǡǒǓ
1	0.472890	0.466837	0.577839	0.480324	ǒǊǍǖǔǕǅǇǒǓǈǓ
1	0.581629	0.466837	0.645137	0.480324	ǙǅǌǒǓǈǓ
1	0.648927	0.466837	0.703320	0.480324	ǑǓǉǘǐǤ
1	0.107235	0.489873	0.141472	0.503360	ƪǖǐǍ
1	0.145262	0.489873	0.288303	0.503360	ǔǕǊǉǔǓǐǓǋǍǗǊǐǡǒǓ
1	0.292092	0.489873	0.392876	0.503360	ǒǊǍǖǔǕǅǇǒǠǎ
1	0.396700	0.489873	0.422002	0.503360	PM:
1	0.512362	0.489873	0.592061	0.503360	ƴǕǓǇǊǕǍǗǡ
1	0.595864	0.489873	0.722538	0.503360	ǔǕǊǉǓǚǕǅǒǍǗǊǐǍ:
1	0.206075	0.510658	0.265754	0.524144	PM11A+,
1	0.269547	0.510658	0.323214	0.524144	PM11A-
1	0.557037	0.510658	0.600363	0.524144	F11A1
1	0.604113	0.510658	0.612868	0.524144	Ǎ
1	0.616660	0.510658	0.659985	0.524144	F11A2
1	0.206108	0.529133	0.265754	0.542620	PM11B+,
1	0.269547	0.529133	0.323182	0.542620	PM11B-
1	0.557070	0.529133	0.600363	0.542620	F11B1
1	0.604113	0.529133	0.612868	0.542620	Ǎ
1	0.616660	0.529133	0.659953	0.542620	F11B2
1	0.205928	0.547608	0.265754	0.561095	PM11C+,
1	0.269547	0.547608	0.323361	0.561095	PM11C-
1	0.556890	0.547608	0.600363	0.561095	F11C1
1	0.604129	0.547608	0.612885	0.561095	Ǎ
1	0.616676	0.547608	0.660142	0.561095	F11C2
1	0.206075	0.566083	0.265755	0.579570	PM12A+,
1	0.269547	0.566083	0.323214	0.579570	PM12A-
1	0.557037	0.566083	0.600363	0.579570	F12A1
1	0.604113	0.566083	0.612868	0.579570	Ǎ
1	0.616660	0.566083	0.659985	0.579570	F12A2
1	0.206108	0.584559	0.265755	0.598045	PM12B+,
1	0.269547	0.584559	0.323182	0.598045	PM12B-
1	0.557070	0.584559	0.600363	0.598045	F12B1
1	0.604113	0.584559	0.612868	0.598045	Ǎ
1	0.616660	0.584559	0.659953	0.598045	F12B2
1	0.205928	0.603034	0.265755	0.616521	PM12C+,
1	0.269547	0.603034	0.323361	0.616521	PM12C-
1	0.556890	0.603034	0.600363	0.616521	F12C1
1	0.604130	0.603034	0.612885	0.616521	Ǎ
1	0.616676	0.603034	0.660142	0.616521	F12C2
1	0.206075	0.621509	0.265755	0.634996	PM21A+,
1	0.269547	0.621509	0.323214	0.634996	PM21A-
1	0.557037	0.621509	0.600363	0.634996	F21A1
1	0.604113	0.621509	0.612869	0.634996	Ǎ
1	0.616660	0.621509	0.659985	0.634996	F21A2
1	0.206108	0.639984	0.265755	0.653471	PM21B+,
1	0.269548	0.639984	0.323182	0.653471	PM21B-
1	0.557070	0.639984	0.600363	0.653471	F21B1
1	0.604113	0.639984	0.612869	0.653471	Ǎ
1	0.616660	0.639984	0.659953	0.653471	F21B2
1	0.205928	0.658459	0.265755	0.671946	PM21C+,
1	0.269548	0.658459	0.323361	0.671946	PM21C-
1	0.556890	0.658459	0.600363	0.671946	F21C1
1	0.604130	0.658459	0.612885	0.671946	Ǎ
1	0.616676	0.658459	0.660142	0.671946	F21C2
1	0.206075	0.676935	0.265755	0.690422	PM22A+,
1	0.269548	0.676935	0.323214	0.690422	PM22A-
1	0.557037	0.676935	0.600363	0.690422	F22A1
1	0.604113	0.676935	0.612869	0.690422	Ǎ
1	0.616660	0.676935	0.659985	0.690422	F22A2
1	0.206108	0.695410	0.265755	0.708897	PM22B+,
1	0.269548	0.695410	0.323182	0.708897	PM22B-
1	0.557070	0.695410	0.600363	0.708897	F22B1
1	0.604113	0.695410	0.612869	0.708897	Ǎ
1	0.616660	0.695410	0.659953	0.708897	F22B2
1	0.205928	0.713885	0.265755	0.727372	PM22C+,
1	0.269548	0.713885	0.323362	0.727372	PM22C-
1	0.556891	0.713885	0.600363	0.727372	F22C1
1	0.604130	0.713885	0.612885	0.727372	Ǎ
1	0.616676	0.713885	0.660142	0.727372	F22C2
1	0.231508	0.732360	0.265364	0.745847	CM1,
1	0.269154	0.732360	0.297752	0.745847	CD1
1	0.604375	0.732360	0.630523	0.745847	CF1
1	0.231508	0.750836	0.265364	0.764323	CM2,
1	0.269154	0.750836	0.297752	0.764323	CD2
1	0.604375	0.750836	0.630523	0.764323	CF2
1	0.088222	0.782012	0.194216	0.795499	ƴƵƭƱƪƼƥƲƭƪ:
1	0.201060	0.782012	0.235335	0.795499	ƪǖǐǍ
1	0.242174	0.782012	0.278481	0.795499	ǓǉǍǒ
1	0.285330	0.782012	0.302430	0.795499	Ǎǌ
1	0.309276	0.782012	0.445434	0.795499	ǔǕǊǉǓǚǕǅǒǍǗǊǐǊǎ
1	0.452301	0.782012	0.493490	0.795499	ǙǅǌǠ
1	0.500308	0.782012	0.582290	0.795499	ǓǆǒǅǕǘǋǊǒ
1	0.589135	0.782012	0.708474	0.795499	ƵƥƬƳƱƯƲƸƷǀƱ.
1	0.715335	0.782012	0.765645	0.795499	ǇǖǊǈǉǅ
1	0.772489	0.782012	0.848243	0.795499	ǌǅǑǊǒǤǗǡ
1	0.855076	0.782012	0.882080	0.795499	Ǔǆǅ
1	0.088222	0.795869	0.215843	0.809356	ǔǕǊǉǓǚǕǅǒǍǗǊǐǤ
1	0.219780	0.795869	0.264895	0.809356	ǙǅǌǠ.
1	0.268848	0.795869	0.348250	0.809356	ƲǅǔǕǍǑǊǕ,
1	0.352170	0.795869	0.385803	0.809356	ǊǖǐǍ
1	0.389741	0.795869	0.430395	0.809356	F11A1
1	0.434316	0.795869	0.516299	0.809356	ǓǆǒǅǕǘǋǊǒ
1	0.520236	0.795869	0.639396	0.809356	ƵƥƬƳƱƯƲƸƷǀƱ,
1	0.643332	0.795869	0.719609	0.809356	ǌǅǑǊǒǍǗǡ
1	0.723518	0.795869	0.750522	0.809356	Ǔǆǅ
1	0.754456	0.795869	0.882077	0.809356	ǔǕǊǉǓǚǕǅǒǍǗǊǐǤ
1	0.088222	0.809725	0.128875	0.823212	F11A1
1	0.132635	0.809725	0.141766	0.823212	Ǎ
1	0.145557	0.809725	0.190543	0.823212	F11A2.
2	0.804862	0.101927	0.909328	0.115414	GET-6903A_RU
2	0.120053	0.115784	0.164634	0.129271	ƴǓǍǖǏ
2	0.168348	0.115784	0.177568	0.129271	Ǎ
2	0.181282	0.115784	0.265932	0.129271	ǘǖǗǕǅǒǊǒǍǊ
2	0.269661	0.115784	0.388998	0.129271	ǒǊǍǖǔǕǅǇǒǓǖǗǊǎ
2	0.392712	0.115784	0.442736	0.129271	ǝǏǅǙǅ
2	0.446450	0.115784	0.532605	0.129271	ǘǔǕǅǇǐǊǒǍǤ
2	0.536349	0.115784	0.552821	0.129271	ǖǓ
2	0.556535	0.115784	0.638766	0.129271	ǖǉǇǓǊǒǒǠǑ
2	0.641952	0.115784	0.674575	0.129271	IGBT
2	0.678817	0.115784	0.766093	0.129271	ǍǒǇǊǕǗǊǕǓǑ
2	0.769312	0.115784	0.831544	0.129271	17KG535
2	0.835757	0.115784	0.844977	0.129271	Ǎ
2	0.848691	0.115784	0.910923	0.129271	17KG537
2	0.298952	0.139998	0.317528	0.153485	ƧǓ
2	0.322098	0.139998	0.367443	0.153485	ǇǕǊǑǤ
2	0.381147	0.139998	0.451255	0.153485	ǘǉǅǐǊǒǍǤ
2	0.464976	0.139998	0.474107	0.153485	Ǎ
2	0.483238	0.139998	0.565887	0.153485	ǘǖǗǅǒǓǇǏǍ
2	0.579578	0.139998	0.715736	0.153485	ǔǕǊǉǓǚǕǅǒǍǗǊǐǊǎ
2	0.729463	0.139998	0.810330	0.153485	ǓǆǕǅǞǅǗǡ
2	0.814893	0.139998	0.888447	0.153485	ǇǒǍǑǅǒǍǊ
2	0.893020	0.139998	0.911462	0.153485	ǒǅ
2	0.128644	0.151609	0.287136	0.171223	ОСТОРОЖНО
2	0.298952	0.153854	0.397449	0.167341	ǓǕǍǊǒǗǅǛǍǣ
2	0.402823	0.153854	0.542957	0.167341	ǔǕǊǉǓǚǕǅǒǍǗǊǐǊǎ.
2	0.553672	0.153854	0.627536	0.167341	ưǊǔǊǖǗǏǍ
2	0.638284	0.153854	0.656726	0.167341	ǒǅ
2	0.667458	0.153854	0.724449	0.167341	ǏǅǋǉǓǑ
2	0.735181	0.153854	0.778473	0.167341	ǏǓǒǛǊ
2	0.783841	0.153854	0.911462	0.167341	ǔǕǊǉǓǚǕǅǒǍǗǊǐǤ
2	0.298952	0.167711	0.399898	0.181197	ǓǗǐǍǜǅǣǗǖǤ
2	0.407524	0.167711	0.425639	0.181197	ǔǓ
2	0.429465	0.167711	0.504881	0.181197	ǗǓǐǞǍǒǊ.
2	0.508703	0.167711	0.554848	0.181197	ƯǕǓǑǊ
2	0.562502	0.167711	0.605387	0.181197	ǗǓǈǓ,
2	0.613041	0.167711	0.713987	0.181197	ǓǗǐǍǜǅǣǗǖǤ
2	0.721616	0.167711	0.743668	0.181197	ǔǓ.
2	0.747497	0.167711	0.818976	0.181197	ǗǓǐǞǍǒǊ
2	0.822799	0.167711	0.915265	0.181197	ǑǓǒǗǅǋǒǠǊ
2	0.117607	0.181567	0.183288	0.195054	ǔǕǍǐǍǇǠ
2	0.195375	0.181567	0.326933	0.195054	ǔǕǊǉǓǚǕǅǒǍǗǊǐǤ.
2	0.339037	0.181567	0.368321	0.195054	ƩǐǤ
2	0.380412	0.181567	0.469484	0.195054	ǔǕǅǇǍǐǡǒǓǎ
2	0.481555	0.181567	0.576654	0.195054	ǓǕǍǊǒǗǅǛǍǍ
2	0.588742	0.181567	0.652306	0.195054	ǖǐǊǉǘǊǗ
2	0.664403	0.181567	0.761298	0.195054	ǖǓǇǑǊǖǗǍǗǡ
2	0.773354	0.181567	0.831154	0.195054	ǗǓǒǏǍǎ
2	0.843217	0.181567	0.915251	0.195054	ǐǊǔǊǖǗǓǏ
2	0.117607	0.195423	0.245228	0.208910	ǔǕǊǉǓǚǕǅǒǍǗǊǐǤ
2	0.259929	0.195423	0.267802	0.208910	ǖ
2	0.277603	0.195423	0.353421	0.208910	ǗǓǐǖǗǠǑ
2	0.358295	0.195423	0.435900	0.208910	ǔǕǍǐǍǇǓǑ.
2	0.450618	0.195423	0.549474	0.208910	ƲǊǔǕǅǇǍǐǡǒǓ
2	0.564175	0.195423	0.713603	0.208910	ǖǓǕǍǊǒǗǍǕǓǇǅǒǒǠǊ
2	0.718503	0.195423	0.846124	0.208910	ǔǕǊǉǓǚǕǅǒǍǗǊǐǤ
2	0.851025	0.195423	0.911446	0.208910	ǆǠǖǗǕǓ
2	0.117607	0.209280	0.186163	0.222767	ǇǠǚǓǉǤǗ
2	0.189952	0.209280	0.207053	0.222767	Ǎǌ
2	0.210841	0.209280	0.259099	0.222767	ǖǗǕǓǤ
2	0.262869	0.209280	0.305493	0.222767	ǔǓǖǐǊ
2	0.309276	0.209280	0.395799	0.222767	ǘǖǗǅǒǓǇǏǍ.
2	0.117608	0.238692	0.178072	0.254877	4.3.8.2.
2	0.188172	0.238692	0.360194	0.254877	ǂǏǖǔǐǘǅǗǅǛǍǓǒǒǠǊ
2	0.364741	0.238692	0.449360	0.254877	ǔǕǓǇǊǕǏǍ
2	0.453907	0.238692	0.530117	0.254877	ǙǅǌǒǓǈǓ
2	0.534665	0.238692	0.834802	0.254877	ǑǓǉǘǐǤ/ǓǔǗǓǇǓǐǓǏǒǅ/ǘǔǕǅǇǐǊǒǍǤ
2	0.117608	0.269325	0.129502	0.282811	1.
2	0.147010	0.269325	0.219930	0.282811	ƸǆǊǉǍǗǡǖǤ
2	0.225137	0.269325	0.233256	0.282811	Ǉ
2	0.238434	0.269325	0.267161	0.282811	ǗǓǑ,
2	0.272344	0.269325	0.295510	0.282811	ǜǗǓ
2	0.300684	0.269325	0.343415	0.282811	ǖǍǒǍǎ
2	0.348593	0.269325	0.357349	0.282811	Ǎ
2	0.362527	0.269325	0.406963	0.282811	ǖǊǕǠǎ
2	0.412134	0.269325	0.529693	0.282811	ǓǔǗǓǇǓǐǓǏǓǒǒǠǊ
2	0.534872	0.269325	0.584087	0.282811	ǏǅǆǊǐǍ
2	0.589265	0.269325	0.606761	0.282811	ǒǅ
2	0.611938	0.269325	0.666625	0.282811	ǙǅǌǒǓǑ
2	0.671803	0.269325	0.723633	0.282811	ǑǓǉǘǐǊ
2	0.728811	0.269325	0.804537	0.282811	ǔǓǐǒǓǖǗǡǣ
2	0.809715	0.269325	0.901335	0.282811	ǘǖǗǅǒǓǇǐǊǒǠ
2	0.906481	0.269325	0.915236	0.282811	Ǎ
2	0.146993	0.283181	0.260289	0.296668	ǌǅǙǍǏǖǍǕǓǇǅǒǠ
2	0.264618	0.283181	0.272491	0.296668	ǖ
2	0.276820	0.283181	0.402105	0.296668	ǖǓǓǗǇǊǗǖǗǇǘǣǞǍǚ
2	0.406450	0.283181	0.476210	0.296668	ǕǅǌǟǊǑǅǚ
2	0.480520	0.283181	0.509246	0.296668	(ƵǍǖ
2	0.513583	0.283181	0.537595	0.296668	38).
2	0.541930	0.283181	0.593702	0.296668	ƴǐǓǚǓǊ
2	0.598021	0.283181	0.683335	0.296668	ǖǓǊǉǍǒǊǒǍǊ
2	0.687680	0.283181	0.810558	0.296668	ǓǔǗǓǇǓǐǓǏǓǒǒǓǈǓ
2	0.814926	0.283181	0.863047	0.296668	ǏǅǆǊǐǤ
2	0.867376	0.283181	0.911453	0.296668	ǑǓǋǊǗ
2	0.146993	0.297037	0.184373	0.310524	ǖǗǅǗǡ
2	0.194086	0.297037	0.263164	0.310524	ǔǕǍǜǍǒǓǎ
2	0.272883	0.297037	0.398561	0.310524	ǏǕǅǗǏǓǇǕǊǑǊǒǒǓǎ
2	0.408296	0.297037	0.458075	0.310524	ǔǓǗǊǕǍ
2	0.467786	0.297037	0.507436	0.310524	ǖǇǊǗǅ
2	0.517149	0.297037	0.556626	0.310524	Ǎ/ǍǐǍ
2	0.566364	0.297037	0.675789	0.310524	ǔǕǓǒǍǏǒǓǇǊǒǍǤ
2	0.685508	0.297037	0.765883	0.310524	ǔǠǐǍ/ǈǕǤǌǍ
2	0.775625	0.297037	0.783744	0.310524	Ǉ
2	0.793463	0.297037	0.911463	0.310524	ǓǔǗǓǇǓǐǓǏǓǒǒǠǎ
2	0.147010	0.310894	0.203364	0.324381	ǕǅǌǟǊǑ,
2	0.213099	0.310894	0.257914	0.324381	ǐǣǆǓǊ
2	0.267640	0.310894	0.283613	0.324381	Ǎǌ
2	0.293350	0.310894	0.346748	0.324381	ǉǅǒǒǠǚ
2	0.356467	0.310894	0.414160	0.324381	ǘǖǐǓǇǍǎ
2	0.423879	0.310894	0.467956	0.324381	ǑǓǋǊǗ
2	0.477668	0.310894	0.543414	0.324381	ǔǕǍǇǊǖǗǍ
2	0.553134	0.310894	0.560141	0.324381	Ǐ
2	0.569860	0.310894	0.677785	0.324381	ǒǊǋǊǐǅǗǊǐǡǒǓǎ
2	0.687468	0.310894	0.778664	0.324381	ǕǊǈǍǖǗǕǅǛǍǍ
2	0.788383	0.310894	0.841747	0.324381	ǐǓǋǒǠǚ
2	0.851466	0.310894	0.911414	0.324381	ǖǓǆǠǗǍǎ
2	0.146977	0.324750	0.225905	0.338237	ǍǒǇǊǕǗǓǕǅ.
2	0.235167	0.324750	0.244478	0.338237	Ƨ
2	0.253739	0.324750	0.302212	0.338237	ǖǐǘǜǅǊ
2	0.311449	0.324750	0.385522	0.338237	ǔǓǐǘǜǊǒǍǤ
2	0.394771	0.324750	0.476705	0.338237	ǍǒǖǗǕǘǏǛǍǎ
2	0.485966	0.324750	0.558018	0.338237	ǓǗǏǐǣǜǍǗǡ
2	0.567296	0.324750	0.683041	0.338237	ǓǔǗǓǇǓǐǓǏǓǒǒǓǊ
2	0.692303	0.324750	0.780852	0.338237	ǖǓǊǉǍǒǊǒǍǊ,
2	0.790114	0.324750	0.845514	0.338237	ǖǐǊǉǘǊǗ
2	0.854749	0.324750	0.911414	0.338237	ǔǕǍǒǤǗǡ
2	0.146977	0.338607	0.228421	0.352094	ǖǐǊǉǘǣǞǍǊ
2	0.232210	0.338607	0.270307	0.352094	ǑǊǕǠ
2	0.274059	0.338607	0.412347	0.352094	ǔǕǊǉǓǖǗǓǕǓǋǒǓǖǗǍ:
2	0.298920	0.366320	0.402660	0.379806	ƳǔǗǓǇǓǐǓǏǒǓ
2	0.412151	0.366320	0.486526	0.379806	ǔǊǕǊǉǅǊǗ
2	0.491275	0.366320	0.596502	0.379806	ǍǒǗǊǒǖǍǇǒǠǎ
2	0.606008	0.366320	0.648200	0.379806	ǖǇǊǗ.
2	0.657690	0.366320	0.720072	0.379806	ƲǍǏǓǈǉǅ
2	0.729562	0.366320	0.746811	0.379806	ǒǊ
2	0.751565	0.366320	0.831942	0.379806	ǖǑǓǗǕǊǗǡ
2	0.836684	0.366320	0.883498	0.379806	ǔǕǤǑǓ
2	0.892988	0.366320	0.911430	0.379806	ǒǅ
2	0.159811	0.378341	0.286145	0.395705	ПРЕДУПРЕЖДȿɇɂȿ
2	0.300851	0.380986	0.375074	0.394473	ǍǖǗǓǜǒǍǏ
2	0.378848	0.380986	0.430269	0.394473	ǖǇǊǗǅ.
2	0.434052	0.380986	0.443689	0.394473	Ƨ
2	0.447479	0.380986	0.498042	0.394473	ǖǐǘǜǅǊ
2	0.501830	0.380986	0.580350	0.394473	ǔǓǐǘǜǊǒǍǤ
2	0.584139	0.380986	0.676821	0.394473	ǍǒǖǗǕǘǏǛǍǎ
2	0.680611	0.380986	0.764390	0.394473	ǔǕǓǇǊǕǍǗǡ
2	0.768180	0.380986	0.830071	0.394473	ǒǅǐǍǜǍǊ
2	0.833861	0.380986	0.881351	0.394473	ǖǇǊǗǅ
2	0.885118	0.380986	0.893726	0.394473	Ǉ
2	0.298904	0.394032	0.405307	0.407519	ǓǗǏǐǣǜǊǒǒǓǑ
2	0.410027	0.394032	0.540839	0.407519	ǓǔǗǓǇǓǐǓǏǓǒǒǓǑ
2	0.545554	0.394032	0.595938	0.407519	ǏǅǆǊǐǊ
2	0.600667	0.394032	0.627521	0.407519	ǍǐǍ
2	0.632258	0.394032	0.650699	0.407519	ǒǅ
2	0.655436	0.394032	0.725696	0.407519	ǉǕǅǎǇǊǕǊ
2	0.730444	0.394032	0.794305	0.407519	ǙǅǌǒǓǈǓ
2	0.799032	0.394032	0.856644	0.407519	ǑǓǉǘǐǊ,
2	0.861381	0.394032	0.888235	0.407519	ǍǐǍ
2	0.892972	0.394032	0.911414	0.407519	ǒǅ
2	0.117559	0.407889	0.217280	0.421376	ǔǊǕǊǉǅǗǜǍǏǊ
2	0.234138	0.407889	0.363087	0.421376	ǓǔǗǓǇǓǐǓǏǓǒǒǓǎ
2	0.388351	0.407889	0.444787	0.421376	ǔǐǅǗǠ,
2	0.453215	0.407889	0.511284	0.421376	ƧƶƪƨƩƥ
2	0.519713	0.407889	0.602802	0.421376	ǓǗǕǅǋǅǗǡ
2	0.619664	0.407889	0.657919	0.421376	ǖǇǊǗ
2	0.666348	0.407889	0.684789	0.421376	ǒǅ
2	0.701646	0.407889	0.791535	0.421376	ǆǐǍǋǅǎǝǘǣ
2	0.808392	0.407889	0.911414	0.421376	ǔǓǇǊǕǚǒǓǖǗǡ,
2	0.117559	0.421745	0.195294	0.435232	ǒǅǔǕǍǑǊǕ,
2	0.199084	0.421745	0.255977	0.435232	ǐǅǉǓǒǡ.
2	0.259760	0.421745	0.368873	0.435232	ƲǊǖǓǆǐǣǉǊǒǍǊ
2	0.372703	0.421745	0.411280	0.435232	ǢǗǍǚ
2	0.415068	0.421745	0.468906	0.435232	ǔǕǅǇǍǐ
2	0.472696	0.421745	0.525554	0.435232	ǑǓǋǊǗ
2	0.529344	0.421745	0.581889	0.435232	ǖǗǅǗǡ
2	0.585655	0.421745	0.658033	0.435232	ǔǕǍǜǍǒǓǎ
2	0.661823	0.421745	0.717434	0.435232	ǗǕǅǇǑ.
2	0.146961	0.449458	0.159099	0.462945	a.
2	0.176363	0.449458	0.221697	0.462945	ƴǊǕǊǉ
2	0.235183	0.449458	0.328584	0.462945	ǓǗǏǐǣǜǊǒǍǊǑ
2	0.342092	0.449458	0.421113	0.462945	ǏǅǏǍǚ-ǐǍǆǓ
2	0.434594	0.449458	0.551533	0.462945	ǓǔǗǓǇǓǐǓǏǓǒǒǠǚ
2	0.565041	0.449458	0.650797	0.462945	ǖǓǊǉǍǒǊǒǍǎ
2	0.664289	0.449458	0.737795	0.462945	ǇǍǌǘǅǐǡǒǓ
2	0.751303	0.449458	0.825821	0.462945	ǔǕǓǇǊǕǍǗǡ
2	0.839313	0.449458	0.911425	0.462945	ǒǅǕǘǋǒǠǊ
2	0.176363	0.463315	0.267182	0.476801	ǔǓǇǊǕǚǒǓǖǗǍ
2	0.273128	0.463315	0.396006	0.476801	ǓǔǗǓǇǓǐǓǏǓǒǒǓǈǓ
2	0.401991	0.463315	0.464055	0.476801	ǕǅǌǟǊǑǅ
2	0.469991	0.463315	0.539821	0.476801	ǉǕǅǎǇǊǕǅ
2	0.545771	0.463315	0.577354	0.476801	IGBT
2	0.589281	0.463313	0.606777	0.476800	ǒǅ
2	0.618667	0.463313	0.672848	0.476800	ǜǍǖǗǓǗǘ
2	0.678815	0.463313	0.710782	0.476800	(ƵǍǖ.
2	0.722678	0.463313	0.746690	0.476800	38).
2	0.758588	0.463313	0.783991	0.476800	ƩǐǤ
2	0.789934	0.463313	0.911462	0.476800	ǔǕǊǉǓǗǇǕǅǞǊǒǍǤ
2	0.176411	0.477170	0.264927	0.490656	ǌǅǈǕǤǌǒǊǒǍǤ
2	0.269468	0.477170	0.351433	0.490656	ǇǒǘǗǕǊǒǒǍǚ
2	0.355959	0.477170	0.455093	0.490656	ǔǓǇǊǕǚǒǓǖǗǊǎ
2	0.459634	0.477170	0.524907	0.490656	ǕǅǌǟǊǑǅ,
2	0.529464	0.477170	0.625821	0.490656	ǍǖǔǓǐǡǌǓǇǅǗǡ
2	0.630362	0.477170	0.680329	0.490656	ǆǅǐǐǓǒ
2	0.684870	0.477170	0.692743	0.490656	ǖ
2	0.697284	0.477170	0.780195	0.490656	ǓǖǘǝǊǒǒǠǑ
2	0.784723	0.477170	0.839076	0.490656	ǖǋǅǗǠǑ
2	0.843609	0.477170	0.911451	0.490656	ǇǓǌǉǘǚǓǑ
2	0.176411	0.491026	0.200566	0.504513	ǉǐǤ
2	0.204354	0.491026	0.271032	0.504513	ǘǉǅǐǊǒǍǤ
2	0.274821	0.491026	0.356085	0.504513	ǓǖǗǅǗǓǜǒǓǎ
2	0.359875	0.491026	0.443483	0.504513	ǔǠǐǍ/ǈǕǤǌǍ.
2	0.147009	0.518739	0.159147	0.532226	b.
2	0.176411	0.518739	0.219593	0.532226	ƴǓǖǐǊ
2	0.224663	0.518739	0.305813	0.532226	ǍǌǇǐǊǜǊǒǍǤ
2	0.310893	0.518739	0.401092	0.532226	ǓǔǗǓǇǓǐǓǏǒǅ
2	0.406172	0.518739	0.422145	0.532226	Ǎǌ
2	0.427210	0.518739	0.492483	0.532226	ǕǅǌǟǊǑǅ,
2	0.497579	0.518739	0.593936	0.532226	ǍǖǔǓǐǡǌǓǇǅǗǡ
2	0.599000	0.518739	0.648967	0.532226	ǆǅǐǐǓǒ
2	0.654047	0.518739	0.661920	0.532226	ǖ
2	0.666984	0.518739	0.749894	0.532226	ǓǖǘǝǊǒǒǠǑ
2	0.754961	0.518739	0.809314	0.532226	ǖǋǅǗǠǑ
2	0.814370	0.518739	0.882212	0.532226	ǇǓǌǉǘǚǓǑ
2	0.887303	0.518739	0.911459	0.532226	ǉǐǤ
2	0.176411	0.532595	0.243088	0.546082	ǘǉǅǐǊǒǍǤ
2	0.249981	0.532595	0.298805	0.546082	ǜǅǖǗǍǛ
2	0.305698	0.532595	0.389306	0.546082	ǔǠǐǍ/ǈǕǤǌǍ,
2	0.396207	0.532595	0.454985	0.546082	ǏǓǗǓǕǠǊ
2	0.461888	0.532595	0.503861	0.546082	ǑǓǈǐǍ
2	0.510745	0.532595	0.572424	0.546082	ǓǖǗǅǗǡǖǤ
2	0.579317	0.532595	0.596813	0.546082	ǒǅ
2	0.603704	0.532595	0.645030	0.546082	ǗǓǕǛǊ
2	0.651923	0.532595	0.713988	0.546082	ǕǅǌǟǊǑǅ
2	0.720871	0.532595	0.814304	0.546082	ǓǔǗǓǇǓǐǓǏǒǅ.
2	0.821198	0.532595	0.853528	0.546082	ƪǖǐǍ
2	0.860417	0.532595	0.911462	0.546082	ǓǖǑǓǗǕ
2	0.176411	0.546452	0.218325	0.559939	ǗǓǕǛǅ
2	0.222180	0.546452	0.284244	0.559939	ǕǅǌǟǊǑǅ
2	0.288090	0.546452	0.378289	0.559939	ǓǔǗǓǇǓǐǓǏǒǅ
2	0.382143	0.546452	0.442238	0.559939	ǔǓǏǅǌǅǐ,
2	0.446093	0.546452	0.469258	0.559939	ǜǗǓ
2	0.473110	0.546452	0.562280	0.559939	ǌǅǈǕǤǌǒǊǒǍǊ
2	0.566135	0.546452	0.633188	0.559939	ǓǖǗǅǐǓǖǡ,
2	0.637043	0.546452	0.699751	0.559939	ǓǜǍǖǗǍǗǡ
2	0.703606	0.546452	0.744938	0.559939	ǗǓǕǊǛ
2	0.748787	0.546452	0.814059	0.559939	ǕǅǌǟǊǑǅ,
2	0.817931	0.546452	0.840845	0.559939	ǏǅǏ
2	0.844703	0.546452	0.911462	0.559939	ǔǓǏǅǌǅǒǓ
2	0.176411	0.560308	0.193907	0.573795	ǒǅ
2	0.202056	0.560308	0.227329	0.573795	ƵǍǖ
2	0.235470	0.560308	0.256022	0.573795	39,
2	0.264163	0.560308	0.310520	0.573795	ǒǓǇǠǑ
2	0.318668	0.560308	0.370562	0.573795	ǜǍǖǗǠǑ
2	0.378713	0.560308	0.431637	0.573795	ǇǅǗǒǠǑ
2	0.439771	0.560308	0.513652	0.573795	ǗǅǑǔǓǒǓǑ,
2	0.521803	0.560308	0.603080	0.573795	ǖǑǓǜǊǒǒǠǑ
2	0.611218	0.560308	0.724808	0.573795	ǍǌǓǔǕǓǔǍǐǓǇǠǑ
2	0.732942	0.560308	0.795797	0.573795	ǖǔǍǕǗǓǑ,
2	0.803948	0.560308	0.852037	0.573795	ǘǉǊǐǤǤ
2	0.860188	0.560308	0.911454	0.573795	ǓǖǓǆǓǊ
2	0.176411	0.574165	0.246731	0.587651	ǇǒǍǑǅǒǍǊ
2	0.251860	0.574165	0.305951	0.587651	ǖǅǑǓǑǘ
2	0.311072	0.574165	0.403558	0.587651	ǓǔǗǓǇǓǐǓǏǒǘ.
2	0.408703	0.574165	0.450885	0.587651	ƬǅǗǊǑ
2	0.456008	0.574165	0.518716	0.587651	ǓǜǍǖǗǍǗǡ
2	0.523845	0.574165	0.610859	0.587651	ǓǖǗǅǇǝǘǣǖǤ
2	0.615988	0.574165	0.654887	0.587651	ǜǅǖǗǡ
2	0.660025	0.574165	0.737467	0.587651	ǒǅǕǘǋǒǓǈǓ
2	0.742596	0.574165	0.807869	0.587651	ǕǅǌǟǊǑǅ.
2	0.813014	0.574165	0.911462	0.587651	ƭǖǔǓǐǡǌǓǇǅǗǡ
2	0.176411	0.588021	0.221233	0.601508	ǒǓǇǠǎ
2	0.225022	0.588021	0.276606	0.601508	ǗǅǑǔǓǒ
2	0.280396	0.588021	0.304552	0.601508	ǉǐǤ
2	0.308339	0.588021	0.367771	0.601508	ǏǅǋǉǓǈǓ
2	0.371591	0.588021	0.436864	0.601508	ǕǅǌǟǊǑǅ.
2	0.147009	0.615734	0.158118	0.629221	c.
2	0.176411	0.615734	0.218593	0.629221	ƬǅǗǊǑ
2	0.227832	0.615734	0.299850	0.629221	ǍǖǔǓǐǡǌǘǤ
2	0.304473	0.615734	0.354440	0.629221	ǆǅǐǐǓǒ
2	0.359063	0.615734	0.366936	0.629221	ǖ
2	0.376181	0.615734	0.459092	0.629221	ǓǖǘǝǊǒǒǠǑ
2	0.468324	0.615734	0.522677	0.629221	ǖǋǅǗǠǑ
2	0.527291	0.615734	0.595133	0.629221	ǇǓǌǉǘǚǓǑ
2	0.604390	0.615734	0.659790	0.629221	ǖǐǊǉǘǊǗ
2	0.669026	0.615734	0.726441	0.629221	ǔǕǓǉǘǗǡ
2	0.735686	0.615734	0.853687	0.629221	ǓǔǗǓǇǓǐǓǏǓǒǒǠǎ
2	0.858309	0.615734	0.911470	0.629221	ǕǅǌǟǊǑ
2	0.176411	0.629590	0.236277	0.643077	ǙǅǌǒǓǈǓ
2	0.244738	0.629590	0.305665	0.643077	ǇǓǌǉǘǚǅ,
2	0.314159	0.629590	0.356678	0.643077	ǜǗǓǆǠ
2	0.365139	0.629590	0.421411	0.643077	ǘǉǅǐǍǗǡ
2	0.429889	0.629590	0.514518	0.643077	ǓǖǗǅǇǝǍǊǖǤ
2	0.522979	0.629590	0.582397	0.643077	ǜǅǖǗǍǛǠ
2	0.590865	0.629590	0.674481	0.643077	ǔǠǐǍ/ǈǕǤǌǍ.
2	0.682942	0.629590	0.773125	0.643077	ƬǅǈǕǤǌǒǊǒǍǊ
2	0.781570	0.629590	0.840920	0.643077	ǉǅǒǒǓǈǓ
2	0.849407	0.629590	0.911472	0.643077	ǕǅǌǟǊǑǅ
2	0.176411	0.643447	0.220488	0.656934	ǑǓǋǊǗ
2	0.229253	0.643447	0.294101	0.656934	ǔǓǒǍǌǍǗǡ
2	0.302872	0.643447	0.407707	0.656934	ǍǒǗǊǒǖǍǇǒǓǖǗǡ
2	0.416478	0.643447	0.456129	0.656934	ǖǇǊǗǅ
2	0.464894	0.643447	0.473649	0.656934	Ǎ
2	0.482437	0.643447	0.548183	0.656934	ǔǕǍǇǊǖǗǍ
2	0.556955	0.643447	0.563962	0.656934	Ǐ
2	0.572734	0.643447	0.680659	0.656934	ǒǊǋǊǐǅǗǊǐǡǒǓǎ
2	0.689395	0.643447	0.780590	0.656934	ǕǊǈǍǖǗǕǅǛǍǍ
2	0.789362	0.643447	0.842726	0.656934	ǐǓǋǒǠǚ
2	0.851498	0.643447	0.911445	0.656934	ǖǓǆǠǗǍǎ
2	0.176394	0.657303	0.255323	0.670790	ǍǒǇǊǕǗǓǕǅ.
2	0.146992	0.685016	0.159130	0.698503	d.
2	0.176394	0.685016	0.185705	0.698503	Ƨ
2	0.197502	0.685016	0.245974	0.698503	ǖǐǘǜǅǊ
2	0.251843	0.685016	0.316484	0.698503	ǖǍǐǡǒǓǈǓ
2	0.322408	0.685016	0.410925	0.698503	ǌǅǈǕǤǌǒǊǒǍǤ
2	0.418999	0.685016	0.449601	0.698503	(ǍǐǍ
2	0.461397	0.685016	0.493809	0.698503	ǊǖǐǍ
2	0.505607	0.685016	0.612569	0.698503	ǒǊǋǊǐǅǗǊǐǡǒǅǤ
2	0.618421	0.685016	0.708522	0.698503	ǕǊǈǍǖǗǕǅǛǍǤ
2	0.714419	0.685016	0.767784	0.698503	ǐǓǋǒǠǚ
2	0.773680	0.685016	0.833628	0.698503	ǖǓǆǠǗǍǎ
2	0.839525	0.685016	0.915212	0.698503	ǍǒǇǊǕǗǓǕǅ
2	0.176378	0.698872	0.277358	0.712359	ǔǕǓǉǓǐǋǅǊǗǖǤ
2	0.289674	0.698872	0.313983	0.712359	ǆǊǌ
2	0.326296	0.698872	0.389517	0.712359	ǇǍǉǍǑǠǚ
2	0.401843	0.698872	0.460091	0.712359	ǔǕǍǜǍǒ),
2	0.472408	0.698872	0.568765	0.712359	ǍǖǔǓǐǡǌǓǇǅǗǡ
2	0.581081	0.698872	0.625902	0.712359	ǒǓǇǠǎ
2	0.638219	0.698872	0.688578	0.712359	ǜǍǖǗǠǎ
2	0.700878	0.698872	0.752266	0.712359	ǇǅǗǒǠǎ
2	0.764582	0.698872	0.819401	0.712359	ǗǅǑǔǓǒ,
2	0.831717	0.698872	0.911458	0.712359	ǖǑǓǜǊǒǒǠǎ
2	0.176411	0.712729	0.290001	0.726216	ǍǌǓǔǕǓǔǍǐǓǇǠǑ
2	0.293692	0.712729	0.356547	0.726216	ǖǔǍǕǗǓǑ,
2	0.360239	0.712729	0.383153	0.726216	ǏǅǏ
2	0.386864	0.712729	0.453623	0.726216	ǔǓǏǅǌǅǒǓ
2	0.457314	0.712729	0.474810	0.726216	ǒǅ
2	0.478500	0.712729	0.503773	0.726216	ƵǍǖ
2	0.507487	0.712729	0.527974	0.726216	40,
2	0.531718	0.712729	0.574237	0.726216	ǜǗǓǆǠ
2	0.577928	0.712729	0.634200	0.726216	ǘǉǅǐǍǗǡ
2	0.637892	0.712729	0.672260	0.726216	ǔǠǐǡ
2	0.675968	0.712729	0.684723	0.726216	Ǎ
2	0.688414	0.712729	0.726614	0.726216	ǈǕǤǌǡ
2	0.730312	0.712729	0.738186	0.726216	ǖ
2	0.741877	0.712729	0.823842	0.726216	ǇǒǘǗǕǊǒǒǍǚ
2	0.827535	0.712729	0.836290	0.726216	Ǎ
2	0.839982	0.712729	0.911473	0.726216	ǒǅǕǘǋǒǠǚ
2	0.176411	0.726585	0.275545	0.740072	ǔǓǇǊǕǚǒǓǖǗǊǎ
2	0.283042	0.726585	0.345106	0.740072	ǕǅǌǟǊǑǅ
2	0.352578	0.726585	0.422408	0.740072	ǉǕǅǎǇǊǕǅ
2	0.429905	0.726585	0.489771	0.740072	ǙǅǌǒǓǈǓ
2	0.497269	0.726585	0.551679	0.740072	ǑǓǉǘǐǤ.
2	0.559176	0.726585	0.627209	0.740072	ƲǅǜǍǒǅǗǡ
2	0.634707	0.726585	0.642580	0.740072	ǖ
2	0.650078	0.726585	0.732042	0.740072	ǇǒǘǗǕǊǒǒǍǚ
2	0.739509	0.726585	0.838642	0.740072	ǔǓǇǊǕǚǒǓǖǗǊǎ
2	0.846140	0.726585	0.911396	0.740072	ǕǅǌǟǊǑǅ,
2	0.176394	0.740442	0.264911	0.753929	ǌǅǏǅǒǜǍǇǅǗǡ
2	0.268700	0.740442	0.351546	0.753929	ǒǅǕǘǋǒǠǑǍ
2	0.355289	0.740442	0.467295	0.753929	ǔǓǇǊǕǚǒǓǖǗǤǑǍ.
2	0.471078	0.740442	0.569526	0.753929	ƭǖǔǓǐǡǌǓǇǅǗǡ
2	0.573315	0.740442	0.618137	0.753929	ǒǓǇǠǎ
2	0.621927	0.740442	0.673511	0.753929	ǗǅǑǔǓǒ
2	0.677300	0.740442	0.701456	0.753929	ǉǐǤ
2	0.705244	0.740442	0.764675	0.753929	ǏǅǋǉǓǈǓ
2	0.768519	0.740442	0.833775	0.753929	ǕǅǌǟǊǑǅ.
2	0.117558	0.768155	0.223552	0.781642	ƴƵƭƱƪƼƥƲƭƪ:
2	0.228060	0.768155	0.307576	0.781642	ƧǓǌǑǓǋǒǓ,
2	0.312085	0.768155	0.359987	0.781642	ǆǘǉǊǗ
2	0.364502	0.768155	0.454244	0.781642	ǒǊǓǆǚǓǉǍǑǓ
2	0.458736	0.768155	0.524688	0.781642	ǘǉǅǐǍǗǡ
2	0.529186	0.768155	0.615592	0.781642	ǒǊǏǓǗǓǕǘǣ
2	0.620071	0.768155	0.667431	0.781642	ǜǅǖǗǡ
2	0.671933	0.768155	0.715453	0.781642	ǇǅǗǠ
2	0.719940	0.768155	0.738055	0.781642	ǔǓ
2	0.747055	0.768155	0.832631	0.781642	ǔǊǕǍǑǊǗǕǘ
2	0.837140	0.768155	0.911396	0.781642	ǗǅǑǔǓǒǅ,
2	0.117558	0.782011	0.169573	0.795498	ǜǗǓǆǠ
2	0.173356	0.782011	0.191505	0.795498	Ǔǒ
2	0.195297	0.782011	0.247281	0.795498	ǇǚǓǉǍǐ
2	0.251069	0.782011	0.259677	0.795498	Ǉ
2	0.267260	0.782011	0.326064	0.795498	ǕǅǌǟǊǑ.
2	0.146960	0.809724	0.158511	0.823211	e.
2	0.176362	0.809724	0.219543	0.823211	ƴǓǖǐǊ
2	0.226704	0.809724	0.301712	0.823211	ǓǏǓǒǜǅǒǍǤ
2	0.308867	0.809724	0.367655	0.823211	ǓǜǍǖǗǏǍ,
2	0.374793	0.809724	0.403659	0.823211	ǊǞǊ
2	0.410810	0.809724	0.435838	0.823211	Ǖǅǌ
2	0.442973	0.809724	0.500388	0.823211	ǔǕǓǉǘǗǡ
2	0.507527	0.809724	0.560687	0.823211	ǕǅǌǟǊǑ
2	0.567833	0.809724	0.650744	0.823211	ǓǖǘǝǊǒǒǠǑ
2	0.657869	0.809724	0.712222	0.823211	ǖǋǅǗǠǑ
2	0.719368	0.809724	0.787210	0.823211	ǇǓǌǉǘǚǓǑ
2	0.794360	0.809724	0.810333	0.823211	Ǎǌ
2	0.817489	0.809724	0.879593	0.823211	ǆǅǐǐǓǒǅ.
2	0.886731	0.809724	0.911426	0.823211	ǂǗǓ
2	0.176378	0.823580	0.275513	0.837067	ǓǆǊǖǔǊǜǍǇǅǊǗ
2	0.283251	0.823580	0.298837	0.837067	(1)
2	0.306596	0.823580	0.383610	0.837067	ǍǖǔǅǕǊǒǍǊ
2	0.391389	0.823580	0.431163	0.837067	ǇǖǊǈǓ
2	0.438922	0.823580	0.488383	0.837067	ǖǔǍǕǗǅ
2	0.496158	0.823580	0.512131	0.837067	Ǎǌ
2	0.519892	0.823580	0.576556	0.837067	ǔǓǐǓǖǗǍ
2	0.584331	0.823580	0.646396	0.837067	ǕǅǌǟǊǑǅ
2	0.654145	0.823580	0.662900	0.837067	Ǎ
2	0.670675	0.823580	0.686262	0.837067	(2)
2	0.694017	0.823580	0.761348	0.837067	ǘǉǅǐǊǒǍǊ
2	0.769123	0.823580	0.801127	0.837067	ǇǖǊǚ
2	0.808898	0.823580	0.866385	0.837067	ǇǓǐǓǏǓǒ
2	0.874154	0.823580	0.911429	0.837067	ǇǅǗǠ,
2	0.176378	0.837437	0.235156	0.850924	ǏǓǗǓǕǠǊ
2	0.238955	0.837437	0.280928	0.850924	ǑǓǈǐǍ
2	0.284716	0.837437	0.346395	0.850924	ǓǖǗǅǗǡǖǤ
2	0.350185	0.837437	0.398951	0.850924	ǇǒǘǗǕǍ
2	0.402741	0.837437	0.462640	0.850924	ǔǓǐǓǖǗǍ.
3	0.087882	0.101856	0.194481	0.115343	GET-6903A_RU
3	0.087882	0.115711	0.132464	0.129198	ƴǓǍǖǏ
3	0.136178	0.115711	0.145398	0.129198	Ǎ
3	0.149112	0.115711	0.233762	0.129198	ǘǖǗǕǅǒǊǒǍǊ
3	0.237490	0.115711	0.356828	0.129198	ǒǊǍǖǔǕǅǇǒǓǖǗǊǎ
3	0.360541	0.115711	0.410565	0.129198	ǝǏǅǙǅ
3	0.414279	0.115711	0.500434	0.129198	ǘǔǕǅǇǐǊǒǍǤ
3	0.504178	0.115711	0.520650	0.129198	ǖǓ
3	0.524364	0.115711	0.606596	0.129198	ǖǉǇǓǊǒǒǠǑ
3	0.609973	0.115711	0.642597	0.129198	IGBT
3	0.646647	0.115711	0.733922	0.129198	ǍǒǇǊǕǗǊǕǓǑ
3	0.737350	0.115711	0.799581	0.129198	17KG535
3	0.803586	0.115711	0.812807	0.129198	Ǎ
3	0.816521	0.115711	0.878752	0.129198	17KG537
3	0.666451	0.208952	0.708293	0.218190	CABLES
3	0.711325	0.208952	0.744229	0.218190	(MALE
3	0.747261	0.208952	0.819930	0.218190	CONNECTOR)
3	0.104654	0.213577	0.182746	0.222815	ПЕРЕДАТЧИК
3	0.125541	0.214379	0.201242	0.223617	TRANSMITTER
3	0.185778	0.213577	0.261857	0.222815	(ГНЕЗДОВОЙ
3	0.204273	0.214379	0.250167	0.223617	(FEMALE
3	0.253199	0.214379	0.325868	0.223617	CONNECTOR)
3	0.264889	0.213577	0.316389	0.222815	РАЗЪЕМ)
3	0.694643	0.214381	0.741478	0.223618	КАБЕЛИ
3	0.744509	0.214381	0.816917	0.223618	(ШТЫРЕВОЙ
3	0.819949	0.214381	0.871448	0.223618	РАЗЪЕМ)
3	0.662740	0.342159	0.715062	0.351396	RECEIVER
3	0.718094	0.342159	0.763987	0.351396	(FEMALE
3	0.767019	0.342159	0.839688	0.351396	CONNECTOR)
3	0.656355	0.345796	0.723823	0.355033	ПРИЕМНИК
3	0.726855	0.345796	0.802935	0.355033	(ГНЕЗДОВОЙ
3	0.805966	0.345796	0.857466	0.355033	РАЗЪЕМ)
3	0.827988	0.470439	0.862427	0.477367	E-60181
3	0.148839	0.487562	0.173828	0.501049	ƵǍǖ
3	0.177617	0.487562	0.198169	0.501049	38.
3	0.205749	0.487562	0.274615	0.501049	ƴǕǓǇǊǕǏǅ
3	0.278404	0.487562	0.375202	0.501049	ǔǓǇǊǕǚǒǓǖǗǍ
3	0.378992	0.487562	0.509227	0.501049	ǓǔǗǓǇǓǐǓǏǓǒǒǓǈǓ
3	0.513016	0.487562	0.572817	0.501049	ǕǅǌǟǊǑǅ
3	0.576606	0.487562	0.645146	0.501049	ǉǕǅǎǇǊǕǅ
3	0.648935	0.487562	0.680444	0.501049	,*%7
3	0.684234	0.487562	0.701695	0.501049	ǒǅ
3	0.705485	0.487562	0.764183	0.501049	ǒǅǐǍǜǍǊ
3	0.767969	0.487562	0.857417	0.501049	ǌǅǈǕǤǌǒǊǒǍǎ
3	0.827988	0.845717	0.862427	0.852645	E-60182
3	0.238401	0.862841	0.263390	0.876328	ƵǍǖ
3	0.267179	0.862841	0.287731	0.876328	39.
3	0.295310	0.862841	0.359358	0.876328	ƳǜǍǖǗǏǅ
3	0.363147	0.862841	0.437404	0.876328	ǗǓǕǛǊǇǠǚ
3	0.441193	0.862841	0.545914	0.876328	ǔǓǇǊǕǚǒǓǖǗǊǎ
3	0.549703	0.862841	0.679938	0.876328	ǓǔǗǓǇǓǐǓǏǓǒǒǓǈǓ
3	0.683711	0.862841	0.731890	0.876328	ǏǅǆǊǐǤ
4	0.804862	0.101927	0.911461	0.115414	GET-6903A_RU
4	0.120058	0.115784	0.164639	0.129271	ƴǓǍǖǏ
4	0.168353	0.115784	0.177574	0.129271	Ǎ
4	0.181287	0.115784	0.265938	0.129271	ǘǖǗǕǅǒǊǒǍǊ
4	0.269666	0.115784	0.389003	0.129271	ǒǊǍǖǔǕǅǇǒǓǖǗǊǎ
4	0.392717	0.115784	0.442741	0.129271	ǝǏǅǙǅ
4	0.446455	0.115784	0.532610	0.129271	ǘǔǕǅǇǐǊǒǍǤ
4	0.536354	0.115784	0.552826	0.129271	ǖǓ
4	0.556540	0.115784	0.638771	0.129271	ǖǉǇǓǊǒǒǠǑ
4	0.641957	0.115784	0.674581	0.129271	IGBT
4	0.678823	0.115784	0.766098	0.129271	ǍǒǇǊǕǗǊǕǓǑ
4	0.769317	0.115784	0.831549	0.129271	17KG535
4	0.835762	0.115784	0.844982	0.129271	Ǎ
4	0.848696	0.115784	0.910928	0.129271	17KG537
4	0.857391	0.470439	0.891830	0.477367	E-60183
4	0.318097	0.487562	0.343085	0.501049	ƵǍǖ
4	0.346875	0.487562	0.367427	0.501049	40.
4	0.375011	0.487562	0.439058	0.501049	ƳǜǍǖǗǏǅ
4	0.442848	0.487562	0.567137	0.501049	ǓǔǗǓǇǓǐǓǏǓǒǒǠǚ
4	0.570926	0.487562	0.638621	0.501049	ǕǅǌǟǊǑǓǇ
4	0.642434	0.487562	0.710962	0.501049	ǉǕǅǎǇǊǕǅ
4	0.298953	0.515275	0.402693	0.528762	ƳǔǗǓǇǓǐǓǏǒǓ
4	0.412183	0.515275	0.486559	0.528762	ǔǊǕǊǉǅǊǗ
4	0.491307	0.515275	0.596534	0.528762	ǍǒǗǊǒǖǍǇǒǠǎ
4	0.606041	0.515275	0.648232	0.528762	ǖǇǊǗ.
4	0.657723	0.515275	0.720104	0.528762	ƲǍǏǓǈǉǅ
4	0.729594	0.515275	0.746844	0.528762	ǒǊ
4	0.751597	0.515275	0.831974	0.528762	ǖǑǓǗǕǊǗǡ
4	0.836716	0.515275	0.883531	0.528762	ǔǕǤǑǓ
4	0.893021	0.515275	0.911462	0.528762	ǒǅ
4	0.159811	0.527297	0.286145	0.544661	ПРЕДУПРЕЖДȿɇɂȿ
4	0.295969	0.529941	0.370192	0.543428	ǍǖǗǓǜǒǍǏ
4	0.373966	0.529941	0.425387	0.543428	ǖǇǊǗǅ.
4	0.429170	0.529941	0.438807	0.543428	Ƨ
4	0.442597	0.529941	0.493160	0.543428	ǖǐǘǜǅǊ
4	0.496948	0.529941	0.575468	0.543428	ǔǓǐǘǜǊǒǍǤ
4	0.579257	0.529941	0.671939	0.543428	ǍǒǖǗǕǘǏǛǍǎ
4	0.675729	0.529941	0.759508	0.543428	ǔǕǓǇǊǕǍǗǡ
4	0.763298	0.529941	0.825189	0.543428	ǒǅǐǍǜǍǊ
4	0.828979	0.529941	0.876469	0.543428	ǖǇǊǗǅ
4	0.880236	0.529941	0.888844	0.543428	Ǉ
4	0.298936	0.542988	0.405339	0.556475	ǓǗǏǐǣǜǊǒǒǓǑ
4	0.413343	0.542988	0.544154	0.556475	ǓǔǗǓǇǓǐǓǏǓǒǒǓǑ
4	0.552137	0.542988	0.602520	0.556475	ǏǅǆǊǐǊ
4	0.610549	0.542988	0.637403	0.556475	ǍǐǍ
4	0.645439	0.542988	0.715699	0.556475	ǉǕǅǎǇǊǕǊ
4	0.723763	0.542988	0.787624	0.556475	ǙǅǌǒǓǈǓ
4	0.795635	0.542988	0.853818	0.556475	ǑǓǉǘǐǤ,
4	0.861855	0.542988	0.888708	0.556475	ǍǐǍ
4	0.896745	0.542988	0.915187	0.556475	ǒǅ
4	0.117526	0.556845	0.217248	0.570332	ǔǊǕǊǉǅǗǜǍǏǊ
4	0.221266	0.556845	0.350215	0.570332	ǓǔǗǓǇǓǐǓǏǓǒǒǓǎ
4	0.362218	0.556845	0.418651	0.570332	ǔǐǅǗǠ,
4	0.422653	0.556845	0.480722	0.570332	ƧƶƪƨƩƥ
4	0.484724	0.556845	0.567813	0.570332	ǓǗǕǅǋǅǗǡ
4	0.571803	0.556845	0.610059	0.570332	ǖǇǊǗ
4	0.614061	0.556845	0.632502	0.570332	ǒǅ
4	0.636504	0.556845	0.726393	0.570332	ǆǐǍǋǅǎǝǘǣ
4	0.730395	0.556845	0.833416	0.570332	ǔǓǇǊǕǚǒǓǖǗǡ,
4	0.837418	0.556845	0.915154	0.570332	ǒǅǔǕǍǑǊǕ,
4	0.117493	0.570701	0.174386	0.584188	ǐǅǉǓǒǡ.
4	0.178169	0.570701	0.287282	0.584188	ƲǊǖǓǆǐǣǉǊǒǍǊ
4	0.291096	0.570701	0.329673	0.584188	ǢǗǍǚ
4	0.333461	0.570701	0.387299	0.584188	ǔǕǅǇǍǐ
4	0.391089	0.570701	0.443947	0.584188	ǑǓǋǊǗ
4	0.447737	0.570701	0.500281	0.584188	ǖǗǅǗǡ
4	0.504032	0.570701	0.576410	0.584188	ǔǕǍǜǍǒǓǎ
4	0.580199	0.570701	0.635810	0.584188	ǗǕǅǇǑ.
4	0.117460	0.598414	0.129355	0.611901	2.
4	0.146862	0.598414	0.220955	0.611901	ƳǗǏǐǣǜǍǗǡ
4	0.230413	0.598414	0.274849	0.611901	ǖǊǕǠǎ
4	0.284268	0.598414	0.402268	0.611901	ǓǔǗǓǇǓǐǓǏǓǒǒǠǎ
4	0.411719	0.598414	0.443212	0.611901	(F/O)
4	0.452627	0.598414	0.505788	0.611901	ǕǅǌǟǊǑ
4	0.515221	0.598414	0.583123	0.611901	ǓǆǕǅǗǒǓǎ
4	0.592548	0.598414	0.632176	0.611901	ǖǇǤǌǍ
4	0.641617	0.598414	0.656823	0.611901	ǓǗ
4	0.666249	0.598414	0.801009	0.611901	ǔǕǊǉǔǓǐǓǋǍǗǊǐǡǒǓ
4	0.810450	0.598414	0.911332	0.611901	ǒǊǍǖǔǕǅǇǒǓǈǓ
4	0.146879	0.612270	0.206745	0.625757	ǙǅǌǒǓǈǓ
4	0.211710	0.612270	0.262886	0.625757	ǑǓǉǘǐǤ
4	0.267852	0.612270	0.276607	0.625757	Ǎ
4	0.281573	0.612270	0.354098	0.625757	ǘǆǊǉǍǗǡǖǤ
4	0.359063	0.612270	0.367182	0.625757	Ǉ
4	0.372147	0.612270	0.431327	0.625757	ǒǅǐǍǜǍǍ
4	0.436293	0.612270	0.508978	0.625757	ǍǌǐǘǜǊǒǍǤ
4	0.513930	0.612270	0.579448	0.625757	ǏǕǅǖǒǓǈǓ
4	0.584430	0.612270	0.624080	0.625757	ǖǇǊǗǅ
4	0.629039	0.612270	0.645013	0.625757	Ǎǌ
4	0.649980	0.612270	0.719810	0.625757	ǉǕǅǎǇǊǕǅ
4	0.724776	0.612270	0.784642	0.625757	ǙǅǌǒǓǈǓ
4	0.789607	0.612270	0.844017	0.625757	ǑǓǉǘǐǤ.
4	0.848983	0.612270	0.911332	0.625757	ƯǕǅǖǒǠǎ
4	0.146879	0.626127	0.177625	0.639614	ǖǇǊǗ
4	0.182112	0.626127	0.250014	0.639614	ǓǆǕǅǗǒǓǎ
4	0.254506	0.626127	0.294134	0.639614	ǖǇǤǌǍ
4	0.298626	0.626127	0.372079	0.639614	ǘǏǅǌǠǇǅǊǗ
4	0.376558	0.626127	0.394053	0.639614	ǒǅ
4	0.398544	0.626127	0.471591	0.639614	ǖǓǖǗǓǤǒǍǊ
4	0.476100	0.626127	0.520209	0.639614	ƳƷƯư.,
4	0.524711	0.626127	0.533466	0.639614	Ǎ
4	0.537958	0.626127	0.599147	0.639614	ǤǇǐǤǊǗǖǤ
4	0.603639	0.626127	0.693757	0.639614	ǒǓǕǑǅǐǡǒǠǑ
4	0.698248	0.626127	0.783449	0.639614	ǓǋǍǉǅǊǑǠǑ
4	0.787941	0.626127	0.874514	0.639614	ǖǓǖǗǓǤǒǍǊǑ.
4	0.879006	0.626127	0.911337	0.639614	ƪǖǐǍ
4	0.146879	0.639983	0.177625	0.653470	ǖǇǊǗ
4	0.181416	0.639983	0.263686	0.653470	ǓǆǒǅǕǘǋǊǒ,
4	0.267470	0.639983	0.363843	0.653470	ǇǓǖǖǗǅǒǓǇǍǗǡ
4	0.367632	0.639983	0.483378	0.653470	ǓǔǗǓǇǓǐǓǏǓǒǒǓǊ
4	0.487168	0.639983	0.572483	0.653470	ǖǓǊǉǍǒǊǒǍǊ
4	0.576272	0.639983	0.585028	0.653470	Ǎ
4	0.588817	0.639983	0.646896	0.653470	ǔǊǕǊǎǗǍ
4	0.650683	0.639983	0.657690	0.653470	Ǐ
4	0.661480	0.639983	0.696953	0.653470	ǝǅǈǘ
4	0.700743	0.639983	0.712638	0.653470	6.
4	0.117477	0.667696	0.129371	0.681183	3.
4	0.146879	0.667696	0.179210	0.681183	ƪǖǐǍ
4	0.190002	0.667696	0.220748	0.681183	ǖǇǊǗ
4	0.226134	0.667696	0.294036	0.681183	ǓǆǕǅǗǒǓǎ
4	0.299426	0.667696	0.339054	0.681183	ǖǇǤǌǍ
4	0.349851	0.667696	0.365824	0.681183	Ǎǌ
4	0.376607	0.667696	0.511366	0.681183	ǔǕǊǉǔǓǐǓǋǍǗǊǐǡǒǓ
4	0.516773	0.667696	0.617654	0.681183	ǒǊǍǖǔǕǅǇǒǓǈǓ
4	0.623045	0.667696	0.692875	0.681183	ǉǕǅǎǇǊǕǅ
4	0.698265	0.667696	0.758131	0.681183	ǙǅǌǒǓǈǓ
4	0.763521	0.667696	0.814697	0.681183	ǑǓǉǘǐǤ
4	0.825494	0.667696	0.911332	0.681183	ǓǗǖǘǗǖǗǇǘǊǗ,
4	0.146879	0.681552	0.218930	0.695039	ǓǗǏǐǣǜǍǗǡ
4	0.231099	0.681552	0.273830	0.695039	ǖǍǒǍǎ
4	0.285999	0.681552	0.404000	0.695039	ǓǔǗǓǇǓǐǓǏǓǒǒǠǎ
4	0.416179	0.681552	0.447671	0.695039	(F/O)
4	0.459814	0.681552	0.558654	0.695039	ǘǔǕǅǇǐǤǣǞǍǎ
4	0.570823	0.681552	0.623984	0.695039	ǕǅǌǟǊǑ
4	0.636145	0.681552	0.651351	0.695039	ǓǗ
4	0.663522	0.681552	0.798281	0.695039	ǔǕǊǉǔǓǐǓǋǍǗǊǐǡǒǓ
4	0.810450	0.681552	0.911332	0.695039	ǒǊǍǖǔǕǅǇǒǓǈǓ
4	0.146879	0.695409	0.216709	0.708896	ǉǕǅǎǇǊǕǅ
4	0.229253	0.695409	0.289119	0.708896	ǙǅǌǒǓǈǓ
4	0.301680	0.695409	0.352856	0.708896	ǑǓǉǘǐǤ
4	0.365401	0.695409	0.374156	0.708896	Ǎ
4	0.386718	0.695409	0.459243	0.708896	ǘǆǊǉǍǗǡǖǤ
4	0.471788	0.695409	0.479906	0.708896	Ǉ
4	0.492467	0.695409	0.569876	0.708896	ǓǗǖǘǗǖǗǇǍǍ
4	0.582421	0.695409	0.655106	0.708896	ǍǌǐǘǜǊǒǍǤ
4	0.667654	0.695409	0.683628	0.708896	Ǎǌ
4	0.696174	0.695409	0.738350	0.708896	ǏǓǒǛǅ
4	0.750911	0.695409	0.849783	0.708896	ǓǗǏǐǣǜǊǒǒǓǈǓ
4	0.862328	0.695409	0.911332	0.708896	ǖǍǒǊǈǓ
4	0.146879	0.709265	0.269756	0.722752	ǓǔǗǓǇǓǐǓǏǓǒǒǓǈǓ
4	0.273487	0.709265	0.324843	0.722752	ǏǅǆǊǐǤ.
4	0.328551	0.709265	0.360881	0.722752	ƪǖǐǍ
4	0.364584	0.709265	0.395331	0.722752	ǖǇǊǗ
4	0.399034	0.709265	0.484871	0.722752	ǓǗǖǘǗǖǗǇǘǊǗ,
4	0.488579	0.709265	0.571820	0.722752	ǔǓǉǏǐǣǜǍǗǡ
4	0.575528	0.709265	0.601970	0.722752	Ǔǆǅ
4	0.605681	0.709265	0.657037	0.722752	ǏǅǆǊǐǤ,
4	0.660745	0.709265	0.705181	0.722752	ǖǊǕǠǎ
4	0.708882	0.709265	0.717638	0.722752	Ǎ
4	0.721345	0.709265	0.767311	0.722752	ǖǍǒǍǎ,
4	0.771019	0.709265	0.779774	0.722752	Ǎ
4	0.783482	0.709265	0.841561	0.722752	ǔǊǕǊǎǗǍ
4	0.845259	0.709265	0.852266	0.722752	Ǐ
4	0.855974	0.709265	0.895739	0.722752	ǢǗǅǔǘ
4	0.899450	0.709265	0.911304	0.722752	5.
4	0.117477	0.736978	0.129371	0.750465	4.
4	0.146879	0.736978	0.179209	0.750465	ƪǖǐǍ
4	0.191096	0.736978	0.221842	0.750465	ǖǇǊǗ
4	0.227783	0.736978	0.258138	0.750465	ǊǖǗǡ
4	0.270008	0.736978	0.287504	0.750465	ǒǅ
4	0.299394	0.736978	0.340981	0.750465	ǏǓǒǛǊ
4	0.346927	0.736978	0.445799	0.750465	ǓǗǏǐǣǜǊǒǒǓǈǓ
4	0.451745	0.736978	0.500748	0.750465	ǖǍǒǊǈǓ
4	0.506694	0.736978	0.629572	0.750465	ǓǔǗǓǇǓǐǓǏǓǒǒǓǈǓ
4	0.635524	0.736978	0.686880	0.750465	ǏǅǆǊǐǤ,
4	0.692825	0.736978	0.740694	0.750465	ǌǒǅǜǍǗ
4	0.746631	0.736978	0.861854	0.750465	ǓǔǗǓǇǓǐǓǏǓǒǒǅǤ
4	0.867800	0.736978	0.911332	0.750465	ǔǐǅǗǅ,
4	0.146879	0.750835	0.194291	0.764322	FODC1
4	0.201844	0.750835	0.226816	0.764322	ǍǐǍ
4	0.234343	0.750835	0.284988	0.764322	FODC2,
4	0.292549	0.750835	0.339544	0.764322	ǇǠǝǐǅ
4	0.347090	0.750835	0.363064	0.764322	Ǎǌ
4	0.370612	0.750835	0.413490	0.764322	ǖǗǕǓǤ;
4	0.421020	0.750835	0.502758	0.764322	ǔǕǓǍǌǇǊǖǗǍ
4	0.510304	0.750835	0.561586	0.764322	ǌǅǑǊǒǘ
4	0.569125	0.750835	0.587939	0.764322	FO
4	0.595472	0.750835	0.640686	0.764322	ǔǐǅǗǠ.
4	0.648232	0.750835	0.691414	0.764322	ƴǓǖǐǊ
4	0.698984	0.750835	0.752895	0.764322	ǌǅǑǊǒǠ
4	0.760434	0.750835	0.802420	0.764322	ǔǐǅǗǠ
4	0.809948	0.750835	0.828762	0.764322	FO
4	0.836307	0.750835	0.911348	0.764322	ǇǠǔǓǐǒǍǗǡ
4	0.146895	0.764691	0.232063	0.778178	ǍǒǖǗǕǘǏǛǍǍ,
4	0.235754	0.764691	0.331867	0.778178	ǔǕǍǇǊǉǊǒǒǠǊ
4	0.335574	0.764691	0.343693	0.778178	Ǉ
4	0.347384	0.764691	0.405545	0.778178	ǕǅǌǉǊǐǊ
4	0.409253	0.764691	0.444837	0.778178	4.7.3.
4	0.448609	0.764691	0.574956	0.778178	ƴƳƩƷƧƪƵƫƩƪƲƭƪ
4	0.578664	0.764691	0.646687	0.778178	ƵƪƱƳƲƷƥ
4	0.650390	0.764691	0.808016	0.778178	(ƶƥƱƳƷƪƶƷƭƵƳƧƥƲƭƪ
4	0.811724	0.764691	0.899538	0.778178	ƭƲƧƪƵƷƳƵƥ)
4	0.903230	0.764691	0.911348	0.778178	Ǉ
4	0.146895	0.778547	0.199541	0.792034	ǉǅǒǒǓǎ
4	0.203331	0.778547	0.290426	0.792034	ǔǘǆǐǍǏǅǛǍǍ.
4	0.117493	0.806260	0.129388	0.819747	5.
4	0.146895	0.806260	0.179226	0.819747	ƪǖǐǍ
4	0.187796	0.806260	0.218543	0.819747	ǖǇǊǗ
4	0.227130	0.806260	0.295032	0.819747	ǓǆǕǅǗǒǓǎ
4	0.303624	0.806260	0.343252	0.819747	ǖǇǤǌǍ
4	0.351827	0.806260	0.486587	0.819747	ǔǕǊǉǔǓǐǓǋǍǗǊǐǡǒǓ
4	0.495178	0.806260	0.596060	0.819747	ǒǊǍǖǔǕǅǇǒǓǈǓ
4	0.604636	0.806260	0.674466	0.819747	ǉǕǅǎǇǊǕǅ
4	0.683057	0.806260	0.742923	0.819747	ǙǅǌǒǓǈǓ
4	0.751499	0.806260	0.802675	0.819747	ǑǓǉǘǐǤ
4	0.811267	0.806260	0.832390	0.819747	ƵƱ
4	0.840963	0.806260	0.859956	0.819747	Ʋƪ
4	0.868552	0.806260	0.911340	0.819747	ǈǓǕǍǗ,
4	0.146895	0.820117	0.219420	0.833604	ǘǆǊǉǍǗǡǖǤ
4	0.226411	0.820117	0.234529	0.833604	Ǉ
4	0.241521	0.820117	0.270248	0.833604	ǗǓǑ,
4	0.277244	0.820117	0.300410	0.833604	ǜǗǓ
4	0.307381	0.820117	0.328505	0.833604	ƵƱ
4	0.335493	0.820117	0.399895	0.833604	ǔǓǐǘǜǅǊǗ
4	0.406874	0.820117	0.497219	0.833604	ǒǅǉǐǊǋǅǞǊǊ
4	0.504195	0.820117	0.561888	0.833604	ǔǍǗǅǒǍǤ
4	0.568880	0.820117	0.641944	0.833604	ǉǕǅǎǇǊǕǅ,
4	0.648935	0.820117	0.671849	0.833604	ǏǅǏ
4	0.678827	0.820117	0.739085	0.833604	ǓǔǍǖǅǒǓ
4	0.746076	0.820117	0.754194	0.833604	Ǉ
4	0.761185	0.820117	0.819346	0.833604	ǕǅǌǉǊǐǊ
4	0.826337	0.820117	0.865236	0.833604	4.3.7.,
4	0.872227	0.820117	0.911348	0.833604	ƦưƳƯ
4	0.146895	0.833973	0.216290	0.847460	ƴƭƷƥƲƭǄ
4	0.223128	0.833973	0.269167	0.847460	(GDPC)
4	0.275996	0.833973	0.314454	0.847460	(CYP2
4	0.321265	0.833973	0.332112	0.847460	ƭ
4	0.338941	0.833973	0.377399	0.847460	CYP4)
4	0.384218	0.833973	0.436864	0.847460	ǉǅǒǒǓǎ
4	0.443692	0.833973	0.530788	0.847460	ǔǘǆǐǍǏǅǛǍǍ.
4	0.537632	0.833973	0.569963	0.847460	ƪǖǐǍ
4	0.576785	0.833973	0.597909	0.847460	ƵƱ
4	0.604734	0.833973	0.669136	0.847460	ǔǓǐǘǜǅǊǗ
4	0.675952	0.833973	0.766296	0.847460	ǒǅǉǐǊǋǅǞǊǊ
4	0.773109	0.833973	0.831456	0.847460	ǔǍǗǅǒǍǊ
4	0.838284	0.833973	0.911348	0.847460	ǉǕǅǎǇǊǕǅ,
4	0.146895	0.847830	0.213143	0.861317	ǌǅǑǊǒǍǗǡ
4	0.221446	0.847830	0.356205	0.861317	ǔǕǊǉǔǓǐǓǋǍǗǊǐǡǒǓ
4	0.364519	0.847830	0.460517	0.861317	ǒǊǍǖǔǕǅǇǒǠǎ
4	0.468815	0.847830	0.523788	0.861317	ǙǅǌǒǠǎ
4	0.532094	0.847830	0.586570	0.861317	ǑǓǉǘǐǡ.
4	0.594884	0.847830	0.638066	0.861317	ƴǓǖǐǊ
4	0.646387	0.847830	0.700299	0.861317	ǌǅǑǊǒǠ
4	0.708605	0.847830	0.768470	0.861317	ǙǅǌǒǓǈǓ
4	0.776801	0.847830	0.827977	0.861317	ǑǓǉǘǐǤ
4	0.836291	0.847830	0.911332	0.861317	ǇǠǔǓǐǒǍǗǡ
5	0.087882	0.101856	0.194481	0.115343	GET-6903A_RU
5	0.087882	0.115711	0.132464	0.129198	ƴǓǍǖǏ
5	0.136178	0.115711	0.145398	0.129198	Ǎ
5	0.149112	0.115711	0.233762	0.129198	ǘǖǗǕǅǒǊǒǍǊ
5	0.237490	0.115711	0.356828	0.129198	ǒǊǍǖǔǕǅǇǒǓǖǗǊǎ
5	0.360541	0.115711	0.410565	0.129198	ǝǏǅǙǅ
5	0.414279	0.115711	0.500434	0.129198	ǘǔǕǅǇǐǊǒǍǤ
5	0.504178	0.115711	0.520650	0.129198	ǖǓ
5	0.524364	0.115711	0.606596	0.129198	ǖǉǇǓǊǒǒǠǑ
5	0.609973	0.115711	0.642597	0.129198	IGBT
5	0.646647	0.115711	0.733922	0.129198	ǍǒǇǊǕǗǊǕǓǑ
5	0.737350	0.115711	0.799581	0.129198	17KG535
5	0.803586	0.115711	0.812807	0.129198	Ǎ
5	0.816521	0.115711	0.878752	0.129198	17KG537
5	0.117608	0.139998	0.202776	0.153485	ǍǒǖǗǕǘǏǛǍǍ,
5	0.206467	0.139998	0.302579	0.153485	ǔǕǍǇǊǉǊǒǒǠǊ
5	0.306287	0.139998	0.314405	0.153485	Ǉ
5	0.318097	0.139998	0.376257	0.153485	ǕǅǌǉǊǐǊ
5	0.379965	0.139998	0.415550	0.153485	4.7.3.
5	0.419322	0.139998	0.545668	0.153485	ƴƳƩƷƧƪƵƫƩƪƲƭƪ
5	0.549377	0.139998	0.617400	0.153485	ƵƪƱƳƲƷƥ
5	0.621103	0.139998	0.778729	0.153485	(ƶƥƱƳƷƪƶƷƭƵƳƧƥƲƭƪ
5	0.782437	0.139998	0.870251	0.153485	ƭƲƧƪƵƷƳƵƥ)
5	0.873942	0.139998	0.882061	0.153485	Ǉ
5	0.117608	0.153854	0.170254	0.167341	ǉǅǒǒǓǎ
5	0.174043	0.153854	0.261139	0.167341	ǔǘǆǐǍǏǅǛǍǍ.
5	0.088206	0.181567	0.100100	0.195054	6.
5	0.117608	0.181567	0.149938	0.195054	ƪǖǐǍ
5	0.154229	0.181567	0.193785	0.195054	ǈǓǕǍǗ
5	0.198087	0.181567	0.228834	0.195054	ǖǇǊǗ
5	0.233125	0.181567	0.301027	0.195054	ǓǆǕǅǗǒǓǎ
5	0.305323	0.181567	0.344951	0.195054	ǖǇǤǌǍ
5	0.349247	0.181567	0.419076	0.195054	ǉǕǅǎǇǊǕǅ
5	0.423356	0.181567	0.483222	0.195054	ǙǅǌǒǓǈǓ
5	0.487518	0.181567	0.538694	0.195054	ǑǓǉǘǐǤ
5	0.542990	0.181567	0.677749	0.195054	ǔǕǊǉǔǓǐǓǋǍǗǊǐǡǒǓ
5	0.682045	0.181567	0.782927	0.195054	ǒǊǍǖǔǕǅǇǒǓǈǓ
5	0.787223	0.181567	0.811584	0.195054	ƵƱ,
5	0.815873	0.181567	0.860270	0.195054	ǌǅǗǊǑ,
5	0.864583	0.181567	0.882079	0.195054	ǒǅ
5	0.117624	0.195423	0.194755	0.208910	ǓǖǒǓǇǅǒǍǍ
5	0.200685	0.195423	0.300799	0.208910	ǍǖǖǐǊǉǘǊǑǓǈǓ
5	0.306728	0.195423	0.441487	0.208910	ǔǕǊǉǔǓǐǓǋǍǗǊǐǡǒǓ
5	0.447417	0.195423	0.548298	0.208910	ǒǊǍǖǔǕǅǇǒǓǈǓ
5	0.554228	0.195423	0.614094	0.208910	ǙǅǌǒǓǈǓ
5	0.620023	0.195423	0.671199	0.208910	ǑǓǉǘǐǤ
5	0.677128	0.195423	0.685884	0.208910	Ǎ
5	0.691813	0.195423	0.718066	0.208910	ǔǕǍ
5	0.723992	0.195423	0.781408	0.208910	ǔǓǑǓǞǍ
5	0.787337	0.195423	0.882077	0.208910	ǔǕǍǇǊǉǊǒǒǓǎ
5	0.117624	0.209280	0.153548	0.222767	ǒǍǋǊ
5	0.161237	0.209280	0.224288	0.222767	ǗǅǆǐǍǛǠ,
5	0.231982	0.209280	0.306499	0.222767	ǔǕǓǇǊǕǍǗǡ
5	0.314193	0.209280	0.418147	0.222767	ǓǆǓǌǒǅǜǊǒǒǘǣ
5	0.425823	0.209280	0.465179	0.222767	ǔǐǅǗǘ
5	0.472874	0.209280	0.511631	0.222767	FODC
5	0.519331	0.209280	0.536827	0.222767	ǒǅ
5	0.544525	0.209280	0.603264	0.222767	ǒǅǐǍǜǍǊ
5	0.610958	0.209280	0.757445	0.222767	ǒǊǌǅǙǍǏǖǍǕǓǇǅǒǒǠǚ
5	0.765139	0.209280	0.882077	0.222767	ǓǔǗǓǇǓǐǓǏǓǒǒǠǚ
5	0.117624	0.223136	0.187678	0.236623	ǕǅǌǟǊǑǓǇ
5	0.191456	0.223136	0.216428	0.236623	ǍǐǍ
5	0.220216	0.223136	0.289397	0.236623	ǇǍǉǍǑǓǈǓ
5	0.293219	0.223136	0.391765	0.236623	ǔǓǇǕǊǋǉǊǒǍǤ.
5	0.088222	0.250849	0.194216	0.264336	ƴƵƭƱƪƼƥƲƭƪ:
5	0.204197	0.250849	0.238471	0.264336	ƪǖǐǍ
5	0.248430	0.250849	0.265680	0.264336	ǒǊ
5	0.270678	0.250849	0.347123	0.264336	ǓǗǑǊǜǊǒǓ
5	0.357087	0.250849	0.423618	0.264336	ǇǍǉǍǑǠǚ
5	0.433582	0.250849	0.533124	0.264336	ǔǓǇǕǊǋǉǊǒǍǎ
5	0.543120	0.250849	0.595806	0.264336	ǔǐǅǗǠ
5	0.605762	0.250848	0.628699	0.264335	FO,
5	0.638676	0.250848	0.657118	0.264335	ǒǅ
5	0.667098	0.250848	0.773305	0.264335	ǓǆǓǌǒǅǜǊǒǒǓǎ
5	0.788251	0.250848	0.837032	0.264335	ǔǐǅǗǊ
5	0.842021	0.250848	0.882066	0.264335	FODC
5	0.088188	0.264705	0.179021	0.278192	ǓǗǏǐǣǜǍǗǡ
5	0.184676	0.264705	0.239543	0.278192	ǕǅǌǟǊǑ
5	0.245228	0.264705	0.295946	0.278192	ǖǍǒǊǈǓ
5	0.301618	0.264705	0.326972	0.278192	F/O
5	0.361007	0.264705	0.411962	0.278192	ǏǅǆǊǐǤ
5	0.417622	0.264705	0.494748	0.278192	ǓǆǕǅǗǒǓǎ
5	0.500421	0.264705	0.546370	0.278192	ǖǇǤǌǍ,
5	0.552038	0.264705	0.657150	0.278192	ǓǆǓǌǒǅǜǊǒǒǓǊ
5	0.662818	0.264705	0.671427	0.278192	Ǉ
5	0.677111	0.264705	0.762429	0.278192	ǖǐǊǉǘǣǞǊǎ
5	0.773778	0.264705	0.844735	0.278192	ǗǅǆǐǍǛǊ.
5	0.856088	0.264705	0.882040	0.278192	ƯǅǏ
5	0.088188	0.278561	0.147482	0.292048	ǔǕǍǑǊǕ,
5	0.151631	0.278561	0.185264	0.292048	ǊǖǐǍ
5	0.189397	0.278561	0.337142	0.292048	ǔǕǊǉǔǓǐǓǋǍǗǊǐǡǒǓ
5	0.341291	0.278561	0.441944	0.292048	ǒǊǍǖǔǕǅǇǒǠǎ
5	0.446085	0.278561	0.467741	0.292048	PM
5	0.471878	0.278561	0.477857	0.292048	-
5	0.482012	0.278561	0.512705	0.292048	ǢǗǓ
5	0.516852	0.278561	0.572985	0.292048	PM11B+
5	0.577134	0.278561	0.674318	0.292048	(ǇǠǉǊǐǊǒǒǠǎ
5	0.678451	0.278561	0.705190	0.292048	ǕǤǉ
5	0.709339	0.278561	0.717947	0.292048	Ǉ
5	0.722080	0.278561	0.807398	0.292048	ǖǐǊǉǘǣǞǊǎ
5	0.811560	0.278561	0.882043	0.292048	ǗǅǆǐǍǛǊ)
5	0.088188	0.292418	0.179021	0.305904	ǓǗǏǐǣǜǍǗǡ
5	0.182781	0.292418	0.227260	0.305904	ǖǍǒǍǎ
5	0.231049	0.292418	0.363004	0.305904	ǓǔǗǓǇǓǐǓǏǓǒǒǠǎ
5	0.366756	0.292418	0.421624	0.305904	ǕǅǌǟǊǑ
5	0.425413	0.292418	0.448087	0.305904	ǓǗ
5	0.467033	0.292418	0.517219	0.305904	ǔǓǕǗǅ
5	0.521004	0.292418	0.536966	0.305904	23
5	0.540718	0.292418	0.550356	0.305904	Ƨ
5	0.554147	0.292418	0.605723	0.305904	FODC1.
5	0.259161	0.317821	0.322186	0.331308	ƷǅǆǐǍǛǅ
5	0.325987	0.317821	0.347242	0.331308	12.
5	0.351010	0.317821	0.441879	0.331308	ƶǓǊǉǍǒǊǒǍǊ
5	0.445670	0.317821	0.471563	0.331308	F/O
5	0.475348	0.317821	0.526369	0.331308	ǏǅǆǊǐǤ
5	0.530166	0.317821	0.600911	0.331308	ǓǆǕǅǗǒǓǎ
5	0.604701	0.317821	0.646451	0.331308	ǖǇǤǌǍ
5	0.214830	0.342070	0.312281	0.355557	ƳǔǗǓǇǓǐǓǏǓǒ
5	0.333156	0.342070	0.382232	0.355557	FODC1
5	0.385998	0.342070	0.431336	0.355557	ǖǍǒǍǎ
5	0.591176	0.342070	0.688627	0.355557	ƳǔǗǓǇǓǐǓǏǓǒ
5	0.709486	0.342070	0.758561	0.355557	FODC2
5	0.762328	0.342070	0.807666	0.355557	ǖǍǒǍǎ
5	0.118064	0.355926	0.175986	0.369413	ƹǅǌǒǠǎ
5	0.224222	0.355926	0.254274	0.369413	ǒǠǎ
5	0.258060	0.355926	0.308803	0.369413	ǏǅǆǊǐǡ
5	0.365074	0.355926	0.399458	0.369413	ǔǓǕǗ
5	0.494427	0.355926	0.552349	0.369413	ƹǅǌǒǠǎ
5	0.600568	0.355926	0.630620	0.369413	ǒǠǎ
5	0.634406	0.355926	0.685149	0.369413	ǏǅǆǊǐǡ
5	0.741404	0.355926	0.775788	0.369413	ǔǓǕǗ
5	0.102252	0.369783	0.158271	0.383270	ƱǓǉǘǐǡ
5	0.162071	0.369783	0.191800	0.383270	(PM)
5	0.229253	0.369783	0.299997	0.383270	ǓǆǕǅǗǒǓǎ
5	0.346894	0.369783	0.417638	0.383270	ǓǆǕǅǗǒǓǎ
5	0.479579	0.369783	0.533695	0.383270	ǑǓǉǘǐǡ
5	0.537486	0.369783	0.567215	0.383270	(PM)
5	0.605599	0.369783	0.676344	0.383270	ǓǆǕǅǗǒǓǎ
5	0.723207	0.369783	0.793952	0.383270	ǓǆǕǅǗǒǓǎ
5	0.243742	0.383639	0.285492	0.397126	ǖǇǤǌǍ
5	0.361382	0.383639	0.403133	0.397126	ǖǇǤǌǍ
5	0.620104	0.383639	0.661855	0.397126	ǖǇǤǌǍ
5	0.737712	0.383639	0.779463	0.397126	ǖǇǤǌǍ
5	0.129368	0.404424	0.164693	0.417911	11A+
5	0.241765	0.404424	0.287547	0.417911	11AD+
5	0.368978	0.404424	0.395610	0.417911	27B
5	0.505779	0.404424	0.541104	0.417911	21A+
5	0.618190	0.404424	0.663972	0.417911	21AD+
5	0.745402	0.404424	0.772034	0.417911	27B
5	0.130756	0.422900	0.163304	0.436387	11A-
5	0.243162	0.422900	0.286167	0.436387	11AD-
5	0.368994	0.422900	0.395626	0.436387	25B
5	0.507200	0.422900	0.539748	0.436387	21A-
5	0.619606	0.422900	0.662611	0.436387	21AD-
5	0.745438	0.422900	0.772070	0.436387	25B
5	0.129417	0.441375	0.164709	0.454862	11B+
5	0.241824	0.441375	0.287574	0.454862	11BD+
5	0.369016	0.441375	0.395647	0.454862	23B
5	0.505828	0.441375	0.541120	0.454862	21B+
5	0.618235	0.441375	0.663985	0.454862	21BD+
5	0.745427	0.441375	0.772059	0.454862	23B
5	0.130805	0.459850	0.163321	0.473337	11B-
5	0.243209	0.459850	0.286182	0.473337	11BD-
5	0.369011	0.459850	0.395642	0.473337	21B
5	0.507233	0.459850	0.539748	0.473337	21B-
5	0.619637	0.459850	0.662609	0.473337	21BD-
5	0.745438	0.459850	0.772070	0.473337	21B
5	0.129335	0.478325	0.164802	0.491812	11C+
5	0.241751	0.478325	0.287673	0.491812	11CD+
5	0.369014	0.478325	0.395642	0.491812	19B
5	0.505763	0.478325	0.541230	0.491812	21C+
5	0.618162	0.478325	0.664085	0.491812	21CD+
5	0.745426	0.478325	0.772054	0.491812	19B
5	0.130740	0.496801	0.163430	0.510288	11C-
5	0.247466	0.496801	0.281953	0.510288	1CD-
5	0.369011	0.496801	0.395639	0.510288	17B
5	0.507135	0.496801	0.539825	0.510288	21C-
5	0.619547	0.496801	0.662693	0.510288	21CD-
5	0.745422	0.496801	0.772051	0.510288	17B
5	0.129433	0.533751	0.164758	0.547238	12A+
5	0.241842	0.533751	0.287624	0.547238	12AD+
5	0.369050	0.533751	0.395682	0.547238	11B
5	0.505845	0.533751	0.541169	0.547238	22A+
5	0.618253	0.533751	0.664036	0.547238	22AD+
5	0.745461	0.533751	0.772093	0.547238	11B
5	0.130822	0.552226	0.163370	0.565713	12A-
5	0.243227	0.552226	0.286233	0.565713	12AD-
5	0.373388	0.552226	0.391360	0.565713	9B
5	0.507233	0.552226	0.539781	0.565713	22A-
5	0.619639	0.552226	0.662644	0.565713	22AD-
5	0.749783	0.552226	0.767755	0.565713	9B
5	0.129449	0.570702	0.164742	0.584189	12B+
5	0.241857	0.570702	0.287606	0.584189	12BD+
5	0.373388	0.570702	0.391360	0.584189	7B
5	0.505861	0.570702	0.541153	0.584189	22B+
5	0.618268	0.570702	0.664017	0.584189	22BD+
5	0.749783	0.570702	0.767754	0.584189	7B
5	0.130838	0.589177	0.163353	0.602664	12B-
5	0.243242	0.589177	0.286214	0.602664	12BD-
5	0.373372	0.589177	0.391343	0.602664	5B
5	0.507233	0.589177	0.539748	0.602664	22B-
5	0.619637	0.589177	0.662609	0.602664	22BD-
5	0.749767	0.589177	0.767738	0.602664	5B
5	0.129335	0.607652	0.164802	0.621139	12C+
5	0.241750	0.607652	0.287673	0.621139	12CD+
5	0.373339	0.607652	0.391309	0.621139	3B
5	0.505730	0.607652	0.541197	0.621139	22C+
5	0.618129	0.607652	0.664052	0.621139	22CD+
5	0.749718	0.607652	0.767688	0.621139	3B
5	0.130707	0.626127	0.163397	0.639614	12C-
5	0.243087	0.626127	0.286232	0.639614	12CD-
5	0.373307	0.626127	0.391276	0.639614	1B
5	0.507070	0.626127	0.539760	0.639614	22C-
5	0.619482	0.626127	0.662628	0.639614	22CD-
5	0.749685	0.626127	0.767655	0.639614	1B
5	0.131736	0.663078	0.162363	0.676565	CM1
5	0.244117	0.663078	0.285198	0.676565	1CMD
5	0.368945	0.663078	0.395570	0.676565	15B
5	0.508082	0.663078	0.538709	0.676565	CM2
5	0.620480	0.663078	0.661561	0.676565	2CMD
5	0.745308	0.663078	0.771933	0.676565	13B
5	0.117590	0.694254	0.129728	0.707741	a.
5	0.146992	0.694254	0.179323	0.707741	ƪǖǐǍ
5	0.184660	0.694254	0.245277	0.707741	ǏǕǅǖǒǠǎ
5	0.250618	0.694254	0.281365	0.707741	ǖǇǊǗ
5	0.286685	0.694254	0.305678	0.707741	Ʋƪ
5	0.311023	0.694254	0.350579	0.707741	ǈǓǕǍǗ
5	0.355926	0.694254	0.373422	0.707741	ǒǅ
5	0.378762	0.694254	0.420350	0.707741	ǏǓǒǛǊ
5	0.425691	0.694254	0.524563	0.707741	ǓǗǏǐǣǜǊǒǒǓǈǓ
5	0.529905	0.694254	0.578908	0.707741	ǖǍǒǊǈǓ
5	0.584233	0.694254	0.707111	0.707741	ǓǔǗǓǇǓǐǓǏǓǒǒǓǈǓ
5	0.712475	0.694254	0.760597	0.707741	ǏǅǆǊǐǤ
5	0.765938	0.694254	0.833840	0.707741	ǓǆǕǅǗǒǓǎ
5	0.839182	0.694254	0.882043	0.707741	ǖǇǤǌǍ,
5	0.146992	0.708111	0.221510	0.721598	ǔǕǓǇǊǕǍǗǡ
5	0.225920	0.708111	0.280380	0.721598	ǉǅǒǒǠǎ
5	0.284774	0.708111	0.402774	0.721598	ǓǔǗǓǇǓǐǓǏǓǒǒǠǎ
5	0.407168	0.708111	0.455354	0.721598	ǏǅǆǊǐǡ
5	0.459765	0.708111	0.477261	0.721598	ǒǅ
5	0.481653	0.708111	0.540392	0.721598	ǒǅǐǍǜǍǊ
5	0.544802	0.708111	0.628042	0.721598	ǙǍǌǍǜǊǖǏǍǚ
5	0.632436	0.708111	0.728842	0.721598	ǔǓǇǕǊǋǉǊǒǍǎ
5	0.733257	0.708111	0.779512	0.721598	(ǔǊǗǐǍ,
5	0.783906	0.708111	0.836299	0.721598	ǔǓǕǊǌǠ
5	0.840701	0.708111	0.849456	0.721598	Ǎ
5	0.853866	0.708111	0.882056	0.721598	Ǘ.ǔ.).
5	0.147009	0.721967	0.171654	0.735454	ƯǅǏ
5	0.175888	0.721967	0.232879	0.735454	ǔǕǍǑǊǕ,
5	0.237126	0.721967	0.269538	0.735454	ǊǖǐǍ
5	0.273764	0.721967	0.408524	0.735454	ǔǕǊǉǔǓǐǓǋǍǗǊǐǡǒǓ
5	0.412754	0.721967	0.508752	0.735454	ǒǊǍǖǔǕǅǇǒǠǎ
5	0.512982	0.721967	0.534106	0.735454	ƵƱ
5	0.538343	0.721967	0.544224	0.735454	-
5	0.548459	0.721967	0.571543	0.735454	ǢǗǓ
5	0.575756	0.721967	0.632172	0.735454	ƵƱ11Ƨ+
5	0.636438	0.721967	0.728238	0.735454	(ǇǠǉǊǐǊǒǒǠǎ
5	0.732452	0.721967	0.758045	0.735454	ǕǤǉ
5	0.762279	0.721967	0.770397	0.735454	Ǉ
5	0.774644	0.721967	0.832191	0.735454	ǗǅǆǐǍǛǊ
5	0.836421	0.721967	0.882061	0.735454	ǇǠǝǊ),
5	0.147009	0.735823	0.179421	0.749310	ǊǖǐǍ
5	0.184202	0.735823	0.207551	0.749310	ǒǊǗ
5	0.212330	0.735823	0.251981	0.749310	ǖǇǊǗǅ
5	0.256744	0.735823	0.274240	0.749310	ǒǅ
5	0.279024	0.735823	0.320611	0.749310	ǏǓǒǛǊ
5	0.325397	0.735823	0.424270	0.749310	ǓǗǏǐǣǜǊǒǒǓǈǓ
5	0.429040	0.735823	0.551917	0.749310	ǓǔǗǓǇǓǐǓǏǓǒǒǓǈǓ
5	0.556726	0.735823	0.608082	0.749310	ǏǅǆǊǐǤ,
5	0.612868	0.735823	0.668268	0.749310	ǖǐǊǉǘǊǗ
5	0.673044	0.735823	0.747562	0.749310	ǔǕǓǇǊǕǍǗǡ
5	0.752331	0.735823	0.769827	0.749310	ǒǅ
5	0.774612	0.735823	0.882079	0.749310	ǒǊǍǖǔǕǅǇǒǓǖǗǡ
5	0.147009	0.749680	0.265009	0.763167	ǓǔǗǓǇǓǐǓǏǓǒǒǠǎ
5	0.271951	0.749680	0.320138	0.763167	ǏǅǆǊǐǡ
5	0.327080	0.749680	0.376059	0.763167	11BD+.
5	0.382976	0.749680	0.450237	0.763167	ƬǅǑǊǒǍǗǡ
5	0.457168	0.749680	0.575168	0.763167	ǓǔǗǓǇǓǐǓǏǓǒǒǠǎ
5	0.582110	0.749680	0.633531	0.763167	ǏǅǆǊǐǡ,
5	0.640473	0.749680	0.648591	0.763167	Ǉ
5	0.662459	0.749680	0.710932	0.763167	ǖǐǘǜǅǊ
5	0.717866	0.749680	0.831946	0.763167	ǒǊǓǆǚǓǉǍǑǓǖǗǍ.
5	0.838871	0.749680	0.882053	0.763167	ƴǓǖǐǊ
5	0.147009	0.763536	0.222017	0.777023	ǓǏǓǒǜǅǒǍǤ
5	0.227260	0.763536	0.287479	0.777023	ǕǊǑǓǒǗǅ
5	0.292729	0.763536	0.367769	0.777023	ǇǠǔǓǐǒǍǗǡ
5	0.373012	0.763536	0.458180	0.777023	ǍǒǖǗǕǘǏǛǍǍ,
5	0.463424	0.763536	0.559535	0.777023	ǔǕǍǇǊǉǊǒǒǠǊ
5	0.564779	0.763536	0.572897	0.777023	Ǉ
5	0.578141	0.763536	0.636301	0.777023	ǕǅǌǉǊǐǊ
5	0.641545	0.763536	0.677219	0.777023	4.7.3.
5	0.682453	0.763536	0.808800	0.777023	ƴƳƩƷƧƪƵƫƩƪƲƭƪ
5	0.814043	0.763536	0.882076	0.777023	ƵƪƱƳƲƷƥ
5	0.147025	0.777393	0.304653	0.790880	(ƶƥƱƳƷƪƶƷƭƵƳƧƥƲƭƪ
5	0.308442	0.777393	0.396256	0.790880	ƭƲƧƪƵƷƳƵƥ)
5	0.400049	0.777393	0.408168	0.790880	Ǉ
5	0.411957	0.777393	0.464603	0.790880	ǉǅǒǒǓǎ
5	0.468393	0.777393	0.555488	0.790880	ǔǘǆǐǍǏǅǛǍǍ.
5	0.117623	0.805106	0.129761	0.818593	b.
5	0.147025	0.805106	0.179356	0.818593	ƪǖǐǍ
5	0.188776	0.805106	0.249393	0.818593	ǏǕǅǖǒǠǎ
5	0.258818	0.805106	0.289565	0.818593	ǖǇǊǗ
5	0.298968	0.805106	0.338524	0.818593	ǈǓǕǍǗ
5	0.347955	0.805106	0.365451	0.818593	ǒǅ
5	0.374875	0.805106	0.416462	0.818593	ǏǓǒǛǊ
5	0.425887	0.805106	0.524760	0.818593	ǓǗǏǐǣǜǊǒǒǓǈǓ
5	0.534185	0.805106	0.583188	0.818593	ǖǍǒǊǈǓ
5	0.592597	0.805106	0.715474	0.818593	ǓǔǗǓǇǓǐǓǏǓǒǒǓǈǓ
5	0.724922	0.805106	0.776278	0.818593	ǏǅǆǊǐǤ,
5	0.785703	0.805106	0.882076	0.818593	ǇǓǖǖǗǅǒǓǇǍǗǡ
5	0.147025	0.818962	0.232340	0.832449	ǖǓǊǉǍǒǊǒǍǊ
5	0.237061	0.818962	0.286064	0.832449	ǖǍǒǊǈǓ
5	0.290801	0.818962	0.413679	0.832449	ǓǔǗǓǇǓǐǓǏǓǒǒǓǈǓ
5	0.418422	0.818962	0.469778	0.832449	ǏǅǆǊǐǤ.
5	0.474515	0.818962	0.546643	0.832449	ƧǓǌǑǓǋǒǅ
5	0.551368	0.818962	0.658836	0.832449	ǒǊǍǖǔǕǅǇǒǓǖǗǡ
5	0.663554	0.818962	0.705540	0.832449	ǔǐǅǗǠ
5	0.710254	0.818962	0.743217	0.832449	ƷƱƶ.
5	0.747954	0.818962	0.816510	0.832449	ƴǓǑǊǒǤǗǡ
5	0.821230	0.818962	0.882102	0.832449	ǑǊǖǗǅǑǍ
5	0.147041	0.832818	0.189028	0.846305	ǔǐǅǗǠ
5	0.192811	0.832818	0.231197	0.846305	ƷƱƶ1
5	0.234986	0.832818	0.243742	0.846305	Ǎ
5	0.247531	0.832818	0.289151	0.846305	ƷƱƶ2.
5	0.292941	0.832818	0.325272	0.846305	ƪǖǐǍ
5	0.329063	0.832818	0.399073	0.846305	ǔǕǓǆǐǊǑǅ
5	0.402862	0.832818	0.507029	0.846305	ǔǊǕǊǑǊǞǅǊǗǖǤ
5	0.510761	0.832818	0.518634	0.846305	ǖ
5	0.522424	0.832818	0.574580	0.846305	ǔǐǅǗǓǎ,
5	0.578363	0.832818	0.644610	0.846305	ǌǅǑǊǒǍǗǡ
5	0.648395	0.832818	0.744507	0.846305	ǒǊǍǖǔǕǅǇǒǘǣ
5	0.748264	0.832818	0.790848	0.846305	ǔǐǅǗǘ.
6	0.804862	0.101927	0.911461	0.115414	GET-6903A_RU
6	0.120058	0.115784	0.164639	0.129271	ƴǓǍǖǏ
6	0.168353	0.115784	0.177574	0.129271	Ǎ
6	0.181287	0.115784	0.265938	0.129271	ǘǖǗǕǅǒǊǒǍǊ
6	0.269666	0.115784	0.389003	0.129271	ǒǊǍǖǔǕǅǇǒǓǖǗǊǎ
6	0.392717	0.115784	0.442741	0.129271	ǝǏǅǙǅ
6	0.446455	0.115784	0.532610	0.129271	ǘǔǕǅǇǐǊǒǍǤ
6	0.536354	0.115784	0.552826	0.129271	ǖǓ
6	0.556540	0.115784	0.638771	0.129271	ǖǉǇǓǊǒǒǠǑ
6	0.641957	0.115784	0.674581	0.129271	IGBT
6	0.678823	0.115784	0.766098	0.129271	ǍǒǇǊǕǗǊǕǓǑ
6	0.769317	0.115784	0.831549	0.129271	17KG535
6	0.835762	0.115784	0.844982	0.129271	Ǎ
6	0.848696	0.115784	0.910928	0.129271	17KG537
6	0.147010	0.139998	0.158119	0.153485	c.
6	0.176412	0.139998	0.208743	0.153485	ƪǖǐǍ
6	0.212527	0.139998	0.282537	0.153485	ǔǕǓǆǐǊǑǅ
6	0.286326	0.139998	0.294200	0.153485	ǖ
6	0.297989	0.139998	0.383386	0.153485	ǍǒǇǊǕǗǊǕǓǑ
6	0.387159	0.139998	0.479073	0.153485	ǖǓǚǕǅǒǤǊǗǖǤ,
6	0.482863	0.139998	0.549110	0.153485	ǌǅǑǊǒǍǗǡ
6	0.552888	0.139998	0.681179	0.153485	ǖǓǓǗǇǊǗǖǗǇǘǣǞǘǣ
6	0.684969	0.139998	0.803083	0.153485	ǓǔǗǓǇǓǐǓǏǓǒǒǘǣ
6	0.806873	0.139998	0.849457	0.153485	ǔǐǅǗǘ.
6	0.853240	0.139998	0.885571	0.153485	ƪǖǐǍ
6	0.176412	0.153854	0.246421	0.167341	ǔǕǓǆǐǊǑǅ
6	0.250211	0.153854	0.317182	0.167341	ǍǖǜǊǌǅǊǗ,
6	0.320965	0.153854	0.397100	0.167341	ǉǊǙǊǏǗǒǓǎ
6	0.400890	0.153854	0.436466	0.167341	ǆǠǐǍ
6	0.440256	0.153854	0.507537	0.167341	ǍǖǚǓǉǒǅǤ
6	0.511366	0.153854	0.626590	0.167341	ǓǔǗǓǇǓǐǓǏǓǒǒǅǤ
6	0.630412	0.153854	0.673951	0.167341	ǔǐǅǗǅ.
6	0.147026	0.181567	0.159164	0.195054	d.
6	0.176428	0.181567	0.208759	0.195054	ƪǖǐǍ
6	0.212544	0.181567	0.282553	0.195054	ǔǕǓǆǐǊǑǅ
6	0.286343	0.181567	0.294216	0.195054	ǖ
6	0.298006	0.181567	0.383402	0.195054	ǍǒǇǊǕǗǊǕǓǑ
6	0.387175	0.181567	0.479089	0.195054	ǖǓǚǕǅǒǤǊǗǖǤ,
6	0.482872	0.181567	0.549120	0.195054	ǌǅǑǊǒǍǗǡ
6	0.552905	0.181567	0.681408	0.195054	ǓǆǟǊǉǍǒǍǗǊǐǡǒǘǣ
6	0.685198	0.181567	0.734797	0.195054	ǔǅǒǊǐǡ
6	0.738580	0.181567	0.797923	0.195054	ICP/DSC.
6	0.117608	0.210980	0.178072	0.227164	4.3.8.3.
6	0.188172	0.210980	0.304154	0.227164	ƴǓǉǗǇǊǕǉǍǗǡ
6	0.308721	0.210980	0.373248	0.227164	ǕǊǑǓǒǗ
6	0.377798	0.210980	0.549831	0.227164	(ǖǅǑǓǗǊǖǗǍǕǓǇǅǒǍǊ
6	0.554423	0.210980	0.653782	0.227164	ǍǒǇǊǕǗǓǕǅ)
6	0.117608	0.241611	0.201518	0.255098	ƴǕǓǍǌǇǊǖǗǍ
6	0.205307	0.241611	0.285446	0.255098	ǔǓǉǈǓǗǓǇǏǘ
6	0.289267	0.241611	0.296274	0.255098	Ǐ
6	0.300064	0.241611	0.437257	0.255098	ǖǅǑǓǗǊǖǗǍǕǓǇǅǒǍǣ
6	0.441046	0.241611	0.516740	0.255098	ǍǒǇǊǕǗǓǕǅ
6	0.520532	0.241611	0.553060	0.255098	(ǗǊǖǗ
6	0.556853	0.241611	0.573367	0.255098	VI)
6	0.577158	0.241611	0.601314	0.255098	ǉǐǤ
6	0.605102	0.241611	0.715882	0.255098	ǔǓǉǗǇǊǕǋǉǊǒǍǤ
6	0.719671	0.241611	0.797861	0.255098	ǕǊǑǓǒǗǒǠǚ
6	0.801630	0.241611	0.846648	0.255098	ǕǅǆǓǗ:
6	0.117608	0.269324	0.129502	0.282810	1.
6	0.147010	0.269324	0.224909	0.282810	ƴǓǐǒǓǖǗǡǣ
6	0.228698	0.269324	0.303037	0.282810	ǓǖǗǅǒǓǇǍǇ
6	0.306826	0.269324	0.378257	0.282810	ǖǅǑǓǖǇǅǐ,
6	0.382040	0.269324	0.463777	0.282810	ǔǕǓǍǌǇǊǖǗǍ
6	0.467567	0.269324	0.551810	0.282810	ǖǐǊǉǘǣǞǊǊ:
6	0.147010	0.297036	0.159148	0.310523	a.
6	0.176412	0.297036	0.249332	0.310523	ƸǆǊǉǍǗǡǖǤ
6	0.256941	0.297036	0.265059	0.310523	Ǉ
6	0.272641	0.297036	0.301369	0.310523	ǗǓǑ,
6	0.308948	0.297036	0.332114	0.310523	ǜǗǓ
6	0.339698	0.297036	0.434650	0.310523	ǔǅǕǏǓǇǓǜǒǠǎ
6	0.442232	0.297036	0.492624	0.310523	ǗǓǕǑǓǌ
6	0.500207	0.297036	0.562392	0.310523	ǇǏǐǣǜǊǒ,
6	0.569971	0.297036	0.578726	0.310523	Ǎ
6	0.586309	0.297036	0.693221	0.310523	ǔǊǕǊǏǐǣǜǅǗǊǐǡ
6	0.700748	0.297036	0.752711	0.310523	ƴƳƯƳƮ
6	0.760323	0.297036	0.796200	0.310523	(ǊǖǐǍ
6	0.803773	0.297036	0.909192	0.310523	ǔǕǊǉǘǖǑǓǗǕǊǒ)
6	0.176428	0.310893	0.257872	0.324380	ǒǅǚǓǉǍǗǡǖǤ
6	0.261678	0.310893	0.269796	0.324380	Ǉ
6	0.273585	0.310893	0.351860	0.324380	ǔǓǐǓǋǊǒǍǍ
6	0.355650	0.310893	0.410860	0.324380	ƴƳƯƳƮ.
6	0.147026	0.338606	0.159164	0.352093	b.
6	0.176428	0.338606	0.269567	0.352093	ƴǊǕǊǏǐǣǜǍǗǡ
6	0.273357	0.338606	0.331704	0.352093	ǔǍǗǅǒǍǊ
6	0.335493	0.338606	0.421984	0.352093	ǘǔǕǅǇǐǊǒǍǤ,
6	0.425767	0.338606	0.509692	0.352093	ǔǊǕǊǑǊǖǗǍǇ
6	0.513457	0.338606	0.620350	0.352093	ǔǊǕǊǏǐǣǜǅǗǊǐǡ
6	0.624139	0.338606	0.681833	0.352093	ǔǍǗǅǒǍǤ
6	0.685622	0.338606	0.795766	0.352093	ǢǐǊǏǗǕǍǜǊǖǏǓǈǓ
6	0.799555	0.338606	0.847203	0.352093	ǝǏǅǙǅ
6	0.176428	0.352462	0.259700	0.365949	ǘǔǕǅǇǐǊǒǍǤ
6	0.263474	0.352462	0.271348	0.365949	ǖ
6	0.275137	0.352462	0.328118	0.365949	ǏǐǣǜǓǑ
6	0.331900	0.352462	0.340018	0.365949	Ǉ
6	0.343807	0.352462	0.421641	0.365949	ǔǓǐǓǋǊǒǍǊ
6	0.425414	0.352462	0.466293	0.365949	ƳƷƯư.
6	0.470089	0.352462	0.487585	0.365949	ǒǅ
6	0.491376	0.352462	0.521791	0.365949	ǔǤǗǡ
6	0.525581	0.352462	0.574363	0.365949	ǖǊǏǘǒǉ
6	0.578142	0.352462	0.586897	0.365949	Ǎ
6	0.590687	0.352462	0.646740	0.365949	ǇǊǕǒǘǗǡ
6	0.650520	0.352462	0.658638	0.365949	Ǉ
6	0.662427	0.352462	0.740261	0.365949	ǔǓǐǓǋǊǒǍǊ
6	0.744051	0.352462	0.775674	0.365949	ƧƯư.
6	0.147010	0.380175	0.158119	0.393662	c.
6	0.176412	0.380175	0.249332	0.393662	ƸǆǊǉǍǗǡǖǤ
6	0.253151	0.380175	0.261269	0.393662	Ǉ
6	0.265075	0.380175	0.293803	0.393662	ǗǓǑ,
6	0.297586	0.380175	0.320751	0.393662	ǜǗǓ
6	0.324543	0.380175	0.416016	0.393662	ǇǠǏǐǣǜǅǗǊǐǡ
6	0.423598	0.380175	0.458167	0.393662	ǛǊǔǍ
6	0.461955	0.380175	0.555404	0.393662	ǇǓǌǆǘǋǉǊǒǍǤ
6	0.559194	0.380175	0.641942	0.393662	ǈǊǒǊǕǅǗǓǕǅ
6	0.649494	0.380175	0.695247	0.393662	(GFCO)
6	0.699038	0.380175	0.758670	0.393662	ǌǅǑǏǒǘǗ.
6	0.147026	0.407888	0.159164	0.421375	d.
6	0.176428	0.407888	0.268571	0.421375	ƴǊǕǊǑǊǖǗǍǗǡ
6	0.272344	0.407888	0.335428	0.421375	ǖǊǐǊǏǗǓǕ
6	0.339217	0.407888	0.432014	0.421375	ǒǅǔǕǅǇǐǊǒǍǤ
6	0.435803	0.407888	0.505290	0.421375	ǉǇǍǋǊǒǍǤ
6	0.512869	0.407888	0.520987	0.421375	Ǉ
6	0.524777	0.407888	0.615548	0.421375	ǒǊǎǗǕǅǐǡǒǓǊ
6	0.619321	0.407888	0.700389	0.421375	ǔǓǐǓǋǊǒǍǊ.
6	0.147026	0.435601	0.158578	0.449088	e.
6	0.176428	0.435601	0.250685	0.449088	ƶǐǊǉǓǇǅǗǡ
6	0.258267	0.435601	0.358871	0.449088	ǔǕǍǑǊǒǤǊǑǠǑ
6	0.362641	0.435601	0.380137	0.449088	ǒǅ
6	0.383928	0.435601	0.438110	0.449088	ǉǅǒǒǓǑ
6	0.441899	0.435601	0.499684	0.449088	ǕǅǌǕǊǌǊ
6	0.503444	0.435601	0.550151	0.449088	ǑǊǕǅǑ
6	0.553918	0.435601	0.692205	0.449088	ǔǕǊǉǓǖǗǓǕǓǋǒǓǖǗǍ,
6	0.695988	0.435601	0.765896	0.449088	ǌǅǔǘǖǗǍǗǡ
6	0.769680	0.435601	0.844361	0.449088	ǉǇǍǈǅǗǊǐǡ.
6	0.147042	0.463314	0.155130	0.476800	f.
6	0.176445	0.463314	0.236229	0.476800	ƴǓǐǘǜǍǇ
6	0.240018	0.463314	0.288679	0.476800	ǉǓǖǗǘǔ
6	0.292468	0.463314	0.299476	0.476800	Ǐ
6	0.303265	0.463314	0.353894	0.476800	ǔǅǒǊǐǍ
6	0.357677	0.463314	0.385784	0.476800	DID,
6	0.389573	0.463314	0.454683	0.476800	ǖǆǕǓǖǍǗǡ
6	0.458472	0.463314	0.482778	0.476800	ǇǖǊ
6	0.486567	0.463314	0.548655	0.476800	ǖǓǆǠǗǍǤ,
6	0.552438	0.463314	0.611216	0.476800	ǏǓǗǓǕǠǊ
6	0.615025	0.463314	0.655175	0.476800	ǑǓǈǘǗ
6	0.658965	0.463314	0.692483	0.476800	ǆǠǗǡ
6	0.696273	0.463314	0.776948	0.476800	ǅǏǗǍǇǒǠǑǍ.
6	0.147042	0.491026	0.159181	0.504513	g.
6	0.176445	0.491026	0.268587	0.504513	ƴǊǕǊǑǊǖǗǍǗǡ
6	0.276248	0.491026	0.383160	0.504513	ǔǊǕǊǏǐǣǜǅǗǊǐǡ
6	0.390812	0.491026	0.442775	0.504513	ƴƳƯƳƮ
6	0.450481	0.491026	0.466455	0.504513	Ǎǌ
6	0.474140	0.491026	0.551320	0.504513	ǔǓǐǓǋǊǒǍǤ
6	0.559011	0.491026	0.610980	0.504513	ƴƳƯƳƮ
6	0.618681	0.491026	0.626799	0.504513	Ǉ
6	0.634486	0.491026	0.712319	0.504513	ǔǓǐǓǋǊǒǍǊ
6	0.719990	0.491026	0.766298	0.504513	ƨƳƷƳƧ
6	0.773985	0.491026	0.794951	0.504513	(ǒǅ
6	0.802626	0.491026	0.890653	0.504513	ǖǅǑǓǖǇǅǐǅǚ,
6	0.898346	0.491026	0.915254	0.504513	ǒǊ
6	0.176379	0.504883	0.289838	0.518370	ǓǆǓǕǘǉǓǇǅǒǒǠǚ
6	0.309015	0.504883	0.426808	0.518370	ǔǊǕǊǏǐǣǜǅǗǊǐǊǑ
6	0.445914	0.504883	0.501141	0.518370	ƴƳƯƳƮ,
6	0.520285	0.504883	0.589265	0.518370	ǓǗǔǘǖǗǍǗǡ
6	0.608426	0.504883	0.703378	0.518370	ǔǅǕǏǓǇǓǜǒǠǎ
6	0.722522	0.504883	0.776377	0.518370	ǗǓǕǑǓǌ)
6	0.795521	0.504883	0.855583	0.518370	ƶǍǖǗǊǑǅ
6	0.874726	0.504883	0.915236	0.518370	ǆǘǉǊǗ
6	0.176379	0.518739	0.282896	0.532226	ǅǇǗǓǑǅǗǍǜǊǖǏǍ
6	0.299851	0.518739	0.417296	0.532226	ǏǓǓǕǉǍǒǍǕǓǇǅǗǡ
6	0.434268	0.518739	0.568276	0.532226	ǖǅǑǓǗǊǖǗǍǕǓǇǅǒǍǊ
6	0.585231	0.518739	0.660925	0.532226	ǍǒǇǊǕǗǓǕǅ
6	0.693407	0.518739	0.725941	0.532226	(ǗǊǖǗ
6	0.742906	0.518739	0.762649	0.532226	VI).
6	0.779611	0.518739	0.915236	0.532226	ƶǅǑǓǗǊǖǗǍǕǓǇǅǒǍǊ
6	0.176379	0.532596	0.280593	0.546083	ǔǕǓǉǓǐǋǅǊǗǖǤ,
6	0.284383	0.532596	0.402138	0.546083	ǔǕǍǆǐǍǌǍǗǊǐǡǒǓ,
6	0.405929	0.532596	0.423244	0.546083	10
6	0.427035	0.532596	0.479040	0.546083	ǖǊǏǘǒǉ.
6	0.146993	0.560309	0.159115	0.573795	h.
6	0.176396	0.560309	0.208726	0.573795	ƪǖǐǍ
6	0.212511	0.560309	0.347140	0.573795	ǌǅǕǊǈǍǖǗǕǍǕǓǇǅǒǠ
6	0.350929	0.560309	0.413017	0.573795	ǖǓǆǠǗǍǤ,
6	0.416800	0.560309	0.488390	0.573795	ǘǖǗǕǅǒǍǗǡ
6	0.492173	0.560309	0.603885	0.573795	ǒǊǍǖǔǕǅǇǒǓǖǗǍ,
6	0.607668	0.560309	0.661090	0.573795	ǔǕǊǋǉǊ
6	0.664861	0.560309	0.691428	0.573795	ǜǊǑ
6	0.695194	0.560309	0.783139	0.573795	ǔǕǓǉǓǐǋǍǗǡ.
6	0.117575	0.588021	0.223569	0.601508	ƴƵƭƱƪƼƥƲƭƪ:
6	0.250244	0.588021	0.259881	0.601508	Ƨ
6	0.286555	0.588021	0.373438	0.601508	ǖǍǗǘǅǛǍǤǚ,
6	0.400112	0.588021	0.442490	0.601508	ǏǓǈǉǅ
6	0.469174	0.588021	0.564486	0.601508	ǓǔǕǊǉǊǐǊǒǍǊ
6	0.591177	0.588021	0.660778	0.601508	ǏǓǕǒǊǇǓǎ
6	0.687452	0.588021	0.753704	0.601508	ǔǕǍǜǍǒǠ
6	0.780379	0.588021	0.911430	0.601508	ǒǊǍǖǔǕǅǇǒǓǖǗǊǎ,
6	0.117575	0.601878	0.282341	0.615365	ǌǅǕǊǈǍǖǗǕǍǕǓǇǅǒǒǠǚ
6	0.289724	0.601878	0.298332	0.615365	Ǉ
6	0.305732	0.601878	0.374222	0.615365	ǔǕǓǛǊǖǖǊ
6	0.381605	0.601878	0.533973	0.615365	ǖǅǑǓǗǊǖǗǍǕǓǇǅǒǍǤ
6	0.541373	0.601878	0.626459	0.615365	ǍǒǇǊǕǗǓǕǅ
6	0.633845	0.601878	0.651425	0.615365	VI,
6	0.658801	0.601878	0.760630	0.615365	ǓǏǅǌǠǇǅǊǗǖǤ
6	0.768013	0.601878	0.840473	0.615365	ǖǐǓǋǒǠǑ,
6	0.847856	0.601878	0.911420	0.615365	ǖǐǊǉǘǊǗ
6	0.117575	0.615734	0.214731	0.629221	ǓǆǕǅǗǍǗǡǖǤ
6	0.222687	0.615734	0.230332	0.629221	Ǐ
6	0.238303	0.615734	0.298528	0.629221	ǕǅǌǉǊǐǘ
6	0.306501	0.615734	0.344168	0.629221	4.7.6.
6	0.352141	0.615734	0.463265	0.629221	«ƵǊǈǍǖǗǕǅǛǍǤ
6	0.471249	0.615734	0.527570	0.629221	ǉǅǒǒǠǚ
6	0.535541	0.615734	0.612668	0.629221	ǓǆǕǅǗǒǓǎ
6	0.620627	0.615734	0.662826	0.629221	ǖǇǤǌǍ
6	0.670791	0.615734	0.786128	0.629221	ǗǊǖǗǍǕǓǇǅǒǍǤ
6	0.794083	0.615734	0.879169	0.629221	ǍǒǇǊǕǗǓǕǅ
6	0.887144	0.615734	0.911424	0.629221	VI»
6	0.117559	0.629591	0.172312	0.643078	ǉǅǒǒǓǎ
6	0.176101	0.629591	0.268636	0.643078	ǔǘǆǐǍǏǅǛǍǍ.
6	0.117575	0.657304	0.149906	0.670791	ƪǖǐǍ
6	0.159016	0.657304	0.241274	0.670791	ǋǊǐǅǗǊǐǡǒǓ
6	0.250374	0.657304	0.322883	0.670791	ǔǓǇǗǓǕǍǗǡ
6	0.331998	0.657304	0.466005	0.670791	ǖǅǑǓǗǊǖǗǍǕǓǇǅǒǍǊ
6	0.475120	0.657304	0.550814	0.670791	ǍǒǇǊǕǗǓǕǅ
6	0.559961	0.657303	0.637893	0.670790	(ǒǅǔǕǍǑǊǕ,
6	0.647024	0.657303	0.673277	0.670790	ǔǕǍ
6	0.682388	0.657303	0.740686	0.670790	ǔǓǔǠǗǏǊ
6	0.749801	0.657303	0.839624	0.670790	ǍǌǓǐǍǕǓǇǅǗǡ
6	0.848738	0.657303	0.911479	0.670790	ǖǓǆǠǗǍǊ,
6	0.117624	0.671159	0.174589	0.684646	ǏǓǗǓǕǓǊ
6	0.178388	0.671159	0.290186	0.684646	ǕǊǈǍǖǗǕǍǕǘǊǗǖǤ
6	0.293955	0.671159	0.340124	0.684646	ǗǓǐǡǏǓ
6	0.343938	0.671159	0.451662	0.684646	ǔǊǕǍǓǉǍǜǊǖǏǍ),
6	0.455449	0.671159	0.510849	0.684646	ǖǐǊǉǘǊǗ
6	0.514633	0.671159	0.589674	0.684646	ǇǠǔǓǐǒǍǗǡ
6	0.593463	0.671159	0.677684	0.684646	ǖǐǊǉǘǣǞǊǊ:
6	0.147026	0.698872	0.159164	0.712359	a.
6	0.176428	0.698872	0.268571	0.712359	ƴǊǕǊǑǊǖǗǍǗǡ
6	0.276137	0.698872	0.383049	0.712359	ǔǊǕǊǏǐǣǜǅǗǊǐǡ
6	0.390589	0.698872	0.442553	0.712359	ƴƳƯƳƮ
6	0.450164	0.698872	0.466138	0.712359	Ǎǌ
6	0.473719	0.698872	0.550899	0.712359	ǔǓǐǓǋǊǒǍǤ
6	0.558482	0.698872	0.604790	0.712359	ƨƳƷƳƧ
6	0.612372	0.698872	0.620491	0.712359	Ǉ
6	0.628073	0.698872	0.705907	0.712359	ǔǓǐǓǋǊǒǍǊ
6	0.713489	0.698872	0.765452	0.712359	ƴƳƯƳƮ
6	0.773032	0.698872	0.793992	0.712359	(ǒǅ
6	0.801576	0.698872	0.889591	0.712359	ǖǅǑǓǖǇǅǐǅǚ,
6	0.897170	0.698872	0.914078	0.712359	ǒǊ
6	0.176445	0.712728	0.289904	0.726215	ǓǆǓǕǘǉǓǇǅǒǒǠǚ
6	0.293693	0.712728	0.411486	0.726215	ǔǊǕǊǏǐǣǜǅǗǊǐǊǑ
6	0.415238	0.712728	0.470465	0.726215	ƴƳƯƳƮ,
6	0.474248	0.712728	0.539210	0.726215	ǇǏǐǣǜǍǗǡ
6	0.543023	0.712728	0.637975	0.726215	ǔǅǕǏǓǇǓǜǒǠǎ
6	0.641764	0.712728	0.695619	0.726215	ǗǓǕǑǓǌ)
6	0.147059	0.740441	0.159197	0.753928	b.
6	0.176461	0.740441	0.218643	0.753928	ƼǊǕǊǌ
6	0.222426	0.740441	0.272026	0.753928	ǔǅǒǊǐǡ
6	0.275809	0.740441	0.300683	0.753928	DID
6	0.304472	0.740441	0.376524	0.753928	ǓǗǏǐǣǜǍǗǡ
6	0.384106	0.740441	0.450898	0.753928	ǍǒǇǊǕǗǓǕ
6	0.454688	0.740441	0.472183	0.753928	ǒǅ
6	0.475975	0.740441	0.547503	0.753928	ǒǊǖǏǓǐǡǏǓ
6	0.551293	0.740441	0.603297	0.753928	ǖǊǏǘǒǉ,
6	0.607080	0.740441	0.648249	0.753928	ǌǅǗǊǑ
6	0.652023	0.740441	0.694280	0.753928	ǖǒǓǇǅ
6	0.698069	0.740441	0.763031	0.753928	ǇǏǐǣǜǍǗǡ
6	0.766821	0.740441	0.836847	0.753928	ǍǒǇǊǕǗǓǕ.
6	0.147059	0.768154	0.158168	0.781641	c.
6	0.176461	0.768154	0.249244	0.781641	ƧǊǕǒǘǗǡǖǤ
6	0.253021	0.768154	0.270516	0.781641	ǒǅ
6	0.274308	0.768154	0.306116	0.781641	ǢǗǅǔ
6	0.309909	0.768154	0.321689	0.781641	(f)
6	0.325464	0.768154	0.367640	0.781641	ǇǠǝǊ.
6	0.117657	0.795867	0.129552	0.809354	2.
6	0.147059	0.795867	0.179390	0.809354	ƪǖǐǍ
6	0.187715	0.795867	0.244419	0.809354	ǒǍǏǅǏǍǚ
6	0.252743	0.795867	0.312690	0.809354	ǖǓǆǠǗǍǎ
6	0.316856	0.795867	0.333764	0.809354	ǒǊ
6	0.342092	0.795867	0.478142	0.809354	ǌǅǕǊǈǍǖǗǕǍǕǓǇǅǒǓ,
6	0.482307	0.795867	0.491063	0.809354	Ǎ
6	0.499393	0.795867	0.507266	0.809354	ǖ
6	0.515581	0.795867	0.613261	0.809354	ǖǓǆǐǣǉǊǒǍǊǑ
6	0.617426	0.795867	0.649430	0.809354	ǇǖǊǚ
6	0.657756	0.795867	0.764698	0.809354	ǖǘǞǊǖǗǇǘǣǞǍǚ
6	0.768879	0.795867	0.786375	0.809354	ǒǅ
6	0.794688	0.795867	0.852473	0.809354	ǕǅǌǕǊǌǊ
6	0.860793	0.795867	0.911528	0.809354	ǔǕǅǇǍǐ
6	0.147075	0.809723	0.249182	0.823210	ǆǊǌǓǔǅǖǒǓǖǗǍ,
6	0.254638	0.809723	0.358133	0.823210	ǔǕǍǈǓǗǓǇǍǗǡǖǤ
6	0.363589	0.809723	0.370596	0.823210	Ǐ
6	0.376068	0.809723	0.438286	0.823210	ǌǅǈǕǘǌǏǊ
6	0.443742	0.809723	0.503493	0.823210	ǕǅǆǓǜǍǚ
6	0.508949	0.809723	0.576231	0.823210	ǗǓǕǑǓǌǓǇ
6	0.581703	0.809723	0.613370	0.823210	(ǍǐǍ,
6	0.618831	0.809723	0.626949	0.823210	Ǉ
6	0.632405	0.809723	0.680877	0.823210	ǖǐǘǜǅǊ
6	0.686341	0.809723	0.797121	0.823210	ǔǓǉǗǇǊǕǋǉǊǒǍǤ
6	0.802577	0.809723	0.854946	0.823210	ǕǅǆǓǗǠ
6	0.860401	0.809723	0.911536	0.823210	ǜǓǔǔǊǕ
6	0.147075	0.823580	0.198251	0.837067	ǑǓǉǘǐǤ
6	0.205569	0.823580	0.246585	0.837067	ǔǓǖǐǊ
6	0.253903	0.823580	0.317346	0.837067	ǕǊǑǓǒǗǅ,
6	0.324664	0.823580	0.374476	0.837067	ǇǑǊǖǗǓ
6	0.381785	0.823580	0.420328	0.837067	ǢǗǓǈǓ
6	0.427652	0.823580	0.487094	0.837067	ǇǠǆǕǅǗǡ
6	0.494411	0.823580	0.523475	0.837067	ǗǊǖǗ
6	0.530788	0.823580	0.645456	0.837067	ƶƥƱƳƲƥƨƵƸƬƯƭ
6	0.660092	0.823580	0.668847	0.837067	Ǎ
6	0.676165	0.823580	0.757903	0.837067	ǔǕǓǍǌǇǊǖǗǍ
6	0.765220	0.823580	0.828451	0.837067	ǒǅǈǕǘǌǏǘ
6	0.835769	0.823580	0.853265	0.837067	ǒǅ
6	0.860581	0.823580	0.911528	0.837067	ǔǓǐǒǓǎ
6	0.147075	0.837436	0.218800	0.850923	ǑǓǞǒǓǖǗǍ
6	0.222590	0.837436	0.300686	0.850923	ǉǇǍǈǅǗǊǐǤ):
6	0.147075	0.865149	0.159213	0.878636	a.
6	0.176477	0.865149	0.254376	0.878636	ƴǓǐǒǓǖǗǡǣ
6	0.258166	0.865149	0.323128	0.878636	ǇǏǐǣǜǍǗǡ
6	0.326918	0.865149	0.387290	0.878636	ǕǅǆǓǜǍǊ
6	0.391080	0.865149	0.453608	0.878636	ǗǓǕǑǓǌǅ,
6	0.457391	0.865149	0.498560	0.878636	ǌǅǗǊǑ
6	0.502350	0.865149	0.571330	0.878636	ǓǗǔǘǖǗǍǗǡ
6	0.575120	0.865149	0.670072	0.878636	ǔǅǕǏǓǇǓǜǒǠǎ
6	0.673862	0.865149	0.727488	0.878636	ǗǓǕǑǓǌ:
7	0.087882	0.101856	0.194481	0.115343	GET-6903A_RU
7	0.087882	0.115711	0.132464	0.129198	ƴǓǍǖǏ
7	0.136178	0.115711	0.145398	0.129198	Ǎ
7	0.149112	0.115711	0.233762	0.129198	ǘǖǗǕǅǒǊǒǍǊ
7	0.237490	0.115711	0.356828	0.129198	ǒǊǍǖǔǕǅǇǒǓǖǗǊǎ
7	0.360541	0.115711	0.410565	0.129198	ǝǏǅǙǅ
7	0.414279	0.115711	0.500434	0.129198	ǘǔǕǅǇǐǊǒǍǤ
7	0.504178	0.115711	0.520650	0.129198	ǖǓ
7	0.524364	0.115711	0.606596	0.129198	ǖǉǇǓǊǒǒǠǑ
7	0.609973	0.115711	0.642597	0.129198	IGBT
7	0.646647	0.115711	0.733922	0.129198	ǍǒǇǊǕǗǊǕǓǑ
7	0.737350	0.115711	0.799581	0.129198	17KG535
7	0.803586	0.115711	0.812807	0.129198	Ǎ
7	0.816521	0.115711	0.878752	0.129198	17KG537
7	0.117608	0.139998	0.129746	0.153485	b.
7	0.147010	0.139998	0.239152	0.153485	ƴǊǕǊǑǊǖǗǍǗǡ
7	0.242926	0.139998	0.333941	0.153485	ǖǊǐǊǏǗǓǕǒǠǎ
7	0.337731	0.139998	0.444643	0.153485	ǔǊǕǊǏǐǣǜǅǗǊǐǡ
7	0.448397	0.139998	0.541193	0.153485	ǒǅǔǕǅǇǐǊǒǍǤ
7	0.544983	0.139998	0.614469	0.153485	ǉǇǍǋǊǒǍǤ
7	0.618259	0.139998	0.626377	0.153485	Ǉ
7	0.630167	0.139998	0.708000	0.153485	ǔǓǐǓǋǊǒǍǊ
7	0.711790	0.139998	0.770464	0.153485	ƧƴƪƵƪƩ.
7	0.117608	0.167711	0.128717	0.181197	c.
7	0.147010	0.167711	0.199999	0.181197	ƲǅǋǅǗǡ
7	0.204899	0.167711	0.254931	0.181197	ǔǊǉǅǐǡ
7	0.259848	0.167711	0.358559	0.181197	ǅǏǖǊǐǊǕǅǗǓǕǅ
7	0.363425	0.167711	0.384157	0.181197	ǒǅ,
7	0.389054	0.167711	0.506809	0.181197	ǔǕǍǆǐǍǌǍǗǊǐǡǒǓ,
7	0.511721	0.167711	0.534785	0.181197	1/3
7	0.539697	0.167711	0.597357	0.181197	ǔǓǐǒǓǈǓ
7	0.602251	0.167711	0.669337	0.181197	ǕǅǆǓǜǊǈǓ
7	0.674253	0.167711	0.711888	0.181197	ǚǓǉǅ,
7	0.716788	0.167711	0.725544	0.181197	Ǎ
7	0.730444	0.167711	0.804828	0.181197	ǒǅǈǕǘǋǅǗǡ
7	0.809732	0.167711	0.869026	0.181197	ǗǓǕǑǓǌǅ
7	0.873926	0.167711	0.882044	0.181197	Ǉ
7	0.146993	0.181567	0.206892	0.195054	ǗǊǜǊǒǍǊ,
7	0.210675	0.181567	0.328430	0.195054	ǔǕǍǆǐǍǌǍǗǊǐǡǒǓ,
7	0.332221	0.181567	0.349536	0.195054	60
7	0.353327	0.181567	0.405339	0.195054	ǖǊǏǘǒǉ.
7	0.088189	0.209280	0.100084	0.222767	3.
7	0.117591	0.209280	0.149922	0.222767	ƪǖǐǍ
7	0.162250	0.209280	0.219574	0.222767	ǒǍǏǅǏǍǊ
7	0.225742	0.209280	0.284595	0.222767	ǖǓǆǠǗǍǤ
7	0.290753	0.209280	0.366447	0.222767	ǍǒǇǊǕǗǓǕǅ
7	0.372605	0.209280	0.389513	0.222767	ǒǊ
7	0.401844	0.209280	0.520040	0.222767	ǕǊǈǍǖǗǕǍǕǘǣǗǖǤ,
7	0.526198	0.209280	0.607936	0.222767	ǔǕǓǍǌǇǊǖǗǍ
7	0.614094	0.209280	0.687321	0.222767	ǉǓǕǓǋǒǠǊ
7	0.693496	0.209280	0.769647	0.222767	ǍǖǔǠǗǅǒǍǤ
7	0.775805	0.209280	0.882044	0.222767	ǗǕǅǒǖǔǓǕǗǒǓǈǓ
7	0.117591	0.223136	0.186278	0.236623	ǖǕǊǉǖǗǇǅ.
7	0.088206	0.252549	0.148670	0.268733	4.3.8.4.
7	0.158771	0.252549	0.258502	0.268733	ƭǌǑǊǕǊǒǍǊ
7	0.263050	0.252549	0.398236	0.268733	ǖǓǔǕǓǗǍǇǐǊǒǍǤ
7	0.402807	0.252549	0.471980	0.268733	ǙǅǌǒǠǚ
7	0.476528	0.252549	0.553334	0.268733	ǑǓǉǘǐǊǎ
7	0.088206	0.283181	0.113609	0.296668	ƩǐǤ
7	0.124240	0.283181	0.191603	0.296668	ǔǕǓǇǊǕǏǍ
7	0.202253	0.283181	0.256165	0.296668	ǙǅǌǒǠǚ
7	0.266791	0.283181	0.327375	0.296668	ǑǓǉǘǐǊǎ
7	0.338014	0.283181	0.376498	0.296668	(IGBT)
7	0.387127	0.283181	0.395245	0.296668	Ǉ
7	0.405895	0.283181	0.448387	0.296668	ǖǚǊǑǊ
7	0.459015	0.283181	0.555372	0.296668	ǍǖǔǓǐǡǌǓǇǅǗǡ
7	0.566005	0.283181	0.637893	0.296668	ǛǍǙǕǓǇǓǎ
7	0.648527	0.283181	0.734332	0.296668	ǑǘǐǡǗǍǑǊǗǕ,
7	0.744982	0.283181	0.853952	0.296668	ǘǖǗǅǒǓǇǐǊǒǒǠǎ
7	0.864567	0.283181	0.882063	0.296668	ǒǅ
7	0.088206	0.297037	0.171936	0.310524	«ƴƵƳƧƪƵƯƥ
7	0.176183	0.297037	0.240213	0.310524	ƩƭƳƩƥ»,
7	0.244478	0.297037	0.253233	0.310524	Ǎ
7	0.257480	0.297037	0.340720	0.310524	ǔǓǉǏǐǣǜǍǗǡ
7	0.344984	0.297037	0.454653	0.310524	ǍǌǑǊǕǍǗǊǐǡǒǠǊ
7	0.458900	0.297037	0.501507	0.310524	ǞǘǔǠ,
7	0.505748	0.297037	0.528662	0.310524	ǏǅǏ
7	0.532928	0.297037	0.599687	0.310524	ǔǓǏǅǌǅǒǓ
7	0.603934	0.297037	0.621430	0.310524	ǒǅ
7	0.625675	0.297037	0.650948	0.310524	ƵǍǖ
7	0.655218	0.297037	0.675770	0.310524	41.
7	0.680004	0.297037	0.747089	0.310524	ƭǌǑǊǒǤǗǡ
7	0.751353	0.297037	0.832143	0.310524	ǔǓǐǤǕǒǓǖǗǡ
7	0.836390	0.297037	0.882067	0.310524	ǞǘǔǓǇ
7	0.088206	0.310894	0.179695	0.324381	ǑǘǐǡǗǍǑǊǗǕǅ
7	0.183469	0.310894	0.191587	0.324381	Ǉ
7	0.195376	0.310894	0.248096	0.324381	ǏǅǋǉǓǎ
7	0.251894	0.310894	0.290378	0.324381	ǗǓǜǏǊ
7	0.294167	0.310894	0.370319	0.324381	ǍǖǔǠǗǅǒǍǤ
7	0.374108	0.310894	0.398264	0.324381	ǉǐǤ
7	0.402051	0.310894	0.488769	0.324381	ǌǅǇǊǕǝǊǒǍǤ
7	0.492549	0.310894	0.563147	0.324381	ǔǕǓǇǊǕǏǍ.
7	0.088206	0.338607	0.120537	0.352094	ƪǖǐǍ
7	0.124468	0.338607	0.179442	0.352094	ǙǅǌǒǠǎ
7	0.183370	0.338607	0.234612	0.352094	ǑǓǉǘǐǡ
7	0.238548	0.338607	0.277032	0.352094	(IGBT)
7	0.280969	0.338607	0.337382	0.352094	ǌǅǑǏǒǘǗ
7	0.341308	0.338607	0.417705	0.352094	ǒǅǏǓǕǓǗǏǓ,
7	0.421625	0.338607	0.503149	0.352094	ǖǘǞǊǖǗǇǘǊǗ
7	0.507071	0.338607	0.599899	0.352094	ǇǓǌǑǓǋǒǓǖǗǡ
7	0.603836	0.338607	0.699147	0.352094	ǔǓǇǕǊǋǉǊǒǍǤ
7	0.703084	0.338607	0.759912	0.352094	ǉǕǘǈǓǈǓ
7	0.763848	0.338607	0.823714	0.352094	ǙǅǌǒǓǈǓ
7	0.827651	0.338607	0.882061	0.352094	ǑǓǉǘǐǤ.
7	0.088206	0.352463	0.164896	0.365950	ƴǕǓǇǊǕǍǗǡ
7	0.169764	0.352463	0.219412	0.365950	ǉǕǘǈǍǊ
7	0.224288	0.352463	0.278821	0.365950	ǙǅǌǒǠǊ
7	0.283697	0.352463	0.335967	0.365950	ǑǓǉǘǐǍ
7	0.340835	0.352463	0.358331	0.365950	ǒǅ
7	0.363197	0.352463	0.395032	0.365950	ǢǗǓǎ
7	0.399900	0.352463	0.438489	0.365950	ǙǅǌǊ.
7	0.443350	0.352463	0.488684	0.365950	ƴǊǕǊǉ
7	0.493546	0.352463	0.569681	0.365950	ǔǕǓǇǊǕǏǓǎ
7	0.574548	0.352463	0.623576	0.365950	ǉǕǘǈǍǚ
7	0.628452	0.352463	0.682364	0.365950	ǙǅǌǒǠǚ
7	0.687240	0.352463	0.751058	0.365950	ǑǓǉǘǐǊǎ,
7	0.755926	0.352463	0.827978	0.365950	ǓǗǏǐǣǜǍǗǡ
7	0.832845	0.352463	0.882061	0.365950	ǏǅǆǊǐǍ
7	0.088206	0.366319	0.150118	0.379806	ǗǤǈǓǇǓǈǓ
7	0.156909	0.366319	0.286310	0.379806	ǢǐǊǏǗǕǓǉǇǍǈǅǗǊǐǤ,
7	0.293056	0.366319	0.335575	0.379806	ǜǗǓǆǠ
7	0.342354	0.366319	0.432177	0.379806	ǍǌǓǐǍǕǓǇǅǗǡ
7	0.438935	0.366319	0.582944	0.379806	«ǔǕǊǉǔǓǐǓǋǍǗǊǐǡǒǓ
7	0.589707	0.366319	0.694476	0.379806	ǒǊǍǖǔǕǅǇǒǠǊ»
7	0.701271	0.366319	0.755804	0.379806	ǙǅǌǒǠǊ
7	0.762574	0.366319	0.814845	0.379806	ǑǓǉǘǐǍ
7	0.821607	0.366319	0.882061	0.379806	(ǔǕǍǑǊǕ:
7	0.088222	0.380176	0.113495	0.393663	ƵǍǖ
7	0.120738	0.380176	0.144749	0.393663	42).
7	0.151990	0.380176	0.228648	0.393663	ƲǅǔǕǍǑǊǕ,
7	0.235886	0.380176	0.268298	0.393663	ǊǖǐǍ
7	0.275530	0.380176	0.342321	0.393663	ǍǒǇǊǕǗǓǕ
7	0.349579	0.380176	0.361470	0.393663	1,
7	0.368701	0.380176	0.423675	0.393663	ǙǅǌǒǠǎ
7	0.430919	0.380176	0.482161	0.393663	ǑǓǉǘǐǡ
7	0.489397	0.380176	0.533366	0.393663	P11A+
7	0.540589	0.380176	0.599971	0.393663	ǇǠǚǓǉǍǗ
7	0.607234	0.380176	0.623207	0.393663	Ǎǌ
7	0.630445	0.380176	0.670089	0.393663	ǖǗǕǓǤ
7	0.677325	0.380176	0.715301	0.393663	Ǎǌ-ǌǅ
7	0.722555	0.380176	0.793678	0.393663	ǏǓǕǓǗǏǓǈǓ
7	0.800928	0.380176	0.882077	0.393663	ǌǅǑǠǏǅǒǍǤ,
7	0.088222	0.394032	0.143622	0.407519	ǖǐǊǉǘǊǗ
7	0.151371	0.394032	0.225889	0.407519	ǔǕǓǇǊǕǍǗǡ
7	0.233648	0.394032	0.251144	0.407519	ǒǅ
7	0.258901	0.394032	0.354213	0.407519	ǔǓǇǕǊǋǉǊǒǍǤ
7	0.361972	0.394032	0.416504	0.407519	ǙǅǌǒǠǊ
7	0.424255	0.394032	0.476525	0.407519	ǑǓǉǘǐǍ
7	0.484292	0.394032	0.531499	0.407519	P12A+,
7	0.539269	0.394032	0.591242	0.407519	P11A–Ǎ
7	0.599019	0.394032	0.643441	0.407519	P12A-.
7	0.651190	0.394032	0.730199	0.407519	ƳǗǖǘǗǖǗǇǍǊ
7	0.737958	0.394032	0.820415	0.407519	ǓǗǏǐǣǜǊǒǍǤ
7	0.828174	0.394032	0.882086	0.407519	ǙǅǌǒǠǚ
7	0.088222	0.407889	0.145752	0.421376	ǏǅǆǊǐǊǎ
7	0.150081	0.407889	0.211993	0.421376	ǗǤǈǓǇǓǈǓ
7	0.216334	0.407889	0.342485	0.421376	ǢǐǊǏǗǕǓǉǇǍǈǅǗǊǐǤ
7	0.346797	0.407889	0.363685	0.421376	ǇǓ
7	0.368015	0.407889	0.411308	0.421376	ǇǕǊǑǤ
7	0.415630	0.407889	0.453598	0.421376	ǗǊǖǗǅ
7	0.457920	0.407889	0.501997	0.421376	ǑǓǋǊǗ
7	0.506303	0.407889	0.579155	0.421376	ǘǏǅǌǠǇǅǗǡ
7	0.583483	0.407889	0.600979	0.421376	ǒǅ
7	0.605306	0.407889	0.623748	0.421376	ǗǓ,
7	0.628076	0.407889	0.651242	0.421376	ǜǗǓ
7	0.655567	0.407889	0.734642	0.421376	ǍǖǔǕǅǇǒǠǎ
7	0.738955	0.407889	0.790196	0.421376	ǑǓǉǘǐǡ
7	0.794524	0.407889	0.821342	0.421376	ǆǠǐ
7	0.825674	0.407889	0.882087	0.421376	ǌǅǑǏǒǘǗ
7	0.088222	0.421745	0.164618	0.435232	ǒǅǏǓǕǓǗǏǓ.
7	0.088222	0.449458	0.113626	0.462945	ƩǐǤ
7	0.117624	0.449458	0.228405	0.462945	ǔǓǉǗǇǊǕǋǉǊǒǍǤ
7	0.232423	0.449458	0.375104	0.462945	ǔǓǐǓǋǊǒǍǤ/ǔǓǌǍǛǍǍ
7	0.379106	0.449458	0.479988	0.462945	ǒǊǍǖǔǕǅǇǒǓǈǓ
7	0.484006	0.449458	0.543872	0.462945	ǙǅǌǒǓǈǓ
7	0.547874	0.449458	0.599050	0.462945	ǑǓǉǘǐǤ
7	0.603052	0.449458	0.684790	0.462945	ǔǕǓǍǌǇǊǖǗǍ
7	0.688808	0.449458	0.717872	0.462945	ǗǊǖǗ
7	0.721882	0.449458	0.738161	0.462945	VI.
7	0.742166	0.449458	0.785348	0.462945	ƴǓǖǐǊ
7	0.789363	0.449458	0.882094	0.462945	ǓǔǕǊǉǊǐǊǒǍǤ
7	0.088222	0.463315	0.136344	0.476801	ǗǊǖǗǓǑ
7	0.142116	0.463315	0.155164	0.476801	VI
7	0.160933	0.463315	0.238114	0.476801	ǔǓǐǓǋǊǒǍǤ
7	0.243890	0.463315	0.344771	0.476801	ǒǊǍǖǔǕǅǇǒǓǈǓ
7	0.350537	0.463315	0.404948	0.476801	ǑǓǉǘǐǤ,
7	0.410714	0.463315	0.482765	0.476801	ǓǗǏǐǣǜǍǗǡ
7	0.488531	0.463315	0.543505	0.476801	ǙǅǌǒǠǎ
7	0.549262	0.463315	0.597449	0.476801	ǏǅǆǊǐǡ
7	0.603232	0.463315	0.618913	0.476801	(Ǎ)
7	0.624684	0.463315	0.655752	0.476801	«ƥ»,
7	0.661521	0.463315	0.689321	0.476801	«Ƨ»
7	0.695080	0.463315	0.720052	0.476801	ǍǐǍ
7	0.725815	0.463315	0.753803	0.476801	«ƶ»
7	0.759569	0.463315	0.774774	0.476801	ǓǗ
7	0.780558	0.463315	0.861416	0.476801	ǍǌǓǐǤǗǓǕǓǇ
7	0.867211	0.463315	0.873092	0.476801	-
7	0.878858	0.463315	0.882092	0.476801	,
7	0.088222	0.477171	0.130741	0.490658	ǜǗǓǆǠ
7	0.134530	0.477171	0.224354	0.490658	ǍǌǓǐǍǕǓǇǅǗǡ
7	0.228145	0.477171	0.372151	0.490658	«ǔǕǊǉǔǓǐǓǋǍǗǊǐǡǒǓ
7	0.375941	0.477171	0.481164	0.490658	ǒǊǍǖǔǕǅǇǒǠǎ»
7	0.484957	0.477171	0.539930	0.490658	ǙǅǌǒǠǎ
7	0.543709	0.477171	0.598184	0.490658	ǑǓǉǘǐǡ.
7	0.601972	0.477171	0.664600	0.490658	(ƴǕǍǑǊǕ:
7	0.668383	0.477171	0.693656	0.490658	ƵǍǖ
7	0.697449	0.477171	0.721470	0.490658	42).
7	0.088222	0.504884	0.160987	0.518371	ƩǕǅǎǇǊǕǠ
7	0.168816	0.504884	0.186312	0.518371	ǒǅ
7	0.194151	0.504884	0.248063	0.518371	ǙǅǌǒǠǚ
7	0.255895	0.504884	0.314765	0.518371	ǑǓǉǘǐǤǚ
7	0.322622	0.504884	0.362772	0.518371	ǑǓǈǘǗ
7	0.370612	0.504884	0.404131	0.518371	ǆǠǗǡ
7	0.411971	0.504884	0.491076	0.518371	ǔǕǓǇǊǕǊǒǠ
7	0.498903	0.504884	0.516399	0.518371	ǒǅ
7	0.524238	0.504884	0.569672	0.518371	ǓǗǏǐǍǏ
7	0.577521	0.504884	0.595017	0.518371	ǒǅ
7	0.602872	0.504884	0.720431	0.518371	ǓǔǗǓǇǓǐǓǏǓǒǒǠǊ
7	0.728272	0.504884	0.794802	0.518371	ǖǇǊǗǓǇǠǊ
7	0.802643	0.504884	0.864746	0.518371	ǖǍǈǒǅǐǠ.
7	0.872587	0.504884	0.882077	0.518371	ƶ
7	0.088222	0.518740	0.176641	0.532227	ǇǏǐǣǜǊǒǒǠǑ
7	0.181361	0.518740	0.250010	0.532227	ǔǍǗǅǒǍǊǑ
7	0.254719	0.518740	0.341210	0.532227	ǘǔǕǅǇǐǊǒǍǤ,
7	0.345931	0.518740	0.390126	0.532227	ǇǠǚǓǉ
7	0.394853	0.518740	0.456917	0.532227	ǕǅǌǟǊǑǅ
7	0.461628	0.518740	0.510958	0.532227	ǖǊǕǓǈǓ
7	0.515695	0.518740	0.638573	0.532227	ǓǔǗǓǇǓǐǓǏǓǒǒǓǈǓ
7	0.643316	0.518740	0.691438	0.532227	ǏǅǆǊǐǤ
7	0.696158	0.518740	0.712132	0.532227	Ǎǌ
7	0.716854	0.518740	0.786684	0.532227	ǉǕǅǎǇǊǕǅ
7	0.791405	0.518740	0.843838	0.532227	ǉǓǐǋǊǒ
7	0.848559	0.518740	0.882077	0.532227	ǆǠǗǡ
7	0.088222	0.532597	0.179875	0.546084	ǇǏǐǣǜǊǒǒǠǑ.
7	0.186327	0.532597	0.228457	0.546084	ƯǓǈǉǅ
7	0.234906	0.532597	0.265652	0.546084	ǖǇǊǗ
7	0.272099	0.532597	0.350652	0.546084	ǔǓǤǇǐǤǊǗǖǤ
7	0.357104	0.532597	0.365222	0.546084	Ǉ
7	0.371674	0.532597	0.433151	0.546084	ǕǅǌǟǊǑǊ
7	0.439593	0.532597	0.488596	0.546084	ǖǍǒǊǈǓ
7	0.495032	0.532597	0.617910	0.546084	ǓǔǗǓǇǓǐǓǏǓǒǒǓǈǓ
7	0.624385	0.532597	0.672506	0.546084	ǏǅǆǊǐǤ
7	0.678958	0.532597	0.752022	0.546084	ǉǕǅǎǇǊǕǅ,
7	0.758474	0.532597	0.789221	0.546084	ǖǇǊǗ
7	0.795652	0.532597	0.803770	0.546084	Ǉ
7	0.810222	0.532597	0.882066	0.546084	ǇǠǚǓǉǒǓǑ
7	0.088222	0.546453	0.149699	0.559940	ǕǅǌǟǊǑǊ
7	0.153462	0.546453	0.202792	0.559940	ǖǊǕǓǈǓ
7	0.206582	0.546453	0.329459	0.559940	ǓǔǗǓǇǓǐǓǏǓǒǒǓǈǓ
7	0.333288	0.546453	0.381410	0.559940	ǏǅǆǊǐǤ
7	0.385199	0.546453	0.437633	0.559940	ǉǓǐǋǊǒ
7	0.441422	0.546453	0.516202	0.559940	ǔǓǈǅǖǒǘǗǡ.
8	0.804862	0.101927	0.911461	0.115414	GET-6903A_RU
8	0.120058	0.115784	0.164639	0.129271	ƴǓǍǖǏ
8	0.168353	0.115784	0.177574	0.129271	Ǎ
8	0.181287	0.115784	0.265938	0.129271	ǘǖǗǕǅǒǊǒǍǊ
8	0.269666	0.115784	0.389003	0.129271	ǒǊǍǖǔǕǅǇǒǓǖǗǊǎ
8	0.392717	0.115784	0.442741	0.129271	ǝǏǅǙǅ
8	0.446455	0.115784	0.532610	0.129271	ǘǔǕǅǇǐǊǒǍǤ
8	0.536354	0.115784	0.552826	0.129271	ǖǓ
8	0.556540	0.115784	0.638771	0.129271	ǖǉǇǓǊǒǒǠǑ
8	0.641957	0.115784	0.674581	0.129271	IGBT
8	0.678823	0.115784	0.766098	0.129271	ǍǒǇǊǕǗǊǕǓǑ
8	0.769317	0.115784	0.831549	0.129271	17KG535
8	0.835762	0.115784	0.844982	0.129271	Ǎ
8	0.848696	0.115784	0.910928	0.129271	17KG537
8	0.547545	0.162597	0.564115	0.171834	НА
8	0.567146	0.162597	0.671543	0.171834	ОТРИЦАТЕЛЬНЫХ
8	0.674575	0.162597	0.732360	0.171834	ФАЗОВЫХ
8	0.735391	0.162597	0.796992	0.171834	МОДУЛЯХ:
8	0.800024	0.162597	0.873072	0.171834	ПОКАЗАНИЕ
8	0.534294	0.173682	0.646976	0.182920	ПРИБЛИЗИТЕЛЬНО
8	0.650008	0.173682	0.666996	0.182920	0,2
8	0.670027	0.173682	0.677620	0.182920	В
8	0.680651	0.173682	0.716626	0.182920	ПОСТ.
8	0.719658	0.173682	0.754130	0.182920	ТОКА,
8	0.757162	0.173682	0.886348	0.182920	ПРОТИВОПОЛОЖНОЕ
8	0.568401	0.184767	0.646610	0.194005	ПОЛОЖЕНИЕ
8	0.649642	0.184767	0.695052	0.194005	ЩУПОВ
8	0.698084	0.184767	0.785623	0.194005	МУЛЬТИМЕТРА
8	0.788655	0.184767	0.805643	0.194005	0,3
8	0.808675	0.184767	0.816267	0.194005	В
8	0.819299	0.184767	0.855274	0.194005	ПОСТ.
8	0.579835	0.195852	0.611171	0.205090	ТОКА
8	0.614203	0.195852	0.622069	0.205090	С
8	0.625101	0.195852	0.691027	0.205090	ЭФФЕКТОМ
8	0.697090	0.195852	0.744094	0.205090	ЗАРЯДА
8	0.747126	0.195852	0.843839	0.205090	КОНДЕНСАТОРА
8	0.576281	0.206938	0.601383	0.216175	ПРИ
8	0.604415	0.206938	0.686467	0.216175	ПОВЫШЕНИИ
8	0.689498	0.206938	0.774033	0.216175	НАПРЯЖЕНИЯ
8	0.777064	0.206938	0.813039	0.216175	ПОСТ.
8	0.816071	0.206938	0.847407	0.216175	ТОКА
8	0.629533	0.221374	0.647619	0.230611	ON
8	0.650650	0.221374	0.707638	0.230611	NEGATIVE
8	0.710670	0.221374	0.747769	0.230611	PHASE
8	0.750800	0.221374	0.810258	0.230611	MODULES:
8	0.625587	0.232459	0.715923	0.241696	APPROXIMATELY
8	0.718955	0.232459	0.735394	0.241696	0.2
8	0.738425	0.232459	0.761647	0.241696	VDC
8	0.764678	0.232459	0.817223	0.241696	READING,
8	0.555268	0.246586	0.571838	0.255824	НА
8	0.574870	0.246586	0.686009	0.255824	ПОЛОЖИТЕЛЬНЫХ
8	0.601020	0.243544	0.657589	0.252782	REVERSED
8	0.660621	0.243544	0.697249	0.252782	METER
8	0.689041	0.246586	0.746826	0.255824	ФАЗОВЫХ
8	0.700281	0.243544	0.735446	0.252782	LEADS
8	0.738478	0.243544	0.754917	0.252782	0.3
8	0.749858	0.246586	0.811458	0.255824	МОДУЛЯХ:
8	0.757948	0.243544	0.781170	0.252782	VDC
8	0.784201	0.243544	0.813760	0.252782	WITH
8	0.814490	0.246586	0.887538	0.255824	ПОКАЗАНИЕ
8	0.816792	0.243544	0.838772	0.252782	CAP
8	0.545376	0.257671	0.658058	0.266909	ПРИБЛИЗИТЕЛЬНО
8	0.604953	0.254629	0.664580	0.263867	CHARGING
8	0.661090	0.257671	0.678077	0.266909	0,2
8	0.667612	0.254629	0.708279	0.263867	AFFECT
8	0.681109	0.257671	0.688701	0.266909	В
8	0.691733	0.257671	0.727708	0.266909	ПОСТ.
8	0.711310	0.254629	0.740869	0.263867	WITH
8	0.730740	0.257671	0.765212	0.266909	ТОКА,
8	0.743901	0.254629	0.811591	0.263867	INCREASING
8	0.768244	0.257671	0.897430	0.266909	ПРОТИВОПОЛОЖНОЕ
8	0.814623	0.254629	0.837844	0.263867	VDC
8	0.510553	0.267447	0.518795	0.277424	+
8	0.577967	0.268757	0.656176	0.277994	ПОЛОЖЕНИЕ
8	0.659208	0.268757	0.704618	0.277994	ЩУПОВ
8	0.707649	0.268757	0.795189	0.277994	МУЛЬТИМЕТРА
8	0.798221	0.268757	0.815209	0.277994	0,3
8	0.818241	0.268757	0.825833	0.277994	В
8	0.828864	0.268757	0.864840	0.277994	ПОСТ.
8	0.502219	0.277195	0.529058	0.285525	VOM
8	0.589401	0.279842	0.620737	0.289079	ТОКА
8	0.623769	0.279842	0.631635	0.289079	С
8	0.634667	0.279842	0.700593	0.289079	ЭФФЕКТОМ
8	0.706656	0.279842	0.753660	0.289079	ЗАРЯДА
8	0.756692	0.279842	0.853405	0.289079	КОНДЕНСАТОРА
8	0.510553	0.283410	0.518400	0.293386	–
8	0.585846	0.290927	0.610949	0.300165	ПРИ
8	0.613981	0.290927	0.696032	0.300165	ПОВЫШЕНИИ
8	0.699064	0.290927	0.783598	0.300165	НАПРЯЖЕНИЯ
8	0.786630	0.290927	0.822605	0.300165	ПОСТ.
8	0.825637	0.290927	0.856973	0.300165	ТОКА
8	0.630657	0.301529	0.648743	0.310766	ON
8	0.651774	0.301529	0.702790	0.310766	POSITIVE
8	0.705822	0.301529	0.742921	0.310766	PHASE
8	0.745952	0.301529	0.805410	0.310766	MODULES:
8	0.623718	0.312614	0.714054	0.321852	APPROXIMATELY
8	0.717086	0.312614	0.733525	0.321852	0.2
8	0.736557	0.312614	0.759778	0.321852	VDC
8	0.762810	0.312614	0.815355	0.321852	READING,
8	0.599151	0.323699	0.655721	0.332937	REVERSED
8	0.658752	0.323699	0.695381	0.332937	METER
8	0.698412	0.323699	0.733577	0.332937	LEADS
8	0.736609	0.323699	0.753048	0.332937	0.3
8	0.756080	0.323699	0.779301	0.332937	VDC
8	0.782333	0.323699	0.811892	0.332937	WITH
8	0.814923	0.323699	0.836903	0.332937	CAP
8	0.507279	0.333682	0.515126	0.343658	–
8	0.603084	0.334784	0.662712	0.344022	CHARGING
8	0.665743	0.334784	0.706410	0.344022	AFFECT
8	0.709442	0.334784	0.739000	0.344022	WITH
8	0.742032	0.334784	0.809722	0.344022	INCREASING
8	0.812754	0.334784	0.835975	0.344022	VDC
8	0.586591	0.343046	0.676718	0.352284	ОБНАРУЖЕНИЕ
8	0.679750	0.343046	0.742997	0.352284	КОРОТКИХ
8	0.746029	0.343046	0.823664	0.352284	ЗАМЫКАНИЙ
8	0.826695	0.343046	0.856215	0.352284	IGBT:
8	0.510666	0.347604	0.537496	0.355935	VOM
8	0.561854	0.354131	0.639450	0.363369	УСТАНОВИТЕ
8	0.642481	0.354131	0.711269	0.363369	ЦИФРОВОЙ
8	0.714301	0.354131	0.793961	0.363369	МУЛЬТИМЕТР
8	0.796993	0.354131	0.813562	0.363369	НА
8	0.816594	0.354131	0.877933	0.363369	ПРОВЕРКУ
8	0.506658	0.358444	0.514900	0.368420	+
8	0.550747	0.365216	0.595137	0.374454	ДИОДА
8	0.598169	0.365216	0.656555	0.374454	КРАСНЫЙ
8	0.659587	0.365216	0.720534	0.374454	ЯВЛЯЕТСЯ
8	0.723566	0.365216	0.837907	0.374454	ПОЛОЖИТЕЛЬНЫМ
8	0.840939	0.365216	0.889041	0.374454	ЩУПОМ
8	0.563919	0.376301	0.651459	0.385539	МУЛЬТИМЕТРА
8	0.654491	0.376301	0.704265	0.385539	ЧЕРНЫЙ
8	0.707297	0.376301	0.768244	0.385539	ЯВЛЯЕТСЯ
8	0.771276	0.376301	0.878874	0.385539	ОТРИЦАТЕЛЬНЫМ
8	0.628017	0.381416	0.681372	0.390654	LOOKING
8	0.684404	0.381416	0.707625	0.390654	FOR
8	0.710657	0.381416	0.737289	0.390654	IGBT
8	0.740320	0.381416	0.788579	0.390654	SHORTS:
8	0.653576	0.387387	0.701678	0.396624	ЩУПОМ
8	0.704709	0.387387	0.792249	0.396624	МУЛЬТИМЕТРА
8	0.613395	0.392501	0.632839	0.401739	SET
8	0.635871	0.392501	0.678772	0.401739	DIGITAL
8	0.681804	0.392501	0.718432	0.401739	METER
8	0.721464	0.392501	0.736322	0.401739	TO
8	0.739353	0.392501	0.774492	0.401739	DIODE
8	0.777524	0.392501	0.803176	0.401739	TEST
8	0.629324	0.403586	0.651539	0.412824	RED
8	0.654571	0.403586	0.664397	0.412824	IS
8	0.667429	0.403586	0.716054	0.412824	POSITIVE
8	0.719085	0.403586	0.755714	0.412824	METER
8	0.758746	0.403586	0.787259	0.412824	LEAD
8	0.619563	0.414672	0.655551	0.423909	BLACK
8	0.658582	0.414672	0.668409	0.423909	IS
8	0.671441	0.414672	0.725828	0.423909	NEGATIVE
8	0.728860	0.414672	0.765488	0.423909	METER
8	0.768520	0.414672	0.797034	0.423909	LEAD
8	0.864805	0.470439	0.899244	0.477367	E-60184
8	0.374580	0.487562	0.399568	0.501049	ƵǍǖ
8	0.403358	0.487562	0.423910	0.501049	41.
8	0.431473	0.487562	0.500367	0.501049	ƴǕǓǇǊǕǏǍ
8	0.504145	0.487562	0.564011	0.501049	ǙǅǌǒǓǈǓ
8	0.567800	0.487562	0.619188	0.501049	ǑǓǉǘǐǤ
8	0.622980	0.487562	0.654489	0.501049	IGBT
8	0.864805	0.845717	0.899244	0.852645	E-60253
8	0.333646	0.862841	0.358634	0.876328	ƵǍǖ
8	0.362424	0.862841	0.382976	0.876328	42.
8	0.390555	0.862841	0.459433	0.876328	ƴǕǓǇǊǕǏǅ
8	0.463211	0.862841	0.576585	0.876328	ǖǓǔǕǓǗǍǇǐǊǒǍǤ
8	0.580394	0.862841	0.640260	0.876328	ǙǅǌǒǓǈǓ
8	0.644050	0.862841	0.695438	0.876328	ǑǓǉǘǐǤ
9	0.087882	0.101856	0.194481	0.115343	GET-6903A_RU
9	0.087882	0.114664	0.132464	0.128151	ƴǓǍǖǏ
9	0.136178	0.114664	0.145398	0.128151	Ǎ
9	0.149112	0.114664	0.233762	0.128151	ǘǖǗǕǅǒǊǒǍǊ
9	0.237490	0.114664	0.356828	0.128151	ǒǊǍǖǔǕǅǇǒǓǖǗǊǎ
9	0.360541	0.114664	0.410565	0.128151	ǝǏǅǙǅ
9	0.414279	0.114664	0.500434	0.128151	ǘǔǕǅǇǐǊǒǍǤ
9	0.504178	0.114664	0.520650	0.128151	ǖǓ
9	0.524364	0.114664	0.606596	0.128151	ǖǉǇǓǊǒǒǠǑ
9	0.609973	0.114664	0.642597	0.128151	IGBT
9	0.646647	0.114664	0.733922	0.128151	ǍǒǇǊǕǗǊǕǓǑ
9	0.737350	0.114664	0.799581	0.128151	17KG535
9	0.803586	0.114664	0.812807	0.128151	Ǎ
9	0.816521	0.114664	0.878752	0.128151	17KG537
9	0.087882	0.139944	0.148347	0.156128	4.3.8.5.
9	0.152880	0.139944	0.304869	0.156128	ƩǓǔǓǐǒǍǗǊǐǡǒǠǊ
9	0.309417	0.139944	0.406624	0.156128	ǍǖǔǠǗǅǒǍǤ
9	0.411206	0.139944	0.487416	0.156128	ǙǅǌǒǓǈǓ
9	0.491964	0.139944	0.557236	0.156128	ǑǓǉǘǐǤ
9	0.561784	0.139944	0.656286	0.156128	ǍǒǇǊǕǗǓǕǅ
9	0.660849	0.139944	0.736529	0.156128	ǖǍǖǗǊǑǠ
9	0.741077	0.139944	0.858744	0.156128	ǔǊǕǊǑǊǒǒǓǈǓ
9	0.088206	0.155558	0.127924	0.171742	ǗǓǏǅ
9	0.132474	0.155558	0.227995	0.171742	ǖǅǑǓǖǇǅǐǅ
9	0.088206	0.186185	0.120537	0.199672	ƪǖǐǍ
9	0.125383	0.186185	0.196059	0.199672	ǗǕǊǆǘǊǗǖǤ
9	0.200914	0.186185	0.315990	0.199672	ǉǓǔǓǐǒǍǗǊǐǡǒǅǤ
9	0.320858	0.186185	0.411302	0.199672	ǍǒǙǓǕǑǅǛǍǤ
9	0.416153	0.186185	0.433518	0.199672	ǔǓ
9	0.438384	0.186185	0.524826	0.199672	ǍǖǔǠǗǅǒǍǤǑ
9	0.529677	0.186185	0.589543	0.199672	ǙǅǌǒǓǈǓ
9	0.594395	0.186185	0.645570	0.199672	ǑǓǉǘǐǤ
9	0.650438	0.186185	0.658556	0.199672	Ǉ
9	0.663408	0.186185	0.724499	0.199672	ǖǍǖǗǊǑǊ,
9	0.729366	0.186185	0.780395	0.199672	ǖǑǓǗǕǍ
9	0.785247	0.186185	0.859830	0.199672	ǆǣǐǐǊǗǊǒǡ
9	0.864697	0.186185	0.882062	0.199672	ǔǓ
9	0.088206	0.200042	0.186164	0.213529	ǗǊǚǒǍǜǊǖǏǓǑǘ
9	0.189953	0.200042	0.295670	0.213529	ǓǆǖǐǘǋǍǇǅǒǍǣ
9	0.299460	0.200042	0.356663	0.213529	ǍǌǉǊǐǍǤ
9	0.360454	0.200042	0.426125	0.213529	ACPSB10.
9	0.088206	0.229455	0.148670	0.245639	4.3.8.6.
9	0.158771	0.229455	0.271831	0.245639	ƵǊǈǍǖǗǕǅǛǍǤ
9	0.276398	0.229455	0.343739	0.245639	ǉǅǒǒǠǚ
9	0.348296	0.229455	0.433189	0.245639	ǓǆǕǅǗǒǓǎ
9	0.437737	0.229455	0.487838	0.245639	ǖǇǤǌǍ
9	0.492385	0.229455	0.539958	0.245639	ǗǊǖǗǅ
9	0.549056	0.229455	0.565524	0.245639	VI
9	0.570065	0.229455	0.664567	0.245639	ǍǒǇǊǕǗǓǕǅ
9	0.088206	0.260086	0.113609	0.273573	ƩǐǤ
9	0.121087	0.260086	0.195161	0.273573	ǔǓǐǘǜǊǒǍǤ
9	0.202629	0.260086	0.260191	0.273573	ǉǓǖǗǘǔǅ
9	0.267673	0.260086	0.276428	0.273573	Ǎ
9	0.283925	0.260086	0.375121	0.273573	ǕǊǈǍǖǗǕǅǛǍǍ
9	0.382602	0.260086	0.435999	0.273573	ǉǅǒǒǠǚ
9	0.443480	0.260086	0.511383	0.273573	ǓǆǕǅǗǒǓǎ
9	0.518864	0.260086	0.558491	0.273573	ǖǇǤǌǍ
9	0.565973	0.260086	0.603940	0.273573	ǗǊǖǗǅ
9	0.611422	0.260086	0.627701	0.273573	VI,
9	0.635185	0.260086	0.693963	0.273573	ǏǓǗǓǕǠǊ
9	0.701467	0.260086	0.737044	0.273573	ǆǠǐǍ
9	0.744525	0.260086	0.806922	0.273573	ǖǓǆǕǅǒǠ
9	0.814404	0.260086	0.831292	0.273573	ǇǓ
9	0.838775	0.260086	0.882067	0.273573	ǇǕǊǑǤ
9	0.088206	0.273942	0.170630	0.287429	ǔǓǖǐǊǉǒǊǈǓ
9	0.174419	0.273942	0.212387	0.287429	ǗǊǖǗǅ
9	0.216172	0.273942	0.229221	0.287429	VI
9	0.233011	0.273942	0.294819	0.287429	(ǔǍǗǅǒǍǊ
9	0.298609	0.273942	0.346256	0.287429	ǝǏǅǙǅ
9	0.350046	0.273942	0.433317	0.287429	ǘǔǕǅǇǐǊǒǍǤ
9	0.437094	0.273942	0.454002	0.287429	ǒǊ
9	0.457793	0.273942	0.510684	0.287429	ǉǓǐǋǒǓ
9	0.514473	0.273942	0.602206	0.287429	ǓǗǏǐǣǜǅǗǡǖǤ
9	0.605976	0.273942	0.614731	0.287429	Ǎ
9	0.618521	0.273942	0.705859	0.287429	ǇǏǐǣǜǅǗǡǖǤ),
9	0.709646	0.273942	0.791383	0.287429	ǔǕǓǍǌǇǊǖǗǍ
9	0.795173	0.273942	0.879415	0.287429	ǖǐǊǉǘǣǞǊǊ:
9	0.088206	0.301655	0.100101	0.315142	1.
9	0.117608	0.301655	0.174854	0.315142	ƧǊǕǒǘǗǡ
9	0.178617	0.301655	0.246825	0.315142	ǖǅǑǓǖǇǅǐ
9	0.250603	0.301655	0.258721	0.315142	Ǉ
9	0.262511	0.301655	0.340345	0.315142	ǔǓǐǓǋǊǒǍǊ
9	0.344134	0.301655	0.396098	0.315142	ƴƳƯƳƮ
9	0.402208	0.301655	0.420859	0.315142	(ǒǅ
9	0.424650	0.301655	0.512673	0.315142	ǖǅǑǓǖǇǅǐǅǚ,
9	0.516456	0.301655	0.646822	0.315142	ǒǊǓǆǓǕǘǉǓǇǅǒǒǠǚ
9	0.650611	0.301655	0.768404	0.315142	ǔǊǕǊǏǐǣǜǅǗǊǐǊǑ
9	0.772163	0.301655	0.824126	0.315142	ƴƳƯƳƮ
9	0.117608	0.315511	0.182570	0.328998	ǇǏǐǣǜǍǗǡ
9	0.186360	0.315511	0.281312	0.328998	ǔǅǕǏǓǇǓǜǒǠǎ
9	0.285102	0.315511	0.338956	0.328998	ǗǓǕǑǓǌ)
9	0.342749	0.315511	0.351505	0.328998	Ǎ
9	0.355294	0.315511	0.436052	0.328998	ǔǓǉǓǋǉǅǗǡ,
9	0.439835	0.315511	0.473103	0.328998	ǔǓǏǅ
9	0.476891	0.315511	0.493799	0.328998	ǒǊ
9	0.497590	0.315511	0.568809	0.328998	ǌǅǈǓǕǍǗǖǤ
9	0.572598	0.315511	0.672908	0.328998	ǍǒǉǍǏǅǗǓǕǒǅǤ
9	0.676720	0.315511	0.720879	0.328998	ǐǅǑǔǅ
9	0.724662	0.315511	0.779864	0.328998	ƴƳƯƳƮ.
9	0.088190	0.343224	0.100084	0.356711	2.
9	0.117592	0.343224	0.202990	0.356711	ƴǓǉǏǐǣǜǍǗǡ
9	0.206500	0.343224	0.340214	0.356711	ǔǓǖǐǊǉǓǇǅǗǊǐǡǒǠǎ
9	0.343693	0.343224	0.376400	0.356711	ǔǓǕǗ
9	0.379891	0.343224	0.444281	0.356711	ǒǓǘǗǆǘǏǅ
9	0.447777	0.343224	0.454784	0.356711	Ǐ
9	0.458280	0.343224	0.498936	0.356711	ǔǓǕǗǘ
9	0.502432	0.343224	0.604538	0.356711	ǔǕǓǇǊǕǤǊǑǓǈǓ
9	0.608018	0.343224	0.686946	0.356711	ǍǒǇǊǕǗǓǕǅ:
9	0.690441	0.343224	0.721294	0.356711	CNG
9	0.724776	0.343224	0.748932	0.356711	ǉǐǤ
9	0.752424	0.343224	0.784368	0.356711	inv1,
9	0.787860	0.343224	0.818958	0.356711	CNH
9	0.822457	0.343224	0.846612	0.356711	ǉǐǤ
9	0.850101	0.343224	0.882058	0.356711	inv2.
9	0.088206	0.370937	0.100101	0.384424	3.
9	0.117608	0.370937	0.188529	0.384424	ƬǅǔǘǖǗǍǗǡ
9	0.193008	0.370937	0.321299	0.384424	ǖǓǓǗǇǊǗǖǗǇǘǣǞǘǣ
9	0.325791	0.370937	0.405095	0.384424	ǔǕǓǈǕǅǑǑǘ
9	0.409603	0.370937	0.477260	0.384424	ǢǑǘǐǤǛǍǍ
9	0.481752	0.370937	0.558325	0.384424	ǗǊǕǑǍǒǅǐǅ
9	0.562797	0.370937	0.646087	0.384424	(HyperTerm,
9	0.650588	0.370937	0.730742	0.384424	SmartTerm,
9	0.735243	0.370937	0.803799	0.384424	ProComm
9	0.808301	0.370937	0.845243	0.384424	ǍǗ.ǔ.).
9	0.849735	0.370937	0.882066	0.384424	ƪǖǐǍ
9	0.117608	0.384794	0.205373	0.398281	ǒǊǓǆǚǓǉǍǑǓ
9	0.210453	0.384794	0.343530	0.398281	ǖǏǓǒǙǍǈǘǕǍǕǓǇǅǗǡ
9	0.348626	0.384794	0.422621	0.398281	ǒǅǖǗǕǓǎǏǍ
9	0.427701	0.384794	0.566316	0.398281	ǔǓǖǐǊǉǓǇǅǗǊǐǡǒǓǈǓ
9	0.571412	0.384794	0.613016	0.398281	ǔǓǕǗǅ
9	0.618096	0.384794	0.635592	0.398281	ǒǅ
9	0.640696	0.384794	0.675335	0.398281	9600
9	0.680396	0.384794	0.710201	0.398281	ǆǓǉ,
9	0.715273	0.384794	0.723930	0.398281	8
9	0.729040	0.384794	0.752999	0.398281	ǆǍǗ
9	0.758082	0.384794	0.814714	0.398281	ǉǅǒǒǠǚ,
9	0.819810	0.384794	0.844119	0.398281	ǆǊǌ
9	0.849196	0.384794	0.882056	0.398281	ǆǍǗǅ
9	0.117608	0.398650	0.183975	0.412137	ǜǊǗǒǓǖǗǍ,
9	0.187758	0.398650	0.222905	0.412137	ǓǉǍǒ
9	0.226693	0.398650	0.294595	0.412137	ǖǗǓǔǓǇǠǎ
9	0.298385	0.398650	0.325577	0.412137	ǆǍǗ,
9	0.329360	0.398650	0.353669	0.412137	ǆǊǌ
9	0.357460	0.398650	0.440732	0.412137	ǘǔǕǅǇǐǊǒǍǤ
9	0.444526	0.398650	0.503157	0.412137	ǔǓǗǓǏǓǑ
9	0.506956	0.398650	0.563588	0.412137	ǉǅǒǒǠǚ.
9	0.567371	0.398650	0.633525	0.412137	ƧǏǐǣǜǍǗǡ
9	0.637315	0.398650	0.683842	0.412137	ǕǊǋǍǑ
9	0.687632	0.398650	0.737738	0.412137	ǌǅǔǍǖǍ
9	0.741519	0.398650	0.789690	0.412137	Ǚǅǎǐǅ.
9	0.088206	0.426363	0.095900	0.439850	•
9	0.117608	0.426363	0.126919	0.439850	Ƨ
9	0.130708	0.426363	0.179181	0.439850	ǖǐǘǜǅǊ
9	0.182946	0.426363	0.290149	0.439850	ǍǖǔǓǐǡǌǓǇǅǒǍǤ
9	0.293939	0.426363	0.375872	0.439850	ǔǕǓǈǕǅǑǑǠ
9	0.379664	0.426363	0.456269	0.439850	HyperTerm
9	0.460027	0.426363	0.508549	0.439850	ǒǅǜǅǗǡ
9	0.512330	0.426363	0.559602	0.439850	ǌǅǚǇǅǗ
9	0.563392	0.426363	0.611595	0.439850	ǗǊǏǖǗǅ,
9	0.615378	0.426363	0.675766	0.439850	ǇǠǉǊǐǍǇ
9	0.402563	0.454076	0.532156	0.467563	'Transfer->Capture
9	0.535948	0.454076	0.567693	0.467563	Text'
9	0.088190	0.481789	0.096308	0.495276	Ǉ
9	0.107954	0.481789	0.166654	0.495276	ǇǊǕǚǒǊǎ
9	0.189953	0.481789	0.229881	0.495276	ǜǅǖǗǍ
9	0.235690	0.481789	0.268963	0.495276	ǓǏǒǅ
9	0.274795	0.481789	0.358084	0.495276	HyperTerm.
9	0.363915	0.481789	0.392334	0.495276	ƴǕǍ
9	0.404000	0.481789	0.479168	0.495276	ǔǓǐǘǜǊǒǍǍ
9	0.490802	0.481789	0.563964	0.495276	ǔǓǉǖǏǅǌǏǍ
9	0.569795	0.481789	0.617410	0.495276	ǇǇǊǖǗǍ
9	0.629073	0.481789	0.655780	0.495276	ǍǑǤ
9	0.661595	0.481789	0.709765	0.495276	Ǚǅǎǐǅ,
9	0.715596	0.481789	0.723715	0.495276	Ǉ
9	0.729530	0.481789	0.788471	0.495276	ǏǓǗǓǕǓǑ
9	0.794312	0.481789	0.882077	0.495276	ǒǊǓǆǚǓǉǍǑǓ
9	0.088222	0.495645	0.161874	0.509132	ǖǓǚǕǅǒǍǗǡ
9	0.165664	0.495645	0.219682	0.509132	ǉǅǒǒǠǊ
9	0.223473	0.495645	0.231445	0.509132	–
9	0.235233	0.495645	0.309701	0.509132	ǒǅǔǕǍǑǊǕ,
9	0.313507	0.495645	0.420322	0.509132	C:\xxxxxYYY.txt
9	0.088222	0.523358	0.095916	0.536845	•
9	0.117624	0.523358	0.222296	0.536845	ƴǕǊǉǐǅǈǅǊǑǓǊ
9	0.226085	0.523358	0.252792	0.536845	ǍǑǤ
9	0.256582	0.523358	0.304752	0.536845	Ǚǅǎǐǅ:
9	0.308542	0.523358	0.392875	0.536845	xxxxxYYY.txt
9	0.344575	0.551071	0.371854	0.564558	ǈǉǊ:
9	0.375642	0.551071	0.414096	0.564558	xxxxx
9	0.417917	0.551071	0.485313	0.564558	ǒǅǌǇǅǒǍǊ
9	0.489103	0.551071	0.547760	0.564558	ǏǅǕǡǊǕǅ
9	0.551551	0.551071	0.629481	0.564558	(ǒǅǔǕǍǑǊǕ,
9	0.339332	0.578784	0.361893	0.592271	PD)
9	0.365684	0.578784	0.390284	0.592271	YYY
9	0.394074	0.578784	0.438951	0.592271	ǒǓǑǊǕ
9	0.442729	0.578784	0.519828	0.592271	ǖǅǑǓǖǇǅǐǅ
9	0.523619	0.578784	0.601533	0.592271	(ǒǅǔǕǍǑǊǕ,
9	0.605326	0.578784	0.634765	0.592271	234)
9	0.088206	0.606497	0.100101	0.619983	4.
9	0.117608	0.606497	0.166423	0.619983	ƧǇǊǖǗǍ
9	0.170205	0.606497	0.241734	0.619983	ǒǊǖǏǓǐǡǏǓ
9	0.245523	0.606497	0.313687	0.619983	ǖǍǑǇǓǐǓǇ
9	0.317478	0.606497	0.326282	0.619983	X
9	0.330074	0.606497	0.347875	0.619983	ǉǓ
9	0.351661	0.606497	0.425591	0.619983	ǔǓǤǇǐǊǒǍǤ
9	0.429381	0.606497	0.502543	0.619983	ǔǓǉǖǏǅǌǏǍ
9	0.506334	0.606497	0.567539	0.619983	INVCPU>
9	0.571330	0.606497	0.574565	0.619983	.
9	0.088206	0.634209	0.100101	0.647696	5.
9	0.117608	0.634209	0.166423	0.647696	ƧǇǊǖǗǍ
9	0.172394	0.634209	0.252514	0.647696	ǏǐǅǇǍǝǅǑǍ
9	0.258491	0.634209	0.266250	0.647696	T
9	0.272225	0.634209	0.280229	0.647696	F
9	0.286204	0.634209	0.298666	0.647696	K,
9	0.304641	0.634209	0.347159	0.647696	ǜǗǓǆǠ
9	0.353151	0.634209	0.407309	0.647696	ǘǏǅǌǅǗǡ
9	0.413262	0.634209	0.488008	0.647696	ǍǒǇǊǕǗǓǕǘ
9	0.493987	0.634209	0.574679	0.647696	ǓǗǓǆǕǅǌǍǗǡ
9	0.580657	0.634209	0.674025	0.647696	ǏǓǑǔǐǊǏǖǒǘǣ
9	0.680004	0.634209	0.785655	0.647696	ǏǓǒǙǍǈǘǕǅǛǍǣ
9	0.791633	0.634209	0.867327	0.647696	ǍǒǇǊǕǗǓǕǅ
9	0.873306	0.634209	0.882061	0.647696	Ǎ
9	0.117608	0.648066	0.211890	0.661553	ǍǒǙǓǕǑǅǛǍǣ
9	0.217673	0.648066	0.285575	0.661553	ǓǆǕǅǗǒǓǎ
9	0.291341	0.648066	0.330969	0.661553	ǖǇǤǌǍ
9	0.336751	0.648066	0.434268	0.661553	ǗǊǖǗǍǕǓǇǅǒǍǤ
9	0.440049	0.648066	0.456327	0.661553	VI.
9	0.462105	0.648066	0.534140	0.661553	ƲǅǋǍǑǅǗǡ
9	0.539919	0.648066	0.557415	0.661553	ǒǅ
9	0.563196	0.648066	0.623313	0.661553	ǏǐǅǇǍǝǘ
9	0.629089	0.648066	0.697220	0.661553	<ǔǕǓǆǊǐ>
9	0.703019	0.648066	0.824237	0.661553	(ǔǕǍǆǐǍǌǍǗǊǐǡǒǓ,
9	0.830019	0.648066	0.847335	0.661553	10
9	0.853118	0.648066	0.858998	0.661553	-
9	0.864780	0.648066	0.882097	0.661553	15
9	0.117608	0.661922	0.149333	0.675409	Ǖǅǌ),
9	0.153119	0.661922	0.186387	0.675409	ǔǓǏǅ
9	0.190175	0.661922	0.207083	0.675409	ǒǊ
9	0.210874	0.661922	0.306382	0.675409	ǔǕǊǏǕǅǗǍǗǡǖǤ
9	0.310172	0.661922	0.354791	0.675409	ǇǠǇǓǉ
9	0.358590	0.661922	0.407618	0.675409	ǉǕǘǈǍǚ
9	0.411416	0.661922	0.469583	0.675409	ǢǏǕǅǒǓǇ
9	0.473372	0.661922	0.530004	0.675409	ǉǅǒǒǠǚ.
9	0.088206	0.689635	0.100101	0.703122	6.
9	0.117608	0.689635	0.166423	0.703122	ƧǇǊǖǗǍ
9	0.170205	0.689635	0.241733	0.703122	ǒǊǖǏǓǐǡǏǓ
9	0.245523	0.689635	0.313687	0.703122	ǖǍǑǇǓǐǓǇ
9	0.317478	0.689635	0.326282	0.703122	X
9	0.330074	0.689635	0.347875	0.703122	ǉǓ
9	0.351661	0.689635	0.434070	0.703122	ǔǓǇǗǓǕǒǓǈǓ
9	0.437878	0.689635	0.511807	0.703122	ǔǓǤǇǐǊǒǍǤ
9	0.515597	0.689635	0.588759	0.703122	ǔǓǉǖǏǅǌǏǍ
9	0.592550	0.689635	0.656990	0.703122	INVCPU>.
9	0.088206	0.717348	0.100100	0.730835	7.
9	0.117608	0.717348	0.161449	0.730835	ƧǠǎǗǍ
9	0.174582	0.717348	0.190556	0.730835	Ǎǌ
9	0.203674	0.717348	0.259105	0.730835	ǕǊǋǍǑǅ
9	0.265663	0.717348	0.315769	0.730835	ǌǅǔǍǖǍ
9	0.322328	0.717348	0.367264	0.730835	Ǚǅǎǐǅ
9	0.373833	0.717348	0.418678	0.730835	(ǗǅǏǍǑ
9	0.431801	0.717348	0.496665	0.730835	ǓǆǕǅǌǓǑ,
9	0.503232	0.717348	0.570840	0.730835	ǖǓǚǕǅǒǍǇ
9	0.577407	0.717348	0.631425	0.730835	ǉǅǒǒǠǊ
9	0.637991	0.717348	0.655487	0.730835	ǒǅ
9	0.662052	0.717348	0.706490	0.730835	ǉǍǖǏǊ)
9	0.713064	0.717348	0.721820	0.730835	Ǎ
9	0.728370	0.717348	0.771012	0.730835	ǇǠǎǗǍ
9	0.777585	0.717348	0.793559	0.730835	Ǎǌ
9	0.800127	0.717348	0.882074	0.730835	ǔǕǓǈǕǅǑǑǠ
9	0.117608	0.731204	0.185265	0.744691	ǢǑǘǐǤǛǍǍ
9	0.189055	0.731204	0.268832	0.744691	ǗǊǕǑǍǒǅǐǅ.
9	0.088189	0.758917	0.097500	0.772404	Ƨ
9	0.101290	0.758917	0.149762	0.772404	ǖǐǘǜǅǊ
9	0.153527	0.758917	0.260730	0.772404	ǍǖǔǓǐǡǌǓǇǅǒǍǤ
9	0.264522	0.758917	0.341127	0.772404	HyperTerm
9	0.344902	0.758917	0.389096	0.772404	ǇǠǚǓǉ
9	0.392884	0.758917	0.408858	0.772404	Ǎǌ
9	0.412646	0.758917	0.494593	0.772404	ǔǕǓǈǕǅǑǑǠ
9	0.498380	0.758917	0.548486	0.772404	ǌǅǔǍǖǍ
9	0.552268	0.758917	0.597204	0.772404	Ǚǅǎǐǅ
9	0.600994	0.758917	0.713979	0.772404	ǓǖǘǞǊǖǗǇǐǤǊǗǖǤ
9	0.717769	0.758917	0.781970	0.772404	ǇǠǆǓǕǓǑ
9	0.379727	0.786630	0.509320	0.800117	'Transfer->Capture
9	0.513112	0.786630	0.590571	0.800117	Text->Stop'
9	0.088189	0.814343	0.096308	0.827830	Ǉ
9	0.100048	0.814343	0.158748	0.827830	ǇǊǕǚǒǊǎ
9	0.162462	0.814343	0.202390	0.827830	ǜǅǖǗǍ
9	0.206108	0.814343	0.239381	0.827830	ǓǏǒǅ
9	0.243122	0.814343	0.326411	0.827830	HyperTerm.
9	0.330152	0.814343	0.363386	0.827830	ƧǊǖǡ
9	0.367100	0.814343	0.406401	0.827830	ǗǊǏǖǗ,
9	0.410142	0.814343	0.469361	0.827830	ǏǓǗǓǕǠǎ
9	0.473095	0.814343	0.549475	0.827830	ǇǠǇǓǉǍǐǖǤ
9	0.553199	0.814343	0.570695	0.827830	ǒǅ
9	0.574434	0.814343	0.618945	0.827830	ǢǏǕǅǒ,
9	0.622669	0.814343	0.649487	0.827830	ǆǠǐ
9	0.653231	0.814343	0.735113	0.827830	ǔǊǕǊǑǊǞǊǒ
9	0.738856	0.814343	0.746975	0.827830	Ǉ
9	0.750699	0.814343	0.789967	0.827830	Ǚǅǎǐ,
9	0.793691	0.814343	0.870215	0.827830	ǘǏǅǌǅǒǒǠǎ
9	0.873943	0.814343	0.882061	0.827830	Ǉ
9	0.088206	0.828199	0.138344	0.841686	ǒǅǜǅǐǊ
9	0.142109	0.828199	0.194788	0.841686	ǖǊǖǖǍǍ.
9	0.088206	0.855912	0.100101	0.869399	8.
9	0.117608	0.855912	0.186000	0.869399	ƴǊǕǊǉǅǗǡ
9	0.189790	0.855912	0.258362	0.869399	ǏǓǒǊǜǒǠǎ
9	0.262152	0.855912	0.298185	0.869399	Ǚǅǎǐ
9	0.301975	0.855912	0.355372	0.869399	ǉǅǒǒǠǚ
9	0.359162	0.855912	0.376527	0.869399	ǔǓ
9	0.380320	0.855912	0.423860	0.869399	E-mail
9	0.427620	0.855912	0.537354	0.869399	ǕǊǈǍǓǒǅǐǡǒǓǑǘ
9	0.541144	0.855912	0.590980	0.869399	ǖǊǕǇǍǖ
9	0.594770	0.855912	0.674757	0.869399	ǑǊǒǊǉǋǊǕǘ
9	0.678502	0.855912	0.713327	0.869399	GETS
9	0.717119	0.855912	0.751013	0.869399	OHV.
