0	0.804862	0.100484	0.909328	0.113971	GET-6903A_RU
0	0.120053	0.114340	0.164634	0.127827	ƴǓǍǖǏ
0	0.168348	0.114340	0.177568	0.127827	Ǎ
0	0.181282	0.114340	0.265932	0.127827	ǘǖǗǕǅǒǊǒǍǊ
0	0.269661	0.114340	0.388998	0.127827	ǒǊǍǖǔǕǅǇǒǓǖǗǊǎ
0	0.392712	0.114340	0.442736	0.127827	ǝǏǅǙǅ
0	0.446450	0.114340	0.532605	0.127827	ǘǔǕǅǇǐǊǒǍǤ
0	0.536349	0.114340	0.552821	0.127827	ǖǓ
0	0.556535	0.114340	0.638766	0.127827	ǖǉǇǓǊǒǒǠǑ
0	0.641952	0.114340	0.674575	0.127827	IGBT
0	0.678817	0.114340	0.766093	0.127827	ǍǒǇǊǕǗǊǕǓǑ
0	0.769312	0.114340	0.831544	0.127827	17KG535
0	0.835757	0.114340	0.844977	0.127827	Ǎ
0	0.865662	0.114340	0.885466	0.127827	.*
0	0.117608	0.139775	0.162945	0.155960	4.3.3.
0	0.180959	0.139775	0.275888	0.155960	ƴƵƳƧƪƵƯƭ
0	0.280436	0.139775	0.369759	0.155960	ƱƳƩƸưƪƮ
0	0.374307	0.139775	0.493949	0.155960	ƴƳƲƭƫƪƲƭǄ
0	0.498461	0.139775	0.625262	0.155960	ƲƥƴƵǄƫƪƲƭǄ
0	0.629812	0.139775	0.687655	0.155960	(VAMS)
0	0.117608	0.170020	0.171029	0.183507	ƱǓǉǘǐǡ
0	0.174664	0.170020	0.252955	0.183507	ǔǓǒǍǋǊǒǍǤ
0	0.256581	0.170020	0.342826	0.183507	ǒǅǔǕǤǋǊǒǍǤ
0	0.346427	0.170020	0.384258	0.183507	(VAM)
0	0.387874	0.170020	0.447015	0.183507	ǖǒǍǋǅǊǗ
0	0.450618	0.170020	0.510050	0.183507	ǇǠǖǓǏǓǊ
0	0.513686	0.170020	0.600583	0.183507	ǒǅǔǕǤǋǊǒǍǊ
0	0.604195	0.170020	0.621996	0.183507	ǉǓ
0	0.625626	0.170020	0.711870	0.183507	ǒǅǔǕǤǋǊǒǍǤ
0	0.715465	0.170020	0.757102	0.183507	ǆǓǐǊǊ
0	0.760728	0.170020	0.816533	0.183507	ǒǍǌǏǓǈǓ
0	0.820169	0.170020	0.911446	0.183507	ǆǊǌǓǔǅǖǒǓǈǓ
0	0.117591	0.183877	0.170825	0.197364	ǘǕǓǇǒǤ,
0	0.175758	0.183877	0.232723	0.197364	ǏǓǗǓǕǓǊ
0	0.237666	0.183877	0.254574	0.197364	ǒǊ
0	0.259489	0.183877	0.303566	0.197364	ǑǓǋǊǗ
0	0.308492	0.183877	0.383141	0.197364	ǔǓǇǕǊǉǍǗǡ
0	0.388074	0.183877	0.475153	0.197364	ǢǐǊǏǗǕǓǒǍǏǘ
0	0.480086	0.183877	0.530714	0.197364	ǔǅǒǊǐǍ
0	0.535631	0.183877	0.560961	0.197364	ICP.
0	0.565884	0.183877	0.575195	0.197364	Ƨ
0	0.580134	0.183877	0.629195	0.197364	ǈǕǘǔǔǊ
0	0.634120	0.183877	0.717391	0.197364	ǘǔǕǅǇǐǊǒǍǤ
0	0.722293	0.183877	0.816953	0.197364	ǍǖǔǓǐǡǌǘǊǗǖǤ
0	0.821868	0.183877	0.872382	0.197364	ǜǊǗǠǕǊ
0	0.877306	0.183877	0.911440	0.197364	VAM:
0	0.117591	0.197733	0.160381	0.211220	VAM1,
0	0.164171	0.197733	0.206960	0.211220	VAM2,
0	0.210750	0.197733	0.250307	0.211220	VAM3
0	0.254115	0.197733	0.262870	0.211220	Ǎ
0	0.266661	0.197733	0.309457	0.211220	VAM4.
0	0.117591	0.225446	0.157153	0.238933	VAM1
0	0.161008	0.225446	0.169763	0.238933	Ǎ
0	0.173628	0.225446	0.213229	0.238933	VAM2
0	0.217107	0.225446	0.305934	0.238933	(17FM702A1)
0	0.309603	0.225446	0.373966	0.238933	ǤǇǐǤǣǗǖǤ
0	0.377837	0.225446	0.479187	0.238933	8-ǏǅǒǅǐǡǒǠǑǍ
0	0.483042	0.225446	0.546240	0.238933	ǆǐǓǏǅǑǍ,
0	0.550095	0.225446	0.558213	0.238933	Ǉ
0	0.562085	0.225446	0.577292	0.238933	ǗǓ
0	0.581147	0.225446	0.624440	0.238933	ǇǕǊǑǤ
0	0.628288	0.225446	0.651202	0.238933	ǏǅǏ
0	0.655052	0.225446	0.694678	0.238933	VAM3
0	0.698477	0.225446	0.707233	0.238933	Ǎ
0	0.711097	0.225446	0.750704	0.238933	VAM4
0	0.754583	0.225446	0.843426	0.238933	(17FM681A1)
0	0.847072	0.225446	0.911435	0.238933	ǤǇǐǤǣǗǖǤ
0	0.117591	0.239302	0.218953	0.252789	5-ǏǅǒǅǐǡǒǠǑǍ
0	0.222295	0.239302	0.285493	0.252789	ǆǐǓǏǅǑǍ.
0	0.288834	0.239302	0.379898	0.252789	5-ǏǅǒǅǐǡǒǠǎ
0	0.383255	0.239302	0.415266	0.252789	ǆǐǓǏ
0	0.418608	0.239302	0.449509	0.252789	VAM
0	0.452851	0.239302	0.551987	0.252789	ǓǆǊǖǔǊǜǍǇǅǊǗ
0	0.555339	0.239302	0.634283	0.252789	ǔǓǒǍǋǊǒǍǊ
0	0.637632	0.239302	0.723876	0.252789	ǒǅǔǕǤǋǊǒǍǤ
0	0.727210	0.239302	0.735965	0.252789	Ǎ
0	0.739314	0.239302	0.823599	0.252789	ǖǜǍǗǠǇǅǒǍǊ
0	0.826948	0.239302	0.911461	0.252789	ǖǕǊǉǖǗǇǅǑǍ
0	0.117591	0.253159	0.200863	0.266646	ǘǔǕǅǇǐǊǒǍǤ
0	0.206075	0.253159	0.222049	0.266646	Ǎǌ
0	0.232521	0.253159	0.263964	0.266646	ǔǤǗǍ
0	0.274418	0.253159	0.326321	0.266646	ǕǅǌǒǠǚ
0	0.336767	0.253159	0.453281	0.266646	ǇǠǖǓǏǓǇǓǐǡǗǒǠǚ
0	0.458524	0.253159	0.542794	0.266646	ǍǖǗǓǜǒǍǏǓǇ.
0	0.548013	0.253159	0.639077	0.266646	8-ǏǅǒǅǐǡǒǠǎ
0	0.644296	0.253159	0.676307	0.266646	ǆǐǓǏ
0	0.686802	0.253158	0.717704	0.266645	VAM
0	0.728177	0.253158	0.827313	0.266645	ǓǆǊǖǔǊǜǍǇǅǊǗ
0	0.832522	0.253158	0.911466	0.266645	ǔǓǒǍǋǊǒǍǊ
0	0.117611	0.267015	0.203856	0.280502	ǒǅǔǕǤǋǊǒǍǤ
0	0.211241	0.267015	0.219996	0.280502	Ǎ
0	0.227395	0.267015	0.311681	0.280502	ǖǜǍǗǠǇǅǒǍǊ
0	0.319081	0.267015	0.403594	0.280502	ǖǕǊǉǖǗǇǅǑǍ
0	0.410978	0.267015	0.494250	0.280502	ǘǔǕǅǇǐǊǒǍǤ
0	0.501635	0.267015	0.517608	0.280502	Ǎǌ
0	0.525026	0.267015	0.576561	0.280502	ǇǓǖǡǑǍ
0	0.583960	0.267015	0.635863	0.280502	ǕǅǌǒǠǚ
0	0.643255	0.267015	0.759768	0.280502	ǇǠǖǓǏǓǇǓǐǡǗǒǠǚ
0	0.767168	0.267015	0.851437	0.280502	ǍǖǗǓǜǒǍǏǓǇ.
0	0.858829	0.267015	0.873366	0.280502	5-
0	0.880774	0.267015	0.889529	0.280502	Ǎ
0	0.896929	0.267015	0.911470	0.280502	8-
0	0.117611	0.280871	0.193697	0.294358	ǏǅǒǅǐǡǒǠǊ
0	0.202730	0.280871	0.243495	0.294358	ǆǐǓǏǍ
0	0.252544	0.280871	0.283445	0.294358	VAM
0	0.292488	0.280871	0.361109	0.294358	ǕǅǆǓǗǅǣǗ
0	0.370142	0.280871	0.453546	0.294358	ǅǒǅǐǓǈǍǜǒǓ
0	0.462579	0.280871	0.470452	0.294358	ǖ
0	0.479485	0.280871	0.597436	0.294358	ǖǓǔǕǓǗǍǇǐǊǒǍǊǑ
0	0.606494	0.280871	0.615151	0.294358	2
0	0.624176	0.280871	0.657753	0.294358	ƱƳǑ
0	0.666792	0.280871	0.712650	0.294358	ǑǊǋǉǘ
0	0.721676	0.280871	0.784750	0.294358	ǇǚǓǉǒǠǑ
0	0.793793	0.280871	0.853724	0.294358	ǏǅǒǅǐǓǑ
0	0.862777	0.280871	0.893678	0.294358	VAM
0	0.902711	0.280871	0.911466	0.294358	Ǎ
0	0.117611	0.294727	0.191268	0.308214	ǇǠǚǓǉǒǠǑ
0	0.195069	0.294727	0.255001	0.308214	ǏǅǒǅǐǓǑ
0	0.258792	0.294727	0.292926	0.308214	VAM.
0	0.117611	0.322440	0.149942	0.335927	ƪǖǐǍ
0	0.166059	0.322440	0.300688	0.335927	ǌǅǕǊǈǍǖǗǕǍǕǓǇǅǒǠ
0	0.316826	0.322440	0.428538	0.335927	ǒǊǍǖǔǕǅǇǒǓǖǗǍ,
0	0.444660	0.322440	0.520517	0.335927	ǖǇǤǌǅǒǒǠǊ
0	0.536656	0.322440	0.544529	0.335927	ǖ
0	0.560651	0.322440	0.657841	0.335927	ǒǅǔǕǤǋǊǒǍǊǑ
0	0.673947	0.322440	0.712888	0.335927	ǇǠǝǊ
0	0.729027	0.322440	0.820826	0.335927	ǓǋǍǉǅǊǑǓǈǓ,
0	0.836948	0.322440	0.911466	0.335927	ǔǕǓǇǊǕǍǗǡ
0	0.117611	0.336297	0.243958	0.349784	ǖǓǓǗǇǊǗǖǗǇǘǣǞǍǎ
0	0.247630	0.336297	0.278532	0.349784	VAM
0	0.282202	0.336297	0.299698	0.349784	ǒǅ
0	0.303367	0.336297	0.362106	0.349784	ǒǅǐǍǜǍǊ
0	0.365781	0.336297	0.405712	0.349784	ǇǐǅǈǍ
0	0.409384	0.336297	0.487326	0.349784	(ǒǅǔǕǍǑǊǕ,
0	0.491001	0.336297	0.525821	0.349784	ǇǓǉǅ
0	0.529501	0.336297	0.571621	0.349784	ǑǓǈǐǅ
0	0.575303	0.336297	0.656632	0.349784	ǔǕǓǒǍǏǒǘǗǡ
0	0.660291	0.336297	0.677180	0.349784	ǇǓ
0	0.680856	0.336297	0.724149	0.349784	ǇǕǊǑǤ
0	0.727818	0.336297	0.771392	0.349784	ǑǓǎǏǍ
0	0.775057	0.336297	0.858852	0.349784	ǖǅǑǓǖǇǅǐǅ),
0	0.862528	0.336297	0.884877	0.349784	ǗǅǏ
0	0.888549	0.336297	0.911463	0.349784	ǏǅǏ
0	0.117611	0.350153	0.140695	0.363640	ǢǗǓ
0	0.144487	0.350153	0.186476	0.363640	ǑǓǈǐǓ
0	0.190283	0.350153	0.227663	0.363640	ǖǗǅǗǡ
0	0.231454	0.350153	0.300533	0.363640	ǔǕǍǜǍǒǓǎ
0	0.304323	0.350153	0.399814	0.363640	ǓǆǒǅǕǘǋǊǒǍǤ
0	0.403579	0.350153	0.454052	0.363640	ǏǕǅǎǒǊ
0	0.457842	0.350153	0.516636	0.363640	ǇǠǖǓǏǍǚ
0	0.520436	0.350153	0.610994	0.363640	ǒǅǔǕǤǋǊǒǍǎ.
0	0.117608	0.379566	0.178072	0.395750	4.3.3.1.
0	0.188172	0.379566	0.292314	0.395750	ƧǒǘǗǕǊǒǒǤǤ
0	0.296862	0.379566	0.381089	0.395750	ǔǕǓǇǊǕǏǅ
0	0.385638	0.379566	0.423939	0.395750	VAM
0	0.428489	0.379566	0.459749	0.395750	ǇǒǊ
0	0.464294	0.379566	0.519923	0.395750	ǖǚǊǑǠ
0	0.117608	0.410198	0.150081	0.423685	ƦǐǓǏ
0	0.159145	0.410198	0.190046	0.423685	VAM
0	0.199100	0.410198	0.243177	0.423685	ǑǓǋǊǗ
0	0.252220	0.410198	0.341177	0.423685	ǔǕǓǇǊǕǤǗǡǖǤ
0	0.350243	0.410198	0.415352	0.423685	ǓǗǉǊǐǡǒǓ
0	0.424402	0.410198	0.439607	0.423685	ǓǗ
0	0.448675	0.410198	0.496665	0.423685	ǖǚǊǑǠ.
0	0.505715	0.410198	0.531118	0.423685	ƩǐǤ
0	0.540180	0.410198	0.607560	0.423685	ǔǕǓǇǊǕǓǏ
0	0.616609	0.410198	0.641634	0.423685	ǇǒǊ
0	0.650699	0.410198	0.695462	0.423685	ǖǚǊǑǠ
0	0.704505	0.410198	0.775181	0.423685	ǗǕǊǆǘǊǗǖǤ
0	0.784234	0.410198	0.866804	0.423685	ǑǘǐǡǗǍǑǊǗǕ
0	0.875862	0.410198	0.911466	0.423685	VOM,
0	0.117608	0.424054	0.226578	0.437541	ǘǖǗǅǒǓǇǐǊǒǒǠǎ
0	0.231214	0.424054	0.248710	0.437541	ǒǅ
0	0.258019	0.424054	0.334836	0.437541	ǍǌǑǊǕǊǒǍǤ
0	0.339503	0.424054	0.348160	0.437541	2
0	0.357463	0.424054	0.394281	0.437541	ƱƳǑ.
0	0.403591	0.424054	0.428237	0.437541	ƯǅǏ
0	0.437551	0.424054	0.461706	0.437541	ǉǐǤ
0	0.471012	0.424054	0.488784	0.437541	5-,
0	0.498119	0.424054	0.520468	0.437541	ǗǅǏ
0	0.529775	0.424054	0.538530	0.437541	Ǎ
0	0.547841	0.424054	0.571997	0.437541	ǉǐǤ
0	0.581319	0.424054	0.677275	0.437541	8-ǏǅǒǅǐǡǒǓǈǓ
0	0.681934	0.424054	0.712836	0.437541	VAM
0	0.722146	0.424054	0.819941	0.437541	ǔǕǓǍǌǇǓǉǤǗǖǤ
0	0.824596	0.424054	0.911432	0.437541	ǓǉǍǒǅǏǓǇǠǊ
0	0.117591	0.437911	0.188189	0.451398	ǔǕǓǇǊǕǏǍ.
0	0.191972	0.437911	0.217375	0.451398	ƩǐǤ
0	0.221167	0.437911	0.288530	0.451398	ǔǕǓǇǊǕǏǍ
0	0.292321	0.437911	0.323223	0.451398	VAM
0	0.327012	0.437911	0.352037	0.451398	ǇǒǊ
0	0.355826	0.437911	0.403820	0.451398	ǖǚǊǑǠ:
0	0.299100	0.464652	0.308737	0.478139	Ƨ
0	0.312265	0.464652	0.368881	0.478139	ǉǅǒǒǓǑ
0	0.372393	0.464652	0.479743	0.478139	ǓǆǓǕǘǉǓǇǅǒǍǍ
0	0.483255	0.464652	0.605307	0.478139	ǔǕǍǖǘǗǖǗǇǘǣǗ
0	0.608818	0.464652	0.673224	0.478139	ǓǔǅǖǒǠǊ
0	0.676736	0.464652	0.772146	0.478139	ǒǅǔǕǤǋǊǒǍǤ.
0	0.775658	0.464652	0.858539	0.478139	ƸǆǊǉǍǗǡǖǤ
0	0.862067	0.464652	0.870675	0.478139	Ǉ
0	0.874187	0.464652	0.911610	0.478139	ǗǓǑ,
0	0.159937	0.476670	0.286271	0.494034	ɉɊȿȾɍɉɊȿɀȾȿɇɂȿ
0	0.300980	0.479315	0.332218	0.492802	ǜǗǓ
0	0.336001	0.479315	0.441440	0.492802	ǇǠǏǐǣǜǅǗǊǐǡ
0	0.445197	0.479315	0.513426	0.492802	ǔǍǗǅǒǍǤ
0	0.517216	0.479315	0.605177	0.492802	ǘǔǕǅǇǐǊǒǍǤ
0	0.611391	0.479315	0.645350	0.492802	(CPS)
0	0.646699	0.479315	0.730152	0.492802	ǒǅǚǓǉǍǗǖǤ
0	0.733941	0.479315	0.742550	0.492802	Ǉ
0	0.746339	0.479315	0.828649	0.492802	ǔǓǐǓǋǊǒǍǍ
0	0.832438	0.479315	0.878751	0.492802	ƳƷƯư.,
0	0.882538	0.479315	0.891669	0.492802	Ǎ
0	0.299100	0.492365	0.404539	0.505852	ǇǠǏǐǣǜǅǗǊǐǡ
0	0.411497	0.492365	0.508914	0.505852	ǏǓǒǗǅǏǗǓǕǅ
0	0.515874	0.492365	0.551675	0.505852	ǛǊǔǍ
0	0.558671	0.492365	0.656465	0.505852	ǇǓǌǆǘǋǉǊǒǍǤ
0	0.663456	0.492365	0.755599	0.505852	ǈǊǒǊǕǅǗǓǕǅ
0	0.762595	0.492365	0.809352	0.505852	(GFCO)
0	0.816331	0.492365	0.899783	0.505852	ǒǅǚǓǉǍǗǖǤ
0	0.906774	0.492365	0.915383	0.505852	Ǉ
0	0.117722	0.506221	0.200031	0.519708	ǔǓǐǓǋǊǒǍǍ
0	0.205030	0.506221	0.243649	0.519708	ƳƷƯư
0	0.248626	0.506221	0.292004	0.519708	ǔǊǕǊǉ
0	0.297025	0.506221	0.361785	0.519708	ǒǅǜǅǐǓǑ
0	0.366757	0.506221	0.449573	0.519708	ǏǅǏǍǚ-ǐǍǆǓ
0	0.454555	0.506221	0.504391	0.519708	ǕǅǆǓǗ
0	0.509373	0.506221	0.527815	0.519708	ǒǅ
0	0.532797	0.506221	0.635622	0.519708	ǏǓǑǔǓǒǊǒǗǅǚ
0	0.640581	0.506221	0.762376	0.519708	ǢǐǊǏǗǕǍǜǊǖǏǓǈǓ
0	0.767363	0.506221	0.818529	0.519708	ǝǏǅǙǅ
0	0.823513	0.506221	0.915366	0.519708	ǘǔǕǅǇǐǊǒǍǤ.
0	0.117705	0.520078	0.200587	0.533565	ƸǆǊǉǍǗǡǖǤ
0	0.204882	0.520078	0.213491	0.533565	Ǉ
0	0.217787	0.520078	0.255209	0.533565	ǗǓǑ,
0	0.259489	0.520078	0.290727	0.533565	ǜǗǓ
0	0.295000	0.520078	0.409341	0.533565	ǍǒǉǍǏǅǗǓǕǒǠǊ
0	0.413637	0.520078	0.463578	0.533565	ǐǅǑǔǠ
0	0.467851	0.520078	0.528576	0.533565	ǌǅǕǤǉǏǍ
0	0.532862	0.520078	0.643038	0.533565	ǏǓǒǉǊǒǖǅǗǓǕǅ
0	0.647332	0.520078	0.682076	0.533565	(CCL)
0	0.686357	0.520078	0.703606	0.533565	ǒǊ
0	0.707902	0.520078	0.759756	0.533565	ǈǓǕǤǗ.
0	0.764044	0.520078	0.874238	0.533565	ƭǖǔǓǐǡǌǓǇǅǗǡ
0	0.878496	0.520078	0.915384	0.533565	VOM,
0	0.117705	0.533934	0.169721	0.547421	ǜǗǓǆǠ
0	0.174059	0.533934	0.255536	0.547421	ǘǆǊǉǍǗǡǖǤ
0	0.259881	0.533934	0.268489	0.547421	Ǉ
0	0.272834	0.533934	0.373877	0.547421	ǓǗǖǘǗǖǗǇǍǍ
0	0.378191	0.533934	0.469664	0.547421	ǒǅǔǕǤǋǊǒǍǤ
0	0.474009	0.533934	0.517387	0.547421	ǔǊǕǊǉ
0	0.521755	0.533934	0.645782	0.547421	ǔǕǍǏǓǖǒǓǇǊǒǍǊǑ
0	0.658817	0.533934	0.666462	0.547421	Ǐ
0	0.670807	0.533934	0.741208	0.547421	ǏǐǊǑǑǅǑ.
0	0.745553	0.533934	0.854666	0.547421	ƲǊǖǓǆǐǣǉǊǒǍǊ
0	0.859045	0.533934	0.915366	0.547421	ǉǅǒǒǠǚ
0	0.117705	0.547791	0.145833	0.561278	ǑǊǕ
0	0.149623	0.547791	0.286810	0.561278	ǔǕǊǉǓǖǗǊǕǊǋǊǒǍǤ
0	0.290638	0.547791	0.343497	0.561278	ǑǓǋǊǗ
0	0.347286	0.547791	0.422082	0.561278	ǔǕǍǇǊǖǗǍ
0	0.425871	0.547791	0.433516	0.561278	Ǐ
0	0.437306	0.547791	0.518422	0.561278	ǖǊǕǡǊǌǒǠǑ
0	0.522212	0.547791	0.594110	0.561278	ǗǕǅǇǑǅǑ
0	0.597857	0.547791	0.624711	0.561278	ǍǐǍ
0	0.628500	0.547791	0.691306	0.561278	ǖǑǊǕǗǍ.
0	0.117608	0.576475	0.129502	0.589962	1.
0	0.147010	0.576475	0.221103	0.589962	ƬǅǈǐǘǝǍǗǡ
0	0.226889	0.576475	0.303334	0.589962	ǉǍǌǊǐǡǒǠǎ
0	0.309123	0.576475	0.380570	0.589962	ǉǇǍǈǅǗǊǐǡ
0	0.386359	0.576475	0.463457	0.589962	ǖǅǑǓǖǇǅǐǅ
0	0.469240	0.576475	0.477995	0.589962	Ǎ
0	0.483777	0.576475	0.556302	0.589962	ǘǆǊǉǍǗǡǖǤ
0	0.562085	0.576475	0.570203	0.589962	Ǉ
0	0.575985	0.576475	0.653394	0.589962	ǓǗǖǘǗǖǗǇǍǍ
0	0.659177	0.576475	0.745421	0.589962	ǒǅǔǕǤǋǊǒǍǤ
0	0.751189	0.576475	0.759307	0.589962	Ǉ
0	0.765090	0.576475	0.822956	0.589962	ǖǍǖǗǊǑǊ
0	0.828729	0.576475	0.915220	0.589962	ǘǔǕǅǇǐǊǒǍǤ,
0	0.146961	0.590331	0.200383	0.603818	ǔǕǊǋǉǊ
0	0.212642	0.590331	0.239208	0.603818	ǜǊǑ
0	0.251452	0.590331	0.307316	0.603818	ǓǗǏǕǠǗǡ
0	0.319583	0.590331	0.401594	0.603818	ǏǅǏǘǣ-ǐǍǆǓ
0	0.413866	0.590331	0.455960	0.603818	ǉǇǊǕǡ
0	0.468227	0.590331	0.525790	0.603818	ǉǓǖǗǘǔǅ
0	0.538057	0.590331	0.563029	0.603818	ǍǐǍ
0	0.575299	0.590331	0.628125	0.603818	ǔǅǒǊǐǡ.
0	0.640392	0.590331	0.715531	0.603818	ƧǠǔǓǐǒǤǗǡ
0	0.727798	0.590331	0.807768	0.603818	ǔǕǓǛǊǉǘǕǠ
0	0.820022	0.590331	0.915203	0.603818	ǗǊǚǒǍǜǊǖǏǓǈǓ
0	0.146944	0.604188	0.248822	0.617675	ǓǆǖǐǘǋǍǇǅǒǍǤ
0	0.252612	0.604188	0.276768	0.617675	ǉǐǤ
0	0.280555	0.604188	0.322339	0.617675	ǕǅǆǓǗ
0	0.326129	0.604188	0.374895	0.617675	ǇǒǘǗǕǍ
0	0.378681	0.604188	0.429563	0.617675	ǝǏǅǙǅ.
0	0.117542	0.631901	0.129437	0.645388	2.
0	0.146944	0.631901	0.172348	0.645388	ƩǐǤ
0	0.176139	0.631901	0.261585	0.645388	ǇǠǔǓǐǒǊǒǍǤ
0	0.265374	0.631901	0.332754	0.645388	ǔǕǓǇǊǕǓǏ
0	0.336543	0.631901	0.353451	0.645388	ǒǊ
0	0.357243	0.631901	0.445873	0.645388	ǓǆǤǌǅǗǊǐǡǒǓ
0	0.449663	0.631901	0.519607	0.645388	ǍǌǇǐǊǏǅǗǡ
0	0.523397	0.631901	0.555407	0.645388	ǆǐǓǏ
0	0.559197	0.631901	0.590098	0.645388	VAM
0	0.593888	0.631901	0.609862	0.645388	Ǎǌ
0	0.613650	0.631901	0.664531	0.645388	ǝǏǅǙǅ:
0	0.146944	0.659614	0.159083	0.673100	a.
0	0.176346	0.659614	0.201750	0.673100	ƩǐǤ
0	0.207986	0.659614	0.275350	0.673100	ǔǕǓǇǊǕǏǍ
0	0.281589	0.659614	0.361579	0.673100	ǇǠǆǕǅǒǒǓǎ
0	0.367835	0.659614	0.407763	0.673100	ǜǅǖǗǍ
0	0.414001	0.659614	0.491928	0.673100	(ǒǅǔǕǍǑǊǕ,
0	0.498184	0.659614	0.575002	0.673100	ǍǌǑǊǕǊǒǍǤ
0	0.581245	0.659614	0.667489	0.673100	ǒǅǔǕǤǋǊǒǍǤ
0	0.673715	0.659614	0.714868	0.673100	ǌǇǊǒǅ
0	0.721101	0.659614	0.810614	0.673100	ǔǓǖǗǓǤǒǒǓǈǓ
0	0.816870	0.659614	0.847982	0.673100	ǗǓǏǅ
0	0.854227	0.659614	0.874171	0.673100	DC
0	0.880417	0.659614	0.911388	0.673100	Link)
0	0.176346	0.673470	0.210480	0.686957	VAM.
0	0.218555	0.673470	0.269584	0.686957	ǖǑǓǗǕǍ
0	0.277653	0.673470	0.302925	0.686957	ƵǍǖ
0	0.311001	0.673470	0.331553	0.686957	11,
0	0.339609	0.673470	0.364882	0.686957	ƵǍǖ
0	0.372958	0.673470	0.393510	0.686957	12,
0	0.401566	0.673470	0.426839	0.686957	ƵǍǖ
0	0.434914	0.673470	0.452232	0.686957	13
0	0.460288	0.673470	0.469044	0.686957	Ǎ
0	0.477080	0.673470	0.502353	0.686957	ƵǍǖ
0	0.510429	0.673470	0.527746	0.686957	14
0	0.535803	0.673470	0.559958	0.686957	ǉǐǤ
0	0.568031	0.673470	0.660761	0.686957	ǓǔǕǊǉǊǐǊǒǍǤ
0	0.668814	0.673470	0.785328	0.686957	ǇǠǖǓǏǓǇǓǐǡǗǒǠǚ
0	0.793397	0.673470	0.879153	0.686957	ǖǓǊǉǍǒǊǒǍǎ
0	0.887222	0.673470	0.911378	0.686957	ǉǐǤ
0	0.176330	0.687326	0.282293	0.700813	ǍǒǗǊǕǊǖǘǣǞǊǎ
0	0.293154	0.687326	0.341145	0.700813	ǖǚǊǑǠ.
0	0.352040	0.687326	0.394222	0.700813	ƬǅǗǊǑ
0	0.405094	0.687326	0.486995	0.700813	ǓǆǓǌǒǅǜǍǗǡ
0	0.497890	0.687326	0.506646	0.700813	Ǎ
0	0.517541	0.687326	0.607005	0.700813	ǓǗǖǓǊǉǍǒǍǗǡ
0	0.617883	0.687326	0.678981	0.700813	ǇǚǓǉǒǠǊ
0	0.689869	0.687326	0.750950	0.700813	ǔǕǓǇǓǉǅ
0	0.761855	0.687326	0.777061	0.700813	ǓǗ
0	0.787941	0.687326	0.848418	0.700813	ǇǚǓǉǒǠǚ
0	0.859323	0.687326	0.911389	0.700813	ǝǔǍǐǊǏ
0	0.176330	0.701183	0.292071	0.714670	ǇǠǖǓǏǓǇǓǐǡǗǒǓǎ
0	0.295898	0.701183	0.355830	0.714670	ǖǗǓǕǓǒǠ
0	0.359619	0.701183	0.400530	0.714670	ǆǐǓǏǅ
0	0.404320	0.701183	0.438454	0.714670	VAM.
0	0.146944	0.728896	0.159083	0.742383	b.
0	0.176346	0.728896	0.201750	0.742383	ƩǐǤ
0	0.220204	0.728896	0.287568	0.742383	ǔǕǓǇǊǕǏǍ
0	0.296797	0.728896	0.336571	0.742383	ǇǖǊǈǓ
0	0.345802	0.728896	0.376703	0.742383	VAM
0	0.385932	0.728896	0.467833	0.742383	ǓǆǓǌǒǅǜǍǗǡ
0	0.477064	0.728896	0.485819	0.742383	Ǎ
0	0.495032	0.728896	0.584496	0.742383	ǓǗǖǓǊǉǍǒǍǗǡ
0	0.593725	0.728896	0.637913	0.742383	ǇǚǓǉǠ
0	0.647155	0.728896	0.688066	0.742383	ǆǐǓǏǅ
0	0.697290	0.728896	0.731424	0.742383	VAM.
0	0.740648	0.728896	0.766052	0.742383	ƩǐǤ
0	0.775282	0.728896	0.871247	0.742383	5-ǏǅǒǅǐǡǒǓǈǓ
0	0.880479	0.728896	0.911387	0.742383	VAM
0	0.176346	0.742752	0.265810	0.756239	ǓǗǖǓǊǉǍǒǍǗǡ
0	0.276101	0.742752	0.291307	0.756239	ǓǗ
0	0.301583	0.742752	0.362059	0.756239	ǇǚǓǉǒǠǚ
0	0.372344	0.742752	0.424410	0.756239	ǝǔǍǐǊǏ
0	0.434692	0.742752	0.499017	0.756239	ǔǕǓǇǓǉǅ,
0	0.509292	0.742752	0.614012	0.756239	ǔǓǉǏǐǣǜǊǒǒǠǊ
0	0.624303	0.742752	0.631310	0.756239	Ǐ
0	0.641591	0.742752	0.670092	0.756239	VH1
0	0.680371	0.742752	0.686251	0.756239	-
0	0.696531	0.742752	0.728264	0.756239	VH5.
0	0.738562	0.742752	0.763966	0.756239	ƩǐǤ
0	0.774258	0.742752	0.870218	0.756239	8-ǏǅǒǅǐǡǒǓǈǓ
0	0.880496	0.742752	0.911400	0.756239	VAM
0	0.176346	0.756609	0.265810	0.770095	ǓǗǖǓǊǉǍǒǍǗǡ
0	0.269600	0.756609	0.284806	0.770095	ǓǗ
0	0.288594	0.756609	0.349070	0.770095	ǇǚǓǉǒǠǚ
0	0.352889	0.756609	0.404955	0.770095	ǝǔǍǐǊǏ
0	0.408737	0.756609	0.473062	0.770095	ǔǕǓǇǓǉǅ,
0	0.476845	0.756609	0.581565	0.770095	ǔǓǉǏǐǣǜǊǒǒǠǊ
0	0.585355	0.756609	0.592362	0.770095	Ǐ
0	0.596153	0.756609	0.624657	0.770095	VH1
0	0.628448	0.756609	0.634329	0.770095	-
0	0.638120	0.756609	0.669858	0.770095	VH8.
0	0.117542	0.784321	0.129437	0.797808	3.
0	0.146944	0.784321	0.261335	0.797808	ƵǅǌǆǐǓǏǍǕǓǇǅǗǡ
0	0.265124	0.784321	0.273880	0.797808	Ǎ
0	0.277669	0.784321	0.333232	0.797808	ǍǌǇǐǊǜǡ
0	0.337012	0.784321	0.352986	0.797808	Ǎǌ
0	0.356774	0.784321	0.405532	0.797808	ǈǒǊǌǉǅ
0	0.409323	0.784321	0.440228	0.797808	VAM
0	0.444019	0.784321	0.506084	0.797808	ǕǅǌǟǊǑǅ
0	0.509847	0.784321	0.598690	0.797808	ǖǍǈǒǅǐǡǒǓǈǓ
0	0.602480	0.784321	0.650601	0.797808	ǏǅǆǊǐǤ
0	0.654392	0.784321	0.688527	0.797808	VAM.
0	0.117542	0.812034	0.129437	0.825521	4.
0	0.146944	0.812034	0.208476	0.825521	ƲǅǜǍǒǅǤ
0	0.214928	0.812034	0.222802	0.825521	ǖ
0	0.235755	0.812033	0.264259	0.825520	VH1
0	0.277150	0.812033	0.395408	0.825520	(ǇǠǖǓǏǓǇǓǐǡǗǒǅǤ
0	0.401860	0.812033	0.460631	0.825520	ǇǚǓǉǒǅǤ
0	0.467084	0.812033	0.530919	0.825520	ǝǔǍǐǡǏǅ)
0	0.537371	0.812033	0.619108	0.825520	ǔǕǓǍǌǇǊǖǗǍ
0	0.625544	0.812033	0.702362	0.825520	ǍǌǑǊǕǊǒǍǤ
0	0.708801	0.812033	0.754658	0.825520	ǑǊǋǉǘ
0	0.761104	0.812033	0.820829	0.825520	ǇǚǓǉǒǓǎ
0	0.827291	0.812033	0.896277	0.825520	ǝǔǍǐǡǏǓǎ
0	0.902756	0.812033	0.911512	0.825520	Ǎ
0	0.147026	0.825889	0.218658	0.839376	ǝǗǠǕǡǏǓǑ
0	0.223602	0.825889	0.272360	0.839376	ǈǒǊǌǉǅ
0	0.277277	0.825889	0.336708	0.839376	ǏǅǋǉǓǈǓ
0	0.341651	0.825889	0.394656	0.839376	Ǐǅǒǅǐǅ.
0	0.399590	0.825889	0.419253	0.839376	Ʋǅ
0	0.424189	0.825889	0.449462	0.839376	ƵǍǖ
0	0.454385	0.825889	0.463042	0.839376	9
0	0.467949	0.825889	0.536521	0.839376	ǔǓǏǅǌǅǒǠ
0	0.541438	0.825889	0.624023	0.839376	ǇǒǘǗǕǊǒǒǍǊ
0	0.628909	0.825889	0.713570	0.839376	ǖǓǊǉǍǒǊǒǍǤ
0	0.718487	0.825889	0.767384	0.839376	ǆǐǓǏǓǇ
0	0.772332	0.825889	0.803237	0.839376	VAM
0	0.808160	0.825889	0.901626	0.839376	(5-ǏǅǒǅǐǡǒǠǚ
0	0.906546	0.825889	0.915301	0.839376	Ǎ
0	0.147042	0.839746	0.243747	0.853233	8-ǏǅǒǅǐǡǒǠǚ).
0	0.249296	0.839746	0.268959	0.853233	Ʋǅ
0	0.274533	0.839746	0.299805	0.853233	ƵǍǖ
0	0.305371	0.839746	0.322688	0.853233	10
0	0.328224	0.839746	0.394983	0.853233	ǔǓǏǅǌǅǒǓ
0	0.400537	0.839746	0.492843	0.853233	ǓǆǓǌǒǅǜǊǒǍǤ
0	0.498397	0.839746	0.568426	0.853233	ǏǓǒǗǅǏǗǓǇ
0	0.574009	0.839746	0.622767	0.853233	ǈǒǊǌǉǅ
0	0.628331	0.839746	0.659232	0.853233	VAM
0	0.664794	0.839746	0.673549	0.853233	Ǎ
0	0.679105	0.839746	0.772064	0.853233	ǓǆǓǌǒǅǜǊǒǍǊ
0	0.777618	0.839746	0.847647	0.853233	ǏǓǒǗǅǏǗǓǇ
0	0.853247	0.839746	0.915311	0.853233	ǕǅǌǟǊǑǅ
0	0.147026	0.853602	0.235869	0.867089	ǖǍǈǒǅǐǡǒǓǈǓ
0	0.239659	0.853602	0.287780	0.867089	ǏǅǆǊǐǤ
0	0.291570	0.853602	0.315725	0.867089	ǉǐǤ
0	0.319513	0.853602	0.350957	0.867089	ǔǤǗǍ
0	0.354746	0.853602	0.412505	0.867089	ǏǅǒǅǐǓǇ
0	0.416295	0.853602	0.425050	0.867089	Ǎ
0	0.428840	0.853602	0.480375	0.867089	ǇǓǖǡǑǍ
0	0.484164	0.853602	0.545157	0.867089	ǏǅǒǅǐǓǇ.
1	0.087882	0.102452	0.192349	0.115939	GET-6903A_RU
1	0.087882	0.116309	0.132464	0.129796	ƴǓǍǖǏ
1	0.136178	0.116309	0.145398	0.129796	Ǎ
1	0.149112	0.116309	0.233762	0.129796	ǘǖǗǕǅǒǊǒǍǊ
1	0.237490	0.116309	0.356828	0.129796	ǒǊǍǖǔǕǅǇǒǓǖǗǊǎ
1	0.360541	0.116309	0.410565	0.129796	ǝǏǅǙǅ
1	0.414279	0.116309	0.500434	0.129796	ǘǔǕǅǇǐǊǒǍǤ
1	0.504178	0.116309	0.520650	0.129796	ǖǓ
1	0.524364	0.116309	0.606596	0.129796	ǖǉǇǓǊǒǒǠǑ
1	0.609973	0.116309	0.642597	0.129796	IGBT
1	0.646647	0.116309	0.733922	0.129796	ǍǒǇǊǕǗǊǕǓǑ
1	0.737350	0.116309	0.799581	0.129796	17KG535
1	0.803586	0.116309	0.812807	0.129796	Ǎ
1	0.816521	0.116309	0.878752	0.129796	17KG537
1	0.088206	0.139998	0.100101	0.153485	5.
1	0.117608	0.139998	0.226886	0.153485	ƶǓǔǕǓǗǍǇǐǊǒǍǊ
1	0.230675	0.139998	0.290106	0.153485	ǏǅǋǉǓǈǓ
1	0.293906	0.139998	0.343677	0.153485	Ǐǅǒǅǐǅ
1	0.347466	0.139998	0.400357	0.153485	ǉǓǐǋǒǓ
1	0.404147	0.139998	0.484643	0.153485	ǖǓǖǗǅǇǐǤǗǡ,
1	0.488426	0.139998	0.606182	0.153485	ǔǕǍǆǐǍǌǍǗǊǐǡǒǓ,
1	0.609973	0.139998	0.618630	0.153485	2
1	0.622421	0.139998	0.659242	0.153485	ƱƳǑ.
1	0.088190	0.167711	0.100084	0.181197	6.
1	0.117592	0.167711	0.160773	0.181197	ƴǓǖǐǊ
1	0.164847	0.167711	0.251565	0.181197	ǌǅǇǊǕǝǊǒǍǤ
1	0.255634	0.167711	0.322997	0.181197	ǔǕǓǇǊǕǏǍ
1	0.327065	0.167711	0.437306	0.181197	ǖǓǔǕǓǗǍǇǐǊǒǍǤ,
1	0.441373	0.167711	0.524614	0.181197	ǔǓǉǏǐǣǜǍǗǡ
1	0.528681	0.167711	0.590745	0.181197	ǕǅǌǟǊǑǅ
1	0.594819	0.167711	0.683662	0.181197	ǖǍǈǒǅǐǡǒǓǈǓ
1	0.687730	0.167711	0.735851	0.181197	ǏǅǆǊǐǤ
1	0.739918	0.167711	0.746926	0.181197	Ǐ
1	0.750993	0.167711	0.781895	0.181197	VAM
1	0.785981	0.167711	0.794737	0.181197	Ǎ
1	0.798804	0.167711	0.882044	0.181197	ǔǓǉǏǐǣǜǍǗǡ
1	0.117591	0.181567	0.178689	0.195054	ǇǚǓǉǒǠǊ
1	0.182488	0.181567	0.243569	0.195054	ǔǕǓǇǓǉǅ
1	0.247369	0.181567	0.254376	0.195054	Ǐ
1	0.258166	0.181567	0.321240	0.195054	ǇǚǓǉǒǠǑ
1	0.325039	0.181567	0.398936	0.195054	ǝǔǍǐǡǏǅǑ.
1	0.222750	0.490533	0.369192	0.504389	РАСПРЕДЕЛЕНИЕ
1	0.373739	0.490533	0.474588	0.504389	КОНТАКТОВ
1	0.479135	0.490533	0.560246	0.504389	РАЗЪЕМА
1	0.564793	0.490533	0.699552	0.504389	5-КАНАЛЬНОГО
1	0.704100	0.490533	0.741186	0.504389	VAM
1	0.226298	0.758391	0.372739	0.772248	РАСПРЕДЕЛЕНИЕ
1	0.377287	0.758391	0.478136	0.772248	КОНТАКТОВ
1	0.482683	0.758391	0.563793	0.772248	РАЗЪЕМА
1	0.568341	0.758391	0.703100	0.772248	8-КАНАЛЬНОГО
1	0.707648	0.758391	0.744733	0.772248	VAM
1	0.835048	0.774510	0.869487	0.781438	E-60162
1	0.237682	0.792405	0.262671	0.805892	ƵǍǖ
1	0.266461	0.792405	0.278354	0.805892	9.
1	0.285934	0.792405	0.375008	0.805892	ƧǒǘǗǕǊǒǒǤǤ
1	0.378829	0.792405	0.438972	0.805892	ǙǘǒǏǛǍǤ
1	0.442763	0.792405	0.473309	0.805892	VAM
1	0.477100	0.792405	0.485839	0.805892	Ǎ
1	0.489629	0.792405	0.581200	0.805892	ǓǆǓǌǒǅǜǊǒǍǊ
1	0.585002	0.792405	0.668991	0.805892	ǏǓǒǗǅǏǗǓǇ
1	0.672767	0.792405	0.732558	0.805892	ǕǅǌǟǊǑǅ
2	0.804862	0.100484	0.909328	0.113971	GET-6903A_RU
2	0.120053	0.114340	0.164634	0.127827	ƴǓǍǖǏ
2	0.168348	0.114340	0.177568	0.127827	Ǎ
2	0.181282	0.114340	0.265932	0.127827	ǘǖǗǕǅǒǊǒǍǊ
2	0.269661	0.114340	0.388998	0.127827	ǒǊǍǖǔǕǅǇǒǓǖǗǊǎ
2	0.392712	0.114340	0.442736	0.127827	ǝǏǅǙǅ
2	0.446450	0.114340	0.532605	0.127827	ǘǔǕǅǇǐǊǒǍǤ
2	0.536349	0.114340	0.552821	0.127827	ǖǓ
2	0.556535	0.114340	0.638766	0.127827	ǖǉǇǓǊǒǒǠǑ
2	0.641952	0.114340	0.674575	0.127827	IGBT
2	0.678817	0.114340	0.766093	0.127827	ǍǒǇǊǕǗǊǕǓǑ
2	0.769312	0.114340	0.831544	0.127827	17KG535
2	0.835757	0.114340	0.844977	0.127827	Ǎ
2	0.865662	0.114340	0.885466	0.127827	.*
2	0.258604	0.428097	0.315219	0.439644	ШТЕКЕР
2	0.319009	0.428097	0.386389	0.439644	(КОНТАКТ
2	0.390178	0.428097	0.449570	0.439644	ГНЕЗДО)
2	0.453360	0.428097	0.483056	0.439644	ДЛЯ
2	0.486846	0.428097	0.501383	0.439644	5-
2	0.535816	0.429886	0.591745	0.441433	ГНЕЗДО
2	0.595535	0.429886	0.626440	0.441433	VAM
2	0.630229	0.429886	0.715642	0.441433	(ШТЫРЕВЫЕ
2	0.719432	0.429886	0.799193	0.441433	КОНТАКТЫ)
2	0.313766	0.441953	0.411527	0.453500	КАНАЛЬНОГО
2	0.415317	0.441953	0.446222	0.453500	VAM
2	0.579152	0.443743	0.608848	0.455290	ДЛЯ
2	0.612637	0.443743	0.724937	0.455290	5-КАНАЛЬНОГО
2	0.728726	0.443743	0.759631	0.455290	VAM
2	0.252054	0.693286	0.308669	0.704833	ШТЕКЕР
2	0.312459	0.693286	0.379838	0.704833	(КОНТАКТ
2	0.383628	0.693286	0.443020	0.704833	ГНЕЗДО)
2	0.446810	0.693286	0.476506	0.704833	ДЛЯ
2	0.567049	0.693286	0.622979	0.704833	ГНЕЗДО
2	0.626768	0.693286	0.657673	0.704833	VAM
2	0.661463	0.693286	0.746875	0.704833	(ШТЫРЕВЫЕ
2	0.750665	0.693286	0.830426	0.704833	КОНТАКТЫ)
2	0.292679	0.707142	0.404979	0.718689	8-КАНАЛЬНОГО
2	0.408768	0.707142	0.439673	0.718689	VAM
2	0.610385	0.707142	0.640081	0.718689	ДЛЯ
2	0.643870	0.707142	0.756170	0.718689	8-КАНАЛЬНОГО
2	0.759960	0.707142	0.790864	0.718689	VAM
2	0.864450	0.845883	0.898889	0.852811	E-60163
2	0.235182	0.861684	0.260171	0.875171	ƵǍǖ
2	0.263965	0.861684	0.284521	0.875171	10.
2	0.292092	0.861684	0.374662	0.875171	ƧǍǌǘǅǐǡǒǓǊ
2	0.378452	0.861684	0.470023	0.875171	ǓǆǓǌǒǅǜǊǒǍǊ
2	0.473831	0.861684	0.557819	0.875171	ǏǓǒǗǅǏǗǓǇ
2	0.561594	0.861684	0.657428	0.875171	ǖǓǊǉǍǒǍǗǊǐǤ
2	0.661223	0.861684	0.691772	0.875171	VAM
2	0.695568	0.861684	0.700991	0.875171	-
2	0.704787	0.861684	0.713444	0.875171	5
2	0.717196	0.861684	0.725935	0.875171	Ǎ
2	0.729730	0.861684	0.738387	0.875171	8
2	0.742172	0.861684	0.800126	0.875171	ǏǅǒǅǐǓǇ
3	0.088506	0.102643	0.195105	0.116130	GET-6903A_RU
3	0.088506	0.115253	0.133088	0.128740	ƴǓǍǖǏ
3	0.136802	0.115253	0.146022	0.128740	Ǎ
3	0.149736	0.115253	0.234386	0.128740	ǘǖǗǕǅǒǊǒǍǊ
3	0.238114	0.115253	0.357452	0.128740	ǒǊǍǖǔǕǅǇǒǓǖǗǊǎ
3	0.361165	0.115253	0.411190	0.128740	ǝǏǅǙǅ
3	0.414903	0.115253	0.501058	0.128740	ǘǔǕǅǇǐǊǒǍǤ
3	0.504803	0.115253	0.521274	0.128740	ǖǓ
3	0.524988	0.115253	0.607220	0.128740	ǖǉǇǓǊǒǒǠǑ
3	0.610597	0.115253	0.643221	0.128740	IGBT
3	0.647271	0.115253	0.734547	0.128740	ǍǒǇǊǕǗǊǕǓǑ
3	0.737974	0.115253	0.800205	0.128740	17KG535
3	0.804211	0.115253	0.813431	0.128740	Ǎ
3	0.817145	0.115253	0.879376	0.128740	17KG537
3	0.088506	0.140137	0.148970	0.156321	4.3.3.2.
3	0.153504	0.140137	0.240613	0.156321	ƴǕǓǇǊǕǏǍ
3	0.245160	0.140137	0.287101	0.156321	ǖǚǊǑ
3	0.291649	0.140137	0.340344	0.156321	VAM1
3	0.344892	0.140137	0.356182	0.156321	Ǎ
3	0.360731	0.140137	0.409421	0.156321	VAM2
3	0.088206	0.170020	0.127768	0.183507	VAM1
3	0.133652	0.170020	0.162387	0.183507	(ƵǍǖ
3	0.168276	0.170020	0.189060	0.183507	11)
3	0.194919	0.170020	0.203674	0.183507	Ǎ
3	0.209560	0.170020	0.249122	0.183507	VAM2
3	0.255007	0.170020	0.283742	0.183507	(ƵǍǖ
3	0.289626	0.170020	0.310407	0.183507	12)
3	0.316291	0.170020	0.322171	0.183507	-
3	0.328029	0.170020	0.351112	0.183507	ǢǗǓ
3	0.357001	0.170020	0.447613	0.183507	8-ǏǅǒǅǐǡǒǠǊ
3	0.453494	0.170020	0.494258	0.183507	ǆǐǓǏǍ
3	0.500161	0.170020	0.531066	0.183507	VAM
3	0.536946	0.170020	0.628877	0.183507	(17FM702A1).
3	0.634757	0.170020	0.674319	0.183507	VAM1
3	0.680200	0.170020	0.746105	0.183507	ǍǌǑǊǕǤǊǗ
3	0.751973	0.170020	0.838871	0.183507	ǒǅǔǕǤǋǊǒǍǊ
3	0.844720	0.170020	0.885873	0.183507	ǌǇǊǒǅ
3	0.088206	0.183877	0.177735	0.197364	ǔǓǖǗǓǤǒǒǓǈǓ
3	0.181900	0.183877	0.213013	0.197364	ǗǓǏǅ
3	0.217165	0.183877	0.237109	0.197364	DC
3	0.241263	0.183877	0.268770	0.197364	Link
3	0.272924	0.183877	0.320575	0.197364	(ǇǚǓǉǠ
3	0.324768	0.183877	0.353268	0.197364	VH1
3	0.357422	0.183877	0.366178	0.197364	Ǎ
3	0.370333	0.183877	0.402300	0.197364	VH2)
3	0.406455	0.183877	0.430611	0.197364	ǉǐǤ
3	0.434790	0.183877	0.487159	0.197364	ǕǅǆǓǗǠ
3	0.491308	0.183877	0.553220	0.197364	ǗǤǈǓǇǓǈǓ
3	0.557397	0.183877	0.683546	0.197364	ǢǐǊǏǗǕǓǉǇǍǈǅǗǊǐǤ
3	0.687718	0.183877	0.696376	0.197364	1
3	0.700531	0.183877	0.739595	0.197364	(TM1),
3	0.743741	0.183877	0.830638	0.197364	ǒǅǔǕǤǋǊǒǍǊ
3	0.834756	0.183877	0.872379	0.197364	ǙǅǌǠ
3	0.876523	0.183877	0.885867	0.197364	ƥ
3	0.088222	0.197733	0.164769	0.211220	TM1(ǇǚǓǉǠ
3	0.168573	0.197733	0.197077	0.211220	VH3
3	0.200868	0.197733	0.209623	0.211220	Ǎ
3	0.213414	0.197733	0.248615	0.211220	VH4),
3	0.252406	0.197733	0.339304	0.211220	ǒǅǔǕǤǋǊǒǍǊ
3	0.343072	0.197733	0.380696	0.211220	ǙǅǌǠ
3	0.384489	0.197733	0.393799	0.211220	B
3	0.397594	0.197733	0.445232	0.211220	(ǇǚǓǉǠ
3	0.449036	0.197733	0.477539	0.211220	VH5
3	0.481331	0.197733	0.490086	0.211220	Ǎ
3	0.493877	0.197733	0.525844	0.211220	VH6)
3	0.529635	0.197733	0.538390	0.211220	Ǎ
3	0.542180	0.197733	0.629077	0.211220	ǒǅǔǕǤǋǊǒǍǊ
3	0.632830	0.197733	0.670453	0.211220	ǙǅǌǠ
3	0.674246	0.197733	0.683736	0.211220	C
3	0.687527	0.197733	0.735178	0.211220	(ǇǚǓǉǠ
3	0.738973	0.197733	0.767476	0.211220	VH7
3	0.771268	0.197733	0.780023	0.211220	Ǎ
3	0.783814	0.197733	0.819015	0.211220	VH8).
3	0.088239	0.225446	0.127801	0.238933	VAM2
3	0.137590	0.225446	0.166326	0.238933	(ƵǍǖ
3	0.176118	0.225446	0.196902	0.238933	12)
3	0.206663	0.225446	0.272568	0.238933	ǍǌǑǊǕǤǊǗ
3	0.282341	0.225446	0.369239	0.238933	ǒǅǔǕǤǋǊǒǍǊ
3	0.378992	0.225446	0.416615	0.238933	ǙǅǌǠ
3	0.426395	0.225446	0.435738	0.238933	ƥ
3	0.445522	0.225446	0.507435	0.238933	ǗǤǈǓǇǓǈǓ
3	0.517247	0.225446	0.643396	0.238933	ǢǐǊǏǗǕǓǉǇǍǈǅǗǊǐǤ
3	0.653202	0.225446	0.661859	0.238933	2
3	0.671648	0.225446	0.707477	0.238933	(TM2)
3	0.717266	0.225446	0.726609	0.238933	A
3	0.736398	0.225446	0.784041	0.238933	(ǇǚǓǉǠ
3	0.793845	0.225446	0.822345	0.238933	VH1
3	0.832143	0.225446	0.840898	0.238933	Ǎ
3	0.850689	0.225446	0.885883	0.238933	VH2),
3	0.088239	0.239302	0.175136	0.252789	ǒǅǔǕǤǋǊǒǍǊ
3	0.178927	0.239302	0.216551	0.252789	ǙǅǌǠ
3	0.220368	0.239302	0.229679	0.252789	Ƨ
3	0.233504	0.239302	0.262416	0.252789	TM2
3	0.266250	0.239302	0.313870	0.252789	(ǇǚǓǉǠ
3	0.317710	0.239302	0.346230	0.252789	VH3
3	0.350047	0.239302	0.358803	0.252789	Ǎ
3	0.362630	0.239302	0.397850	0.252789	VH4),
3	0.401664	0.239302	0.488562	0.252789	ǒǅǔǕǤǋǊǒǍǊ
3	0.492353	0.239302	0.529976	0.252789	ǙǅǌǠ
3	0.533803	0.239302	0.543294	0.252789	C
3	0.547131	0.239302	0.594757	0.252789	(ǇǚǓǉǠ
3	0.598597	0.239302	0.627117	0.252789	VH5
3	0.630935	0.239302	0.639690	0.252789	Ǎ
3	0.643517	0.239302	0.675503	0.252789	VH6)
3	0.679317	0.239302	0.688073	0.252789	Ǎ
3	0.691895	0.239302	0.778793	0.252789	ǒǅǔǕǤǋǊǒǍǊ
3	0.782584	0.239302	0.823750	0.252789	ǌǇǊǒǅ
3	0.827549	0.239302	0.862128	0.252789	ǛǊǔǍ
3	0.865944	0.239302	0.885896	0.252789	DC
3	0.088222	0.253159	0.135873	0.266646	(ǇǚǓǉǠ
3	0.140439	0.253159	0.168939	0.266646	VH7
3	0.171969	0.253159	0.180724	0.266646	Ǎ
3	0.184514	0.253159	0.216480	0.266646	VH8)
3	0.220270	0.253159	0.244425	0.266646	ǉǐǤ
3	0.248213	0.253159	0.300582	0.266646	ǕǅǆǓǗǠ
3	0.304373	0.253159	0.336503	0.266646	TM2.
3	0.088239	0.280872	0.127801	0.294359	VAM1
3	0.141522	0.280872	0.227978	0.294359	ǕǅǖǔǓǐǓǋǊǒ
3	0.241684	0.280872	0.249803	0.294359	Ǉ
3	0.263524	0.280872	0.306483	0.294359	ǐǊǇǓǑ
3	0.320204	0.280872	0.370155	0.294359	ǓǗǖǊǏǊ,
3	0.383892	0.280872	0.424359	0.294359	ǐǊǇǅǤ
3	0.438074	0.280872	0.488433	0.294359	ǖǗǊǒǏǅ,
3	0.502154	0.280872	0.551900	0.294359	ǇǗǓǕǓǎ
3	0.565630	0.280872	0.597640	0.294359	ǆǐǓǏ
3	0.611382	0.280871	0.642287	0.294358	VAM
3	0.655992	0.280871	0.664110	0.294358	Ǉ
3	0.670970	0.280871	0.724245	0.294358	ǒǍǋǒǊǎ
3	0.731097	0.280871	0.771025	0.294358	ǜǅǖǗǍ
3	0.777896	0.280871	0.828777	0.294358	ǝǏǅǙǅ.
3	0.842498	0.280871	0.882056	0.294358	VAM2
3	0.088205	0.294728	0.174662	0.308215	ǕǅǖǔǓǐǓǋǊǒ
3	0.178421	0.294728	0.214345	0.308215	ǒǍǋǊ
3	0.218138	0.294728	0.257700	0.308215	VAM1
3	0.261491	0.294728	0.278987	0.308215	ǒǅ
3	0.282778	0.294728	0.324203	0.308215	ǐǊǇǓǎ
3	0.327992	0.294728	0.377763	0.308215	ǖǗǊǒǏǊ.
3	0.088189	0.322441	0.164879	0.335927	ƴǕǓǇǊǕǍǗǡ
3	0.168587	0.322441	0.251173	0.335927	ǇǒǘǗǕǊǒǒǍǊ
3	0.254882	0.322441	0.345735	0.335927	ǢǐǊǏǗǕǓǒǒǠǊ
3	0.349443	0.322441	0.398348	0.335927	ǉǊǗǅǐǍ
3	0.402066	0.322441	0.432918	0.335927	VAM
3	0.436610	0.322441	0.465172	0.335927	(ǇǒǊ
3	0.468897	0.322441	0.520348	0.335927	ǖǚǊǑǠ),
3	0.524058	0.322441	0.546972	0.335927	ǏǅǏ
3	0.550700	0.322441	0.610957	0.335927	ǓǔǍǖǅǒǓ
3	0.614665	0.322441	0.622784	0.335927	Ǉ
3	0.626508	0.322441	0.684668	0.335927	ǕǅǌǉǊǐǊ
3	0.688376	0.322441	0.727187	0.335927	4.3.3.,
3	0.730983	0.322441	0.806971	0.335927	ƴƵƳƧƪƵƯƭ
3	0.810695	0.322441	0.882044	0.335927	ƱƳƩƸưƪƮ
3	0.088189	0.336297	0.182491	0.349784	ƴƳƲƭƫƪƲƭǄ
3	0.186310	0.336297	0.286018	0.349784	ƲƥƴƵǄƫƪƲƭǄ
3	0.289824	0.336297	0.335968	0.349784	(VAMS)
3	0.339760	0.336297	0.392406	0.349784	ǉǅǒǒǓǎ
3	0.396195	0.336297	0.483291	0.349784	ǔǘǆǐǍǏǅǛǍǍ.
3	0.487074	0.336297	0.512477	0.349784	ƩǐǤ
3	0.516268	0.336297	0.583632	0.349784	ǔǕǓǇǊǕǏǍ
3	0.587421	0.336297	0.655361	0.349784	ǔǕǓǇǓǉǏǍ
3	0.659177	0.336297	0.666184	0.349784	Ǐ
3	0.669974	0.336297	0.709938	0.349784	ǆǐǓǏǘ
3	0.713727	0.336297	0.753290	0.349784	VAM1
3	0.757081	0.336297	0.782053	0.349784	ǍǐǍ
3	0.785842	0.336297	0.828639	0.349784	VAM2:
3	0.269670	0.365983	0.279307	0.379469	Ƨ
3	0.282836	0.365983	0.339451	0.379469	ǉǅǒǒǓǑ
3	0.342963	0.365983	0.450313	0.379469	ǓǆǓǕǘǉǓǇǅǒǍǍ
3	0.453825	0.365983	0.575878	0.379469	ǔǕǍǖǘǗǖǗǇǘǣǗ
3	0.579388	0.365983	0.643795	0.379469	ǓǔǅǖǒǠǊ
3	0.647307	0.365983	0.742716	0.379469	ǒǅǔǕǤǋǊǒǍǤ.
3	0.746228	0.365983	0.829109	0.379469	ƸǆǊǉǍǗǡǖǤ
3	0.832637	0.365983	0.841246	0.379469	Ǉ
3	0.844758	0.365983	0.882180	0.379469	ǗǓǑ,
3	0.130495	0.378012	0.256830	0.395376	ɉɊȿȾɍɉɊȿɀȾȿɇɂȿ
3	0.271539	0.380656	0.302777	0.394143	ǜǗǓ
3	0.306560	0.380656	0.411999	0.394143	ǇǠǏǐǣǜǅǗǊǐǡ
3	0.415756	0.380656	0.483985	0.394143	ǔǍǗǅǒǍǤ
3	0.487774	0.380656	0.575736	0.394143	ǘǔǕǅǇǐǊǒǍǤ
3	0.581949	0.380656	0.615908	0.394143	(CPS)
3	0.617258	0.380656	0.700710	0.394143	ǒǅǚǓǉǍǗǖǤ
3	0.704500	0.380656	0.713108	0.394143	Ǉ
3	0.716898	0.380656	0.799207	0.394143	ǔǓǐǓǋǊǒǍǍ
3	0.802997	0.380656	0.849310	0.394143	ƳƷƯư.,
3	0.853096	0.380656	0.862227	0.394143	Ǎ
3	0.269670	0.393695	0.375109	0.407182	ǇǠǏǐǣǜǅǗǊǐǡ
3	0.382067	0.393695	0.479485	0.407182	ǏǓǒǗǅǏǗǓǕǅ
3	0.486445	0.393695	0.522245	0.407182	ǛǊǔǍ
3	0.529241	0.393695	0.627035	0.407182	ǇǓǌǆǘǋǉǊǒǍǤ
3	0.634027	0.393695	0.726169	0.407182	ǈǊǒǊǕǅǗǓǕǅ
3	0.733165	0.393695	0.779923	0.407182	(GFCO)
3	0.786901	0.393695	0.870354	0.407182	ǒǅǚǓǉǍǗǖǤ
3	0.877345	0.393695	0.885953	0.407182	Ǉ
3	0.088292	0.407552	0.170601	0.421039	ǔǓǐǓǋǊǒǍǍ
3	0.175600	0.407552	0.214219	0.421039	ƳƷƯư
3	0.219197	0.407552	0.262574	0.421039	ǔǊǕǊǉ
3	0.267596	0.407552	0.332355	0.421039	ǒǅǜǅǐǓǑ
3	0.337327	0.407552	0.420143	0.421039	ǏǅǏǍǚ-ǐǍǆǓ
3	0.425125	0.407552	0.474962	0.421039	ǕǅǆǓǗ
3	0.479944	0.407552	0.498385	0.421039	ǒǅ
3	0.503367	0.407552	0.606193	0.421039	ǏǓǑǔǓǒǊǒǗǅǚ
3	0.611143	0.407563	0.732938	0.421050	ǢǐǊǏǗǕǍǜǊǖǏǓǈǓ
3	0.737925	0.407563	0.789091	0.421050	ǝǏǅǙǅ
3	0.794074	0.407563	0.885938	0.421050	ǘǔǕǅǇǐǊǒǍǤ.
3	0.088277	0.421419	0.171158	0.434906	ƸǆǊǉǍǗǡǖǤ
3	0.175454	0.421419	0.184062	0.434906	Ǉ
3	0.188358	0.421419	0.225780	0.434906	ǗǓǑ,
3	0.230060	0.421419	0.261298	0.434906	ǜǗǓ
3	0.265571	0.421419	0.379912	0.434906	ǍǒǉǍǏǅǗǓǕǒǠǊ
3	0.384208	0.421419	0.434149	0.434906	ǐǅǑǔǠ
3	0.438422	0.421419	0.499147	0.434906	ǌǅǕǤǉǏǍ
3	0.503434	0.421419	0.613609	0.434906	ǏǓǒǉǊǒǖǅǗǓǕǅ
3	0.617904	0.421419	0.652647	0.434906	(CCL)
3	0.656929	0.421419	0.674178	0.434906	ǒǊ
3	0.678474	0.421419	0.730319	0.434906	ǈǓǕǤǗ.
3	0.734615	0.421419	0.844809	0.434906	ƭǖǔǓǐǡǌǓǇǅǗǡ
3	0.849069	0.421419	0.885952	0.434906	VOM,
3	0.088277	0.435276	0.140292	0.448762	ǜǗǓǆǠ
3	0.144631	0.435276	0.226107	0.448762	ǘǆǊǉǍǗǡǖǤ
3	0.230452	0.435276	0.239060	0.448762	Ǉ
3	0.243405	0.435276	0.344449	0.448762	ǓǗǖǘǗǖǗǇǍǍ
3	0.348763	0.435276	0.440235	0.448762	ǒǅǔǕǤǋǊǒǍǤ
3	0.444580	0.435276	0.487958	0.448762	ǔǊǕǊǉ
3	0.492326	0.435276	0.616354	0.448762	ǔǕǍǏǓǖǒǓǇǊǒǍǊǑ
3	0.629389	0.435276	0.637033	0.448762	Ǐ
3	0.641378	0.435276	0.711780	0.448762	ǏǐǊǑǑǅǑ.
3	0.716125	0.435276	0.825237	0.448762	ƲǊǖǓǆǐǣǉǊǒǍǊ
3	0.829616	0.435276	0.885938	0.448762	ǉǅǒǒǠǚ
3	0.088277	0.449132	0.116405	0.462619	ǑǊǕ
3	0.120194	0.449132	0.257381	0.462619	ǔǕǊǉǓǖǗǊǕǊǋǊǒǍǤ
3	0.261210	0.449132	0.314068	0.462619	ǑǓǋǊǗ
3	0.317858	0.449132	0.392653	0.462619	ǔǕǍǇǊǖǗǍ
3	0.396443	0.449132	0.404087	0.462619	Ǐ
3	0.407877	0.449132	0.488994	0.462619	ǖǊǕǡǊǌǒǠǑ
3	0.492783	0.449132	0.564681	0.462619	ǗǕǅǇǑǅǑ
3	0.568428	0.449132	0.595282	0.462619	ǍǐǍ
3	0.599072	0.449132	0.661878	0.462619	ǖǑǊǕǗǍ.
3	0.088189	0.474861	0.100084	0.488348	1.
3	0.117591	0.474861	0.191684	0.488348	ƬǅǈǐǘǝǍǗǡ
3	0.198414	0.474861	0.266622	0.488348	ǖǅǑǓǖǇǅǐ
3	0.273357	0.474861	0.282112	0.488348	Ǎ
3	0.288842	0.474861	0.361367	0.488348	ǘǆǊǉǍǗǡǖǤ
3	0.368097	0.474861	0.376215	0.488348	Ǉ
3	0.382961	0.474861	0.460370	0.488348	ǓǗǖǘǗǖǗǇǍǍ
3	0.467100	0.474861	0.553344	0.488348	ǒǅǔǕǤǋǊǒǍǤ
3	0.560059	0.474861	0.568177	0.488348	Ǉ
3	0.574924	0.474861	0.632790	0.488348	ǖǍǖǗǊǑǊ
3	0.639510	0.474861	0.726001	0.488348	ǘǔǕǅǇǐǊǒǍǤ,
3	0.732731	0.474861	0.786153	0.488348	ǔǕǊǋǉǊ
3	0.792891	0.474861	0.819457	0.488348	ǜǊǑ
3	0.826164	0.474861	0.882028	0.488348	ǓǗǏǕǠǗǡ
3	0.117575	0.488718	0.199585	0.502205	ǏǅǏǘǣ-ǐǍǆǓ
3	0.203053	0.488718	0.245147	0.502205	ǉǇǊǕǡ
3	0.248610	0.488718	0.306173	0.502205	ǉǓǖǗǘǔǅ
3	0.309652	0.488718	0.334624	0.502205	ǍǐǍ
3	0.338090	0.488718	0.390916	0.502205	ǔǅǒǊǐǡ.
3	0.394379	0.488718	0.469517	0.502205	ƧǠǔǓǐǒǤǗǡ
3	0.472980	0.488718	0.552950	0.502205	ǔǕǓǛǊǉǘǕǠ
3	0.556384	0.488718	0.651565	0.502205	ǗǊǚǒǍǜǊǖǏǓǈǓ
3	0.655028	0.488718	0.756906	0.502205	ǓǆǖǐǘǋǍǇǅǒǍǤ
3	0.760385	0.488718	0.784540	0.502205	ǉǐǤ
3	0.788007	0.488718	0.829790	0.502205	ǕǅǆǓǗ
3	0.833253	0.488718	0.882020	0.502205	ǇǒǘǗǕǍ
3	0.117559	0.502574	0.168440	0.516061	ǝǏǅǙǅ.
3	0.088157	0.530287	0.100051	0.543774	2.
3	0.117559	0.530287	0.231949	0.543774	ƵǅǌǆǐǓǏǍǕǓǇǅǗǡ
3	0.235738	0.530287	0.244494	0.543774	Ǎ
3	0.248283	0.530287	0.303847	0.543774	ǍǌǇǐǊǜǡ
3	0.307626	0.530287	0.323600	0.543774	Ǎǌ
3	0.327388	0.530287	0.376146	0.543774	ǈǒǊǌǉǅ
3	0.379937	0.530287	0.410839	0.543774	VAM
3	0.414629	0.530287	0.467789	0.543774	ǕǅǌǟǊǑ
3	0.471559	0.530287	0.586570	0.543774	ǍǌǑǊǕǍǗǊǐǡǒǓǈǓ
3	0.590360	0.530287	0.630608	0.543774	ǋǈǘǗǅ
3	0.634399	0.530287	0.668533	0.543774	VAM.
3	0.088157	0.558000	0.100051	0.571487	3.
3	0.117559	0.558000	0.231949	0.571487	ƵǅǌǆǐǓǏǍǕǓǇǅǗǡ
3	0.235738	0.558000	0.244494	0.571487	Ǎ
3	0.248283	0.558000	0.303847	0.571487	ǍǌǇǐǊǜǡ
3	0.307626	0.558000	0.360787	0.571487	ǕǅǌǟǊǑ
3	0.364570	0.558000	0.395357	0.571487	CND
3	0.399147	0.558000	0.415120	0.571487	Ǎǌ
3	0.418908	0.558000	0.477608	0.571487	ǇǊǕǚǒǊǎ
3	0.481392	0.558000	0.521320	0.571487	ǜǅǖǗǍ
3	0.525104	0.558000	0.575732	0.571487	ǔǅǒǊǐǍ
3	0.579515	0.558000	0.604850	0.571487	ICP.
3	0.088157	0.585713	0.100051	0.599200	4.
3	0.117559	0.585713	0.142962	0.599200	ƩǐǤ
3	0.150080	0.585713	0.217444	0.599200	ǔǕǓǇǊǕǏǍ
3	0.221005	0.585713	0.314209	0.599200	ǌǅǌǊǑǐǊǒǒǠǚ
3	0.317737	0.585713	0.386804	0.599200	ǔǕǓǇǓǉǓǇ
3	0.390377	0.585713	0.473648	0.599200	ǘǔǕǅǇǐǊǒǍǤ
3	0.477178	0.585713	0.523035	0.599200	ǑǊǋǉǘ
3	0.526590	0.585713	0.577660	0.599200	ǆǐǓǏǓǑ
3	0.581207	0.585713	0.612109	0.599200	VAM
3	0.619261	0.585712	0.628016	0.599199	Ǎ
3	0.635121	0.585712	0.696222	0.599199	ǔǅǒǊǐǡǣ
3	0.699780	0.585712	0.721880	0.599199	ICP
3	0.728984	0.585711	0.799957	0.599198	(ǔǕǓǇǊǕǏǅ
3	0.803497	0.585711	0.818702	0.599198	ǓǗ
3	0.822265	0.585711	0.882075	0.599198	ǝǗǊǏǊǕǅ
3	0.117612	0.599568	0.178694	0.613054	ǔǕǓǇǓǉǅ
3	0.182493	0.599568	0.265764	0.613054	ǘǔǕǅǇǐǊǒǍǤ
3	0.269541	0.599568	0.307143	0.613054	VAM):
3	0.117612	0.627280	0.129751	0.640767	a.
3	0.147014	0.627280	0.226988	0.640767	ƸǖǗǅǒǓǇǍǗǡ
3	0.230779	0.627280	0.263151	0.640767	VOM
3	0.266940	0.627280	0.284436	0.640767	ǒǅ
3	0.288228	0.627280	0.329864	0.640767	ǆǓǐǊǊ
3	0.333654	0.627280	0.393510	0.640767	ǇǠǖǓǏǍǎ
3	0.397307	0.627280	0.455697	0.640767	ǘǕǓǇǊǒǡ
3	0.459476	0.627280	0.536294	0.640767	ǍǌǑǊǕǊǒǍǤ
3	0.540071	0.627280	0.647078	0.640767	ǖǓǔǕǓǗǍǇǐǊǒǍǤ
3	0.650869	0.627280	0.693275	0.640767	(ǇǠǝǊ
3	0.697066	0.627280	0.749026	0.640767	100000
3	0.752762	0.627280	0.780561	0.640767	ƳǑ).
3	0.117596	0.654993	0.129734	0.668480	b.
3	0.146998	0.654993	0.232396	0.668480	ƴǓǉǏǐǣǜǍǗǡ
3	0.240154	0.654993	0.275300	0.668480	ǓǉǍǒ
3	0.283048	0.654993	0.299021	0.668480	Ǎǌ
3	0.306766	0.654993	0.352443	0.668480	ǞǘǔǓǇ
3	0.360179	0.654993	0.451669	0.668480	ǑǘǐǡǗǍǑǊǗǕǅ
3	0.459395	0.654993	0.466402	0.668480	Ǐ
3	0.474161	0.654993	0.522707	0.668480	ǜǍǖǗǓǎ
3	0.530450	0.654993	0.568035	0.668480	ǝǍǒǊ
3	0.575778	0.654993	0.658527	0.668480	ǌǅǌǊǑǐǊǒǍǤ
3	0.666254	0.654993	0.752745	0.668480	ǘǔǕǅǇǐǊǒǍǤ,
3	0.760488	0.654993	0.803748	0.668480	ǑǅǖǖǊ
3	0.811501	0.654993	0.828996	0.668480	ǒǅ
3	0.836737	0.654993	0.882072	0.668480	ǝǅǖǖǍ
3	0.147015	0.668850	0.224113	0.682337	ǖǅǑǓǖǇǅǐǅ
3	0.227903	0.668850	0.252875	0.682337	ǍǐǍ
3	0.256663	0.668850	0.263670	0.682337	Ǐ
3	0.267460	0.668850	0.324297	0.682337	ǑǊǗǅǐǐǘ
3	0.328066	0.668850	0.378948	0.682337	ǝǏǅǙǅ.
3	0.117596	0.696562	0.128705	0.710049	c.
3	0.146998	0.696562	0.263267	0.710049	ƶǓǓǗǇǊǗǖǗǇǊǒǒǓ,
3	0.269082	0.696562	0.352322	0.710049	ǔǓǉǏǐǣǜǍǗǡ
3	0.358137	0.696562	0.407884	0.710049	ǇǗǓǕǓǎ
3	0.413707	0.696562	0.442492	0.710049	Ǟǘǔ
3	0.448304	0.696562	0.539793	0.710049	ǑǘǐǡǗǍǑǊǗǕǅ
3	0.545592	0.696562	0.552599	0.710049	Ǐ
3	0.564231	0.696562	0.595136	0.710049	VAM
3	0.606786	0.696562	0.649811	0.710049	(VAM2
3	0.661436	0.696562	0.686408	0.710049	ǍǐǍ
3	0.698036	0.696562	0.741062	0.710049	VAM2)
3	0.752697	0.696562	0.816434	0.710049	ǏǓǒǗǅǏǗǠ
3	0.822249	0.696562	0.882059	0.710049	ǝǗǊǏǊǕǅ
3	0.146998	0.710419	0.208079	0.723906	ǔǕǓǇǓǉǅ
3	0.211944	0.710419	0.295215	0.723906	ǘǔǕǅǇǐǊǒǍǤ
3	0.299066	0.710419	0.310980	0.723906	5,
3	0.314867	0.710419	0.326782	0.723906	6,
3	0.330669	0.710419	0.351264	0.723906	10,
3	0.355152	0.710419	0.375746	0.723906	14,
3	0.379634	0.710419	0.391548	0.723906	7,
3	0.395436	0.710419	0.407350	0.723906	3,
3	0.411238	0.710419	0.419895	0.723906	2
3	0.423426	0.710419	0.432182	0.723906	Ǎ
3	0.436036	0.710419	0.447961	0.723906	1.
3	0.451799	0.710419	0.477304	0.723906	ƧǖǊ
3	0.481152	0.710419	0.555556	0.723906	ǔǓǏǅǌǅǒǍǤ
3	0.559411	0.710419	0.666418	0.723906	ǖǓǔǕǓǗǍǇǐǊǒǍǤ
3	0.670289	0.710419	0.724993	0.723906	ǉǓǐǋǒǠ
3	0.728848	0.710419	0.808348	0.723906	ǔǕǊǇǠǝǅǗǡ
3	0.812227	0.710419	0.846866	0.723906	1000
3	0.850703	0.710419	0.882049	0.723906	ǏƳǑ.
3	0.146998	0.724275	0.199644	0.737762	ƶǑǓǗǕǍ
3	0.203434	0.724275	0.228707	0.737762	ƵǍǖ
3	0.232499	0.724275	0.253051	0.737762	10,
3	0.256831	0.724275	0.308350	0.737762	ǒǍǋǒǤǤ
3	0.312140	0.724275	0.352607	0.737762	ǐǊǇǅǤ
3	0.356390	0.724275	0.418281	0.737762	ǔǓǌǍǛǍǤ,
3	0.422064	0.724275	0.446102	0.737762	ǈǉǊ
3	0.449888	0.724275	0.527281	0.737762	ǔǕǍǇǊǉǊǒǓ
3	0.531070	0.724275	0.624030	0.737762	ǓǆǓǌǒǅǜǊǒǍǊ
3	0.627820	0.724275	0.697849	0.737762	ǏǓǒǗǅǏǗǓǇ
3	0.701651	0.724275	0.764686	0.737762	ǝǗǊǏǊǕǅ.
3	0.117580	0.751988	0.129718	0.765475	d.
3	0.146982	0.751988	0.205998	0.765475	ƳǖǗǅǇǍǇ
3	0.209674	0.751988	0.244820	0.765475	ǓǉǍǒ
3	0.248484	0.751988	0.300673	0.765475	ǔǕǓǇǓǉ
3	0.304348	0.751988	0.395837	0.765475	ǑǘǐǡǗǍǑǊǗǕǅ
3	0.399496	0.751988	0.506193	0.765475	ǔǓǉǏǐǣǜǊǒǒǠǑ
3	0.509852	0.751988	0.516860	0.765475	Ǐ
3	0.520535	0.751988	0.565357	0.765475	ǌǊǑǐǊ,
3	0.569048	0.751988	0.652289	0.765475	ǔǓǉǏǐǣǜǍǗǡ
3	0.655964	0.751988	0.706070	0.765475	ǉǕǘǈǓǎ
3	0.709737	0.751988	0.761926	0.765475	ǔǕǓǇǓǉ
3	0.765601	0.751988	0.772608	0.765475	Ǐ
3	0.776284	0.751988	0.848629	0.765475	ǏǓǒǗǅǏǗǅǑ
3	0.852288	0.751988	0.869606	0.765475	15
3	0.873278	0.751988	0.882033	0.765475	Ǎ
3	0.146982	0.765845	0.164300	0.779332	16
3	0.168886	0.765845	0.231921	0.779332	ǝǗǊǏǊǕǅ.
3	0.236511	0.765845	0.256174	0.779332	Ʋǅ
3	0.260746	0.765845	0.300309	0.779332	VAM1
3	0.304903	0.765845	0.368641	0.779332	ǏǓǒǗǅǏǗǠ
3	0.373227	0.765845	0.390545	0.779332	15
3	0.395135	0.765845	0.403890	0.779332	Ǎ
3	0.408480	0.765845	0.425798	0.779332	16
3	0.430385	0.765845	0.507301	0.779332	ǌǅǌǊǑǐǊǒǠ
3	0.511895	0.765845	0.547099	0.779332	(ǒǘǐǡ
3	0.551668	0.765845	0.577423	0.779332	ǓǑ).
3	0.582018	0.765845	0.601681	0.779332	Ʋǅ
3	0.606269	0.765845	0.645832	0.779332	VAM2
3	0.650423	0.765845	0.703566	0.779332	ǏǓǒǗǅǏǗ
3	0.708165	0.765845	0.725483	0.779332	15
3	0.730057	0.765845	0.796386	0.779332	ǌǅǌǊǑǐǊǒ
3	0.800966	0.765845	0.836171	0.779332	(ǒǘǐǡ
3	0.840756	0.765845	0.868552	0.779332	ƳǑ),
3	0.873147	0.765845	0.882049	0.779332	ǅ
3	0.146998	0.779701	0.200141	0.793188	ǏǓǒǗǅǏǗ
3	0.203942	0.779701	0.221260	0.793188	16
3	0.225044	0.779701	0.263986	0.793188	ǇǠǝǊ
3	0.267775	0.779701	0.309827	0.793188	ǌǊǑǐǍ
3	0.313611	0.779701	0.343056	0.793188	(100
3	0.346818	0.779701	0.374923	0.793188	ǏƳǑ
3	0.378709	0.779701	0.403681	0.793188	ǍǐǍ
3	0.407469	0.779701	0.467155	0.793188	ǆǓǐǡǝǊ).
3	0.117612	0.807414	0.129164	0.820901	e.
3	0.147014	0.807414	0.249822	0.820901	ƴǓǉǖǓǊǉǍǒǍǗǡ
3	0.257439	0.807414	0.281744	0.820901	ǇǖǊ
3	0.285534	0.807414	0.379065	0.820901	ǓǗǏǐǣǜǊǒǒǠǊ
3	0.386648	0.807414	0.450395	0.820901	ǕǅǌǟǊǑǠ
3	0.454151	0.807414	0.462907	0.820901	Ǎ
3	0.466696	0.807414	0.546376	0.820901	ǔǕǓǇǓǉǒǠǊ
3	0.550165	0.807414	0.638061	0.820901	ǖǓǊǉǍǒǊǒǍǤ.
3	0.088227	0.835127	0.100121	0.848614	5.
3	0.117645	0.835127	0.143048	0.848614	ƩǐǤ
3	0.146840	0.835127	0.214203	0.848614	ǔǕǓǇǊǕǏǍ
3	0.217993	0.835127	0.306182	0.848614	ǛǊǐǓǖǗǒǓǖǗǍ
3	0.313765	0.835127	0.422814	0.848614	ǍǌǑǊǕǍǗǊǐǡǒǠǚ
3	0.426603	0.835127	0.495670	0.848614	ǔǕǓǇǓǉǓǇ
3	0.499463	0.835127	0.545321	0.848614	ǑǊǋǉǘ
3	0.549104	0.835127	0.619064	0.848614	ǝǗǊǏǊǕǓǑ
3	0.622855	0.835127	0.653760	0.848614	VAM
3	0.657552	0.835127	0.666307	0.848614	Ǎ
3	0.670096	0.835127	0.731197	0.848614	ǔǅǒǊǐǡǣ
3	0.734975	0.835127	0.760310	0.848614	ICP:
3	0.088243	0.862840	0.194237	0.876327	ƴƵƭƱƪƼƥƲƭƪ:
3	0.198027	0.862840	0.259755	0.876327	ƶǑǓǗǕǍ
3	0.263545	0.862840	0.289382	0.876327	ƵǍǖ
3	0.293172	0.862840	0.305588	0.876327	6,
3	0.309381	0.862840	0.333977	0.876327	ǈǉǊ
3	0.337765	0.862840	0.420029	0.876327	ǔǕǍǇǊǉǊǒǠ
3	0.423835	0.862840	0.520502	0.876327	ǓǆǓǌǒǅǜǊǒǍǤ
3	0.524275	0.862840	0.605224	0.876327	ǝǗǠǕǡǏǓǇ
3	0.608986	0.862840	0.677787	0.876327	ǝǗǊǏǊǕǅ
3	0.681578	0.862840	0.706553	0.876327	CN.
4	0.804862	0.100484	0.909328	0.113971	GET-6903A_RU
4	0.120053	0.114340	0.164634	0.127827	ƴǓǍǖǏ
4	0.168348	0.114340	0.177568	0.127827	Ǎ
4	0.181282	0.114340	0.265932	0.127827	ǘǖǗǕǅǒǊǒǍǊ
4	0.269661	0.114340	0.388998	0.127827	ǒǊǍǖǔǕǅǇǒǓǖǗǊǎ
4	0.392712	0.114340	0.442736	0.127827	ǝǏǅǙǅ
4	0.446450	0.114340	0.532605	0.127827	ǘǔǕǅǇǐǊǒǍǤ
4	0.536349	0.114340	0.552821	0.127827	ǖǓ
4	0.556535	0.114340	0.638766	0.127827	ǖǉǇǓǊǒǒǠǑ
4	0.641952	0.114340	0.674575	0.127827	IGBT
4	0.678817	0.114340	0.766093	0.127827	ǍǒǇǊǕǗǊǕǓǑ
4	0.769312	0.114340	0.831544	0.127827	17KG535
4	0.835757	0.114340	0.844977	0.127827	Ǎ
4	0.865664	0.114340	0.885467	0.127827	.*
4	0.147010	0.139998	0.159148	0.153485	a.
4	0.176412	0.139998	0.229058	0.153485	ƶǑǓǗǕǍ
4	0.233550	0.139998	0.262058	0.153485	ƵǍǖ.
4	0.271013	0.139998	0.291562	0.153485	10,
4	0.300521	0.139998	0.352040	0.153485	ǒǍǋǒǤǤ
4	0.361008	0.139998	0.401475	0.153485	ǐǊǇǅǤ
4	0.410436	0.139998	0.472327	0.153485	ǔǓǌǍǛǍǤ,
4	0.481295	0.139998	0.505332	0.153485	ǈǉǊ
4	0.514306	0.139998	0.591699	0.153485	ǔǕǍǇǊǉǊǒǓ
4	0.600667	0.139998	0.693626	0.153485	ǓǆǓǌǒǅǜǊǒǍǊ
4	0.702594	0.139998	0.772623	0.153485	ǏǓǒǗǅǏǗǓǇ
4	0.781604	0.139998	0.841414	0.153485	ǝǗǊǏǊǕǅ
4	0.850372	0.139998	0.911453	0.153485	ǔǕǓǇǓǉǅ
4	0.176412	0.153854	0.259683	0.167341	ǘǔǕǅǇǐǊǒǍǤ
4	0.263630	0.153854	0.297764	0.167341	VAM.
4	0.301697	0.153854	0.354343	0.167341	ƶǑǓǗǕǍ
4	0.358296	0.153854	0.383569	0.167341	ƵǍǖ
4	0.387528	0.153854	0.404846	0.167341	11
4	0.408770	0.153854	0.432925	0.167341	ǉǐǤ
4	0.436871	0.153854	0.476433	0.167341	VAM1
4	0.480381	0.153854	0.489137	0.167341	Ǎ
4	0.493088	0.153854	0.518361	0.167341	ƵǍǖ
4	0.522320	0.153854	0.539638	0.167341	12
4	0.543562	0.153854	0.567717	0.167341	ǉǐǤ
4	0.571663	0.153854	0.614453	0.167341	VAM2,
4	0.618400	0.153854	0.642437	0.167341	ǈǉǊ
4	0.646403	0.153854	0.714975	0.167341	ǔǓǏǅǌǅǒǠ
4	0.718928	0.153854	0.780026	0.167341	ǇǚǓǉǒǠǊ
4	0.783972	0.153854	0.847709	0.167341	ǏǓǒǗǅǏǗǠ
4	0.851662	0.153854	0.911473	0.167341	ǝǗǊǏǊǕǅ
4	0.176412	0.167711	0.237493	0.181197	ǔǕǓǇǓǉǅ
4	0.241292	0.167711	0.324564	0.181197	ǘǔǕǅǇǐǊǒǍǤ
4	0.328340	0.167711	0.359242	0.181197	VAM
4	0.363031	0.167711	0.371787	0.181197	Ǎ
4	0.375576	0.167711	0.437641	0.181197	ǕǅǌǟǊǑǅ
4	0.441407	0.167711	0.461744	0.181197	CN
4	0.465535	0.167711	0.490870	0.181197	ICP.
4	0.147010	0.195423	0.159148	0.208910	b.
4	0.176412	0.195423	0.290802	0.208910	ƵǅǌǆǐǓǏǍǕǓǇǅǗǡ
4	0.294592	0.195423	0.303347	0.208910	Ǎ
4	0.307137	0.195423	0.362700	0.208910	ǍǌǇǐǊǜǡ
4	0.366480	0.195423	0.382453	0.208910	Ǎǌ
4	0.386241	0.195423	0.434999	0.208910	ǈǒǊǌǉǅ
4	0.438791	0.195423	0.469692	0.208910	VAM
4	0.473482	0.195423	0.526642	0.208910	ǕǅǌǟǊǑ
4	0.530412	0.195423	0.591493	0.208910	ǔǕǓǇǓǉǅ
4	0.595293	0.195423	0.678564	0.208910	ǘǔǕǅǇǐǊǒǍǤ
4	0.682341	0.195423	0.716480	0.208910	VAM.
4	0.147010	0.223136	0.158119	0.236623	c.
4	0.176412	0.223136	0.256385	0.236623	ƸǖǗǅǒǓǇǍǗǡ
4	0.261890	0.223136	0.344461	0.236623	ǑǘǐǡǗǍǑǊǗǕ
4	0.349990	0.223136	0.382358	0.236623	VOM
4	0.387861	0.223136	0.405357	0.236623	ǒǅ
4	0.410860	0.223136	0.452497	0.236623	ǆǓǐǊǊ
4	0.458002	0.223136	0.507078	0.236623	ǒǍǌǏǍǎ
4	0.512608	0.223136	0.570997	0.236623	ǘǕǓǇǊǒǡ
4	0.576492	0.223136	0.653310	0.236623	ǍǌǑǊǕǊǒǍǤ
4	0.658801	0.223136	0.765808	0.236623	ǖǓǔǕǓǗǍǇǐǊǒǍǤ
4	0.771328	0.223136	0.850797	0.236623	(ǓǋǍǉǅǊǗǖǤ
4	0.856301	0.223136	0.911471	0.236623	ǑǊǒǡǝǊ
4	0.176412	0.236993	0.221526	0.250480	10ƳǑ).
4	0.147010	0.264706	0.159148	0.278192	d.
4	0.176412	0.264706	0.301730	0.278192	ƴǓǖǐǊǉǓǇǅǗǊǐǡǒǓ
4	0.305274	0.264706	0.388515	0.278192	ǔǓǉǏǐǣǜǍǗǡ
4	0.392059	0.264706	0.427206	0.278192	ǓǉǍǒ
4	0.430739	0.264706	0.459524	0.278192	Ǟǘǔ
4	0.463065	0.264706	0.554555	0.278192	ǑǘǐǡǗǍǑǊǗǕǅ
4	0.558083	0.264706	0.565090	0.278192	Ǐ
4	0.568635	0.264706	0.640980	0.278192	ǏǓǒǗǅǏǗǅǑ
4	0.644525	0.264706	0.704335	0.278192	ǝǗǊǏǊǕǅ
4	0.707870	0.264706	0.796713	0.278192	ǖǍǈǒǅǐǡǒǓǈǓ
4	0.800241	0.264706	0.861322	0.278192	ǔǕǓǇǓǉǅ
4	0.864875	0.264706	0.899009	0.278192	VAM,
4	0.902551	0.264706	0.911453	0.278192	ǅ
4	0.176412	0.278562	0.226158	0.292049	ǇǗǓǕǓǎ
4	0.230120	0.278562	0.258904	0.292049	Ǟǘǔ
4	0.262870	0.278562	0.354360	0.292049	ǑǘǐǡǗǍǑǊǗǕǅ
4	0.358296	0.278562	0.365304	0.292049	Ǐ
4	0.369273	0.278562	0.504669	0.292049	ǖǓǓǗǇǊǗǖǗǇǘǣǞǊǑǘ
4	0.508639	0.278562	0.569746	0.292049	ǏǓǒǗǅǏǗǘ
4	0.573699	0.278562	0.633509	0.292049	ǝǗǊǏǊǕǅ
4	0.637477	0.278562	0.657811	0.292049	CN
4	0.661758	0.278562	0.712387	0.292049	ǔǅǒǊǐǍ
4	0.716344	0.278562	0.738445	0.292049	ICP
4	0.742411	0.278562	0.768788	0.292049	(ǏǅǏ
4	0.772751	0.278562	0.839510	0.292049	ǔǓǏǅǌǅǒǓ
4	0.843462	0.278562	0.860958	0.292049	ǒǅ
4	0.864926	0.278562	0.890199	0.292049	ƵǍǖ
4	0.894158	0.278562	0.911476	0.292049	11
4	0.176412	0.292418	0.185167	0.305905	Ǎ
4	0.188793	0.292418	0.214066	0.305905	ƵǍǖ
4	0.217699	0.292418	0.241711	0.305905	12).
4	0.245342	0.292418	0.321999	0.305905	ƲǅǔǕǍǑǊǕ,
4	0.325611	0.292418	0.408851	0.305905	ǔǓǉǏǐǣǜǍǗǡ
4	0.412478	0.292418	0.473559	0.305905	ǔǕǓǇǓǉǅ
4	0.477195	0.292418	0.568684	0.305905	ǑǘǐǡǗǍǑǊǗǕǅ
4	0.572294	0.292418	0.579302	0.305905	Ǐ
4	0.582928	0.292418	0.644035	0.305905	ǏǓǒǗǅǏǗǘ
4	0.647661	0.292418	0.656319	0.305905	5
4	0.659945	0.292418	0.719755	0.305905	ǝǗǊǏǊǕǅ
4	0.723372	0.292418	0.812215	0.305905	ǖǍǈǒǅǐǡǒǓǈǓ
4	0.815841	0.292418	0.876922	0.305905	ǔǕǓǇǓǉǅ
4	0.880556	0.292418	0.911464	0.305905	VAM
4	0.176412	0.306275	0.185167	0.319762	Ǎ
4	0.195507	0.306275	0.256614	0.319762	ǏǓǒǗǅǏǗǘ
4	0.261792	0.306275	0.317877	0.319762	CND–45
4	0.328207	0.306275	0.390272	0.319762	ǕǅǌǟǊǑǅ
4	0.395437	0.306275	0.420771	0.319762	ICP.
4	0.431114	0.306275	0.556432	0.319762	ƴǓǖǐǊǉǓǇǅǗǊǐǡǒǓ
4	0.561610	0.306275	0.636128	0.319762	ǔǕǓǇǊǕǍǗǡ
4	0.641290	0.306275	0.742923	0.319762	ǑǘǐǡǗǍǑǊǗǕǓǑ
4	0.748101	0.306275	0.772407	0.319762	ǇǖǊ
4	0.782746	0.306275	0.846484	0.319762	ǏǓǒǗǅǏǗǠ
4	0.851662	0.306275	0.911472	0.319762	ǝǗǊǏǊǕǅ
4	0.176411	0.320131	0.265254	0.333618	ǖǍǈǒǅǐǡǒǓǈǓ
4	0.272164	0.320131	0.333245	0.333618	ǔǕǓǇǓǉǅ
4	0.340180	0.320131	0.348936	0.333618	Ǎ
4	0.355845	0.320131	0.481751	0.333618	ǖǓǓǗǇǊǗǖǗǇǘǣǞǍǊ
4	0.488677	0.320131	0.552414	0.333618	ǏǓǒǗǅǏǗǠ
4	0.559330	0.320131	0.579665	0.333618	CN
4	0.586579	0.320131	0.611909	0.333618	ICP,
4	0.618824	0.320131	0.652092	0.333618	ǔǓǏǅ
4	0.659013	0.320131	0.675921	0.333618	ǒǊ
4	0.682845	0.320131	0.722995	0.333618	ǆǘǉǘǗ
4	0.729904	0.320131	0.809009	0.333618	ǔǕǓǇǊǕǊǒǠ
4	0.815922	0.320131	0.840227	0.333618	ǇǖǊ
4	0.847137	0.320131	0.911462	0.333618	ǔǕǓǇǓǉǅ.
4	0.176411	0.333988	0.252987	0.347475	ƴǓǏǅǌǅǒǍǤ
4	0.258900	0.333988	0.365907	0.347475	ǖǓǔǕǓǗǍǇǐǊǒǍǤ
4	0.371820	0.333988	0.424711	0.347475	ǉǓǐǋǒǓ
4	0.430624	0.333988	0.464143	0.347475	ǆǠǗǡ
4	0.470056	0.333988	0.513349	0.347475	ǕǅǇǒǓ
4	0.519255	0.333988	0.554771	0.347475	ǒǘǐǣ
4	0.560663	0.333988	0.582956	0.347475	ǓǑ,
4	0.588873	0.333988	0.612038	0.347475	ǜǗǓ
4	0.617948	0.333988	0.738300	0.347475	ǖǇǍǉǊǗǊǐǡǖǗǇǘǣǗ
4	0.744213	0.333988	0.752985	0.347475	Ǔ
4	0.758898	0.333988	0.787626	0.347475	ǗǓǑ,
4	0.793544	0.333988	0.816709	0.347475	ǜǗǓ
4	0.822619	0.333988	0.911462	0.347475	ǖǍǈǒǅǐǡǒǓǈǓ
4	0.176411	0.347844	0.237492	0.361331	ǔǕǓǇǓǉǅ
4	0.241292	0.347844	0.287149	0.361331	ǑǊǋǉǘ
4	0.290940	0.347844	0.360901	0.361331	ǝǗǊǏǊǕǓǑ
4	0.364692	0.347844	0.395594	0.361331	VAM
4	0.399383	0.347844	0.408138	0.361331	Ǎ
4	0.411928	0.347844	0.484154	0.361331	ǕǅǌǟǊǑǓǑ
4	0.487911	0.347844	0.508246	0.361331	CN
4	0.512035	0.347844	0.537365	0.361331	ICP,
4	0.541155	0.347844	0.614714	0.361331	ǍǖǔǕǅǇǒǠ.
4	0.117607	0.375557	0.129502	0.389044	6.
4	0.147009	0.375557	0.172412	0.389044	ƩǐǤ
4	0.175856	0.375557	0.243219	0.389044	ǔǕǓǇǊǕǏǍ
4	0.246666	0.375557	0.329547	0.389044	ǖǍǈǒǅǐǡǒǠǚ
4	0.332977	0.375557	0.405290	0.389044	ǔǕǓǇǓǉǓǇ,
4	0.408736	0.375557	0.483417	0.389044	ǌǅǑǏǒǘǗǠǚ
4	0.486864	0.375557	0.560013	0.389044	ǒǅǏǓǕǓǗǏǓ
4	0.563456	0.375557	0.609314	0.389044	ǑǊǋǉǘ
4	0.612754	0.375557	0.682714	0.389044	ǝǗǊǏǊǕǓǑ
4	0.686169	0.375557	0.717071	0.389044	VAM
4	0.720512	0.375557	0.729267	0.389044	Ǎ
4	0.732714	0.375557	0.833628	0.389044	ǖǓǊǉǍǒǍǗǊǐǊǑ
4	0.837065	0.375557	0.857400	0.389044	CN
4	0.860835	0.375557	0.911464	0.389044	ǔǅǒǊǐǍ
4	0.147009	0.389414	0.172344	0.402900	ICP:
4	0.147009	0.417126	0.159147	0.430613	a.
4	0.176411	0.417126	0.229057	0.430613	ƶǑǓǗǕǍ
4	0.234856	0.417126	0.260129	0.430613	ƵǍǖ
4	0.265934	0.417126	0.286486	0.430613	10,
4	0.292291	0.417126	0.343810	0.430613	ǒǍǋǒǤǤ
4	0.349605	0.417126	0.390072	0.430613	ǐǊǇǅǤ
4	0.401663	0.417126	0.463555	0.430613	ǔǓǌǍǛǍǤ,
4	0.469370	0.417126	0.493408	0.430613	ǈǉǊ
4	0.499213	0.417126	0.576605	0.430613	ǔǕǍǇǊǉǊǒǓ
4	0.582404	0.417126	0.675364	0.430613	ǓǆǓǌǒǅǜǊǒǍǊ
4	0.681179	0.417126	0.751208	0.430613	ǏǓǒǗǅǏǗǓǇ
4	0.757020	0.417126	0.816830	0.430613	ǝǗǊǏǊǕǅ
4	0.822619	0.417126	0.911462	0.430613	ǖǍǈǒǅǐǡǒǓǈǓ
4	0.176411	0.430983	0.237492	0.444470	ǔǕǓǇǓǉǅ
4	0.241293	0.430983	0.275427	0.444470	VAM.
4	0.279217	0.430983	0.304722	0.444470	ƧǖǊ
4	0.308508	0.430983	0.375871	0.444470	ǔǕǓǇǊǕǏǍ
4	0.379661	0.430983	0.477455	0.444470	ǔǕǓǍǌǇǓǉǤǗǖǤ
4	0.481261	0.430983	0.498757	0.444470	ǒǅ
4	0.502548	0.430983	0.561770	0.444470	ǝǗǊǏǊǕǊ
4	0.565532	0.430983	0.599672	0.444470	VAM.
4	0.147009	0.458696	0.159147	0.472183	b.
4	0.176411	0.458696	0.290801	0.472183	ƵǅǌǆǐǓǏǍǕǓǇǅǗǡ
4	0.294591	0.458696	0.303346	0.472183	Ǎ
4	0.307136	0.458696	0.362699	0.472183	ǍǌǇǐǊǜǡ
4	0.366479	0.458696	0.382453	0.472183	Ǎǌ
4	0.386260	0.458696	0.435018	0.472183	ǈǒǊǌǉǅ
4	0.438810	0.458696	0.469711	0.472183	VAM
4	0.473501	0.458696	0.524399	0.472183	ǝǗǊǏǊǕ
4	0.528189	0.458696	0.617032	0.472183	ǖǍǈǒǅǐǡǒǓǈǓ
4	0.620821	0.458696	0.681902	0.472183	ǔǕǓǇǓǉǅ
4	0.685705	0.458696	0.719844	0.472183	VAM.
4	0.147025	0.486409	0.158135	0.499895	c.
4	0.176428	0.486409	0.290818	0.499895	ƵǅǌǆǐǓǏǍǕǓǇǅǗǡ
4	0.294607	0.486409	0.303363	0.499895	Ǎ
4	0.307152	0.486409	0.362716	0.499895	ǍǌǇǐǊǜǡ
4	0.366495	0.486409	0.492842	0.499895	ǖǓǓǗǇǊǗǖǗǇǘǣǞǍǎ
4	0.496632	0.486409	0.549793	0.499895	ǕǅǌǟǊǑ
4	0.553576	0.486409	0.573910	0.499895	CN
4	0.577700	0.486409	0.593674	0.499895	Ǎǌ
4	0.597461	0.486409	0.656161	0.499895	ǇǊǕǚǒǊǎ
4	0.659944	0.486409	0.699872	0.499895	ǜǅǖǗǍ
4	0.703655	0.486409	0.754284	0.499895	ǔǅǒǊǐǍ
4	0.758067	0.486409	0.783402	0.499895	ICP.
4	0.147026	0.514121	0.159164	0.527608	d.
4	0.176428	0.514121	0.256401	0.527608	ƸǖǗǅǒǓǇǍǗǡ
4	0.260191	0.514121	0.342761	0.527608	ǑǘǐǡǗǍǑǊǗǕ
4	0.346553	0.514121	0.378924	0.527608	VOM
4	0.382714	0.514121	0.400210	0.527608	ǒǅ
4	0.404001	0.514121	0.445638	0.527608	ǆǓǐǊǊ
4	0.449427	0.514121	0.509283	0.527608	ǇǠǖǓǏǍǎ
4	0.513081	0.514121	0.571470	0.527608	ǘǕǓǇǊǒǡ
4	0.575250	0.514121	0.652068	0.527608	ǍǌǑǊǕǊǒǍǤ
4	0.655844	0.514121	0.762851	0.527608	ǖǓǔǕǓǗǍǇǐǊǒǍǤ
4	0.766642	0.514121	0.823071	0.527608	(ǆǓǐǡǝǊ
4	0.826868	0.514121	0.852846	0.527608	100
4	0.856611	0.514121	0.891421	0.527608	ǏƳǑ).
4	0.147026	0.541834	0.158577	0.555321	e.
4	0.176428	0.541834	0.261826	0.555321	ƴǓǉǏǐǣǜǍǗǡ
4	0.265565	0.541834	0.294349	0.555321	Ǟǘǔ
4	0.298087	0.541834	0.389576	0.555321	ǑǘǐǡǗǍǑǊǗǕǅ
4	0.393284	0.541834	0.400291	0.555321	Ǐ
4	0.404032	0.541834	0.465139	0.555321	ǏǓǒǗǅǏǗǘ
4	0.468880	0.541834	0.477537	0.555321	1
4	0.481253	0.541834	0.541064	0.555321	ǝǗǊǏǊǕǅ
4	0.544803	0.541834	0.633646	0.555321	ǖǍǈǒǅǐǡǒǓǈǓ
4	0.637370	0.541834	0.698451	0.555321	ǔǕǓǇǓǉǅ
4	0.702200	0.541834	0.736290	0.555321	VAM.
4	0.740065	0.541834	0.825463	0.555321	ƴǓǉǏǐǣǜǍǗǡ
4	0.829218	0.541834	0.878965	0.555321	ǇǗǓǕǓǎ
4	0.882697	0.541834	0.911482	0.555321	Ǟǘǔ
4	0.176428	0.555691	0.267917	0.569178	ǑǘǐǡǗǍǑǊǗǕǅ
4	0.274189	0.555691	0.397335	0.569178	ǔǓǖǐǊǉǓǇǅǗǊǐǡǒǓ
4	0.403624	0.555691	0.410631	0.569178	Ǐ
4	0.416920	0.555691	0.489265	0.569178	ǏǓǒǗǅǏǗǅǑ
4	0.495570	0.555691	0.555381	0.569178	ǝǗǊǏǊǕǅ
4	0.561660	0.555691	0.650503	0.569178	ǖǍǈǒǅǐǡǒǓǈǓ
4	0.656792	0.555691	0.717873	0.569178	ǔǕǓǇǓǉǅ
4	0.724175	0.555691	0.755079	0.569178	VAM
4	0.761371	0.555691	0.773263	0.569178	2,
4	0.779555	0.555691	0.791446	0.569178	3,
4	0.797739	0.555691	0.809630	0.569178	5,
4	0.815922	0.555691	0.827814	0.569178	6,
4	0.834106	0.555691	0.845997	0.569178	7,
4	0.852289	0.555691	0.869604	0.569178	10
4	0.875886	0.555691	0.884641	0.569178	Ǎ
4	0.890930	0.555691	0.911485	0.569178	14.
4	0.176428	0.569547	0.253657	0.583034	ƴǓǏǅǌǅǒǍǊ
4	0.258786	0.569547	0.365793	0.583034	ǖǓǔǕǓǗǍǇǐǊǒǍǤ
4	0.370906	0.569547	0.423797	0.583034	ǉǓǐǋǒǓ
4	0.428926	0.569547	0.508426	0.583034	ǔǕǊǇǠǝǅǗǡ
4	0.513563	0.569547	0.539541	0.583034	100
4	0.544639	0.569547	0.575985	0.583034	ǏƳǑ,
4	0.581114	0.569547	0.647465	0.583034	ǘǏǅǌǠǇǅǤ
4	0.652594	0.569547	0.670089	0.583034	ǒǅ
4	0.675217	0.569547	0.752185	0.583034	ǓǗǖǘǗǖǗǇǍǊ
4	0.757314	0.569547	0.828437	0.583034	ǏǓǕǓǗǏǓǈǓ
4	0.833580	0.569547	0.911495	0.583034	ǌǅǑǠǏǅǒǍǤ
4	0.176444	0.583404	0.222301	0.596890	ǑǊǋǉǘ
4	0.226093	0.583404	0.320326	0.596890	ǖǍǈǒǅǐǡǒǠǑǍ
4	0.324116	0.583404	0.407487	0.596890	ǔǕǓǇǓǉǅǑǍ.
4	0.147042	0.611116	0.155129	0.624603	f.
4	0.176444	0.611116	0.261842	0.624603	ƴǓǉǏǐǣǜǍǗǡ
4	0.265581	0.611116	0.294366	0.624603	Ǟǘǔ
4	0.298103	0.611116	0.389592	0.624603	ǑǘǐǡǗǍǑǊǗǕǅ
4	0.393300	0.611116	0.400308	0.624603	Ǐ
4	0.404048	0.611116	0.465156	0.624603	ǏǓǒǗǅǏǗǘ
4	0.468896	0.611116	0.477554	0.624603	2
4	0.481270	0.611116	0.541080	0.624603	ǝǗǊǏǊǕǅ
4	0.544819	0.611116	0.633662	0.624603	ǖǍǈǒǅǐǡǒǓǈǓ
4	0.637386	0.611116	0.698467	0.624603	ǔǕǓǇǓǉǅ
4	0.702216	0.611116	0.736306	0.624603	VAM.
4	0.740081	0.611116	0.825479	0.624603	ƴǓǉǏǐǣǜǍǗǡ
4	0.829235	0.611116	0.878981	0.624603	ǇǗǓǕǓǎ
4	0.882713	0.611116	0.911498	0.624603	Ǟǘǔ
4	0.176444	0.624973	0.267933	0.638460	ǑǘǐǡǗǍǑǊǗǕǅ
4	0.274206	0.624973	0.397351	0.638460	ǔǓǖǐǊǉǓǇǅǗǊǐǡǒǓ
4	0.403640	0.624973	0.410647	0.638460	Ǐ
4	0.416936	0.624973	0.489282	0.638460	ǏǓǒǗǅǏǗǅǑ
4	0.495587	0.624973	0.555397	0.638460	ǝǗǊǏǊǕǅ
4	0.561676	0.624973	0.650519	0.638460	ǖǍǈǒǅǐǡǒǓǈǓ
4	0.656808	0.624973	0.717889	0.638460	ǔǕǓǇǓǉǅ
4	0.724191	0.624973	0.755096	0.638460	VAM
4	0.761388	0.624973	0.773279	0.638460	2,
4	0.779571	0.624973	0.791463	0.638460	3,
4	0.797755	0.624973	0.809646	0.638460	5,
4	0.815938	0.624973	0.827830	0.638460	6,
4	0.834122	0.624973	0.846013	0.638460	7,
4	0.852305	0.624973	0.869620	0.638460	10
4	0.875902	0.624973	0.884657	0.638460	Ǎ
4	0.890946	0.624973	0.911501	0.638460	14.
4	0.176444	0.638829	0.253673	0.652316	ƴǓǏǅǌǅǒǍǊ
4	0.258802	0.638829	0.365809	0.652316	ǖǓǔǕǓǗǍǇǐǊǒǍǤ
4	0.370922	0.638829	0.423813	0.652316	ǉǓǐǋǒǓ
4	0.428942	0.638829	0.508442	0.652316	ǔǕǊǇǠǝǅǗǡ
4	0.513579	0.638829	0.539557	0.652316	100
4	0.544655	0.638829	0.576001	0.652316	ǏƳǑ,
4	0.581130	0.638829	0.647481	0.652316	ǘǏǅǌǠǇǅǤ
4	0.652610	0.638829	0.670106	0.652316	ǒǅ
4	0.675233	0.638829	0.752201	0.652316	ǓǗǖǘǗǖǗǇǍǊ
4	0.757314	0.638829	0.828437	0.652316	ǏǓǕǓǗǏǓǈǓ
4	0.833579	0.638829	0.911495	0.652316	ǌǅǑǠǏǅǒǍǤ
4	0.176444	0.652686	0.222301	0.666173	ǑǊǋǉǘ
4	0.226092	0.652686	0.320326	0.666173	ǖǍǈǒǅǐǡǒǠǑǍ
4	0.324116	0.652686	0.407487	0.666173	ǔǕǓǇǓǉǅǑǍ.
4	0.147042	0.680399	0.159180	0.693885	g.
4	0.176444	0.680399	0.261842	0.693885	ƴǓǉǏǐǣǜǍǗǡ
4	0.265581	0.680399	0.294366	0.693885	Ǟǘǔ
4	0.298103	0.680399	0.389592	0.693885	ǑǘǐǡǗǍǑǊǗǕǅ
4	0.393300	0.680399	0.400308	0.693885	Ǐ
4	0.404048	0.680399	0.465156	0.693885	ǏǓǒǗǅǏǗǘ
4	0.468896	0.680399	0.477553	0.693885	3
4	0.481270	0.680399	0.541080	0.693885	ǝǗǊǏǊǕǅ
4	0.544819	0.680399	0.633662	0.693885	ǖǍǈǒǅǐǡǒǓǈǓ
4	0.637386	0.680399	0.698467	0.693885	ǔǕǓǇǓǉǅ
4	0.702216	0.680399	0.736306	0.693885	VAM.
4	0.740081	0.680399	0.825479	0.693885	ƴǓǉǏǐǣǜǍǗǡ
4	0.829234	0.680399	0.878981	0.693885	ǇǗǓǕǓǎ
4	0.882713	0.680399	0.911498	0.693885	Ǟǘǔ
4	0.176444	0.694255	0.267933	0.707742	ǑǘǐǡǗǍǑǊǗǕǅ
4	0.276999	0.694255	0.400144	0.707742	ǔǓǖǐǊǉǓǇǅǗǊǐǡǒǓ
4	0.409243	0.694255	0.416250	0.707742	Ǐ
4	0.425316	0.694255	0.497661	0.707742	ǏǓǒǗǅǏǗǅǑ
4	0.506759	0.694255	0.566570	0.707742	ǝǗǊǏǊǕǅ
4	0.575642	0.694255	0.664485	0.707742	ǖǍǈǒǅǐǡǒǓǈǓ
4	0.673567	0.694255	0.734648	0.707742	ǔǕǓǇǓǉǅ
4	0.743746	0.694255	0.774651	0.707742	VAM
4	0.783740	0.694255	0.795631	0.707742	5,
4	0.804720	0.694255	0.816611	0.707742	6,
4	0.825700	0.694255	0.837591	0.707742	7,
4	0.846680	0.694255	0.863994	0.707742	10
4	0.873092	0.694255	0.881848	0.707742	Ǎ
4	0.890930	0.694255	0.911485	0.707742	14.
4	0.176427	0.708111	0.253657	0.721598	ƴǓǏǅǌǅǒǍǊ
4	0.258786	0.708111	0.365793	0.721598	ǖǓǔǕǓǗǍǇǐǊǒǍǤ
4	0.370905	0.708111	0.423796	0.721598	ǉǓǐǋǒǓ
4	0.428925	0.708111	0.508425	0.721598	ǔǕǊǇǠǝǅǗǡ
4	0.513563	0.708111	0.539541	0.721598	100
4	0.544639	0.708111	0.575985	0.721598	ǏƳǑ,
4	0.581114	0.708111	0.647464	0.721598	ǘǏǅǌǠǇǅǤ
4	0.652593	0.708111	0.670089	0.721598	ǒǅ
4	0.675217	0.708111	0.752185	0.721598	ǓǗǖǘǗǖǗǇǍǊ
4	0.757297	0.708111	0.828421	0.721598	ǏǓǕǓǗǏǓǈǓ
4	0.833563	0.708111	0.911478	0.721598	ǌǅǑǠǏǅǒǍǤ
4	0.176427	0.721968	0.222285	0.735455	ǑǊǋǉǘ
4	0.226076	0.721968	0.320310	0.735455	ǖǍǈǒǅǐǡǒǠǑǍ
4	0.324099	0.721968	0.407470	0.735455	ǔǕǓǇǓǉǅǑǍ.
4	0.147025	0.749681	0.159147	0.763168	h.
4	0.176427	0.749681	0.261826	0.763168	ƴǓǉǏǐǣǜǍǗǡ
4	0.265565	0.749681	0.294349	0.763168	Ǟǘǔ
4	0.298086	0.749681	0.389576	0.763168	ǑǘǐǡǗǍǑǊǗǕǅ
4	0.393284	0.749681	0.400291	0.763168	Ǐ
4	0.404032	0.749681	0.465128	0.763168	ǏǓǒǗǅǏǗǘ
4	0.468880	0.749681	0.477537	0.763168	5
4	0.481253	0.749681	0.541063	0.763168	ǝǗǊǏǊǕǅ
4	0.544802	0.749681	0.633645	0.763168	ǖǍǈǒǅǐǡǒǓǈǓ
4	0.637370	0.749681	0.698451	0.763168	ǔǕǓǇǓǉǅ
4	0.702199	0.749681	0.736289	0.763168	VAM.
4	0.740064	0.749681	0.825463	0.763168	ƴǓǉǏǐǣǜǍǗǡ
4	0.829218	0.749681	0.878965	0.763168	ǇǗǓǕǓǎ
4	0.882697	0.749681	0.911481	0.763168	Ǟǘǔ
4	0.176427	0.763537	0.267917	0.777024	ǑǘǐǡǗǍǑǊǗǕǅ
4	0.271968	0.763537	0.395113	0.777024	ǔǓǖǐǊǉǓǇǅǗǊǐǡǒǓ
4	0.399164	0.763537	0.406172	0.777024	Ǐ
4	0.410239	0.763537	0.482584	0.777024	ǏǓǒǗǅǏǗǅǑ
4	0.486651	0.763537	0.546462	0.777024	ǝǗǊǏǊǕǅ
4	0.550503	0.763537	0.639346	0.777024	ǖǍǈǒǅǐǡǒǓǈǓ
4	0.643413	0.763537	0.704494	0.777024	ǔǕǓǇǓǉǅ
4	0.708568	0.763537	0.739473	0.777024	VAM
4	0.743537	0.763537	0.755429	0.777024	6,
4	0.759493	0.763537	0.771384	0.777024	7,
4	0.775448	0.763537	0.792763	0.777024	10
4	0.796810	0.763537	0.805566	0.777024	Ǎ
4	0.809616	0.763537	0.830169	0.777024	14.
4	0.834249	0.763537	0.911478	0.777024	ƴǓǏǅǌǅǒǍǊ
4	0.176427	0.777394	0.283434	0.790881	ǖǓǔǕǓǗǍǇǐǊǒǍǤ
4	0.291700	0.777394	0.344591	0.790881	ǉǓǐǋǒǓ
4	0.352856	0.777394	0.432356	0.790881	ǔǕǊǇǠǝǅǗǡ
4	0.440613	0.777394	0.466591	0.790881	100
4	0.474842	0.777394	0.506187	0.790881	ǏƳǑ,
4	0.514453	0.777394	0.580803	0.790881	ǘǏǅǌǠǇǅǤ
4	0.589069	0.777394	0.606564	0.790881	ǒǅ
4	0.614828	0.777394	0.691796	0.790881	ǓǗǖǘǗǖǗǇǍǊ
4	0.700045	0.777394	0.771168	0.790881	ǏǓǕǓǗǏǓǈǓ
4	0.779447	0.777394	0.857362	0.790881	ǌǅǑǠǏǅǒǍǤ
4	0.865627	0.777394	0.911485	0.790881	ǑǊǋǉǘ
4	0.176427	0.791250	0.270661	0.804737	ǖǍǈǒǅǐǡǒǠǑǍ
4	0.274450	0.791250	0.357822	0.804737	ǔǕǓǇǓǉǅǑǍ.
4	0.147025	0.818963	0.153690	0.832450	i.
4	0.176427	0.818963	0.261825	0.832450	ƴǓǉǏǐǣǜǍǗǡ
4	0.265564	0.818963	0.294349	0.832450	Ǟǘǔ
4	0.298086	0.818963	0.389576	0.832450	ǑǘǐǡǗǍǑǊǗǕǅ
4	0.393284	0.818963	0.400291	0.832450	Ǐ
4	0.404032	0.818963	0.465128	0.832450	ǏǓǒǗǅǏǗǘ
4	0.468880	0.818963	0.477537	0.832450	6
4	0.481253	0.818963	0.541063	0.832450	ǝǗǊǏǊǕǅ
4	0.544802	0.818963	0.633645	0.832450	ǖǍǈǒǅǐǡǒǓǈǓ
4	0.637370	0.818963	0.698451	0.832450	ǔǕǓǇǓǉǅ
4	0.702199	0.818963	0.736289	0.832450	VAM.
4	0.740064	0.818963	0.825462	0.832450	ƴǓǉǏǐǣǜǍǗǡ
4	0.829218	0.818963	0.878964	0.832450	ǇǗǓǕǓǎ
4	0.882697	0.818963	0.911481	0.832450	Ǟǘǔ
4	0.176427	0.832819	0.267917	0.846306	ǑǘǐǡǗǍǑǊǗǕǅ
4	0.271494	0.832819	0.394639	0.846306	ǔǓǖǐǊǉǓǇǅǗǊǐǡǒǓ
4	0.401826	0.832819	0.408834	0.846306	Ǐ
4	0.416021	0.832819	0.488367	0.846306	ǏǓǒǗǅǏǗǅǑ
4	0.491960	0.832819	0.551770	0.846306	ǝǗǊǏǊǕǅ
4	0.555354	0.832819	0.644197	0.846306	ǖǍǈǒǅǐǡǒǓǈǓ
4	0.647791	0.832819	0.708872	0.846306	ǔǕǓǇǓǉǅ
4	0.712454	0.832817	0.743362	0.846304	VAM
4	0.750570	0.832817	0.762463	0.846304	7,
4	0.769655	0.832817	0.786972	0.846304	10
4	0.794142	0.832817	0.802898	0.846304	Ǎ
4	0.810088	0.832817	0.830640	0.846304	14.
4	0.834227	0.832817	0.911456	0.846304	ƴǓǏǅǌǅǒǍǊ
4	0.176406	0.846674	0.283413	0.860161	ǖǓǔǕǓǗǍǇǐǊǒǍǤ
4	0.291678	0.846674	0.344569	0.860161	ǉǓǐǋǒǓ
4	0.352834	0.846674	0.432334	0.860161	ǔǕǊǇǠǝǅǗǡ
4	0.440591	0.846674	0.466569	0.860161	100
4	0.474820	0.846674	0.506156	0.860161	ǏƳǑ,
4	0.514431	0.846674	0.580782	0.860161	ǘǏǅǌǠǇǅǤ
4	0.589047	0.846674	0.606543	0.860161	ǒǅ
4	0.614806	0.846674	0.691774	0.860161	ǓǗǖǘǗǖǗǇǍǊ
4	0.700023	0.846674	0.771147	0.860161	ǏǓǕǓǗǏǓǈǓ
4	0.779425	0.846674	0.857340	0.860161	ǌǅǑǠǏǅǒǍǤ
4	0.865606	0.846674	0.911463	0.860161	ǑǊǋǉǘ
4	0.176406	0.860530	0.270639	0.874017	ǖǍǈǒǅǐǡǒǠǑǍ
4	0.274429	0.860530	0.357800	0.874017	ǔǕǓǇǓǉǅǑǍ.
5	0.088487	0.102643	0.192953	0.116130	GET-6903A_RU
5	0.088487	0.116499	0.133068	0.129986	ƴǓǍǖǏ
5	0.136782	0.116499	0.146002	0.129986	Ǎ
5	0.149716	0.116499	0.234366	0.129986	ǘǖǗǕǅǒǊǒǍǊ
5	0.238095	0.116499	0.357432	0.129986	ǒǊǍǖǔǕǅǇǒǓǖǗǊǎ
5	0.361146	0.116499	0.411170	0.129986	ǝǏǅǙǅ
5	0.414884	0.116499	0.501039	0.129986	ǘǔǕǅǇǐǊǒǍǤ
5	0.504783	0.116499	0.521255	0.129986	ǖǓ
5	0.524969	0.116499	0.607200	0.129986	ǖǉǇǓǊǒǒǠǑ
5	0.610578	0.116499	0.643201	0.129986	IGBT
5	0.647251	0.116499	0.734527	0.129986	ǍǒǇǊǕǗǊǕǓǑ
5	0.737954	0.116499	0.800186	0.129986	17KG535
5	0.804191	0.116499	0.813411	0.129986	Ǎ
5	0.817125	0.116499	0.879357	0.129986	17KG537
5	0.117608	0.139998	0.124272	0.153485	j.
5	0.147010	0.139998	0.232408	0.153485	ƴǓǉǏǐǣǜǍǗǡ
5	0.236147	0.139998	0.264931	0.153485	Ǟǘǔ
5	0.268669	0.139998	0.360158	0.153485	ǑǘǐǡǗǍǑǊǗǕǅ
5	0.363866	0.139998	0.370873	0.153485	Ǐ
5	0.374614	0.139998	0.435721	0.153485	ǏǓǒǗǅǏǗǘ
5	0.439462	0.139998	0.448119	0.153485	7
5	0.451835	0.139998	0.511646	0.153485	ǝǗǊǏǊǕǅ
5	0.515385	0.139998	0.604228	0.153485	ǖǍǈǒǅǐǡǒǓǈǓ
5	0.607952	0.139998	0.669033	0.153485	ǔǕǓǇǓǉǅ
5	0.672782	0.139998	0.706872	0.153485	VAM.
5	0.710647	0.139998	0.796045	0.153485	ƴǓǉǏǐǣǜǍǗǡ
5	0.799800	0.139998	0.849547	0.153485	ǇǗǓǕǓǎ
5	0.853279	0.139998	0.882064	0.153485	Ǟǘǔ
5	0.147010	0.153854	0.238499	0.167341	ǑǘǐǡǗǍǑǊǗǕǅ
5	0.245441	0.153854	0.368587	0.167341	ǔǓǖǐǊǉǓǇǅǗǊǐǡǒǓ
5	0.375545	0.153854	0.382553	0.167341	Ǐ
5	0.389527	0.153854	0.461873	0.167341	ǏǓǒǗǅǏǗǅǑ
5	0.468831	0.153854	0.528642	0.167341	ǝǗǊǏǊǕǅ
5	0.535590	0.153854	0.624433	0.167341	ǖǍǈǒǅǐǡǒǓǈǓ
5	0.631408	0.153854	0.692489	0.167341	ǔǕǓǇǓǉǅ
5	0.699458	0.153854	0.730362	0.167341	VAM
5	0.737321	0.153854	0.754635	0.167341	10
5	0.761594	0.153854	0.770349	0.167341	Ǎ
5	0.777324	0.153854	0.797876	0.167341	14.
5	0.804831	0.153854	0.882061	0.167341	ƴǓǏǅǌǅǒǍǊ
5	0.147010	0.167711	0.254017	0.181197	ǖǓǔǕǓǗǍǇǐǊǒǍǤ
5	0.258362	0.167711	0.311253	0.181197	ǉǓǐǋǒǓ
5	0.319959	0.167711	0.399459	0.181197	ǔǕǊǇǠǝǅǗǡ
5	0.408159	0.167711	0.434137	0.181197	100
5	0.442810	0.167711	0.474147	0.181197	ǏƳǑ,
5	0.482863	0.167711	0.549213	0.181197	ǘǏǅǌǠǇǅǤ
5	0.557903	0.167711	0.575399	0.181197	ǒǅ
5	0.584104	0.167711	0.661072	0.181197	ǓǗǖǘǗǖǗǇǍǊ
5	0.669762	0.167711	0.740885	0.181197	ǏǓǕǓǗǏǓǈǓ
5	0.749588	0.167711	0.827503	0.181197	ǌǅǑǠǏǅǒǍǤ
5	0.836210	0.167711	0.882067	0.181197	ǑǊǋǉǘ
5	0.147010	0.181567	0.241243	0.195054	ǖǍǈǒǅǐǡǒǠǑǍ
5	0.245033	0.181567	0.328404	0.195054	ǔǕǓǇǓǉǅǑǍ.
5	0.117608	0.209280	0.128423	0.222767	k.
5	0.147010	0.209280	0.232408	0.222767	ƴǓǉǏǐǣǜǍǗǡ
5	0.238319	0.209280	0.267104	0.222767	Ǟǘǔ
5	0.272997	0.209280	0.364487	0.222767	ǑǘǐǡǗǍǑǊǗǕǅ
5	0.370383	0.209280	0.377391	0.222767	Ǐ
5	0.383288	0.209280	0.444395	0.222767	ǏǓǒǗǅǏǗǘ
5	0.450292	0.209280	0.467609	0.222767	10
5	0.473519	0.209280	0.533330	0.222767	ǝǗǊǏǊǕǅ
5	0.539217	0.209280	0.628060	0.222767	ǖǍǈǒǅǐǡǒǓǈǓ
5	0.633956	0.209280	0.695038	0.222767	ǔǕǓǇǓǉǅ
5	0.700942	0.209280	0.735077	0.222767	VAM.
5	0.740996	0.209280	0.826394	0.222767	ƴǓǉǏǐǣǜǍǗǡ
5	0.832306	0.209280	0.882052	0.222767	ǇǗǓǕǓǎ
5	0.147010	0.223136	0.175794	0.236623	Ǟǘǔ
5	0.183174	0.223136	0.274663	0.236623	ǑǘǐǡǗǍǑǊǗǕǅ
5	0.282047	0.223136	0.405192	0.236623	ǔǓǖǐǊǉǓǇǅǗǊǐǡǒǓ
5	0.412575	0.223136	0.419583	0.236623	Ǐ
5	0.426966	0.223136	0.499311	0.236623	ǏǓǒǗǅǏǗǅǑ
5	0.506695	0.223136	0.566505	0.236623	ǝǗǊǏǊǕǅ
5	0.573895	0.223136	0.662738	0.236623	ǖǍǈǒǅǐǡǒǓǈǓ
5	0.670121	0.223136	0.731202	0.236623	ǔǕǓǇǓǉǅ
5	0.738603	0.223136	0.769508	0.236623	VAM
5	0.776899	0.223136	0.797448	0.236623	14.
5	0.804840	0.223136	0.882069	0.236623	ƴǓǏǅǌǅǒǍǊ
5	0.147010	0.236993	0.254017	0.250480	ǖǓǔǕǓǗǍǇǐǊǒǍǤ
5	0.258362	0.236993	0.311253	0.250480	ǉǓǐǋǒǓ
5	0.319959	0.236993	0.399459	0.250480	ǔǕǊǇǠǝǅǗǡ
5	0.408149	0.236992	0.434128	0.250479	100
5	0.442795	0.236992	0.474131	0.250479	ǏƳǑ,
5	0.482847	0.236992	0.549197	0.250479	ǘǏǅǌǠǇǅǤ
5	0.557887	0.236992	0.575383	0.250479	ǒǅ
5	0.584088	0.236992	0.661056	0.250479	ǓǗǖǘǗǖǗǇǍǊ
5	0.669746	0.236992	0.740869	0.250479	ǏǓǕǓǗǏǓǈǓ
5	0.749572	0.236992	0.827488	0.250479	ǌǅǑǠǏǅǒǍǤ
5	0.836194	0.236992	0.882051	0.250479	ǑǊǋǉǘ
5	0.146994	0.250848	0.227131	0.264335	ǔǕǓǇǓǉǅǑǍ
5	0.230920	0.250848	0.317411	0.264335	ǘǔǕǅǇǐǊǒǍǤ.
5	0.117592	0.278561	0.124256	0.292048	l.
5	0.146994	0.278561	0.249819	0.292048	ƴǓǉǖǓǊǉǍǒǍǗǡ
5	0.253609	0.278561	0.277915	0.292048	ǇǖǊ
5	0.281704	0.278561	0.375235	0.292048	ǓǗǏǐǣǜǊǒǒǠǊ
5	0.379025	0.278561	0.442762	0.292048	ǕǅǌǟǊǑǠ
5	0.446552	0.278561	0.455307	0.292048	Ǎ
5	0.459096	0.278561	0.538776	0.292048	ǔǕǓǇǓǉǒǠǊ
5	0.542565	0.278561	0.630445	0.292048	ǖǓǊǉǍǒǊǒǍǤ.
5	0.088173	0.306274	0.100068	0.319761	7.
5	0.117575	0.306274	0.142979	0.319761	ƩǐǤ
5	0.146770	0.306274	0.214133	0.319761	ǔǕǓǇǊǕǏǍ
5	0.217923	0.306274	0.278400	0.319761	ǇǚǓǉǒǠǚ
5	0.282210	0.306274	0.351278	0.319761	ǔǕǓǇǓǉǓǇ
5	0.355080	0.306274	0.385982	0.319761	VAM
5	0.389771	0.306274	0.437421	0.319761	(ǇǚǓǉǠ
5	0.441228	0.306274	0.472130	0.319761	VAM
5	0.475919	0.306274	0.491125	0.319761	ǓǗ
5	0.494915	0.306274	0.523418	0.319761	VH1
5	0.527210	0.306274	0.545011	0.319761	ǉǓ
5	0.548799	0.306274	0.584000	0.319761	VH8):
5	0.117575	0.333987	0.129713	0.347474	a.
5	0.146977	0.333987	0.209277	0.347474	ƧǚǓǉǒǠǊ
5	0.213050	0.333987	0.274131	0.347474	ǔǕǓǇǓǉǅ
5	0.277931	0.333987	0.318081	0.347474	ǑǓǈǘǗ
5	0.321854	0.333987	0.400554	0.347474	ǓǖǗǅǇǅǗǡǖǤ
5	0.404343	0.333987	0.421839	0.347474	ǒǅ
5	0.425611	0.333987	0.486087	0.347474	ǇǚǓǉǒǠǚ
5	0.489871	0.333987	0.557936	0.347474	ǝǔǍǐǡǏǅǚ
5	0.561721	0.333987	0.595850	0.347474	VAM,
5	0.599632	0.333987	0.632900	0.347474	ǔǓǏǅ
5	0.636688	0.333987	0.689848	0.347474	ǕǅǌǟǊǑ
5	0.693627	0.333987	0.782470	0.347474	ǖǍǈǒǅǐǡǒǓǈǓ
5	0.786243	0.333987	0.847324	0.347474	ǔǕǓǇǓǉǅ
5	0.851122	0.333987	0.882023	0.347474	VAM
5	0.146977	0.347843	0.213018	0.361330	ǓǗǏǐǣǜǊǒ
5	0.216807	0.347843	0.232013	0.361330	ǓǗ
5	0.235801	0.347843	0.276712	0.361330	ǆǐǓǏǅ
5	0.280502	0.347843	0.314636	0.361330	VAM.
5	0.117575	0.375556	0.129714	0.389043	b.
5	0.150767	0.375556	0.230741	0.389043	ƸǖǗǅǒǓǇǍǗǡ
5	0.234530	0.375556	0.317101	0.389043	ǑǘǐǡǗǍǑǊǗǕ
5	0.320892	0.375556	0.353264	0.389043	VOM
5	0.357053	0.375556	0.374549	0.389043	ǒǅ
5	0.378340	0.375556	0.427417	0.389043	ǒǍǌǏǍǎ
5	0.431213	0.375556	0.489603	0.389043	ǘǕǓǇǊǒǡ
5	0.493382	0.375556	0.570200	0.389043	ǍǌǑǊǕǊǒǍǤ
5	0.573977	0.375556	0.680984	0.389043	ǖǓǔǕǓǗǍǇǐǊǒǍǤ
5	0.684775	0.375556	0.743409	0.389043	(ǑǊǒǡǝǊ
5	0.747173	0.375556	0.764490	0.389043	10
5	0.768259	0.375556	0.796059	0.389043	ƳǑ).
5	0.117559	0.403269	0.128668	0.416756	c.
5	0.146961	0.403269	0.232359	0.416756	ƴǓǉǏǐǣǜǍǗǡ
5	0.241064	0.403269	0.269849	0.416756	Ǟǘǔ
5	0.278535	0.403269	0.370025	0.416756	ǑǘǐǡǗǍǑǊǗǕǅ
5	0.378698	0.403269	0.385706	0.416756	Ǐ
5	0.394396	0.403269	0.503069	0.416756	ǔǓǐǓǋǍǗǊǐǡǒǓǎ
5	0.511759	0.403269	0.549344	0.416756	ǝǍǒǊ
5	0.558051	0.403269	0.599204	0.416756	ǌǇǊǒǅ
5	0.603542	0.403269	0.693071	0.416756	ǔǓǖǗǓǤǒǒǓǈǓ
5	0.697416	0.403269	0.728529	0.416756	ǗǓǏǅ
5	0.732870	0.403269	0.752815	0.416756	DC
5	0.757158	0.403269	0.787900	0.416756	Link.
5	0.796625	0.403269	0.882024	0.416756	ƴǓǉǏǐǣǜǍǗǡ
5	0.146987	0.417125	0.196734	0.430612	ǇǗǓǕǓǎ
5	0.204325	0.417125	0.233109	0.430612	Ǟǘǔ
5	0.236900	0.417125	0.328390	0.430612	ǑǘǐǡǗǍǑǊǗǕǅ
5	0.332139	0.417125	0.339146	0.430612	Ǐ
5	0.342936	0.417125	0.402661	0.430612	ǇǚǓǉǒǓǎ
5	0.406460	0.417125	0.466235	0.430612	ǝǔǍǐǡǏǊ
5	0.470034	0.417125	0.498538	0.430612	VH1
5	0.502327	0.417125	0.541889	0.430612	VAM1
5	0.545663	0.417125	0.554418	0.430612	Ǎ
5	0.558207	0.417125	0.617933	0.430612	ǇǚǓǉǒǓǎ
5	0.621732	0.417125	0.681506	0.430612	ǝǔǍǐǡǏǊ
5	0.685306	0.417125	0.713810	0.430612	VH8
5	0.717599	0.417125	0.762911	0.430612	VAM2/
5	0.766701	0.417125	0.819347	0.430612	ƶǑǓǗǕǍ
5	0.823120	0.417125	0.848392	0.430612	ƵǍǖ
5	0.852189	0.417125	0.869508	0.430612	11
5	0.873283	0.417125	0.882038	0.430612	Ǎ
5	0.146987	0.430982	0.172260	0.444469	ƵǍǖ
5	0.176301	0.430982	0.196853	0.444469	12,
5	0.200894	0.430982	0.224932	0.444469	ǈǉǊ
5	0.228970	0.430982	0.297542	0.444469	ǔǓǏǅǌǅǒǠ
5	0.305628	0.430982	0.366725	0.444469	ǇǚǓǉǒǠǊ
5	0.374804	0.430982	0.459466	0.444469	ǖǓǊǉǍǒǊǒǍǤ
5	0.467554	0.430982	0.501689	0.444469	VAM.
5	0.509759	0.430982	0.586989	0.444469	ƴǓǏǅǌǅǒǍǊ
5	0.595074	0.430982	0.702081	0.444469	ǖǓǔǕǓǗǍǇǐǊǒǍǤ
5	0.706116	0.430982	0.759007	0.444469	ǉǓǐǋǒǓ
5	0.767093	0.430982	0.800611	0.444469	ǆǠǗǡ
5	0.808680	0.430982	0.866935	0.444469	ǆǐǍǌǏǍǑ
5	0.875031	0.430982	0.882038	0.444469	Ǐ
5	0.146987	0.444838	0.182503	0.458325	ǒǘǐǣ
5	0.190087	0.444838	0.212381	0.458325	ǓǑ,
5	0.216164	0.444838	0.282514	0.458325	ǘǏǅǌǠǇǅǤ
5	0.286304	0.444838	0.303800	0.458325	ǒǅ
5	0.307591	0.444838	0.326033	0.458325	ǗǓ,
5	0.329816	0.444838	0.352981	0.458325	ǜǗǓ
5	0.356772	0.444838	0.408961	0.458325	ǔǕǓǇǓǉ
5	0.412751	0.444838	0.419758	0.458325	Ǐ
5	0.423548	0.444838	0.465106	0.458325	ǇǚǓǉǘ
5	0.468909	0.444838	0.497412	0.458325	VH1
5	0.501203	0.444838	0.532108	0.458325	VAM
5	0.535900	0.444838	0.613129	0.458325	ǔǓǉǏǐǣǜǊǒ
5	0.616918	0.444838	0.623926	0.458325	Ǐ
5	0.627715	0.444838	0.736389	0.458325	ǔǓǐǓǋǍǗǊǐǡǒǓǎ
5	0.740178	0.444838	0.780998	0.458325	ǝǍǒǊ.
5	0.117585	0.472551	0.129723	0.486038	d.
5	0.146987	0.472551	0.232385	0.486038	ƴǓǉǏǐǣǜǍǗǡ
5	0.236206	0.472551	0.264991	0.486038	Ǟǘǔ
5	0.268782	0.472551	0.360271	0.486038	ǑǘǐǡǗǍǑǊǗǕǅ
5	0.364040	0.472551	0.371047	0.486038	Ǐ
5	0.374837	0.472551	0.481566	0.486038	ǓǗǕǍǛǅǗǊǐǡǒǓǎ
5	0.485356	0.472551	0.522941	0.486038	ǝǍǒǊ
5	0.526731	0.472551	0.567884	0.486038	ǌǇǊǒǅ
5	0.571667	0.472551	0.661196	0.486038	ǔǓǖǗǓǤǒǒǓǈǓ
5	0.664986	0.472551	0.696098	0.486038	ǗǓǏǅ
5	0.699888	0.472551	0.719832	0.486038	DC
5	0.723623	0.472551	0.754365	0.486038	Link.
5	0.117585	0.500264	0.129137	0.513751	e.
5	0.146987	0.500264	0.172391	0.513751	ƩǐǤ
5	0.179411	0.500264	0.246775	0.513751	ǔǕǓǇǊǕǏǍ
5	0.253815	0.500264	0.339571	0.513751	ǖǓǊǉǍǒǊǒǍǎ
5	0.346611	0.500264	0.453340	0.513751	ǓǗǕǍǛǅǗǊǐǡǒǓǎ
5	0.460380	0.500264	0.500236	0.513751	ǝǍǒǠ
5	0.507260	0.500264	0.548413	0.513751	ǌǇǊǒǅ
5	0.551919	0.500264	0.641448	0.513751	ǔǓǖǗǓǤǒǒǓǈǓ
5	0.644976	0.500264	0.676088	0.513751	ǗǓǏǅ
5	0.683101	0.500263	0.703045	0.513750	DC
5	0.706557	0.500263	0.734065	0.513750	Link
5	0.737586	0.500263	0.745460	0.513750	c
5	0.748991	0.500263	0.791787	0.513750	VAM1,
5	0.798798	0.500263	0.882038	0.513750	ǔǓǉǏǐǣǜǍǗǡ
5	0.146988	0.514120	0.196734	0.527607	ǇǗǓǕǓǎ
5	0.204158	0.514120	0.232943	0.527607	Ǟǘǔ
5	0.236647	0.514120	0.328137	0.527607	ǑǘǐǡǗǍǑǊǗǕǅ
5	0.331812	0.514120	0.454958	0.527607	ǔǓǖǐǊǉǓǇǅǗǊǐǡǒǓ
5	0.458666	0.514120	0.465673	0.527607	Ǐ
5	0.469381	0.514120	0.532455	0.527607	ǇǚǓǉǒǠǑ
5	0.536173	0.514120	0.606835	0.527607	ǝǔǍǐǡǏǅǑ
5	0.610537	0.514120	0.642270	0.527607	VH2,
5	0.645970	0.514120	0.677702	0.527607	VH4,
5	0.681402	0.514120	0.709903	0.527607	VH6
5	0.713630	0.514120	0.722385	0.527607	Ǎ
5	0.726093	0.514120	0.754564	0.527607	VH8
5	0.758256	0.514120	0.800987	0.527607	VAM1.
5	0.804809	0.514120	0.882039	0.527607	ƴǓǏǅǌǅǒǍǊ
5	0.146988	0.527976	0.253995	0.541463	ǖǓǔǕǓǗǍǇǐǊǒǍǤ
5	0.258781	0.527976	0.311672	0.541463	ǉǓǐǋǒǓ
5	0.316458	0.527976	0.349976	0.541463	ǆǠǗǡ
5	0.354762	0.527976	0.413017	0.541463	ǆǐǍǌǏǍǑ
5	0.417797	0.527976	0.424804	0.541463	Ǐ
5	0.429590	0.527976	0.465106	0.541463	ǒǘǐǣ
5	0.469887	0.527976	0.492181	0.541463	ǓǑ,
5	0.496970	0.527976	0.563320	0.541463	ǘǏǅǌǠǇǅǤ
5	0.568106	0.527976	0.585602	0.541463	ǒǅ
5	0.590387	0.527976	0.608828	0.541463	ǗǓ,
5	0.613614	0.527976	0.636780	0.541463	ǜǗǓ
5	0.641546	0.527976	0.702627	0.541463	ǔǕǓǇǓǉǅ
5	0.707423	0.527976	0.714431	0.541463	Ǐ
5	0.719217	0.527976	0.782291	0.541463	ǇǚǓǉǒǠǑ
5	0.787086	0.527976	0.882038	0.541463	ǖǓǊǉǍǒǊǒǍǤǑ
5	0.146988	0.541833	0.177889	0.555320	VAM
5	0.181470	0.541833	0.255024	0.555320	ǍǖǔǕǅǇǒǠ.
5	0.258585	0.541833	0.283988	0.555320	ƩǐǤ
5	0.287562	0.541833	0.354925	0.555320	ǔǕǓǇǊǕǏǍ
5	0.358503	0.541833	0.444259	0.555320	ǖǓǊǉǍǒǊǒǍǎ
5	0.447819	0.541833	0.554549	0.555320	ǓǗǕǍǛǅǗǊǐǡǒǓǎ
5	0.558126	0.541833	0.597982	0.555320	ǝǍǒǠ
5	0.601559	0.541833	0.642712	0.555320	ǌǇǊǒǅ
5	0.646283	0.541833	0.735812	0.555320	ǔǓǖǗǓǤǒǒǓǈǓ
5	0.739373	0.541833	0.770486	0.555320	ǗǓǏǅ
5	0.774061	0.541833	0.794006	0.555320	DC
5	0.797583	0.541833	0.825090	0.555320	Link
5	0.828657	0.541833	0.835665	0.555320	Ǐ
5	0.839242	0.541833	0.882038	0.555320	VAM2,
5	0.146988	0.555689	0.230228	0.569176	ǔǓǉǏǐǣǜǍǗǡ
5	0.237039	0.555689	0.286786	0.569176	ǇǗǓǕǓǎ
5	0.293622	0.555689	0.322407	0.569176	Ǟǘǔ
5	0.329231	0.555689	0.420721	0.569176	ǑǘǐǡǗǍǑǊǗǕǅ
5	0.427516	0.555689	0.550661	0.569176	ǔǓǖǐǊǉǓǇǅǗǊǐǡǒǓ
5	0.557489	0.555689	0.564496	0.569176	Ǐ
5	0.578136	0.555689	0.641210	0.569176	ǇǚǓǉǒǠǑ
5	0.648031	0.555689	0.718694	0.569176	ǝǔǍǐǡǏǅǑ
5	0.725513	0.555689	0.757246	0.569176	VH1,
5	0.764064	0.555689	0.795797	0.569176	VH3,
5	0.802615	0.555689	0.831116	0.569176	VH5
5	0.837952	0.555689	0.846707	0.569176	Ǎ
5	0.853535	0.555689	0.882032	0.569176	VH7
5	0.146988	0.569545	0.189777	0.583032	VAM2.
5	0.197281	0.569545	0.274511	0.583032	ƴǓǏǅǌǅǒǍǊ
5	0.282008	0.569545	0.389015	0.583032	ǖǓǔǕǓǗǍǇǐǊǒǍǤ
5	0.396513	0.569545	0.449404	0.583032	ǉǓǐǋǒǓ
5	0.456901	0.569545	0.490420	0.583032	ǆǠǗǡ
5	0.497917	0.569545	0.556172	0.583032	ǆǐǍǌǏǍǑ
5	0.563680	0.569545	0.570687	0.583032	Ǐ
5	0.578185	0.569545	0.613701	0.583032	ǒǘǐǣ
5	0.621210	0.569545	0.643503	0.583032	ǓǑ,
5	0.651004	0.569545	0.717354	0.583032	ǘǏǅǌǠǇǅǤ
5	0.724852	0.569545	0.742348	0.583032	ǒǅ
5	0.749844	0.569545	0.768285	0.583032	ǗǓ,
5	0.775783	0.569545	0.798948	0.583032	ǜǗǓ
5	0.806443	0.569545	0.867524	0.583032	ǔǕǓǇǓǉǅ
5	0.875031	0.569545	0.882039	0.583032	Ǐ
5	0.146988	0.583402	0.210061	0.596889	ǇǚǓǉǒǠǑ
5	0.213861	0.583402	0.308813	0.596889	ǖǓǊǉǍǒǊǒǍǤǑ
5	0.312604	0.583402	0.343506	0.596889	VAM
5	0.347296	0.583402	0.420851	0.596889	ǍǖǔǕǅǇǒǠ.
6	0.804862	0.100484	0.909328	0.113971	GET-6903A_RU
6	0.120053	0.114340	0.164634	0.127827	ƴǓǍǖǏ
6	0.168348	0.114340	0.177568	0.127827	Ǎ
6	0.181282	0.114340	0.265932	0.127827	ǘǖǗǕǅǒǊǒǍǊ
6	0.269661	0.114340	0.388998	0.127827	ǒǊǍǖǔǕǅǇǒǓǖǗǊǎ
6	0.392712	0.114340	0.442736	0.127827	ǝǏǅǙǅ
6	0.446450	0.114340	0.532605	0.127827	ǘǔǕǅǇǐǊǒǍǤ
6	0.536349	0.114340	0.552821	0.127827	ǖǓ
6	0.556535	0.114340	0.638766	0.127827	ǖǉǇǓǊǒǒǠǑ
6	0.641952	0.114340	0.674575	0.127827	IGBT
6	0.678817	0.114340	0.766093	0.127827	ǍǒǇǊǕǗǊǕǓǑ
6	0.769312	0.114340	0.831544	0.127827	17KG535
6	0.835757	0.114340	0.844977	0.127827	Ǎ
6	0.865662	0.114340	0.885466	0.127827	.*
6	0.444198	0.196820	0.480382	0.206058	ШИНА
6	0.483152	0.196820	0.503930	0.206058	TC1
6	0.506700	0.196820	0.542310	0.206058	(ФАЗА
6	0.545080	0.196820	0.568785	0.206058	TM1
6	0.571555	0.196820	0.582845	0.206058	C)
6	0.351026	0.219259	0.387210	0.228496	ШИНА
6	0.389980	0.219259	0.410261	0.228496	TB1
6	0.413032	0.219259	0.448641	0.228496	(ФАЗА
6	0.451411	0.219259	0.475116	0.228496	TM1
6	0.477886	0.219259	0.488680	0.228496	B)
6	0.260049	0.244006	0.296234	0.253244	ШИНА
6	0.299004	0.244006	0.320199	0.253244	TA1
6	0.322970	0.244006	0.358579	0.253244	(ФАЗА
6	0.361349	0.244006	0.385054	0.253244	ТM1
6	0.387824	0.244006	0.399533	0.253244	A)
6	0.194486	0.267125	0.220752	0.274053	ПЛЮС
6	0.222830	0.267458	0.250173	0.274545	ɽɸɻʃɶ
6	0.252251	0.267125	0.277850	0.274053	ПОСТ.
6	0.230504	0.275439	0.253437	0.282367	ТОКА
6	0.198701	0.328141	0.230210	0.335069	МИНУС
6	0.232287	0.328474	0.259631	0.335561	ɽɸɻʃɶ
6	0.261709	0.328141	0.287308	0.335069	ПОСТ.
6	0.231533	0.336164	0.254466	0.343092	ТОКА
6	0.173734	0.366766	0.229285	0.376003	СТОРОНА
6	0.232055	0.366766	0.296217	0.376003	ВЫСОКОГО
6	0.183339	0.377851	0.263365	0.387089	НАПРЯЖЕНИЯ
6	0.266135	0.377851	0.289370	0.387089	(VH)
6	0.167201	0.548054	0.222752	0.557291	СТОРОНА
6	0.225522	0.548054	0.289684	0.557291	ВЫСОКОГО
6	0.176806	0.559139	0.256832	0.568376	НАПРЯЖЕНИЯ
6	0.259602	0.559139	0.282836	0.568376	(VH)
6	0.211512	0.618106	0.282835	0.627344	ШТЕКЕРНЫЙ
6	0.210989	0.629191	0.257549	0.638429	РАЗЪЕМ
6	0.260320	0.629191	0.286115	0.638429	VAM
6	0.214687	0.720598	0.261247	0.729835	РАЗЪЕМ
6	0.205318	0.731683	0.252976	0.740920	ПАНЕЛИ
6	0.255746	0.731683	0.273400	0.740920	ICP
6	0.409256	0.770745	0.469289	0.779983	ИНВЕРТОР
6	0.472059	0.770745	0.484029	0.779983	№
6	0.486799	0.770745	0.496208	0.779983	1,
6	0.498978	0.770745	0.537580	0.779983	ПЛАТА
6	0.540350	0.770745	0.574339	0.779983	TMC1,
6	0.577110	0.770745	0.607949	0.779983	СЛОТ
6	0.610720	0.770745	0.624127	0.779983	11
6	0.864450	0.845883	0.898889	0.852811	E-60164
6	0.341323	0.861684	0.366312	0.875171	ƵǍǖ
6	0.370101	0.861684	0.390653	0.875171	11.
6	0.398216	0.861684	0.483320	0.875171	ƶǓǊǉǍǒǊǒǍǤ
6	0.487125	0.861684	0.596585	0.875171	ǢǐǊǏǗǕǍǜǊǖǏǓǎ
6	0.600355	0.861684	0.644752	0.875171	ǖǚǊǑǠ
6	0.648543	0.861684	0.687746	0.875171	VAM1
7	0.088462	0.102643	0.192929	0.116130	GET-6903A_RU
7	0.088462	0.116499	0.133044	0.129986	ƴǓǍǖǏ
7	0.136757	0.116499	0.145978	0.129986	Ǎ
7	0.149692	0.116499	0.234342	0.129986	ǘǖǗǕǅǒǊǒǍǊ
7	0.238070	0.116499	0.357408	0.129986	ǒǊǍǖǔǕǅǇǒǓǖǗǊǎ
7	0.361121	0.116499	0.411145	0.129986	ǝǏǅǙǅ
7	0.414859	0.116499	0.501014	0.129986	ǘǔǕǅǇǐǊǒǍǤ
7	0.504758	0.116499	0.521230	0.129986	ǖǓ
7	0.524944	0.116499	0.607176	0.129986	ǖǉǇǓǊǒǒǠǑ
7	0.610553	0.116499	0.643177	0.129986	IGBT
7	0.647227	0.116499	0.734502	0.129986	ǍǒǇǊǕǗǊǕǓǑ
7	0.737914	0.116499	0.800145	0.129986	17KG535
7	0.804150	0.116499	0.813371	0.129986	Ǎ
7	0.817085	0.116499	0.879316	0.129986	17KG537
7	0.383234	0.210174	0.419418	0.219412	ШИНА
7	0.422188	0.210174	0.443384	0.219412	TA2
7	0.446154	0.210174	0.481764	0.219412	(ФАЗА
7	0.484534	0.210174	0.492531	0.219412	А
7	0.495302	0.210174	0.522717	0.219412	TM2)
7	0.525488	0.210174	0.561672	0.219412	ШИНА
7	0.348160	0.234645	0.368441	0.243882	TB2
7	0.371212	0.234645	0.406821	0.243882	(ФАЗА
7	0.409591	0.234645	0.416674	0.243882	В
7	0.419444	0.234645	0.446860	0.243882	TM2)
7	0.207893	0.258866	0.244077	0.268103	ШИНА
7	0.246847	0.258866	0.267625	0.268103	TC2
7	0.270395	0.258866	0.306004	0.268103	(ФАЗА
7	0.308775	0.258866	0.316354	0.268103	С
7	0.319124	0.258866	0.346540	0.268103	TM2)
7	0.650438	0.281791	0.681081	0.290448	ʅʁʔС
7	0.683505	0.282179	0.715407	0.290448	ɽɸɻʃɶ
7	0.717831	0.281791	0.747696	0.289874	ПОСТ.
7	0.750120	0.281791	0.776876	0.289874	ТОКА
7	0.172970	0.315309	0.204479	0.322237	МИНУС
7	0.206557	0.315642	0.233900	0.322729	ɽɸɻʃɶ
7	0.235978	0.315309	0.261577	0.322237	ПОСТ.
7	0.205802	0.323623	0.228735	0.330551	ТОКА
7	0.146086	0.358762	0.201637	0.368000	СТОРОНА
7	0.204407	0.358762	0.268569	0.368000	ВЫСОКОГО
7	0.156867	0.369847	0.236893	0.379085	НАПРЯЖЕНИЯ
7	0.239663	0.369847	0.260545	0.379085	(VL)
7	0.157560	0.534555	0.213110	0.543792	СТОРОНА
7	0.215880	0.534555	0.270176	0.543792	НИЗКОГО
7	0.163414	0.545640	0.243440	0.554878	НАПРЯЖЕНИЯ
7	0.246210	0.545640	0.267092	0.554878	(VL)
7	0.178442	0.603421	0.249765	0.612659	ШТЕКЕРНЫЙ
7	0.190830	0.614507	0.237390	0.623744	РАЗЪЕМ
7	0.202590	0.625592	0.228386	0.634829	VAM
7	0.174717	0.702153	0.221277	0.711391	РАЗЪЕМ
7	0.224048	0.702153	0.271705	0.711391	ПАНЕЛИ
7	0.215763	0.713239	0.233417	0.722476	ICP
7	0.399506	0.756231	0.459539	0.765468	ИНВЕРТОР
7	0.462309	0.756231	0.474279	0.765468	№
7	0.477049	0.756231	0.486458	0.765468	2,
7	0.489228	0.756231	0.527830	0.765468	ПЛАТА
7	0.530600	0.756231	0.564589	0.765468	TMC2,
7	0.567360	0.756231	0.598199	0.765468	СЛОТ
7	0.600969	0.756231	0.614377	0.765468	12
7	0.835048	0.845883	0.869487	0.852811	E-60165
7	0.311922	0.861684	0.336911	0.875171	ƵǍǖ
7	0.340700	0.861684	0.361252	0.875171	12.
7	0.368815	0.861684	0.453920	0.875171	ƶǓǊǉǍǒǊǒǍǤ
7	0.457724	0.861684	0.567184	0.875171	ǢǐǊǏǗǕǍǜǊǖǏǓǎ
7	0.570954	0.861684	0.615351	0.875171	ǖǚǊǑǠ
7	0.619143	0.861684	0.658345	0.875171	VAM2
8	0.804862	0.100484	0.909328	0.113971	GET-6903A_RU
8	0.120053	0.114340	0.164634	0.127827	ƴǓǍǖǏ
8	0.168348	0.114340	0.177568	0.127827	Ǎ
8	0.181282	0.114340	0.265932	0.127827	ǘǖǗǕǅǒǊǒǍǊ
8	0.269661	0.114340	0.388998	0.127827	ǒǊǍǖǔǕǅǇǒǓǖǗǊǎ
8	0.392712	0.114340	0.442736	0.127827	ǝǏǅǙǅ
8	0.446450	0.114340	0.532605	0.127827	ǘǔǕǅǇǐǊǒǍǤ
8	0.536349	0.114340	0.552821	0.127827	ǖǓ
8	0.556535	0.114340	0.638766	0.127827	ǖǉǇǓǊǒǒǠǑ
8	0.641952	0.114340	0.674575	0.127827	IGBT
8	0.678817	0.114340	0.766093	0.127827	ǍǒǇǊǕǗǊǕǓǑ
8	0.769312	0.114340	0.831544	0.127827	17KG535
8	0.835757	0.114340	0.844977	0.127827	Ǎ
8	0.865662	0.114340	0.885466	0.127827	.*
8	0.117608	0.139775	0.178072	0.155960	4.3.3.3.
8	0.188172	0.139775	0.275281	0.155960	ƴǕǓǇǊǕǏǍ
8	0.279828	0.139775	0.321769	0.155960	ǖǚǊǑ
8	0.326317	0.139775	0.375012	0.155960	VAM3
8	0.379560	0.139775	0.390850	0.155960	Ǎ
8	0.395400	0.139775	0.444089	0.155960	VAM4
8	0.117608	0.170020	0.157170	0.183507	VAM3
8	0.160687	0.170020	0.189422	0.183507	(ƵǍǖ
8	0.192926	0.170020	0.213710	0.183507	13)
8	0.217199	0.170020	0.225954	0.183507	Ǎ
8	0.229461	0.170020	0.269023	0.183507	VAM4
8	0.272530	0.170020	0.301266	0.183507	(ƵǍǖ
8	0.304781	0.170020	0.325562	0.183507	14)
8	0.329077	0.170020	0.334957	0.183507	-
8	0.338433	0.170020	0.361517	0.183507	ǢǗǓ
8	0.365032	0.170020	0.455662	0.183507	5-ǏǅǒǅǐǡǒǠǊ
8	0.459145	0.170020	0.499909	0.183507	ǆǐǓǏǍ
8	0.503431	0.170020	0.537565	0.183507	VAM.
8	0.541062	0.170020	0.580619	0.183507	VAM3
8	0.584136	0.170020	0.650041	0.183507	ǍǌǑǊǕǤǊǗ
8	0.653541	0.170020	0.723409	0.183507	ǇǠǚǓǉǒǓǊ
8	0.726916	0.170020	0.813813	0.183507	ǒǅǔǕǤǋǊǒǍǊ
8	0.817311	0.170020	0.911479	0.183507	ǔǊǕǊǑǊǒǒǓǈǓ
8	0.117608	0.183877	0.148720	0.197364	ǗǓǏǅ
8	0.152710	0.183877	0.190334	0.197364	ǙǅǌǠ
8	0.194314	0.183877	0.203658	0.197364	ƥ
8	0.207643	0.183877	0.271647	0.197364	ǈǐǅǇǒǓǈǓ
8	0.275644	0.183877	0.358392	0.197364	ǈǊǒǊǕǅǗǓǕǅ
8	0.362363	0.183877	0.456532	0.197364	ǔǊǕǊǑǊǒǒǓǈǓ
8	0.460501	0.183877	0.491613	0.197364	ǗǓǏǅ
8	0.495612	0.183877	0.532694	0.197364	(ǇǚǓǉ
8	0.536696	0.183877	0.571890	0.197364	VH1),
8	0.575869	0.183877	0.645737	0.197364	ǇǠǚǓǉǒǓǊ
8	0.649752	0.183877	0.736650	0.197364	ǒǅǔǕǤǋǊǒǍǊ
8	0.740621	0.183877	0.834789	0.197364	ǔǊǕǊǑǊǒǒǓǈǓ
8	0.838758	0.183877	0.869870	0.197364	ǗǓǏǅ
8	0.873861	0.183877	0.911484	0.197364	ǙǅǌǠ
8	0.117624	0.197733	0.126935	0.211220	B
8	0.134400	0.197733	0.198403	0.211220	ǈǐǅǇǒǓǈǓ
8	0.205895	0.197733	0.288644	0.211220	ǈǊǒǊǕǅǗǓǕǅ
8	0.296089	0.197733	0.333152	0.211220	(ǇǚǓǉ
8	0.340634	0.197733	0.375828	0.211220	VH2),
8	0.383286	0.197733	0.453154	0.211220	ǇǠǚǓǉǒǓǊ
8	0.460648	0.197733	0.547545	0.211220	ǒǅǔǕǤǋǊǒǍǊ
8	0.554996	0.197733	0.649164	0.211220	ǔǊǕǊǑǊǒǒǓǈǓ
8	0.656612	0.197733	0.687725	0.211220	ǗǓǏǅ
8	0.695194	0.197733	0.732817	0.211220	ǙǅǌǠ
8	0.740277	0.197733	0.749768	0.211220	ƶ
8	0.757249	0.197733	0.821252	0.211220	ǈǐǅǇǒǓǈǓ
8	0.828729	0.197733	0.911477	0.211220	ǈǊǒǊǕǅǗǓǕǅ
8	0.117608	0.211590	0.211776	0.225076	ǔǊǕǊǑǊǒǒǓǈǓ
8	0.215647	0.211590	0.246759	0.225076	ǗǓǏǅ
8	0.250660	0.211590	0.287743	0.225076	(ǇǚǓǉ
8	0.291647	0.211590	0.323613	0.225076	VH3)
8	0.327522	0.211590	0.336277	0.225076	Ǎ
8	0.340165	0.211590	0.427063	0.225076	ǒǅǔǕǤǋǊǒǍǊ
8	0.430952	0.211590	0.472105	0.225076	ǌǇǊǒǅ
8	0.475986	0.211590	0.565515	0.225076	ǔǓǖǗǓǤǒǒǓǈǓ
8	0.569419	0.211590	0.600531	0.225076	ǗǓǏǅ
8	0.604424	0.211590	0.624368	0.225076	DC
8	0.628262	0.211590	0.651588	0.225076	link
8	0.655482	0.211590	0.692556	0.225076	(ǇǚǓǉ
8	0.696468	0.211590	0.736325	0.225076	ǝǍǒǠ
8	0.744123	0.211590	0.781288	0.225076	VH4+
8	0.785165	0.211590	0.793920	0.225076	Ǎ
8	0.797824	0.211590	0.831435	0.225076	ǇǚǓǉ
8	0.839232	0.211590	0.879088	0.225076	ǝǍǒǠ
8	0.882979	0.211590	0.911476	0.225076	VH5
8	0.117624	0.225446	0.130202	0.238933	-).
8	0.137635	0.225446	0.177197	0.238933	VAM4
8	0.184631	0.225446	0.250536	0.238933	ǍǌǑǊǕǤǊǗ
8	0.257953	0.225446	0.345833	0.238933	ǓǉǒǓǙǅǌǒǓǊ
8	0.353265	0.225446	0.423132	0.238933	ǇǠǚǓǉǒǓǊ
8	0.438008	0.225446	0.524906	0.238933	ǒǅǔǕǤǋǊǒǍǊ
8	0.532307	0.225446	0.605237	0.238933	ǗǕǊǗǍǜǒǓǎ
8	0.612656	0.225446	0.671451	0.238933	ǓǆǑǓǗǏǍ
8	0.678893	0.225446	0.761641	0.238933	ǈǊǒǊǕǅǗǓǕǅ
8	0.769054	0.225446	0.816700	0.238933	(ǇǠǚǓǉ
8	0.824126	0.225446	0.852626	0.238933	VH1
8	0.860052	0.225446	0.868807	0.238933	Ǎ
8	0.876239	0.225446	0.911440	0.238933	VH2),
8	0.117608	0.239302	0.204505	0.252789	ǒǅǔǕǤǋǊǒǍǊ
8	0.210436	0.239302	0.299966	0.252789	ǔǓǖǗǓǤǒǒǓǈǓ
8	0.305911	0.239302	0.337024	0.252789	ǗǓǏǅ
8	0.342958	0.239302	0.377527	0.252789	ǛǊǔǍ
8	0.383467	0.239302	0.476917	0.252789	ǇǓǌǆǘǋǉǊǒǍǤ
8	0.482863	0.239302	0.565611	0.252789	ǈǊǒǊǕǅǗǓǕǅ
8	0.571526	0.239302	0.586732	0.252789	ǓǗ
8	0.592679	0.239302	0.633591	0.252789	ǆǐǓǏǅ
8	0.639543	0.239302	0.732992	0.252789	ǇǓǌǆǘǋǉǊǒǍǤ
8	0.738922	0.239302	0.821671	0.252789	ǈǊǒǊǕǅǗǓǕǅ
8	0.827595	0.239302	0.868423	0.252789	(AFSE)
8	0.874380	0.239302	0.911425	0.252789	(ǇǚǓǉ
8	0.117575	0.253159	0.146075	0.266646	VH3
8	0.149862	0.253159	0.158617	0.266646	Ǎ
8	0.162408	0.253159	0.194375	0.266646	VH4)
8	0.198166	0.253159	0.206921	0.266646	Ǎ
8	0.210711	0.253159	0.297609	0.266646	ǒǅǔǕǤǋǊǒǍǊ
8	0.301387	0.253159	0.427538	0.266646	ǢǐǊǏǗǕǓǉǇǍǈǅǗǊǐǤ
8	0.431327	0.253159	0.482871	0.266646	ǓǆǉǘǇǅ
8	0.486669	0.253159	0.559079	0.266646	ǘǖǗǅǒǓǇǏǍ
8	0.562869	0.253159	0.672587	0.266646	ǉǍǒǅǑǍǜǊǖǏǓǈǓ
8	0.676377	0.253159	0.760924	0.266646	ǌǅǑǊǉǐǊǒǍǤ
8	0.764715	0.253159	0.801791	0.266646	(ǇǚǓǉ
8	0.805601	0.253159	0.840801	0.266646	VH5).
8	0.117575	0.280872	0.157137	0.294359	VAM3
8	0.163508	0.280872	0.172263	0.294359	Ǎ
8	0.178633	0.280872	0.218195	0.294359	VAM4
8	0.224566	0.280872	0.321609	0.294359	ǕǅǖǔǓǐǓǋǊǒǠ
8	0.327979	0.280872	0.336098	0.294359	Ǉ
8	0.342468	0.280872	0.389185	0.294359	ǓǗǖǊǏǊ
8	0.395544	0.280872	0.413266	0.294359	RP
8	0.419648	0.280872	0.510615	0.294359	ǏǓǒǗǅǏǗǓǕǓǇ,
8	0.516953	0.280872	0.636227	0.294359	ǕǅǖǔǓǐǓǋǊǒǒǓǈǓ
8	0.642597	0.280872	0.650471	0.294359	ǖ
8	0.656841	0.280872	0.698265	0.294359	ǐǊǇǓǎ
8	0.704636	0.280872	0.764567	0.294359	ǖǗǓǕǓǒǠ
8	0.770937	0.280872	0.818585	0.294359	ǝǏǅǙǅ
8	0.824955	0.280872	0.911446	0.294359	ǘǔǕǅǇǐǊǒǍǤ.
8	0.117591	0.294728	0.157154	0.308215	VAM3
8	0.163981	0.294728	0.253984	0.308215	ǑǓǒǗǍǕǘǊǗǖǤ
8	0.260812	0.294728	0.278308	0.308215	ǒǅ
8	0.285134	0.294728	0.326558	0.308215	ǐǊǇǓǎ
8	0.333386	0.294728	0.379923	0.308215	ǖǗǊǒǏǊ
8	0.386767	0.294728	0.434072	0.308215	ǓǗǖǊǏǅ
8	0.440903	0.294728	0.485042	0.308215	(ǖǐǊǇǅ
8	0.491879	0.294728	0.507085	0.308215	ǓǗ
8	0.513915	0.294728	0.601631	0.308215	ǏǓǒǗǅǏǗǓǕǓǇ
8	0.608480	0.294728	0.632900	0.308215	RP),
8	0.639732	0.294728	0.679294	0.308215	VAM4
8	0.686127	0.294728	0.776130	0.308215	ǑǓǒǗǍǕǘǊǗǖǤ
8	0.782927	0.294728	0.800423	0.308215	ǒǅ
8	0.807265	0.294728	0.858090	0.308215	ǌǅǉǒǊǎ
8	0.864909	0.294728	0.911446	0.308215	ǖǗǊǒǏǊ
8	0.117591	0.308585	0.168130	0.322072	ǓǗǖǊǏǅ.
8	0.117591	0.336297	0.194282	0.349784	ƴǕǓǇǊǕǍǗǡ
8	0.198006	0.336297	0.280591	0.349784	ǇǒǘǗǕǊǒǒǍǊ
8	0.284301	0.336297	0.375153	0.349784	ǢǐǊǏǗǕǓǒǒǠǊ
8	0.378861	0.336297	0.427767	0.349784	ǉǊǗǅǐǍ
8	0.431484	0.336297	0.462337	0.349784	VAM
8	0.466028	0.336297	0.494591	0.349784	(ǇǒǊ
8	0.498315	0.336297	0.549767	0.349784	ǖǚǊǑǠ),
8	0.553477	0.336297	0.576391	0.349784	ǏǅǏ
8	0.580118	0.336297	0.640376	0.349784	ǓǔǍǖǅǒǓ
8	0.644084	0.336297	0.652202	0.349784	Ǉ
8	0.655926	0.336297	0.714087	0.349784	ǕǅǌǉǊǐǊ
8	0.717795	0.336297	0.756605	0.349784	4.3.3.,
8	0.760402	0.336297	0.836390	0.349784	ƴƵƳƧƪƵƯƭ
8	0.840114	0.336297	0.911463	0.349784	ƱƳƩƸưƪƮ
8	0.117608	0.350154	0.211910	0.363641	ƴƳƲƭƫƪƲƭǄ
8	0.215729	0.350154	0.315436	0.363641	ƲƥƴƵǄƫƪƲƭǄ
8	0.319242	0.350154	0.365387	0.363641	(VAMS)
8	0.369178	0.350154	0.421824	0.363641	ǉǅǒǒǓǎ
8	0.425614	0.350154	0.512709	0.363641	ǔǘǆǐǍǏǅǛǍǍ.
8	0.516492	0.350154	0.541896	0.363641	ƩǐǤ
8	0.545687	0.350154	0.613050	0.363641	ǔǕǓǇǊǕǏǍ
8	0.616840	0.350154	0.684780	0.363641	ǔǕǓǇǓǉǏǍ
8	0.688595	0.350154	0.695603	0.363641	Ǐ
8	0.699393	0.350154	0.739356	0.363641	ǆǐǓǏǘ
8	0.743146	0.350154	0.782708	0.363641	VAM3
8	0.786499	0.350154	0.811471	0.363641	ǍǐǍ
8	0.815261	0.350154	0.858057	0.363641	VAM4:
8	0.298643	0.378131	0.308280	0.391618	Ƨ
8	0.311809	0.378131	0.368424	0.391618	ǉǅǒǒǓǑ
8	0.371936	0.378131	0.479286	0.391618	ǓǆǓǕǘǉǓǇǅǒǍǍ
8	0.482798	0.378131	0.604851	0.391618	ǔǕǍǖǘǗǖǗǇǘǣǗ
8	0.608361	0.378131	0.672767	0.391618	ǓǔǅǖǒǠǊ
8	0.676279	0.378131	0.771689	0.391618	ǒǅǔǕǤǋǊǒǍǤ.
8	0.775201	0.378131	0.858082	0.391618	ƸǆǊǉǍǗǡǖǤ
8	0.861610	0.378131	0.870219	0.391618	Ǉ
8	0.873730	0.378131	0.911153	0.391618	ǗǓǑ,
8	0.159504	0.390155	0.285838	0.407520	ɉɊȿȾɍɉɊȿɀȾȿɇɂȿ
8	0.300547	0.392801	0.331785	0.406288	ǜǗǓ
8	0.335551	0.392801	0.440990	0.406288	ǇǠǏǐǣǜǅǗǊǐǡ
8	0.444747	0.392801	0.512976	0.406288	ǔǍǗǅǒǍǤ
8	0.516766	0.392801	0.604727	0.406288	ǘǔǕǅǇǐǊǒǍǤ
8	0.610941	0.392801	0.644900	0.406288	(CPS)
8	0.646249	0.392801	0.729702	0.406288	ǒǅǚǓǉǍǗǖǤ
8	0.733492	0.392801	0.742100	0.406288	Ǉ
8	0.745890	0.392801	0.828199	0.406288	ǔǓǐǓǋǊǒǍǍ
8	0.831989	0.392801	0.878302	0.406288	ƳƷƯư.,
8	0.882088	0.392801	0.891219	0.406288	Ǎ
8	0.298643	0.405844	0.404082	0.419331	ǇǠǏǐǣǜǅǗǊǐǡ
8	0.411040	0.405844	0.508457	0.419331	ǏǓǒǗǅǏǗǓǕǅ
8	0.515418	0.405844	0.551218	0.419331	ǛǊǔǍ
8	0.558214	0.405844	0.656008	0.419331	ǇǓǌǆǘǋǉǊǒǍǤ
8	0.663000	0.405844	0.755142	0.419331	ǈǊǒǊǕǅǗǓǕǅ
8	0.762138	0.405844	0.808896	0.419331	(GFCO)
8	0.815874	0.405844	0.899327	0.419331	ǒǅǚǓǉǍǗǖǤ
8	0.906318	0.405844	0.914926	0.419331	Ǉ
8	0.117265	0.419700	0.199574	0.433187	ǔǓǐǓǋǊǒǍǍ
8	0.204573	0.419700	0.243192	0.433187	ƳƷƯư
8	0.248169	0.419700	0.291547	0.433187	ǔǊǕǊǉ
8	0.296568	0.419700	0.361328	0.433187	ǒǅǜǅǐǓǑ
8	0.366300	0.419700	0.449116	0.433187	ǏǅǏǍǚ-ǐǍǆǓ
8	0.454098	0.419700	0.503934	0.433187	ǕǅǆǓǗ
8	0.508916	0.419700	0.527358	0.433187	ǒǅ
8	0.532340	0.419700	0.635166	0.433187	ǏǓǑǔǓǒǊǒǗǅǚ
8	0.640146	0.419699	0.761940	0.433186	ǢǐǊǏǗǕǍǜǊǖǏǓǈǓ
8	0.766927	0.419699	0.818093	0.433186	ǝǏǅǙǅ
8	0.823077	0.419699	0.914940	0.433186	ǘǔǕǅǇǐǊǒǍǤ.
8	0.117279	0.433556	0.200161	0.447043	ƸǆǊǉǍǗǡǖǤ
8	0.204457	0.433556	0.213065	0.447043	Ǉ
8	0.217361	0.433556	0.254783	0.447043	ǗǓǑ,
8	0.259063	0.433556	0.290301	0.447043	ǜǗǓ
8	0.294574	0.433556	0.408915	0.447043	ǍǒǉǍǏǅǗǓǕǒǠǊ
8	0.413211	0.433556	0.463152	0.447043	ǐǅǑǔǠ
8	0.467425	0.433556	0.528150	0.447043	ǌǅǕǤǉǏǍ
8	0.532436	0.433556	0.642612	0.447043	ǏǓǒǉǊǒǖǅǗǓǕǅ
8	0.646906	0.433556	0.681650	0.447043	(CCL)
8	0.685931	0.433556	0.703180	0.447043	ǒǊ
8	0.707476	0.433556	0.759322	0.447043	ǈǓǕǤǗ.
8	0.763618	0.433556	0.873812	0.447043	ƭǖǔǓǐǡǌǓǇǅǗǡ
8	0.878072	0.433556	0.914960	0.447043	VOM,
8	0.117279	0.447412	0.169295	0.460899	ǜǗǓǆǠ
8	0.173633	0.447412	0.255110	0.460899	ǘǆǊǉǍǗǡǖǤ
8	0.259455	0.447412	0.268063	0.460899	Ǉ
8	0.272408	0.447412	0.373451	0.460899	ǓǗǖǘǗǖǗǇǍǍ
8	0.377765	0.447412	0.469238	0.460899	ǒǅǔǕǤǋǊǒǍǤ
8	0.473583	0.447412	0.516961	0.460899	ǔǊǕǊǉ
8	0.521329	0.447412	0.645356	0.460899	ǔǕǍǏǓǖǒǓǇǊǒǍǊǑ
8	0.658391	0.447412	0.666036	0.460899	Ǐ
8	0.670381	0.447412	0.740782	0.460899	ǏǐǊǑǑǅǑ.
8	0.745127	0.447412	0.854240	0.460899	ƲǊǖǓǆǐǣǉǊǒǍǊ
8	0.858619	0.447412	0.914940	0.460899	ǉǅǒǒǠǚ
8	0.117279	0.461268	0.145407	0.474755	ǑǊǕ
8	0.149197	0.461268	0.286384	0.474755	ǔǕǊǉǓǖǗǊǕǊǋǊǒǍǤ
8	0.290212	0.461268	0.343071	0.474755	ǑǓǋǊǗ
8	0.346860	0.461268	0.421656	0.474755	ǔǕǍǇǊǖǗǍ
8	0.425445	0.461268	0.433090	0.474755	Ǐ
8	0.436880	0.461268	0.517996	0.474755	ǖǊǕǡǊǌǒǠǑ
8	0.521786	0.461268	0.593684	0.474755	ǗǕǅǇǑǅǑ
8	0.597431	0.461268	0.624285	0.474755	ǍǐǍ
8	0.628074	0.461268	0.690880	0.474755	ǖǑǊǕǗǍ.
8	0.117608	0.488718	0.129503	0.502205	1.
8	0.147010	0.488718	0.221103	0.502205	ƬǅǈǐǘǝǍǗǡ
8	0.226886	0.488717	0.303331	0.502204	ǉǍǌǊǐǡǒǠǎ
8	0.309120	0.488717	0.380567	0.502204	ǉǇǍǈǅǗǊǐǡ
8	0.386359	0.488717	0.463458	0.502204	ǖǅǑǓǖǇǅǐǅ
8	0.469240	0.488717	0.477995	0.502204	Ǎ
8	0.483778	0.488717	0.556303	0.502204	ǘǆǊǉǍǗǡǖǤ
8	0.562085	0.488717	0.570203	0.502204	Ǉ
8	0.575986	0.488717	0.653395	0.502204	ǓǗǖǘǗǖǗǇǍǍ
8	0.659177	0.488717	0.745421	0.502204	ǒǅǔǕǤǋǊǒǍǤ
8	0.751189	0.488717	0.759307	0.502204	Ǉ
8	0.765090	0.488717	0.822956	0.502204	ǖǍǖǗǊǑǊ
8	0.828729	0.488717	0.915220	0.502204	ǘǔǕǅǇǐǊǒǍǤ,
8	0.146961	0.502573	0.200383	0.516060	ǔǕǊǋǉǊ
8	0.212642	0.502573	0.239208	0.516060	ǜǊǑ
8	0.251452	0.502573	0.307316	0.516060	ǓǗǏǕǠǗǡ
8	0.319584	0.502573	0.401594	0.516060	ǏǅǏǘǣ-ǐǍǆǓ
8	0.413882	0.502573	0.455976	0.516060	ǉǇǊǕǡ
8	0.468244	0.502573	0.525806	0.516060	ǉǓǖǗǘǔǅ
8	0.538073	0.502573	0.563045	0.516060	ǍǐǍ
8	0.575316	0.502573	0.628142	0.516060	ǔǅǒǊǐǡ.
8	0.640409	0.502573	0.715547	0.516060	ƧǠǔǓǐǒǤǗǡ
8	0.727815	0.502573	0.807785	0.516060	ǔǕǓǛǊǉǘǕǠ
8	0.820039	0.502573	0.915220	0.516060	ǗǊǚǒǍǜǊǖǏǓǈǓ
8	0.146961	0.516430	0.248839	0.529917	ǓǆǖǐǘǋǍǇǅǒǍǤ
8	0.252629	0.516430	0.276784	0.529917	ǉǐǤ
8	0.280593	0.516430	0.322377	0.529917	ǕǅǆǓǗ
8	0.326166	0.516430	0.374933	0.529917	ǇǒǘǗǕǍ
8	0.378714	0.516430	0.429596	0.529917	ǝǏǅǙǅ.
8	0.117559	0.544143	0.129454	0.557630	2.
8	0.146961	0.544143	0.261351	0.557630	ƵǅǌǆǐǓǏǍǕǓǇǅǗǡ
8	0.265157	0.544143	0.273912	0.557630	Ǎ
8	0.277702	0.544143	0.333265	0.557630	ǍǌǇǐǊǜǡ
8	0.337045	0.544143	0.353019	0.557630	Ǎǌ
8	0.356807	0.544143	0.405565	0.557630	ǈǒǊǌǉǅ
8	0.409356	0.544143	0.440258	0.557630	VAM
8	0.444047	0.544143	0.497208	0.557630	ǕǅǌǟǊǑ
8	0.500978	0.544143	0.615989	0.557630	ǍǌǑǊǕǍǗǊǐǡǒǓǈǓ
8	0.619778	0.544143	0.660027	0.557630	ǋǈǘǗǅ
8	0.663818	0.544143	0.697952	0.557630	VAM.
8	0.117575	0.571855	0.129470	0.585342	3.
8	0.146977	0.571855	0.261368	0.585342	ƵǅǌǆǐǓǏǍǕǓǇǅǗǡ
8	0.265157	0.571855	0.273912	0.585342	Ǎ
8	0.277702	0.571855	0.333265	0.585342	ǍǌǇǐǊǜǡ
8	0.337045	0.571855	0.390206	0.585342	ǕǅǌǟǊǑ
8	0.393989	0.571855	0.423812	0.585342	CNC
8	0.427602	0.571855	0.443575	0.585342	Ǎǌ
8	0.447363	0.571855	0.506063	0.585342	ǇǊǕǚǒǊǎ
8	0.509847	0.571855	0.549775	0.585342	ǜǅǖǗǍ
8	0.553558	0.571855	0.604187	0.585342	ǔǅǒǊǐǍ
8	0.607970	0.571855	0.633305	0.585342	ICP.
8	0.117575	0.599568	0.129470	0.613055	4.
8	0.146977	0.599568	0.172381	0.613055	ƩǐǤ
8	0.176172	0.599568	0.243535	0.613055	ǔǕǓǇǊǕǏǍ
8	0.247325	0.599568	0.340529	0.613055	ǌǅǌǊǑǐǊǒǒǠǚ
8	0.344281	0.599568	0.413348	0.613055	ǔǕǓǇǓǉǓǇ
8	0.417149	0.599568	0.500421	0.613055	ǘǔǕǅǇǐǊǒǍǤ
8	0.504196	0.599568	0.550053	0.613055	ǑǊǋǉǘ
8	0.553844	0.599568	0.604914	0.613055	ǆǐǓǏǓǑ
8	0.608705	0.599568	0.639610	0.613055	VAM
8	0.643401	0.599568	0.652157	0.613055	Ǎ
8	0.655946	0.599568	0.717047	0.613055	ǔǅǒǊǐǡǣ
8	0.720825	0.599568	0.746160	0.613055	ICP:
8	0.146977	0.627281	0.159115	0.640768	a.
8	0.176379	0.627281	0.256353	0.640768	ƸǖǗǅǒǓǇǍǗǡ
8	0.260144	0.627281	0.292516	0.640768	VOM
8	0.296305	0.627281	0.313801	0.640768	ǒǅ
8	0.317592	0.627281	0.359229	0.640768	ǆǓǐǊǊ
8	0.363019	0.627281	0.422875	0.640768	ǇǠǖǓǏǍǎ
8	0.426672	0.627281	0.485062	0.640768	ǘǕǓǇǊǒǡ
8	0.488841	0.627281	0.565659	0.640768	ǍǌǑǊǕǊǒǍǤ
8	0.569436	0.627281	0.676443	0.640768	ǖǓǔǕǓǗǍǇǐǊǒǍǤ
8	0.680234	0.627281	0.722640	0.640768	(ǇǠǝǊ
8	0.726431	0.627281	0.752409	0.640768	100
8	0.756171	0.627281	0.790972	0.640768	ǏƳǑ).
8	0.146977	0.654994	0.159115	0.668481	b.
8	0.176379	0.654994	0.261778	0.668481	ƴǓǉǏǐǣǜǍǗǡ
8	0.269535	0.654994	0.304682	0.668481	ǓǉǍǒ
8	0.312429	0.654994	0.328403	0.668481	Ǎǌ
8	0.336147	0.654994	0.381825	0.668481	ǞǘǔǓǇ
8	0.389561	0.654994	0.481050	0.668481	ǑǘǐǡǗǍǑǊǗǕǅ
8	0.488776	0.654994	0.495784	0.668481	Ǐ
8	0.503559	0.654994	0.552105	0.668481	ǜǍǖǗǓǎ
8	0.559847	0.654994	0.597433	0.668481	ǝǍǒǊ
8	0.605175	0.654994	0.687924	0.668481	ǌǅǌǊǑǐǊǒǍǤ
8	0.695652	0.654994	0.782143	0.668481	ǘǔǕǅǇǐǊǒǍǤ,
8	0.789886	0.654994	0.833146	0.668481	ǑǅǖǖǊ
8	0.840898	0.654994	0.858394	0.668481	ǒǅ
8	0.866135	0.654994	0.911469	0.668481	ǝǅǖǖǍ
8	0.176412	0.668850	0.253511	0.682337	ǖǅǑǓǖǇǅǐǅ
8	0.257300	0.668850	0.282273	0.682337	ǍǐǍ
8	0.286060	0.668850	0.293068	0.682337	Ǐ
8	0.296862	0.668850	0.353700	0.682337	ǑǊǗǅǐǐǘ
8	0.357463	0.668850	0.408345	0.682337	ǝǏǅǙǅ.
8	0.146994	0.696563	0.158103	0.710050	c.
8	0.176396	0.696563	0.301714	0.710050	ƴǓǖǐǊǉǓǇǅǗǊǐǡǒǓ
8	0.313687	0.696563	0.396927	0.710050	ǔǓǉǏǐǣǜǍǗǡ
8	0.408884	0.696563	0.458631	0.710050	ǇǗǓǕǓǎ
8	0.470612	0.696563	0.499397	0.710050	Ǟǘǔ
8	0.511367	0.696563	0.602856	0.710050	ǑǘǐǡǗǍǑǊǗǕǅ
8	0.614796	0.696563	0.621804	0.710050	Ǐ
8	0.633777	0.696563	0.706123	0.710050	ǏǓǒǗǅǏǗǅǑ
8	0.718092	0.696563	0.729986	0.710050	1,
8	0.741957	0.696563	0.753850	0.710050	2,
8	0.765822	0.696563	0.777715	0.710050	3,
8	0.789687	0.696563	0.798344	0.710050	4
8	0.810287	0.696563	0.819043	0.710050	Ǎ
8	0.830999	0.696563	0.839657	0.710050	5
8	0.851646	0.696563	0.911457	0.710050	ǝǗǊǏǊǕǅ
8	0.176396	0.710420	0.291407	0.723907	ǍǌǑǊǕǍǗǊǐǡǒǓǈǓ
8	0.300881	0.710420	0.341129	0.723907	ǋǈǘǗǅ
8	0.350591	0.710420	0.384725	0.723907	VAM.
8	0.394199	0.710420	0.446845	0.723907	ƶǑǓǗǕǍ
8	0.456303	0.710420	0.481576	0.723907	ƵǍǖ
8	0.491056	0.710420	0.511608	0.723907	10,
8	0.521053	0.710420	0.577995	0.723907	ǇǊǕǚǒǤǤ
8	0.587469	0.710420	0.627936	0.723907	ǐǊǇǅǤ
8	0.637387	0.710420	0.699278	0.723907	ǔǓǌǍǛǍǤ,
8	0.708752	0.710420	0.732790	0.723907	ǈǉǊ
8	0.742254	0.710420	0.809013	0.723907	ǔǓǏǅǌǅǒǓ
8	0.818487	0.710420	0.911447	0.723907	ǓǆǓǌǒǅǜǊǒǍǊ
8	0.176396	0.724276	0.246425	0.737763	ǏǓǒǗǅǏǗǓǇ
8	0.250244	0.724276	0.313279	0.737763	ǝǗǊǏǊǕǅ.
8	0.317062	0.724276	0.342566	0.737763	ƧǖǊ
8	0.346340	0.724276	0.420743	0.737763	ǔǓǏǅǌǅǒǍǤ
8	0.424533	0.724276	0.531540	0.737763	ǖǓǔǕǓǗǍǇǐǊǒǍǤ
8	0.535329	0.724276	0.590033	0.737763	ǉǓǐǋǒǠ
8	0.593823	0.724276	0.673323	0.737763	ǔǕǊǇǠǝǅǗǡ
8	0.677114	0.724276	0.703092	0.737763	100
8	0.706858	0.724276	0.738194	0.737763	ǏƳǑ.
8	0.146994	0.751989	0.159132	0.765476	d.
8	0.176396	0.751989	0.196059	0.765476	Ʋǅ
8	0.201023	0.751989	0.243813	0.765476	VAM3,
8	0.248779	0.751989	0.301921	0.765476	ǏǓǒǗǅǏǗ
8	0.306889	0.751989	0.315546	0.765476	9
8	0.320515	0.751989	0.380325	0.765476	ǝǗǊǏǊǕǅ
8	0.385281	0.751989	0.425529	0.765476	ǋǈǘǗǅ
8	0.430495	0.751989	0.507312	0.765476	ǍǌǑǊǕǊǒǍǤ
8	0.512257	0.751989	0.543158	0.765476	VAM
8	0.548114	0.751989	0.600548	0.765476	ǉǓǐǋǊǒ
8	0.605518	0.751989	0.694476	0.765476	ǔǕǓǇǊǕǤǗǡǖǤ
8	0.699442	0.751989	0.725694	0.765476	ǔǕǍ
8	0.730657	0.751989	0.838758	0.765476	ǖǓǔǕǓǗǍǇǐǊǒǍǍ
8	0.843708	0.751989	0.875451	0.765476	ǒǘǐǡ
8	0.880411	0.751989	0.899472	0.765476	ǓǑ
8	0.904439	0.751989	0.911447	0.765476	Ǐ
8	0.176396	0.765846	0.221218	0.779332	ǌǊǑǐǊ.
8	0.224958	0.765846	0.244622	0.779332	Ʋǅ
8	0.248344	0.765846	0.291069	0.779332	VAM4,
8	0.294870	0.765846	0.358607	0.779332	ǏǓǒǗǅǏǗǠ
8	0.362344	0.765846	0.371001	0.779332	8
8	0.374711	0.765846	0.383466	0.779332	Ǎ
8	0.387190	0.765846	0.395848	0.779332	9
8	0.399590	0.765846	0.459400	0.779332	ǝǗǊǏǊǕǅ
8	0.463115	0.765846	0.503369	0.779332	ǋǈǘǗǅ
8	0.507087	0.765846	0.583905	0.779332	ǍǌǑǊǕǊǒǍǤ
8	0.587624	0.765846	0.618486	0.779332	VAM
8	0.622245	0.765846	0.676949	0.779332	ǉǓǐǋǒǠ
8	0.680690	0.765846	0.769647	0.779332	ǔǕǓǇǊǕǤǗǡǖǤ
8	0.773372	0.765846	0.799624	0.779332	ǔǕǍ
8	0.803345	0.765846	0.911447	0.779332	ǖǓǔǕǓǗǍǇǐǊǒǍǍ
8	0.176396	0.779702	0.208139	0.793189	ǒǘǐǡ
8	0.211930	0.779702	0.230991	0.793189	ǓǑ
8	0.234778	0.779702	0.241786	0.793189	Ǐ
8	0.245576	0.779702	0.290394	0.793189	ǌǊǑǐǊ.
8	0.146994	0.807415	0.158546	0.820902	e.
8	0.176396	0.807415	0.279203	0.820902	ƴǓǉǖǓǊǉǍǒǍǗǡ
8	0.286820	0.807415	0.311126	0.820902	ǇǖǊ
8	0.314915	0.807415	0.408447	0.820902	ǓǗǏǐǣǜǊǒǒǠǊ
8	0.416029	0.807415	0.479776	0.820902	ǕǅǌǟǊǑǠ
8	0.483533	0.807415	0.492288	0.820902	Ǎ
8	0.496078	0.807415	0.575757	0.820902	ǔǕǓǇǓǉǒǠǊ
8	0.579547	0.807415	0.667442	0.820902	ǖǓǊǉǍǒǊǒǍǤ.
8	0.117608	0.835128	0.129503	0.848615	5.
8	0.147010	0.835128	0.172413	0.848615	ƩǐǤ
8	0.176205	0.835128	0.243568	0.848615	ǔǕǓǇǊǕǏǍ
8	0.247358	0.835128	0.335547	0.848615	ǛǊǐǓǖǗǒǓǖǗǍ
8	0.339337	0.835128	0.448386	0.848615	ǍǌǑǊǕǍǗǊǐǡǒǠǚ
8	0.452176	0.835128	0.521243	0.848615	ǔǕǓǇǓǉǓǇ
8	0.525039	0.835128	0.570896	0.848615	ǑǊǋǉǘ
8	0.574679	0.835128	0.644640	0.848615	ǝǗǊǏǊǕǓǑ
8	0.648431	0.835128	0.679332	0.848615	VAM
8	0.683122	0.835128	0.691877	0.848615	Ǎ
8	0.695667	0.835128	0.756767	0.848615	ǔǅǒǊǐǡǣ
8	0.760551	0.835128	0.785885	0.848615	ICP:
9	0.088477	0.102643	0.195076	0.116130	GET-6903A_RU
9	0.088477	0.116500	0.133058	0.129987	ƴǓǍǖǏ
9	0.136772	0.116500	0.145993	0.129987	Ǎ
9	0.149706	0.116500	0.234357	0.129987	ǘǖǗǕǅǒǊǒǍǊ
9	0.238085	0.116500	0.357422	0.129987	ǒǊǍǖǔǕǅǇǒǓǖǗǊǎ
9	0.361136	0.116500	0.411167	0.129987	ǝǏǅǙǅ
9	0.414890	0.116500	0.501045	0.129987	ǘǔǕǅǇǐǊǒǍǤ
9	0.504773	0.116500	0.521245	0.129987	ǖǓ
9	0.524959	0.116500	0.607190	0.129987	ǖǉǇǓǊǒǒǠǑ
9	0.610568	0.116500	0.643192	0.129987	IGBT
9	0.647242	0.116500	0.734517	0.129987	ǍǒǇǊǕǗǊǕǓǑ
9	0.737944	0.116500	0.800176	0.129987	17KG535
9	0.804181	0.116500	0.813402	0.129987	Ǎ
9	0.817115	0.116500	0.879347	0.129987	17KG537
9	0.117608	0.139998	0.129746	0.153485	a.
9	0.147010	0.139998	0.199656	0.153485	ƶǑǓǗǕǍ
9	0.206010	0.139998	0.231282	0.153485	ƵǍǖ
9	0.237643	0.139998	0.249535	0.153485	6,
9	0.255894	0.139998	0.306980	0.153485	ǔǕǅǇǅǤ
9	0.313311	0.139998	0.375202	0.153485	ǔǓǌǍǛǍǤ,
9	0.381556	0.139998	0.405594	0.153485	ǈǉǊ
9	0.411955	0.139998	0.491160	0.153485	ǔǕǍǇǊǉǊǒǠ
9	0.497498	0.139998	0.589804	0.153485	ǓǆǓǌǒǅǜǊǒǍǤ
9	0.596158	0.139998	0.666188	0.153485	ǏǓǒǗǅǏǗǓǇ
9	0.672555	0.139998	0.734619	0.153485	ǕǅǌǟǊǑǅ
9	0.740960	0.139998	0.764528	0.153485	CN.
9	0.770893	0.139998	0.823539	0.153485	ƶǑǓǗǕǍ
9	0.829888	0.139998	0.855161	0.153485	ƵǍǖ
9	0.861522	0.139998	0.882077	0.153485	10,
9	0.147010	0.153854	0.203952	0.167341	ǇǊǕǚǒǤǤ
9	0.209603	0.153854	0.250070	0.167341	ǐǊǇǅǤ
9	0.255699	0.153854	0.317591	0.167341	ǔǓǌǍǛǍǤ,
9	0.323242	0.153854	0.347280	0.167341	ǈǉǊ
9	0.358590	0.153854	0.435983	0.167341	ǔǕǍǇǊǉǊǒǓ
9	0.441618	0.153854	0.534577	0.167341	ǓǆǓǌǒǅǜǊǒǍǊ
9	0.540229	0.153854	0.610258	0.167341	ǏǓǒǗǅǏǗǓǇ
9	0.615923	0.153854	0.675733	0.167341	ǝǗǊǏǊǕǅ
9	0.681375	0.153854	0.796386	0.167341	ǍǌǑǊǕǍǗǊǐǡǒǓǈǓ
9	0.802022	0.153854	0.842276	0.167341	ǋǈǘǗǅ
9	0.847927	0.153854	0.882061	0.167341	VAM.
9	0.147010	0.167711	0.199656	0.181197	ƶǑǓǗǕǍ
9	0.204099	0.167711	0.229371	0.181197	ƵǍǖ
9	0.233831	0.167711	0.251147	0.181197	13
9	0.255606	0.167711	0.302102	0.181197	(VAM3)
9	0.306516	0.167711	0.315271	0.181197	Ǎ
9	0.319714	0.167711	0.344987	0.181197	ƵǍǖ
9	0.349438	0.167711	0.366752	0.181197	14
9	0.371202	0.167711	0.420924	0.181197	(VAM4),
9	0.425374	0.167711	0.449411	0.181197	ǈǉǊ
9	0.453853	0.167711	0.522425	0.181197	ǔǓǏǅǌǅǒǠ
9	0.526868	0.167711	0.623633	0.181197	ǔǕǓǇǊǕǤǊǑǠǊ
9	0.628076	0.167711	0.699757	0.181197	ǇǠǚǓǉǒǠǊ
9	0.704211	0.167711	0.767948	0.181197	ǏǓǒǗǅǏǗǠ
9	0.772404	0.167711	0.803306	0.181197	VAM
9	0.807760	0.167711	0.816515	0.181197	Ǎ
9	0.820953	0.167711	0.882061	0.181197	ǇǚǓǉǒǠǊ
9	0.147010	0.181567	0.210747	0.195054	ǏǓǒǗǅǏǗǠ
9	0.214536	0.181567	0.276601	0.195054	ǕǅǌǟǊǑǅ
9	0.280366	0.181567	0.300702	0.195054	CN
9	0.304494	0.181567	0.329828	0.195054	ICP.
9	0.117591	0.209280	0.129730	0.222767	b.
9	0.146993	0.209280	0.261384	0.222767	ƵǅǌǆǐǓǏǍǕǓǇǅǗǡ
9	0.265173	0.209280	0.273929	0.222767	Ǎ
9	0.277718	0.209280	0.333281	0.222767	ǍǌǇǐǊǜǡ
9	0.337061	0.209280	0.353035	0.222767	Ǎǌ
9	0.356823	0.209280	0.405581	0.222767	ǈǒǊǌǉǅ
9	0.409372	0.209280	0.440277	0.222767	VAM
9	0.444068	0.209280	0.497229	0.222767	ǕǅǌǟǊǑ
9	0.500994	0.209280	0.616005	0.222767	ǍǌǑǊǕǍǗǊǐǡǒǓǈǓ
9	0.619795	0.209280	0.660043	0.222767	ǋǈǘǗǅ
9	0.663834	0.209280	0.697973	0.222767	VAM.
9	0.117591	0.236993	0.128700	0.250480	c.
9	0.146993	0.236993	0.261384	0.250480	ƵǅǌǆǐǓǏǍǕǓǇǅǗǡ
9	0.267003	0.236993	0.275758	0.250480	Ǎ
9	0.281393	0.236993	0.336957	0.250480	ǍǌǇǐǊǜǡ
9	0.342566	0.236993	0.468913	0.250480	ǖǓǓǗǇǊǗǖǗǇǘǣǞǍǎ
9	0.474549	0.236993	0.527709	0.250480	ǕǅǌǟǊǑ
9	0.533315	0.236993	0.553650	0.250480	CN
9	0.559279	0.236993	0.575252	0.250480	Ǎǌ
9	0.580886	0.236993	0.639585	0.250480	ǇǊǕǚǒǊǎ
9	0.645195	0.236993	0.685123	0.250480	ǜǅǖǗǍ
9	0.690751	0.236993	0.741380	0.250480	ǔǅǒǊǐǍ
9	0.746999	0.236993	0.772329	0.250480	ICP.
9	0.777955	0.236993	0.830601	0.250480	ƶǑǓǗǕǍ
9	0.836226	0.236993	0.882049	0.250480	ƵǍǖ.13
9	0.146993	0.250849	0.193481	0.264336	(VAM3)
9	0.197271	0.250849	0.206026	0.264336	Ǎ
9	0.209816	0.250849	0.235088	0.264336	ƵǍǖ
9	0.238881	0.250849	0.256198	0.264336	14
9	0.259990	0.250849	0.306486	0.264336	(VAM4)
9	0.310240	0.250849	0.334396	0.264336	ǉǐǤ
9	0.338183	0.250849	0.428154	0.264336	ǖǓǊǉǍǒǍǗǊǐǤ
9	0.431945	0.250849	0.455512	0.264336	CN.
9	0.117591	0.278562	0.129730	0.292049	d.
9	0.146993	0.278562	0.226967	0.292049	ƸǖǗǅǒǓǇǍǗǡ
9	0.230757	0.278562	0.313327	0.292049	ǑǘǐǡǗǍǑǊǗǕ
9	0.317119	0.278562	0.349490	0.292049	VOM
9	0.353280	0.278562	0.370776	0.292049	ǒǅ
9	0.374567	0.278562	0.423644	0.292049	ǒǍǌǏǍǎ
9	0.427440	0.278562	0.485829	0.292049	ǘǕǓǇǊǒǡ
9	0.489609	0.278562	0.566427	0.292049	ǍǌǑǊǕǊǒǍǤ
9	0.570203	0.278562	0.677210	0.292049	ǖǓǔǕǓǗǍǇǐǊǒǍǤ
9	0.681001	0.278562	0.739636	0.292049	(ǑǊǒǡǝǊ
9	0.743399	0.278562	0.760717	0.292049	10
9	0.764485	0.278562	0.792285	0.292049	ƳǑ).
9	0.117575	0.306275	0.129127	0.319762	e.
9	0.146977	0.306275	0.232375	0.319762	ƴǓǉǏǐǣǜǍǗǡ
9	0.248594	0.306275	0.277378	0.319762	Ǟǘǔ
9	0.282782	0.306275	0.374271	0.319762	ǑǘǐǡǗǍǑǊǗǕǅ
9	0.390459	0.306275	0.397466	0.319762	Ǐ
9	0.413686	0.306275	0.474794	0.319762	ǏǓǒǗǅǏǗǘ
9	0.491028	0.306274	0.499686	0.319761	1
9	0.515889	0.306274	0.575700	0.319761	ǝǗǊǏǊǕǅ
9	0.591928	0.306274	0.626067	0.319761	VAM,
9	0.642253	0.306274	0.651008	0.319761	Ǎ
9	0.667228	0.306274	0.716975	0.319761	ǇǗǓǕǓǎ
9	0.733187	0.306274	0.761971	0.319761	Ǟǘǔ
9	0.767375	0.306274	0.858864	0.319761	ǑǘǐǡǗǍǑǊǗǕǅ
9	0.875052	0.306274	0.882059	0.319761	Ǐ
9	0.147008	0.320131	0.282405	0.333618	ǖǓǓǗǇǊǗǖǗǇǘǣǞǊǑǘ
9	0.286848	0.320131	0.347955	0.333618	ǏǓǒǗǅǏǗǘ
9	0.352398	0.320131	0.414462	0.333618	ǕǅǌǟǊǑǅ
9	0.418892	0.320131	0.439227	0.333618	CN
9	0.443681	0.320131	0.494310	0.333618	ǔǅǒǊǐǍ
9	0.498746	0.320131	0.524076	0.333618	ICP,
9	0.528526	0.320131	0.551440	0.333618	ǏǅǏ
9	0.555892	0.320131	0.622651	0.333618	ǔǓǏǅǌǅǒǓ
9	0.627094	0.320131	0.644590	0.333618	ǒǅ
9	0.649032	0.320131	0.674304	0.333618	ƵǍǖ
9	0.678764	0.320131	0.696080	0.333618	13
9	0.700539	0.320131	0.747035	0.333618	(VAM3)
9	0.751449	0.320131	0.776421	0.333618	ǍǐǍ
9	0.780867	0.320131	0.806140	0.333618	ƵǍǖ
9	0.810591	0.320131	0.827907	0.333618	14
9	0.832358	0.320131	0.882090	0.333618	(VAM4).
9	0.147008	0.333987	0.224238	0.347474	ƴǓǏǅǌǅǒǍǊ
9	0.237811	0.333987	0.344819	0.347474	ǖǓǔǕǓǗǍǇǐǊǒǍǤ
9	0.358409	0.333987	0.411300	0.347474	ǉǓǐǋǒǓ
9	0.424874	0.333987	0.458392	0.347474	ǆǠǗǡ
9	0.471982	0.333987	0.515275	0.347474	ǕǅǇǒǓ
9	0.528843	0.333987	0.567594	0.347474	ǒǘǐǣ,
9	0.581178	0.333987	0.647529	0.347474	ǘǏǅǌǠǇǅǤ
9	0.661103	0.333987	0.678599	0.347474	ǒǅ
9	0.692187	0.333987	0.782729	0.347474	ǍǖǔǕǅǇǒǓǖǗǡ
9	0.796303	0.333987	0.882059	0.347474	ǖǓǊǉǍǒǊǒǍǎ
9	0.147008	0.347843	0.262019	0.361330	ǍǌǑǊǕǍǗǊǐǡǒǓǈǓ
9	0.265809	0.347843	0.309291	0.361330	ǋǈǘǗǅ.
9	0.117606	0.375556	0.125693	0.389043	f.
9	0.147008	0.375556	0.232406	0.389043	ƴǓǉǏǐǣǜǍǗǡ
9	0.248625	0.375556	0.277409	0.389043	Ǟǘǔ
9	0.282813	0.375556	0.374302	0.389043	ǑǘǐǡǗǍǑǊǗǕǅ
9	0.390490	0.375556	0.397497	0.389043	Ǐ
9	0.413717	0.375556	0.474825	0.389043	ǏǓǒǗǅǏǗǘ
9	0.491044	0.375556	0.499701	0.389043	2
9	0.515905	0.375556	0.575715	0.389043	ǝǗǊǏǊǕǅ
9	0.591948	0.375556	0.626088	0.389043	VAM,
9	0.642268	0.375556	0.651024	0.389043	Ǎ
9	0.667244	0.375556	0.716990	0.389043	ǇǗǓǕǓǎ
9	0.733202	0.375556	0.761987	0.389043	Ǟǘǔ
9	0.767390	0.375556	0.858880	0.389043	ǑǘǐǡǗǍǑǊǗǕǅ
9	0.875067	0.375556	0.882075	0.389043	Ǐ
9	0.147024	0.389413	0.282420	0.402900	ǖǓǓǗǇǊǗǖǗǇǘǣǞǊǑǘ
9	0.286863	0.389413	0.347970	0.402900	ǏǓǒǗǅǏǗǘ
9	0.352413	0.389413	0.414478	0.402900	ǕǅǌǟǊǑǅ
9	0.418908	0.389413	0.439242	0.402900	CN
9	0.443697	0.389413	0.494325	0.402900	ǔǅǒǊǐǍ
9	0.498762	0.389413	0.524092	0.402900	ICP,
9	0.528541	0.389413	0.551455	0.402900	ǏǅǏ
9	0.555908	0.389413	0.622667	0.402900	ǔǓǏǅǌǅǒǓ
9	0.627110	0.389413	0.644606	0.402900	ǒǅ
9	0.649047	0.389413	0.674320	0.402900	ƵǍǖ
9	0.678779	0.389413	0.696095	0.402900	13
9	0.700555	0.389413	0.747051	0.402900	(VAM3)
9	0.751464	0.389413	0.776436	0.402900	ǍǐǍ
9	0.780883	0.389413	0.806155	0.402900	ƵǍǖ
9	0.810606	0.389413	0.827923	0.402900	14
9	0.832374	0.389413	0.882105	0.402900	(VAM4).
9	0.147024	0.403269	0.224253	0.416756	ƴǓǏǅǌǅǒǍǊ
9	0.237827	0.403269	0.344834	0.416756	ǖǓǔǕǓǗǍǇǐǊǒǍǤ
9	0.358424	0.403269	0.411315	0.416756	ǉǓǐǋǒǓ
9	0.424889	0.403269	0.458408	0.416756	ǆǠǗǡ
9	0.471998	0.403269	0.515291	0.416756	ǕǅǇǒǓ
9	0.528858	0.403269	0.567610	0.416756	ǒǘǐǣ,
9	0.581194	0.403269	0.647544	0.416756	ǘǏǅǌǠǇǅǤ
9	0.661118	0.403269	0.678614	0.416756	ǒǅ
9	0.692203	0.403269	0.782745	0.416756	ǍǖǔǕǅǇǒǓǖǗǡ
9	0.796319	0.403269	0.882074	0.416756	ǖǓǊǉǍǒǊǒǍǎ
9	0.147024	0.417126	0.262035	0.430613	ǍǌǑǊǕǍǗǊǐǡǒǓǈǓ
9	0.265824	0.417126	0.309307	0.430613	ǋǈǘǗǅ.
9	0.117622	0.444838	0.129760	0.458325	g.
9	0.147024	0.444838	0.232422	0.458325	ƴǓǉǏǐǣǜǍǗǡ
9	0.248640	0.444838	0.277425	0.458325	Ǟǘǔ
9	0.282828	0.444838	0.374318	0.458325	ǑǘǐǡǗǍǑǊǗǕǅ
9	0.390505	0.444838	0.397513	0.458325	Ǐ
9	0.413733	0.444838	0.474840	0.458325	ǏǓǒǗǅǏǗǘ
9	0.491049	0.444838	0.499706	0.458325	3
9	0.515905	0.444838	0.575715	0.458325	ǝǗǊǏǊǕǅ
9	0.591940	0.444838	0.626079	0.458325	VAM,
9	0.642268	0.444838	0.651024	0.458325	Ǎ
9	0.667244	0.444838	0.716990	0.458325	ǇǗǓǕǓǎ
9	0.733202	0.444838	0.761987	0.458325	Ǟǘǔ
9	0.767390	0.444838	0.858880	0.458325	ǑǘǐǡǗǍǑǊǗǕǅ
9	0.875067	0.444838	0.882075	0.458325	Ǐ
9	0.147024	0.458695	0.282420	0.472182	ǖǓǓǗǇǊǗǖǗǇǘǣǞǊǑǘ
9	0.286863	0.458695	0.347970	0.472182	ǏǓǒǗǅǏǗǘ
9	0.352413	0.458695	0.414478	0.472182	ǕǅǌǟǊǑǅ
9	0.418907	0.458695	0.439242	0.472182	CN
9	0.443697	0.458695	0.494325	0.472182	ǔǅǒǊǐǍ
9	0.498762	0.458695	0.524092	0.472182	ICP,
9	0.528541	0.458695	0.551455	0.472182	ǏǅǏ
9	0.555908	0.458695	0.622667	0.472182	ǔǓǏǅǌǅǒǓ
9	0.627110	0.458695	0.644606	0.472182	ǒǅ
9	0.649047	0.458695	0.674320	0.472182	ƵǍǖ
9	0.678774	0.458695	0.696090	0.472182	13
9	0.700550	0.458695	0.747046	0.472182	(VAM3)
9	0.751464	0.458695	0.776436	0.472182	ǍǐǍ
9	0.780882	0.458695	0.806155	0.472182	ƵǍǖ
9	0.810606	0.458695	0.827922	0.472182	14
9	0.832374	0.458695	0.882105	0.472182	(VAM4).
9	0.147023	0.472551	0.224253	0.486038	ƴǓǏǅǌǅǒǍǊ
9	0.237827	0.472551	0.344834	0.486038	ǖǓǔǕǓǗǍǇǐǊǒǍǤ
9	0.358424	0.472551	0.411315	0.486038	ǉǓǐǋǒǓ
9	0.424889	0.472551	0.458407	0.486038	ǆǠǗǡ
9	0.471998	0.472551	0.515291	0.486038	ǕǅǇǒǓ
9	0.528858	0.472551	0.567610	0.486038	ǒǘǐǣ,
9	0.581194	0.472551	0.647544	0.486038	ǘǏǅǌǠǇǅǤ
9	0.661118	0.472551	0.678614	0.486038	ǒǅ
9	0.692203	0.472551	0.782744	0.486038	ǍǖǔǕǅǇǒǓǖǗǡ
9	0.796319	0.472551	0.882074	0.486038	ǖǓǊǉǍǒǊǒǍǎ
9	0.147023	0.486408	0.262034	0.499895	ǍǌǑǊǕǍǗǊǐǡǒǓǈǓ
9	0.265824	0.486408	0.309306	0.499895	ǋǈǘǗǅ.
9	0.117621	0.514121	0.129743	0.527608	h.
9	0.147023	0.514121	0.232422	0.527608	ƴǓǉǏǐǣǜǍǗǡ
9	0.248640	0.514121	0.277425	0.527608	Ǟǘǔ
9	0.282828	0.514121	0.374318	0.527608	ǑǘǐǡǗǍǑǊǗǕǅ
9	0.390505	0.514121	0.397513	0.527608	Ǐ
9	0.413733	0.514121	0.474840	0.527608	ǏǓǒǗǅǏǗǘ
9	0.491029	0.514120	0.499686	0.527607	4
9	0.515890	0.514120	0.575700	0.527607	ǝǗǊǏǊǕǅ
9	0.591930	0.514120	0.626069	0.527607	VAM,
9	0.642253	0.514120	0.651009	0.527607	Ǎ
9	0.667229	0.514120	0.716975	0.527607	ǇǗǓǕǓǎ
9	0.733187	0.514120	0.761972	0.527607	Ǟǘǔ
9	0.767375	0.514120	0.858865	0.527607	ǑǘǐǡǗǍǑǊǗǕǅ
9	0.875052	0.514120	0.882060	0.527607	Ǐ
9	0.147009	0.527977	0.282405	0.541463	ǖǓǓǗǇǊǗǖǗǇǘǣǞǊǑǘ
9	0.286848	0.527977	0.347955	0.541463	ǏǓǒǗǅǏǗǘ
9	0.352398	0.527977	0.414463	0.541463	ǕǅǌǟǊǑǅ
9	0.418893	0.527977	0.439227	0.541463	CN
9	0.443682	0.527977	0.494310	0.541463	ǔǅǒǊǐǍ
9	0.498747	0.527977	0.524077	0.541463	ICP,
9	0.528526	0.527977	0.551440	0.541463	ǏǅǏ
9	0.555893	0.527977	0.622652	0.541463	ǔǓǏǅǌǅǒǓ
9	0.627095	0.527977	0.644591	0.541463	ǒǅ
9	0.649032	0.527977	0.674305	0.541463	ƵǍǖ
9	0.678764	0.527977	0.696080	0.541463	13
9	0.700540	0.527977	0.747036	0.541463	(VAM3)
9	0.751449	0.527977	0.776421	0.541463	ǍǐǍ
9	0.780868	0.527977	0.806140	0.541463	ƵǍǖ
9	0.810591	0.527977	0.827908	0.541463	14
9	0.832359	0.527977	0.882090	0.541463	(VAM4).
9	0.147009	0.541833	0.224238	0.555320	ƴǓǏǅǌǅǒǍǊ
9	0.237812	0.541833	0.344819	0.555320	ǖǓǔǕǓǗǍǇǐǊǒǍǤ
9	0.358409	0.541833	0.411300	0.555320	ǉǓǐǋǒǓ
9	0.424874	0.541833	0.458393	0.555320	ǆǠǗǡ
9	0.471983	0.541833	0.515276	0.555320	ǕǅǇǒǓ
9	0.528843	0.541833	0.567595	0.555320	ǒǘǐǣ,
9	0.581179	0.541833	0.647529	0.555320	ǘǏǅǌǠǇǅǤ
9	0.661103	0.541833	0.678599	0.555320	ǒǅ
9	0.692188	0.541833	0.782730	0.555320	ǍǖǔǕǅǇǒǓǖǗǡ
9	0.796304	0.541833	0.882059	0.555320	ǖǓǊǉǍǒǊǒǍǎ
9	0.147009	0.555689	0.262020	0.569176	ǍǌǑǊǕǍǗǊǐǡǒǓǈǓ
9	0.265809	0.555689	0.309292	0.569176	ǋǈǘǗǅ.
9	0.117607	0.583402	0.124271	0.596889	i.
9	0.147009	0.583402	0.232407	0.596889	ƴǓǉǏǐǣǜǍǗǡ
9	0.249720	0.583402	0.278504	0.596889	Ǟǘǔ
9	0.284251	0.583402	0.375740	0.596889	ǑǘǐǡǗǍǑǊǗǕǅ
9	0.381490	0.583402	0.388497	0.596889	Ǐ
9	0.405796	0.583402	0.466903	0.596889	ǏǓǒǗǅǏǗǘ
9	0.484199	0.583402	0.492857	0.596889	5
9	0.510138	0.583402	0.569949	0.596889	ǝǗǊǏǊǕǅ
9	0.587247	0.583402	0.621386	0.596889	VAM,
9	0.638658	0.583402	0.647413	0.596889	Ǎ
9	0.664695	0.583402	0.714442	0.596889	ǇǗǓǕǓǎ
9	0.731748	0.583402	0.760533	0.596889	Ǟǘǔ
9	0.766296	0.583402	0.857785	0.596889	ǑǘǐǡǗǍǑǊǗǕǅ
9	0.875051	0.583402	0.882058	0.596889	Ǐ
9	0.147007	0.597259	0.282403	0.610746	ǖǓǓǗǇǊǗǖǗǇǘǣǞǊǑǘ
9	0.286846	0.597259	0.347954	0.610746	ǏǓǒǗǅǏǗǘ
9	0.352397	0.597259	0.414461	0.610746	ǕǅǌǟǊǑǅ
9	0.418891	0.597259	0.439226	0.610746	CN
9	0.443680	0.597259	0.494309	0.610746	ǔǅǒǊǐǍ
9	0.498745	0.597259	0.524075	0.610746	ICP,
9	0.528525	0.597259	0.551439	0.610746	ǏǅǏ
9	0.555891	0.597259	0.622650	0.610746	ǔǓǏǅǌǅǒǓ
9	0.627093	0.597259	0.644589	0.610746	ǒǅ
9	0.649030	0.597259	0.674303	0.610746	ƵǍǖ
9	0.678762	0.597259	0.696079	0.610746	13
9	0.700538	0.597259	0.747034	0.610746	(VAM3)
9	0.751448	0.597259	0.776420	0.610746	ǍǐǍ
9	0.780866	0.597259	0.806139	0.610746	ƵǍǖ
9	0.810590	0.597259	0.827906	0.610746	14
9	0.832357	0.597259	0.882089	0.610746	(VAM4).
9	0.147007	0.611115	0.224236	0.624602	ƴǓǏǅǌǅǒǍǊ
9	0.237810	0.611115	0.344817	0.624602	ǖǓǔǕǓǗǍǇǐǊǒǍǤ
9	0.358408	0.611115	0.411299	0.624602	ǉǓǐǋǒǓ
9	0.424873	0.611115	0.458391	0.624602	ǆǠǗǡ
9	0.471981	0.611115	0.515274	0.624602	ǕǅǇǒǓ
9	0.528841	0.611115	0.567593	0.624602	ǒǘǐǣ,
9	0.581177	0.611115	0.647528	0.624602	ǘǏǅǌǠǇǅǤ
9	0.661102	0.611115	0.678597	0.624602	ǒǅ
9	0.692186	0.611115	0.782728	0.624602	ǍǖǔǕǅǇǒǓǖǗǡ
9	0.796302	0.611115	0.882058	0.624602	ǖǓǊǉǍǒǊǒǍǎ
9	0.147007	0.624972	0.262018	0.638459	ǍǌǑǊǕǍǗǊǐǡǒǓǈǓ
9	0.265808	0.624972	0.309290	0.638459	ǋǈǘǗǅ.
9	0.117605	0.652684	0.124269	0.666171	j.
9	0.147007	0.652684	0.249814	0.666171	ƴǓǉǖǓǊǉǍǒǍǗǡ
9	0.257431	0.652684	0.281737	0.666171	ǇǖǊ
9	0.285527	0.652684	0.379058	0.666171	ǓǗǏǐǣǜǊǒǒǠǊ
9	0.386640	0.652684	0.450387	0.666171	ǕǅǌǟǊǑǠ
9	0.454144	0.652684	0.462899	0.666171	Ǎ
9	0.466689	0.652684	0.546368	0.666171	ǔǕǓǇǓǉǒǠǊ
9	0.550158	0.652684	0.638053	0.666171	ǖǓǊǉǍǒǊǒǍǤ.
9	0.088219	0.680397	0.100114	0.693884	6.
9	0.117621	0.680397	0.143025	0.693884	ƩǐǤ
9	0.149996	0.680397	0.217360	0.693884	ǔǕǓǇǊǕǏǍ
9	0.224351	0.680397	0.293418	0.693884	ǔǕǓǇǓǉǓǇ
9	0.300404	0.680397	0.415415	0.693884	ǍǌǑǊǕǍǗǊǐǡǒǓǈǓ
9	0.422390	0.680397	0.465872	0.693884	ǋǈǘǗǅ,
9	0.472863	0.680397	0.547544	0.693884	ǌǅǑǏǒǘǗǠǚ
9	0.554519	0.680397	0.627668	0.693884	ǒǅǏǓǕǓǗǏǓ
9	0.634656	0.680397	0.680513	0.693884	ǑǊǋǉǘ
9	0.687498	0.680397	0.730435	0.693884	ǖǓǆǓǎ
9	0.737416	0.680397	0.752622	0.693884	ǓǗ
9	0.759598	0.680397	0.819409	0.693884	ǝǗǊǏǊǕǅ
9	0.826398	0.680397	0.857300	0.693884	VAM
9	0.864270	0.680397	0.882071	0.693884	ǉǓ
9	0.117621	0.694254	0.179686	0.707741	ǕǅǌǟǊǑǅ
9	0.183451	0.694254	0.213274	0.707741	CNC
9	0.217064	0.694254	0.267693	0.707741	ǔǅǒǊǐǍ
9	0.271477	0.694254	0.296812	0.707741	ICP:
9	0.117621	0.721967	0.129759	0.735454	a.
9	0.147023	0.721967	0.199669	0.735454	ƶǑǓǗǕǍ
9	0.214975	0.721967	0.240247	0.735454	ƵǍǖ
9	0.255559	0.721967	0.276111	0.735454	10,
9	0.291404	0.721967	0.348346	0.735454	ǇǊǕǚǒǤǤ
9	0.363651	0.721967	0.404118	0.735454	ǐǊǇǅǤ
9	0.419417	0.721967	0.481308	0.735454	ǔǓǌǍǛǍǤ,
9	0.496614	0.721967	0.520651	0.735454	ǈǉǊ
9	0.535963	0.721967	0.613356	0.735454	ǔǕǍǇǊǉǊǒǓ
9	0.628661	0.721967	0.721621	0.735454	ǓǆǓǌǒǅǜǊǒǍǊ
9	0.736926	0.721967	0.806955	0.735454	ǏǓǒǗǅǏǗǓǇ
9	0.822274	0.721967	0.882084	0.735454	ǝǗǊǏǊǕǅ
9	0.147023	0.735823	0.262034	0.749310	ǍǌǑǊǕǍǗǊǐǡǒǓǈǓ
9	0.265824	0.735823	0.306072	0.749310	ǋǈǘǗǅ
9	0.309863	0.735823	0.343997	0.749310	VAM.
9	0.347787	0.735823	0.373292	0.749310	ƧǖǊ
9	0.377078	0.735823	0.444441	0.749310	ǔǕǓǇǊǕǏǍ
9	0.448231	0.735823	0.546025	0.749310	ǔǕǓǍǌǇǓǉǤǗǖǤ
9	0.549831	0.735823	0.567327	0.749310	ǒǅ
9	0.571118	0.735823	0.630340	0.749310	ǝǗǊǏǊǕǊ
9	0.634101	0.735823	0.749112	0.749310	ǍǌǑǊǕǍǗǊǐǡǒǓǈǓ
9	0.752901	0.735823	0.793149	0.749310	ǋǈǘǗǅ
9	0.796941	0.735823	0.831075	0.749310	VAM.
9	0.117621	0.763536	0.129759	0.777023	b.
9	0.147023	0.763536	0.261414	0.777023	ƵǅǌǆǐǓǏǍǕǓǇǅǗǡ
9	0.265203	0.763536	0.273959	0.777023	Ǎ
9	0.277748	0.763536	0.333311	0.777023	ǍǌǇǐǊǜǡ
9	0.337091	0.763536	0.353065	0.777023	Ǎǌ
9	0.356853	0.763536	0.405611	0.777023	ǈǒǊǌǉǅ
9	0.409402	0.763536	0.440304	0.777023	VAM
9	0.444093	0.763536	0.494992	0.777023	ǝǗǊǏǊǕ
9	0.498781	0.763536	0.613792	0.777023	ǍǌǑǊǕǍǗǊǐǡǒǓǈǓ
9	0.617582	0.763536	0.657836	0.777023	ǋǈǘǗǅ
9	0.661626	0.763536	0.695760	0.777023	VAM.
9	0.117621	0.791249	0.128730	0.804736	c.
9	0.147023	0.791249	0.261414	0.804736	ƵǅǌǆǐǓǏǍǕǓǇǅǗǡ
9	0.266853	0.791249	0.275608	0.804736	Ǎ
9	0.281048	0.791249	0.336611	0.804736	ǍǌǇǐǊǜǡ
9	0.342041	0.791249	0.468388	0.804736	ǖǓǓǗǇǊǗǖǗǇǘǣǞǍǎ
9	0.473843	0.791249	0.527004	0.804736	ǕǅǌǟǊǑ
9	0.532432	0.791249	0.552767	0.804736	CN
9	0.558217	0.791249	0.574191	0.804736	Ǎǌ
9	0.579625	0.791249	0.638325	0.804736	ǇǊǕǚǒǊǎ
9	0.643755	0.791249	0.683682	0.804736	ǜǅǖǗǍ
9	0.689115	0.791249	0.739744	0.804736	ǔǅǒǊǐǍ
9	0.745200	0.791249	0.770530	0.804736	ICP.
9	0.775966	0.791249	0.828612	0.804736	ƶǑǓǗǕǍ
9	0.834051	0.791249	0.859324	0.804736	ƵǍǖ
9	0.864770	0.791249	0.882087	0.804736	13
9	0.147023	0.805105	0.193511	0.818592	(VAM3)
9	0.201058	0.805105	0.209813	0.818592	Ǎ
9	0.217376	0.805105	0.242649	0.818592	ƵǍǖ
9	0.250203	0.805105	0.267518	0.818592	14
9	0.275071	0.805105	0.324793	0.818592	(VAM4),
9	0.332346	0.805105	0.356384	0.818592	ǈǉǊ
9	0.363929	0.805105	0.432501	0.818592	ǔǓǏǅǌǅǒǠ
9	0.440064	0.805105	0.536829	0.818592	ǔǕǓǇǊǕǤǊǑǠǊ
9	0.544376	0.805105	0.616056	0.818592	ǇǠǚǓǉǒǠǊ
9	0.623614	0.805105	0.687351	0.818592	ǏǓǒǗǅǏǗǠ
9	0.694911	0.805105	0.725812	0.818592	VAM
9	0.733370	0.805105	0.742126	0.818592	Ǎ
9	0.749684	0.805105	0.810781	0.818592	ǇǚǓǉǒǠǊ
9	0.818337	0.805105	0.882074	0.818592	ǏǓǒǗǅǏǗǠ
9	0.147024	0.818962	0.209088	0.832449	ǕǅǌǟǊǑǅ
9	0.212853	0.818962	0.233189	0.832449	CN
9	0.236981	0.818962	0.262315	0.832449	ICP.
9	0.117622	0.846675	0.129760	0.860162	d.
9	0.147024	0.846675	0.226997	0.860162	ƸǖǗǅǒǓǇǍǗǡ
9	0.230819	0.846675	0.313390	0.860162	ǑǘǐǡǗǍǑǊǗǕ
9	0.317181	0.846675	0.349553	0.860162	VOM
9	0.353343	0.846675	0.370838	0.860162	ǒǅ
9	0.374630	0.846675	0.423707	0.860162	ǒǍǌǏǍǎ
9	0.427503	0.846675	0.485892	0.860162	ǘǕǓǇǊǒǡ
9	0.489672	0.846675	0.566489	0.860162	ǍǌǑǊǕǊǒǍǤ
9	0.570266	0.846675	0.677273	0.860162	ǖǓǔǕǓǗǍǇǐǊǒǍǤ
9	0.681064	0.846675	0.739698	0.860162	(ǑǊǒǡǝǊ
9	0.743462	0.846675	0.760780	0.860162	10
9	0.764548	0.846675	0.799043	0.860162	ƳǑ).).
10	0.804862	0.100484	0.909328	0.113971	GET-6903A_RU
10	0.120053	0.114340	0.164634	0.127827	ƴǓǍǖǏ
10	0.168348	0.114340	0.177568	0.127827	Ǎ
10	0.181282	0.114340	0.265932	0.127827	ǘǖǗǕǅǒǊǒǍǊ
10	0.269661	0.114340	0.388998	0.127827	ǒǊǍǖǔǕǅǇǒǓǖǗǊǎ
10	0.392712	0.114340	0.442736	0.127827	ǝǏǅǙǅ
10	0.446450	0.114340	0.532605	0.127827	ǘǔǕǅǇǐǊǒǍǤ
10	0.536349	0.114340	0.552821	0.127827	ǖǓ
10	0.556535	0.114340	0.638766	0.127827	ǖǉǇǓǊǒǒǠǑ
10	0.641952	0.114340	0.674575	0.127827	IGBT
10	0.678817	0.114340	0.766093	0.127827	ǍǒǇǊǕǗǊǕǓǑ
10	0.769312	0.114340	0.831544	0.127827	17KG535
10	0.835757	0.114340	0.844977	0.127827	Ǎ
10	0.865662	0.114340	0.885466	0.127827	.*
10	0.147010	0.139998	0.158561	0.153485	e.
10	0.176412	0.139998	0.261810	0.153485	ƴǓǉǏǐǣǜǍǗǡ
10	0.265549	0.139998	0.294333	0.153485	Ǟǘǔ
10	0.298071	0.139998	0.389560	0.153485	ǑǘǐǡǗǍǑǊǗǕǅ
10	0.393268	0.139998	0.400276	0.153485	Ǐ
10	0.404016	0.139998	0.465123	0.153485	ǏǓǒǗǅǏǗǘ
10	0.468864	0.139998	0.477521	0.153485	1
10	0.481237	0.139998	0.541048	0.153485	ǝǗǊǏǊǕǅ
10	0.544787	0.139998	0.633630	0.153485	ǖǍǈǒǅǐǡǒǓǈǓ
10	0.637354	0.139998	0.698435	0.153485	ǔǕǓǇǓǉǅ
10	0.702184	0.139998	0.736269	0.153485	VAM.
10	0.740049	0.139998	0.825447	0.153485	ƴǓǉǏǐǣǜǍǗǡ
10	0.829202	0.139998	0.878949	0.153485	ǇǗǓǕǓǎ
10	0.882681	0.139998	0.911466	0.153485	Ǟǘǔ
10	0.176412	0.153854	0.267901	0.167341	ǑǘǐǡǗǍǑǊǗǕǅ
10	0.281916	0.153854	0.405062	0.167341	ǔǓǖǐǊǉǓǇǅǗǊǐǡǒǓ
10	0.412085	0.153854	0.419093	0.167341	Ǐ
10	0.433124	0.153854	0.505470	0.167341	ǏǓǒǗǅǏǗǅǑ
10	0.519501	0.153854	0.579311	0.167341	ǝǗǊǏǊǕǅ
10	0.593333	0.153854	0.682176	0.167341	ǖǍǈǒǅǐǡǒǓǈǓ
10	0.689200	0.153854	0.750281	0.167341	ǔǕǓǇǓǉǅ
10	0.757300	0.153854	0.788204	0.167341	VAM
10	0.802239	0.153854	0.814131	0.167341	2,
10	0.828183	0.153854	0.840075	0.167341	3,
10	0.854111	0.153854	0.862768	0.167341	4
10	0.876785	0.153854	0.885540	0.167341	Ǎ
10	0.899574	0.153854	0.911469	0.167341	5.
10	0.176412	0.167711	0.253641	0.181197	ƴǓǏǅǌǅǒǍǊ
10	0.258770	0.167711	0.365777	0.181197	ǖǓǔǕǓǗǍǇǐǊǒǍǤ
10	0.370890	0.167711	0.423781	0.181197	ǉǓǐǋǒǓ
10	0.428910	0.167711	0.508410	0.181197	ǔǕǊǇǠǝǅǗǡ
10	0.513547	0.167711	0.539525	0.181197	100
10	0.544623	0.167711	0.575969	0.181197	ǏƳǑ,
10	0.581098	0.167711	0.647449	0.181197	ǘǏǅǌǠǇǅǤ
10	0.652578	0.167711	0.670074	0.181197	ǒǅ
10	0.675201	0.167711	0.752169	0.181197	ǓǗǖǘǗǖǗǇǍǊ
10	0.757282	0.167711	0.828405	0.181197	ǏǓǕǓǗǏǓǈǓ
10	0.833547	0.167711	0.911463	0.181197	ǌǅǑǠǏǅǒǍǤ
10	0.176412	0.181567	0.222269	0.195054	ǑǊǋǉǘ
10	0.226052	0.181567	0.306189	0.195054	ǔǕǓǇǓǉǅǑǍ
10	0.309979	0.181567	0.396470	0.195054	ǘǔǕǅǇǐǊǒǍǤ.
10	0.147010	0.209280	0.155097	0.222767	f.
10	0.176412	0.209280	0.261810	0.222767	ƴǓǉǏǐǣǜǍǗǡ
10	0.265549	0.209280	0.294334	0.222767	Ǟǘǔ
10	0.298071	0.209280	0.389560	0.222767	ǑǘǐǡǗǍǑǊǗǕǅ
10	0.393268	0.209280	0.400276	0.222767	Ǐ
10	0.404016	0.209280	0.465124	0.222767	ǏǓǒǗǅǏǗǘ
10	0.468864	0.209280	0.477521	0.222767	2
10	0.481237	0.209280	0.541048	0.222767	ǝǗǊǏǊǕǅ
10	0.544787	0.209280	0.633630	0.222767	ǖǍǈǒǅǐǡǒǓǈǓ
10	0.637354	0.209280	0.698435	0.222767	ǔǕǓǇǓǉǅ
10	0.702184	0.209280	0.736269	0.222767	VAM.
10	0.740049	0.209280	0.825447	0.222767	ƴǓǉǏǐǣǜǍǗǡ
10	0.829202	0.209280	0.878949	0.222767	ǇǗǓǕǓǎ
10	0.882681	0.209280	0.911466	0.222767	Ǟǘǔ
10	0.176412	0.223136	0.267901	0.236623	ǑǘǐǡǗǍǑǊǗǕǅ
10	0.279597	0.223136	0.402742	0.236623	ǔǓǖǐǊǉǓǇǅǗǊǐǡǒǓ
10	0.408606	0.223136	0.415614	0.236623	Ǐ
10	0.421478	0.223136	0.493823	0.236623	ǏǓǒǗǅǏǗǅǑ
10	0.505535	0.223136	0.565345	0.236623	ǝǗǊǏǊǕǅ
10	0.571183	0.223136	0.660026	0.236623	ǖǍǈǒǅǐǡǒǓǈǓ
10	0.665890	0.223136	0.726971	0.236623	ǔǕǓǇǓǉǅ
10	0.732840	0.223136	0.763745	0.236623	VAM
10	0.769604	0.223136	0.781496	0.236623	3,
10	0.787355	0.223136	0.796012	0.236623	4
10	0.801872	0.223136	0.810627	0.236623	Ǎ
10	0.816475	0.223136	0.828366	0.236623	5.
10	0.834217	0.223136	0.911446	0.236623	ƴǓǏǅǌǅǒǍǊ
10	0.176395	0.236993	0.283403	0.250480	ǖǓǔǕǓǗǍǇǐǊǒǍǤ
10	0.287747	0.236993	0.340638	0.250480	ǉǓǐǋǒǓ
10	0.349345	0.236993	0.428845	0.250480	ǔǕǊǇǠǝǅǗǡ
10	0.437548	0.236992	0.463527	0.250479	100
10	0.472210	0.236992	0.503556	0.250479	ǏƳǑ,
10	0.512262	0.236992	0.578613	0.250479	ǘǏǅǌǠǇǅǤ
10	0.587303	0.236992	0.604799	0.250479	ǒǅ
10	0.613503	0.236992	0.690471	0.250479	ǓǗǖǘǗǖǗǇǍǊ
10	0.699161	0.236992	0.770285	0.250479	ǏǓǕǓǗǏǓǈǓ
10	0.778988	0.236992	0.856903	0.250479	ǌǅǑǠǏǅǒǍǤ
10	0.865609	0.236992	0.911467	0.250479	ǑǊǋǉǘ
10	0.176409	0.250849	0.256546	0.264335	ǔǕǓǇǓǉǅǑǍ
10	0.260336	0.250849	0.346827	0.264335	ǘǔǕǅǇǐǊǒǍǤ.
10	0.147007	0.278561	0.159145	0.292048	g.
10	0.176409	0.278561	0.261808	0.292048	ƴǓǉǏǐǣǜǍǗǡ
10	0.265546	0.278561	0.294331	0.292048	Ǟǘǔ
10	0.298068	0.278561	0.389558	0.292048	ǑǘǐǡǗǍǑǊǗǕǅ
10	0.393266	0.278561	0.400273	0.292048	Ǐ
10	0.404014	0.278561	0.465121	0.292048	ǏǓǒǗǅǏǗǘ
10	0.468862	0.278561	0.477519	0.292048	3
10	0.481235	0.278561	0.541045	0.292048	ǝǗǊǏǊǕǅ
10	0.544784	0.278561	0.633627	0.292048	ǖǍǈǒǅǐǡǒǓǈǓ
10	0.637352	0.278561	0.698433	0.292048	ǔǕǓǇǓǉǅ
10	0.702181	0.278561	0.736267	0.292048	VAM.
10	0.740046	0.278561	0.825445	0.292048	ƴǓǉǏǐǣǜǍǗǡ
10	0.829200	0.278561	0.878946	0.292048	ǇǗǓǕǓǎ
10	0.882679	0.278561	0.911463	0.292048	Ǟǘǔ
10	0.176409	0.292418	0.267899	0.305905	ǑǘǐǡǗǍǑǊǗǕǅ
10	0.281293	0.292418	0.404438	0.305905	ǔǓǖǐǊǉǓǇǅǗǊǐǡǒǓ
10	0.411152	0.292418	0.418159	0.305905	Ǐ
10	0.424873	0.292418	0.497218	0.305905	ǏǓǒǗǅǏǗǅǑ
10	0.510629	0.292418	0.570439	0.305905	ǝǗǊǏǊǕǅ
10	0.583840	0.292418	0.672683	0.305905	ǖǍǈǒǅǐǡǒǓǈǓ
10	0.679396	0.292418	0.740478	0.305905	ǔǕǓǇǓǉǅ
10	0.747193	0.292418	0.778097	0.305905	VAM
10	0.784803	0.292418	0.793460	0.305905	4
10	0.800173	0.292418	0.808929	0.305905	Ǎ
10	0.815626	0.292418	0.827517	0.305905	5.
10	0.834231	0.292418	0.911460	0.305905	ƴǓǏǅǌǅǒǍǊ
10	0.176409	0.306274	0.283416	0.319761	ǖǓǔǕǓǗǍǇǐǊǒǍǤ
10	0.287761	0.306274	0.340652	0.319761	ǉǓǐǋǒǓ
10	0.349359	0.306274	0.428858	0.319761	ǔǕǊǇǠǝǅǗǡ
10	0.437558	0.306274	0.463536	0.319761	100
10	0.472210	0.306274	0.503556	0.319761	ǏƳǑ,
10	0.512262	0.306274	0.578613	0.319761	ǘǏǅǌǠǇǅǤ
10	0.587303	0.306274	0.604799	0.319761	ǒǅ
10	0.613503	0.306274	0.690471	0.319761	ǓǗǖǘǗǖǗǇǍǊ
10	0.699161	0.306274	0.770285	0.319761	ǏǓǕǓǗǏǓǈǓ
10	0.778988	0.306274	0.856903	0.319761	ǌǅǑǠǏǅǒǍǤ
10	0.865609	0.306274	0.911467	0.319761	ǑǊǋǉǘ
10	0.176409	0.320131	0.256546	0.333618	ǔǕǓǇǓǉǅǑǍ
10	0.260336	0.320131	0.346827	0.333618	ǘǔǕǅǇǐǊǒǍǤ.
10	0.147007	0.347844	0.159129	0.361330	h.
10	0.176409	0.347844	0.261807	0.361330	ƴǓǉǏǐǣǜǍǗǡ
10	0.265546	0.347844	0.294331	0.361330	Ǟǘǔ
10	0.298068	0.347844	0.389558	0.361330	ǑǘǐǡǗǍǑǊǗǕǅ
10	0.393266	0.347844	0.400273	0.361330	Ǐ
10	0.404014	0.347844	0.465121	0.361330	ǏǓǒǗǅǏǗǘ
10	0.468861	0.347844	0.477519	0.361330	4
10	0.481235	0.347844	0.541045	0.361330	ǝǗǊǏǊǕǅ
10	0.544784	0.347844	0.633627	0.361330	ǖǍǈǒǅǐǡǒǓǈǓ
10	0.637351	0.347844	0.698433	0.361330	ǔǕǓǇǓǉǅ
10	0.702181	0.347844	0.736266	0.361330	VAM.
10	0.740046	0.347844	0.825444	0.361330	ƴǓǉǏǐǣǜǍǗǡ
10	0.829200	0.347844	0.878946	0.361330	ǇǗǓǕǓǎ
10	0.882679	0.347844	0.911463	0.361330	Ǟǘǔ
10	0.176409	0.361700	0.267898	0.375187	ǑǘǐǡǗǍǑǊǗǕǅ
10	0.283792	0.361700	0.406937	0.375187	ǔǓǖǐǊǉǓǇǅǗǊǐǡǒǓ
10	0.414876	0.361700	0.421883	0.375187	Ǐ
10	0.437793	0.361700	0.510139	0.375187	ǏǓǒǗǅǏǗǅǑ
10	0.526048	0.361700	0.585859	0.375187	ǝǗǊǏǊǕǅ
10	0.593787	0.361700	0.682631	0.375187	ǖǍǈǒǅǐǡǒǓǈǓ
10	0.690585	0.361700	0.751667	0.375187	ǔǕǓǇǓǉǅ
10	0.759632	0.361700	0.790533	0.375187	VAM
10	0.806429	0.361700	0.818318	0.375187	5.
10	0.834231	0.361700	0.911461	0.375187	ƴǓǏǅǌǅǒǍǊ
10	0.176410	0.375557	0.283417	0.389043	ǖǓǔǕǓǗǍǇǐǊǒǍǤ
10	0.287762	0.375557	0.340653	0.389043	ǉǓǐǋǒǓ
10	0.349359	0.375557	0.428859	0.389043	ǔǕǊǇǠǝǅǗǡ
10	0.437559	0.375557	0.463537	0.389043	100
10	0.472211	0.375557	0.503556	0.389043	ǏƳǑ,
10	0.512263	0.375557	0.578613	0.389043	ǘǏǅǌǠǇǅǤ
10	0.587303	0.375557	0.604799	0.389043	ǒǅ
10	0.613504	0.375557	0.690472	0.389043	ǓǗǖǘǗǖǗǇǍǊ
10	0.699162	0.375557	0.770285	0.389043	ǏǓǕǓǗǏǓǈǓ
10	0.778988	0.375557	0.856904	0.389043	ǌǅǑǠǏǅǒǍǤ
10	0.865610	0.375557	0.911467	0.389043	ǑǊǋǉǘ
10	0.176410	0.389413	0.256547	0.402900	ǔǕǓǇǓǉǅǑǍ
10	0.260336	0.389413	0.346827	0.402900	ǘǔǕǅǇǐǊǒǍǤ.
10	0.147008	0.417126	0.153672	0.430613	i.
10	0.176410	0.417126	0.279217	0.430613	ƴǓǉǖǓǊǉǍǒǍǗǡ
10	0.286834	0.417126	0.311140	0.430613	ǇǖǊ
10	0.314929	0.417126	0.408460	0.430613	ǓǗǏǐǣǜǊǒǒǠǊ
10	0.416043	0.417126	0.479790	0.430613	ǕǅǌǟǊǑǠ
10	0.483547	0.417126	0.492302	0.430613	Ǎ
10	0.496092	0.417126	0.575771	0.430613	ǔǕǓǇǓǉǒǠǊ
10	0.579561	0.417126	0.667456	0.430613	ǖǓǊǉǍǒǊǒǍǤ.
10	0.117622	0.444839	0.129517	0.458326	7.
10	0.147024	0.444839	0.172427	0.458326	ƩǐǤ
10	0.176219	0.444839	0.243582	0.458326	ǔǕǓǇǊǕǏǍ
10	0.247372	0.444839	0.307848	0.458326	ǇǚǓǉǒǠǚ
10	0.311659	0.444839	0.380726	0.458326	ǔǕǓǇǓǉǓǇ
10	0.384529	0.444839	0.415430	0.458326	VAM
10	0.419220	0.444839	0.437887	0.458326	(ǓǗ
10	0.441677	0.444839	0.470180	0.458326	VH1
10	0.473971	0.444839	0.491773	0.458326	ǉǓ
10	0.495561	0.444839	0.530761	0.458326	VH5):
10	0.147024	0.472552	0.159162	0.486038	a.
10	0.176426	0.472552	0.238726	0.486038	ƧǚǓǉǒǠǊ
10	0.242319	0.472552	0.303400	0.486038	ǔǕǓǇǓǉǅ
10	0.307004	0.472552	0.347154	0.486038	ǑǓǈǘǗ
10	0.350747	0.472552	0.429447	0.486038	ǓǖǗǅǇǅǗǡǖǤ
10	0.433040	0.472552	0.450536	0.486038	ǒǅ
10	0.454128	0.472552	0.514605	0.486038	ǇǚǓǉǒǠǚ
10	0.518208	0.472552	0.586274	0.486038	ǝǔǍǐǡǏǅǚ
10	0.589863	0.472552	0.623997	0.486038	VAM,
10	0.627584	0.472552	0.660852	0.486038	ǔǓǏǅ
10	0.664467	0.472552	0.734776	0.486038	ǇǠǚǓǉǒǓǎ
10	0.738381	0.472552	0.789279	0.486038	ǝǗǊǏǊǕ
10	0.796466	0.472552	0.911477	0.486038	ǍǌǑǊǕǍǗǊǐǡǒǓǈǓ
10	0.176426	0.486408	0.216674	0.499895	ǋǈǘǗǅ
10	0.220465	0.486408	0.251367	0.499895	VAM
10	0.255156	0.486408	0.321197	0.499895	ǓǗǏǐǣǜǊǒ
10	0.324986	0.486408	0.340192	0.499895	ǓǗ
10	0.343985	0.486408	0.384896	0.499895	ǆǐǓǏǅ
10	0.388686	0.486408	0.422820	0.499895	VAM.
10	0.147024	0.514121	0.159162	0.527608	b.
10	0.176426	0.514121	0.256400	0.527608	ƸǖǗǅǒǓǇǍǗǡ
10	0.260189	0.514121	0.342760	0.527608	ǑǘǐǡǗǍǑǊǗǕ
10	0.346551	0.514121	0.378923	0.527608	VOM
10	0.382712	0.514121	0.400208	0.527608	ǒǅ
10	0.403999	0.514121	0.453076	0.527608	ǒǍǌǏǍǎ
10	0.456873	0.514121	0.515262	0.527608	ǘǕǓǇǊǒǡ
10	0.519041	0.514121	0.595859	0.527608	ǍǌǑǊǕǊǒǍǤ
10	0.599636	0.514121	0.706643	0.527608	ǖǓǔǕǓǗǍǇǐǊǒǍǤ
10	0.710434	0.514121	0.769068	0.527608	(ǑǊǒǡǝǊ
10	0.772832	0.514121	0.790150	0.527608	10
10	0.793918	0.514121	0.821717	0.527608	ƳǑ).
10	0.117606	0.541834	0.223600	0.555321	ƴƵƭƱƪƼƥƲƭƪ:
10	0.227945	0.541834	0.289681	0.555321	ƶǑǓǗǕǍ
10	0.294018	0.541834	0.319856	0.555321	ƵǍǖ
10	0.324201	0.541834	0.343528	0.555321	13,
10	0.347856	0.541834	0.372453	0.555321	ǈǉǊ
10	0.381146	0.541834	0.460698	0.555321	ǔǕǍǇǊǉǊǒǅ
10	0.465056	0.541834	0.560890	0.555321	ǍǒǙǓǕǑǅǛǍǤ
10	0.565235	0.541834	0.574170	0.555321	Ǔ
10	0.578515	0.541834	0.678498	0.555321	ǔǓǉǏǐǣǜǊǒǍǍ
10	0.682845	0.541834	0.726383	0.555321	VAM3,
10	0.730720	0.541834	0.739851	0.555321	Ǎ
10	0.744196	0.541834	0.770034	0.555321	ƵǍǖ
10	0.774362	0.541834	0.794261	0.555321	14,
10	0.798593	0.541834	0.823189	0.555321	ǈǉǊ
10	0.831895	0.541834	0.911447	0.555321	ǔǕǍǇǊǉǊǒǅ
10	0.117606	0.555690	0.213440	0.569177	ǍǒǙǓǕǑǅǛǍǤ
10	0.217229	0.555690	0.226164	0.569177	Ǔ
10	0.229954	0.555690	0.329937	0.569177	ǔǓǉǏǐǣǜǊǒǍǍ
10	0.333729	0.555690	0.378018	0.569177	VAM4.
10	0.147008	0.583403	0.158117	0.596890	c.
10	0.176410	0.583403	0.261808	0.596890	ƴǓǉǏǐǣǜǍǗǡ
10	0.265710	0.583403	0.294495	0.596890	Ǟǘǔ
10	0.298379	0.583403	0.389868	0.596890	ǑǘǐǡǗǍǑǊǗǕǅ
10	0.393723	0.583403	0.400731	0.596890	Ǐ
10	0.404618	0.583403	0.446177	0.596890	ǇǚǓǉǘ
10	0.450076	0.583403	0.478576	0.596890	VH1
10	0.482460	0.583403	0.513362	0.596890	VAM
10	0.517246	0.583403	0.538203	0.596890	(ǒǅ
10	0.542099	0.583403	0.581661	0.596890	VAM3
10	0.585539	0.583403	0.610511	0.596890	ǍǐǍ
10	0.614395	0.583403	0.660655	0.596890	VAM4),
10	0.664541	0.583403	0.673296	0.596890	Ǎ
10	0.677192	0.583403	0.726938	0.596890	ǇǗǓǕǓǎ
10	0.730834	0.583403	0.759619	0.596890	Ǟǘǔ
10	0.763487	0.583403	0.770494	0.596890	Ǐ
10	0.774382	0.583403	0.834516	0.596890	ǔǕǓǇǓǉǘ
10	0.838413	0.583403	0.911461	0.596890	ǍǖǗǓǜǒǍǏǅ
10	0.176410	0.597259	0.200565	0.610746	ǉǐǤ
10	0.204806	0.597259	0.236538	0.610746	VH1.
10	0.240779	0.597259	0.260442	0.610746	Ʋǅ
10	0.264688	0.597259	0.304250	0.610746	VAM3
10	0.308498	0.597259	0.391739	0.610746	ǔǓǉǏǐǣǜǍǗǡ
10	0.396010	0.597259	0.445757	0.610746	ǇǗǓǕǓǎ
10	0.450012	0.597259	0.478797	0.610746	Ǟǘǔ
10	0.483057	0.597259	0.574546	0.610746	ǑǘǐǡǗǍǑǊǗǕǅ
10	0.578777	0.597259	0.585784	0.610746	Ǐ
10	0.590031	0.597259	0.625384	0.610746	ǙǅǌǊ
10	0.629626	0.597259	0.638969	0.610746	ƥ
10	0.643216	0.597259	0.696311	0.610746	ǇǠǚǓǉǅ
10	0.700566	0.597259	0.764570	0.610746	ǈǐǅǇǒǓǈǓ
10	0.768828	0.597259	0.851577	0.610746	ǈǊǒǊǕǅǗǓǕǅ
10	0.855804	0.597259	0.911444	0.610746	(ǔǕǓǇǓǉ
10	0.176393	0.611116	0.192189	0.624603	ǵ
10	0.199383	0.611116	0.239810	0.624603	T106),
10	0.247004	0.611116	0.302019	0.624603	ǑǓǉǘǐǣ
10	0.309209	0.611116	0.401989	0.624603	ǇǠǔǕǤǑǍǗǊǐǤ
10	0.409192	0.611116	0.427618	0.624603	RA
10	0.434805	0.611116	0.459777	0.624603	ǍǐǍ
10	0.466984	0.611116	0.517612	0.624603	ǔǅǒǊǐǍ
10	0.524791	0.611116	0.617571	0.624603	ǇǠǔǕǤǑǍǗǊǐǤ
10	0.624775	0.611116	0.654464	0.624603	(RD).
10	0.661658	0.611116	0.681321	0.624603	Ʋǅ
10	0.688523	0.611116	0.728085	0.624603	VAM4
10	0.735277	0.611116	0.818518	0.624603	ǔǓǉǏǐǣǜǍǗǡ
10	0.825721	0.611116	0.875468	0.624603	ǇǗǓǕǓǎ
10	0.882663	0.611116	0.911448	0.624603	Ǟǘǔ
10	0.176394	0.624972	0.267883	0.638459	ǑǘǐǡǗǍǑǊǗǕǅ
10	0.273910	0.624972	0.280918	0.638459	Ǐ
10	0.286978	0.624972	0.346703	0.638459	ǇǚǓǉǒǓǎ
10	0.352757	0.624972	0.404447	0.638459	ǏǐǊǑǑǊ
10	0.410496	0.624972	0.444395	0.638459	AFSE
10	0.450453	0.624972	0.477947	0.638459	AC1
10	0.484006	0.624972	0.539623	0.638459	(ǔǕǓǇǓǉ
10	0.545667	0.624972	0.561462	0.638459	ǵ
10	0.567529	0.624972	0.616624	0.638459	T2002).
10	0.622651	0.624972	0.699880	0.638459	ƴǓǏǅǌǅǒǍǊ
10	0.705924	0.624972	0.812931	0.638459	ǖǓǔǕǓǗǍǇǐǊǒǍǤ
10	0.818991	0.624972	0.871882	0.638459	ǉǓǐǋǒǓ
10	0.877926	0.624972	0.911444	0.638459	ǆǠǗǡ
10	0.176393	0.638829	0.234649	0.652316	ǆǐǍǌǏǍǑ
10	0.238448	0.638829	0.245456	0.652316	Ǐ
10	0.249245	0.638829	0.284761	0.652316	ǒǘǐǣ
10	0.288552	0.638829	0.310846	0.652316	ǓǑ,
10	0.314629	0.638829	0.380979	0.652316	ǘǏǅǌǠǇǅǤ
10	0.384769	0.638829	0.402265	0.652316	ǒǅ
10	0.406056	0.638829	0.424498	0.652316	ǗǓ,
10	0.428281	0.638829	0.451446	0.652316	ǜǗǓ
10	0.455239	0.638829	0.507428	0.652316	ǔǕǓǇǓǉ
10	0.511217	0.638829	0.526423	0.652316	ǓǗ
10	0.530211	0.638829	0.572717	0.652316	ǇǚǓǉǅ
10	0.576524	0.638829	0.605028	0.652316	VH1
10	0.608819	0.638829	0.639724	0.652316	VAM
10	0.643515	0.638829	0.720744	0.652316	ǔǓǉǏǐǣǜǊǒ
10	0.724534	0.638829	0.731541	0.652316	Ǐ
10	0.735331	0.638829	0.773815	0.652316	ǗǓǜǏǊ
10	0.777605	0.638829	0.857639	0.652316	ǍǌǑǊǕǊǒǍǤ.
10	0.146991	0.666542	0.159129	0.680028	d.
10	0.176393	0.666542	0.261792	0.680028	ƴǓǉǏǐǣǜǍǗǡ
10	0.265531	0.666542	0.294315	0.680028	Ǟǘǔ
10	0.298020	0.666542	0.389509	0.680028	ǑǘǐǡǗǍǑǊǗǕǅ
10	0.393217	0.666542	0.400225	0.680028	Ǐ
10	0.403949	0.666542	0.445507	0.680028	ǇǚǓǉǘ
10	0.449236	0.666542	0.477707	0.680028	VH2
10	0.481407	0.666542	0.515497	0.680028	VAM,
10	0.519303	0.666542	0.569049	0.680028	ǇǗǓǕǓǎ
10	0.572782	0.666542	0.601566	0.680028	Ǟǘǔ
10	0.605287	0.666542	0.696777	0.680028	ǑǘǐǡǗǍǑǊǗǕǅ
10	0.700468	0.666542	0.707476	0.680028	Ǐ
10	0.711200	0.666542	0.771334	0.680028	ǔǕǓǇǓǉǘ
10	0.775068	0.666542	0.848116	0.680028	ǍǖǗǓǜǒǍǏǅ
10	0.851824	0.666542	0.875979	0.680028	ǉǐǤ
10	0.879697	0.666542	0.911356	0.680028	VH2.
10	0.176394	0.680398	0.196057	0.693885	Ʋǅ
10	0.200286	0.680398	0.239848	0.693885	VAM3
10	0.244080	0.680398	0.327321	0.693885	ǔǓǉǏǐǣǜǍǗǡ
10	0.331538	0.680398	0.381285	0.693885	ǇǗǓǕǓǎ
10	0.385524	0.680398	0.414308	0.693885	Ǟǘǔ
10	0.418552	0.680398	0.510041	0.693885	ǑǘǐǡǗǍǑǊǗǕǅ
10	0.514256	0.680398	0.521263	0.693885	Ǐ
10	0.525477	0.680398	0.560830	0.693885	ǙǅǌǊ
10	0.565056	0.680398	0.574366	0.693885	Ƨ
10	0.578597	0.680398	0.631692	0.693885	ǇǠǚǓǉǅ
10	0.635931	0.680398	0.699946	0.693885	ǈǐǅǇǒǓǈǓ
10	0.704176	0.680398	0.786925	0.693885	ǈǊǒǊǕǅǗǓǕǅ
10	0.791120	0.680398	0.846760	0.693885	(ǔǕǓǇǓǉ
10	0.850991	0.680398	0.866786	0.693885	ǵ
10	0.871023	0.680398	0.911459	0.693885	T206),
10	0.176394	0.694254	0.231408	0.707741	ǑǓǉǘǐǣ
10	0.235361	0.694254	0.328141	0.707741	ǇǠǔǕǤǑǍǗǊǐǤ
10	0.332077	0.694254	0.350470	0.707741	RB
10	0.354423	0.694254	0.379395	0.707741	ǍǐǍ
10	0.383335	0.694254	0.433964	0.707741	ǔǅǒǊǐǍ
10	0.437908	0.694254	0.530688	0.707741	ǇǠǔǕǤǑǍǗǊǐǤ
10	0.534641	0.694254	0.564331	0.707741	(RD).
10	0.568282	0.694254	0.587945	0.707741	Ʋǅ
10	0.591897	0.694254	0.631459	0.707741	VAM4
10	0.635413	0.694254	0.718654	0.707741	ǔǓǉǏǐǣǜǍǗǡ
10	0.722585	0.694254	0.772332	0.707741	ǇǗǓǕǓǎ
10	0.776293	0.694254	0.805078	0.707741	Ǟǘǔ
10	0.809011	0.694254	0.900500	0.707741	ǑǘǐǡǗǍǑǊǗǕǅ
10	0.904437	0.694254	0.911444	0.707741	Ǐ
10	0.176393	0.708111	0.236119	0.721598	ǇǚǓǉǒǓǎ
10	0.240817	0.708111	0.292507	0.721598	ǏǐǊǑǑǊ
10	0.297195	0.708111	0.331094	0.721598	AFSE
10	0.335792	0.708111	0.363286	0.721598	AC2
10	0.372688	0.708109	0.428289	0.721596	(ǔǕǓǇǓǉ
10	0.432977	0.708109	0.448772	0.721596	ǵ
10	0.458156	0.708109	0.507251	0.721596	T1902).
10	0.511921	0.708109	0.589150	0.721596	ƴǓǏǅǌǅǒǍǊ
10	0.593838	0.708109	0.700845	0.721596	ǖǓǔǕǓǗǍǇǐǊǒǍǤ
10	0.705517	0.708109	0.758408	0.721596	ǉǓǐǋǒǓ
10	0.763096	0.708109	0.796614	0.721596	ǆǠǗǡ
10	0.801302	0.708109	0.859558	0.721596	ǆǐǍǌǏǍǑ
10	0.864255	0.708109	0.871263	0.721596	Ǐ
10	0.875951	0.708109	0.911467	0.721596	ǒǘǐǣ
10	0.176411	0.721966	0.198704	0.735453	ǓǑ,
10	0.202487	0.721966	0.268838	0.735453	ǘǏǅǌǠǇǅǤ
10	0.272628	0.721966	0.290123	0.735453	ǒǅ
10	0.293915	0.721966	0.312356	0.735453	ǗǓ,
10	0.316139	0.721966	0.339305	0.735453	ǜǗǓ
10	0.343096	0.721966	0.395285	0.735453	ǔǕǓǇǓǉ
10	0.399074	0.721966	0.414280	0.735453	ǓǗ
10	0.418068	0.721966	0.460574	0.735453	ǇǚǓǉǅ
10	0.464373	0.721966	0.492877	0.735453	VH2
10	0.496668	0.721966	0.527573	0.735453	VAM
10	0.531364	0.721966	0.608593	0.735453	ǔǓǉǏǐǣǜǊǒ
10	0.612383	0.721966	0.619390	0.735453	Ǐ
10	0.623180	0.721966	0.661664	0.735453	ǗǓǜǏǊ
10	0.665453	0.721966	0.745487	0.735453	ǍǌǑǊǕǊǒǍǤ.
10	0.146993	0.749679	0.158544	0.763166	e.
10	0.176395	0.749679	0.261793	0.763166	ƴǓǉǏǐǣǜǍǗǡ
10	0.265532	0.749679	0.294316	0.763166	Ǟǘǔ
10	0.298021	0.749679	0.389510	0.763166	ǑǘǐǡǗǍǑǊǗǕǅ
10	0.393218	0.749679	0.400226	0.763166	Ǐ
10	0.403950	0.749679	0.445508	0.763166	ǇǚǓǉǘ
10	0.449237	0.749679	0.477708	0.763166	VH3
10	0.481408	0.749679	0.515498	0.763166	VAM,
10	0.519304	0.749679	0.569051	0.763166	ǇǗǓǕǓǎ
10	0.572783	0.749679	0.601568	0.763166	Ǟǘǔ
10	0.605289	0.749679	0.696778	0.763166	ǑǘǐǡǗǍǑǊǗǕǅ
10	0.700486	0.749679	0.707493	0.763166	Ǐ
10	0.711218	0.749679	0.771351	0.763166	ǔǕǓǇǓǉǘ
10	0.775086	0.749679	0.848133	0.763166	ǍǖǗǓǜǒǍǏǅ
10	0.851841	0.749679	0.875997	0.763166	ǉǐǤ
10	0.879714	0.749679	0.911364	0.763166	VH3.
10	0.176411	0.763535	0.196075	0.777022	Ʋǅ
10	0.200287	0.763535	0.239849	0.777022	VAM3
10	0.244065	0.763535	0.327306	0.777022	ǔǓǉǏǐǣǜǍǗǡ
10	0.331523	0.763535	0.381270	0.777022	ǇǗǓǕǓǎ
10	0.385492	0.763535	0.414277	0.777022	Ǟǘǔ
10	0.418488	0.763535	0.509977	0.777022	ǑǘǐǡǗǍǑǊǗǕǅ
10	0.514175	0.763535	0.521183	0.777022	Ǐ
10	0.525397	0.763535	0.560750	0.777022	ǙǅǌǊ
10	0.564969	0.763535	0.574459	0.777022	C
10	0.578664	0.763535	0.631759	0.777022	ǇǠǚǓǉǅ
10	0.635981	0.763535	0.699985	0.777022	ǈǐǅǇǒǓǈǓ
10	0.704210	0.763535	0.786959	0.777022	ǈǊǒǊǕǅǗǓǕǅ
10	0.791154	0.763535	0.846794	0.777022	(ǔǕǓǇǓǉ
10	0.851008	0.763535	0.866804	0.777022	ǵ
10	0.871024	0.763535	0.911460	0.777022	T306),
10	0.176395	0.777392	0.231409	0.790879	ǑǓǉǘǐǣ
10	0.235346	0.777392	0.328126	0.790879	ǇǠǔǕǤǑǍǗǊǐǤ
10	0.332046	0.777392	0.350615	0.790879	RC
10	0.354555	0.777392	0.379527	0.790879	ǍǐǍ
10	0.383467	0.777392	0.434095	0.790879	ǔǅǒǊǐǍ
10	0.438024	0.777392	0.530804	0.790879	ǇǠǔǕǤǑǍǗǊǐǤ
10	0.534740	0.777392	0.564430	0.790879	(RD).
10	0.568365	0.777392	0.588028	0.790879	Ʋǅ
10	0.591963	0.777392	0.631525	0.790879	VAM4
10	0.635463	0.777392	0.718704	0.790879	ǔǓǉǏǐǣǜǍǗǡ
10	0.722636	0.777392	0.772382	0.790879	ǇǗǓǕǓǎ
10	0.776311	0.777392	0.805095	0.790879	Ǟǘǔ
10	0.809029	0.777392	0.900518	0.790879	ǑǘǐǡǗǍǑǊǗǕǅ
10	0.904438	0.777392	0.911446	0.790879	Ǐ
10	0.176395	0.791248	0.246703	0.804735	ǇǠǚǓǉǒǓǎ
10	0.250373	0.791248	0.302064	0.804735	ǏǐǊǑǑǊ
10	0.305729	0.791248	0.334331	0.804735	DC+
10	0.338005	0.791248	0.375133	0.804735	AFSE.
10	0.378779	0.791248	0.456008	0.804735	ƴǓǏǅǌǅǒǍǊ
10	0.459683	0.791248	0.566690	0.804735	ǖǓǔǕǓǗǍǇǐǊǒǍǤ
10	0.570349	0.791248	0.623240	0.804735	ǉǓǐǋǒǓ
10	0.626899	0.791248	0.660417	0.804735	ǆǠǗǡ
10	0.664093	0.791248	0.722348	0.804735	ǆǐǍǌǏǍǑ
10	0.726017	0.791248	0.733024	0.804735	Ǐ
10	0.736699	0.791248	0.772215	0.804735	ǒǘǐǣ
10	0.775869	0.791248	0.798163	0.804735	ǓǑ,
10	0.801825	0.791248	0.868175	0.804735	ǘǏǅǌǠǇǅǤ
10	0.871851	0.791248	0.889347	0.804735	ǒǅ
10	0.893004	0.791248	0.911445	0.804735	ǗǓ,
10	0.176395	0.805104	0.199560	0.818591	ǜǗǓ
10	0.203351	0.805104	0.255540	0.818591	ǔǕǓǇǓǉ
10	0.259330	0.805104	0.274535	0.818591	ǓǗ
10	0.278323	0.805104	0.320829	0.818591	ǇǚǓǉǅ
10	0.324632	0.805104	0.353135	0.818591	VH3
10	0.356926	0.805104	0.387831	0.818591	VAM
10	0.391622	0.805104	0.468852	0.818591	ǔǓǉǏǐǣǜǊǒ
10	0.472641	0.805104	0.479649	0.818591	Ǐ
10	0.483438	0.805104	0.555539	0.818591	ǍǖǗǓǜǒǍǏǘ
10	0.559330	0.805104	0.591068	0.818591	VH3.
10	0.146993	0.832817	0.155080	0.846304	f.
10	0.176395	0.832817	0.261793	0.846304	ƴǓǉǏǐǣǜǍǗǡ
10	0.265809	0.832817	0.294594	0.846304	Ǟǘǔ
10	0.298576	0.832817	0.390066	0.846304	ǑǘǐǡǗǍǑǊǗǕǅ
10	0.394035	0.832817	0.401043	0.846304	Ǐ
10	0.405028	0.832817	0.446586	0.846304	ǇǚǓǉǘ
10	0.450588	0.832817	0.479089	0.846304	VH4
10	0.483076	0.832817	0.517210	0.846304	VAM,
10	0.521215	0.832817	0.570962	0.846304	ǇǗǓǕǓǎ
10	0.574956	0.832817	0.603740	0.846304	Ǟǘǔ
10	0.607723	0.832817	0.699212	0.846304	ǑǘǐǡǗǍǑǊǗǕǅ
10	0.703181	0.832817	0.710189	0.846304	Ǐ
10	0.714174	0.832817	0.774308	0.846304	ǔǕǓǇǓǉǘ
10	0.778303	0.832817	0.851351	0.846304	ǍǖǗǓǜǒǍǏǅ
10	0.855337	0.832817	0.879492	0.846304	ǉǐǤ
10	0.883463	0.832817	0.915152	0.846304	VH4.
10	0.176395	0.846674	0.196058	0.860161	Ʋǅ
10	0.204991	0.846674	0.244554	0.860161	VAM3
10	0.246992	0.846674	0.330233	0.860161	ǔǓǉǏǐǣǜǍǗǡ
10	0.334039	0.846674	0.383785	0.860161	ǇǗǓǕǓǎ
10	0.387583	0.846674	0.416368	0.860161	Ǟǘǔ
10	0.420159	0.846674	0.511648	0.860161	ǑǘǐǡǗǍǑǊǗǕǅ
10	0.515417	0.846674	0.522424	0.860161	Ǐ
10	0.526214	0.846674	0.634887	0.860161	ǔǓǐǓǋǍǗǊǐǡǒǓǎ
10	0.638676	0.846674	0.676262	0.860161	ǝǍǒǊ
10	0.685203	0.846674	0.700790	0.860161	(+)
10	0.703216	0.846674	0.744369	0.860161	ǌǇǊǒǅ
10	0.748161	0.846674	0.782730	0.860161	ǛǊǔǍ
10	0.791613	0.846674	0.814788	0.860161	DC.
10	0.817245	0.846674	0.836908	0.860161	Ʋǅ
10	0.845842	0.846674	0.885399	0.860161	VAM4
11	0.088206	0.102643	0.194805	0.116130	GET-6903A_RU
11	0.088487	0.116500	0.133068	0.129987	ƴǓǍǖǏ
11	0.136782	0.116500	0.146002	0.129987	Ǎ
11	0.149716	0.116500	0.234366	0.129987	ǘǖǗǕǅǒǊǒǍǊ
11	0.238095	0.116500	0.357432	0.129987	ǒǊǍǖǔǕǅǇǒǓǖǗǊǎ
11	0.361146	0.116500	0.411170	0.129987	ǝǏǅǙǅ
11	0.414884	0.116500	0.501039	0.129987	ǘǔǕǅǇǐǊǒǍǤ
11	0.504783	0.116500	0.521255	0.129987	ǖǓ
11	0.524969	0.116500	0.607200	0.129987	ǖǉǇǓǊǒǒǠǑ
11	0.610578	0.116500	0.643201	0.129987	IGBT
11	0.647251	0.116500	0.734527	0.129987	ǍǒǇǊǕǗǊǕǓǑ
11	0.737954	0.116500	0.800186	0.129987	17KG535
11	0.804191	0.116500	0.813411	0.129987	Ǎ
11	0.817125	0.116500	0.879357	0.129987	17KG537
11	0.147010	0.139998	0.230250	0.153485	ǔǓǉǏǐǣǜǍǗǡ
11	0.237715	0.139998	0.287462	0.153485	ǇǗǓǕǓǎ
11	0.294918	0.139998	0.323703	0.153485	Ǟǘǔ
11	0.331164	0.139998	0.422654	0.153485	ǑǘǐǡǗǍǑǊǗǕǅ
11	0.430102	0.139998	0.437110	0.153485	Ǐ
11	0.444558	0.139998	0.496249	0.153485	ǏǐǊǑǑǊ
11	0.503704	0.139998	0.523648	0.153485	DC
11	0.531111	0.139998	0.536992	0.153485	-
11	0.544455	0.139998	0.581583	0.153485	AFSE.
11	0.589046	0.139998	0.666276	0.153485	ƴǓǏǅǌǅǒǍǊ
11	0.673731	0.139998	0.780738	0.153485	ǖǓǔǕǓǗǍǇǐǊǒǍǤ
11	0.788186	0.139998	0.841077	0.153485	ǉǓǐǋǒǓ
11	0.848542	0.139998	0.882061	0.153485	ǆǠǗǡ
11	0.147010	0.153854	0.205265	0.167341	ǆǐǍǌǏǍǑ
11	0.209064	0.153854	0.216072	0.167341	Ǐ
11	0.219861	0.153854	0.255377	0.167341	ǒǘǐǣ
11	0.259169	0.153854	0.281462	0.167341	ǓǑ,
11	0.285245	0.153854	0.351596	0.167341	ǘǏǅǌǠǇǅǤ
11	0.355385	0.153854	0.372881	0.167341	ǒǅ
11	0.376672	0.153854	0.395114	0.167341	ǗǓ,
11	0.398897	0.153854	0.422062	0.167341	ǜǗǓ
11	0.425855	0.153854	0.478044	0.167341	ǔǕǓǇǓǉ
11	0.481833	0.153854	0.497039	0.167341	ǓǗ
11	0.500827	0.153854	0.543333	0.167341	ǇǚǓǉǅ
11	0.547140	0.153854	0.575644	0.167341	VH4
11	0.579435	0.153854	0.610340	0.167341	VAM
11	0.614131	0.153854	0.691361	0.167341	ǔǓǉǏǐǣǜǊǒ
11	0.695150	0.153854	0.702158	0.167341	Ǐ
11	0.705947	0.153854	0.744431	0.167341	ǗǓǜǏǊ
11	0.748221	0.153854	0.831486	0.167341	ǍǌǑǊǕǊǒǍǤ..
11	0.117608	0.181567	0.129746	0.195054	g.
11	0.147010	0.181567	0.232408	0.195054	ƴǓǉǏǐǣǜǍǗǡ
11	0.236147	0.181567	0.264931	0.195054	Ǟǘǔ
11	0.268636	0.181567	0.360125	0.195054	ǑǘǐǡǗǍǑǊǗǕǅ
11	0.363833	0.181567	0.370841	0.195054	Ǐ
11	0.374565	0.181567	0.416123	0.195054	ǇǚǓǉǘ
11	0.419852	0.181567	0.448323	0.195054	VH5
11	0.452023	0.181567	0.486113	0.195054	VAM,
11	0.489919	0.181567	0.539666	0.195054	ǇǗǓǕǓǎ
11	0.543398	0.181567	0.572183	0.195054	Ǟǘǔ
11	0.575904	0.181567	0.667393	0.195054	ǑǘǐǡǗǍǑǊǗǕǅ
11	0.671085	0.181567	0.678092	0.195054	Ǐ
11	0.681816	0.181567	0.741950	0.195054	ǔǕǓǇǓǉǘ
11	0.745684	0.181567	0.818732	0.195054	ǍǖǗǓǜǒǍǏǅ
11	0.822440	0.181567	0.846595	0.195054	ǉǐǤ
11	0.850313	0.181567	0.881963	0.195054	VH5.
11	0.147010	0.195423	0.166673	0.208910	Ʋǅ
11	0.172568	0.195423	0.212130	0.208910	VAM3
11	0.218048	0.195423	0.301289	0.208910	ǔǓǉǏǐǣǜǍǗǡ
11	0.307186	0.195423	0.356932	0.208910	ǇǗǓǕǓǎ
11	0.362837	0.195423	0.391622	0.208910	Ǟǘǔ
11	0.397515	0.195423	0.489004	0.208910	ǑǘǐǡǗǍǑǊǗǕǅ
11	0.494885	0.195423	0.501892	0.208910	Ǐ
11	0.507805	0.195423	0.614535	0.208910	ǓǗǕǍǛǅǗǊǐǡǒǓǎ
11	0.620432	0.195423	0.633241	0.208910	(-)
11	0.639135	0.195423	0.676720	0.208910	ǝǍǒǊ
11	0.682617	0.195423	0.723770	0.208910	ǌǇǊǒǅ
11	0.729660	0.195423	0.819189	0.208910	ǔǓǖǗǓǤǒǒǓǈǓ
11	0.825102	0.195423	0.856215	0.208910	ǗǓǏǅ
11	0.862108	0.195423	0.882051	0.208910	DC
11	0.147010	0.209280	0.177751	0.222767	Link.
11	0.181900	0.209280	0.201564	0.222767	Ʋǅ
11	0.205711	0.209280	0.245273	0.222767	VAM4
11	0.249443	0.209280	0.332684	0.222767	ǔǓǉǏǐǣǜǍǗǡ
11	0.336833	0.209280	0.386579	0.222767	ǇǗǓǕǓǎ
11	0.390736	0.209280	0.419521	0.222767	Ǟǘǔ
11	0.423667	0.209280	0.515156	0.222767	ǑǘǐǡǗǍǑǊǗǕǅ
11	0.519289	0.209280	0.526296	0.222767	Ǐ
11	0.530445	0.209280	0.606070	0.222767	ǗǊǕǑǍǒǅǐǘ
11	0.610223	0.209280	0.667916	0.222767	ǔǍǗǅǒǍǤ
11	0.672065	0.209280	0.798216	0.222767	ǢǐǊǏǗǕǓǉǇǍǈǅǗǊǐǤ
11	0.802373	0.209280	0.826367	0.222767	(Ǌǎ)
11	0.830509	0.209280	0.882053	0.222767	ǓǆǉǘǇǅ
11	0.147010	0.223136	0.219420	0.236623	ǘǖǗǅǒǓǇǏǍ
11	0.226591	0.223136	0.336310	0.236623	ǉǍǒǅǑǍǜǊǖǏǓǈǓ
11	0.343464	0.223136	0.428012	0.236623	ǌǅǑǊǉǐǊǒǍǤ
11	0.435189	0.223136	0.490834	0.236623	(ǔǕǓǇǓǉ
11	0.497988	0.223136	0.513784	0.236623	ǵ
11	0.520961	0.223136	0.582771	0.236623	BMFF07).
11	0.589919	0.223136	0.667148	0.236623	ƴǓǏǅǌǅǒǍǊ
11	0.674319	0.223136	0.781326	0.236623	ǖǓǔǕǓǗǍǇǐǊǒǍǤ
11	0.788480	0.223136	0.841371	0.236623	ǉǓǐǋǒǓ
11	0.848542	0.223136	0.882061	0.236623	ǆǠǗǡ
11	0.147010	0.236993	0.205265	0.250480	ǆǐǍǌǏǍǑ
11	0.209064	0.236993	0.216072	0.250480	Ǐ
11	0.219861	0.236993	0.255377	0.250480	ǒǘǐǣ
11	0.259169	0.236993	0.281462	0.250480	ǓǑ,
11	0.285245	0.236993	0.351596	0.250480	ǘǏǅǌǠǇǅǤ
11	0.355385	0.236993	0.372881	0.250480	ǒǅ
11	0.376672	0.236993	0.395114	0.250480	ǗǓ,
11	0.398897	0.236993	0.422063	0.250480	ǜǗǓ
11	0.425855	0.236993	0.478044	0.250480	ǔǕǓǇǓǉ
11	0.481834	0.236993	0.497039	0.250480	ǓǗ
11	0.500827	0.236993	0.543333	0.250480	ǇǚǓǉǅ
11	0.547140	0.236993	0.575644	0.250480	VH5
11	0.579435	0.236993	0.610340	0.250480	VAM
11	0.614131	0.236993	0.691361	0.250480	ǔǓǉǏǐǣǜǊǒ
11	0.695150	0.236993	0.702158	0.250480	Ǐ
11	0.705947	0.236993	0.744431	0.250480	ǗǓǜǏǊ
11	0.748221	0.236993	0.828255	0.250480	ǍǌǑǊǕǊǒǍǤ.
11	0.117608	0.264706	0.129729	0.278192	h.
11	0.147010	0.264706	0.249817	0.278192	ƴǓǉǖǓǊǉǍǒǍǗǡ
11	0.257434	0.264706	0.281740	0.278192	ǇǖǊ
11	0.285529	0.264706	0.379060	0.278192	ǓǗǏǐǣǜǊǒǒǠǊ
11	0.386643	0.264706	0.450390	0.278192	ǕǅǌǟǊǑǠ
11	0.454147	0.264706	0.462902	0.278192	Ǎ
11	0.466691	0.264706	0.546371	0.278192	ǔǕǓǇǓǉǒǠǊ
11	0.550160	0.264706	0.638056	0.278192	ǖǓǊǉǍǒǊǒǍǤ.
11	0.088222	0.292418	0.100117	0.305905	8.
11	0.117624	0.292418	0.149955	0.305905	ƪǖǐǍ
11	0.153494	0.292418	0.194510	0.305905	ǔǓǖǐǊ
11	0.198055	0.292418	0.230059	0.305905	ǇǖǊǚ
11	0.233599	0.292418	0.300978	0.305905	ǔǕǓǇǊǕǓǏ
11	0.304523	0.292418	0.374532	0.305905	ǔǕǓǆǐǊǑǅ
11	0.378077	0.292418	0.440355	0.305905	ǓǖǗǅǊǗǖǤ
11	0.443872	0.292418	0.460780	0.305905	ǒǊ
11	0.464323	0.292418	0.539723	0.305905	ǕǊǝǊǒǒǓǎ,
11	0.543284	0.292418	0.614208	0.305905	ǇǓǌǑǓǋǒǅ
11	0.617752	0.292418	0.725220	0.305905	ǒǊǍǖǔǕǅǇǒǓǖǗǡ
11	0.728745	0.292418	0.812492	0.305905	ǅǒǅǐǓǈǓǇǓǎ
11	0.816053	0.292418	0.858039	0.305905	ǔǐǅǗǠ
11	0.861582	0.292418	0.882111	0.305905	I/O
11	0.117656	0.306275	0.144105	0.319762	PSC
11	0.147898	0.306275	0.198527	0.319762	ǔǅǒǊǐǍ
11	0.202303	0.306275	0.227638	0.319762	ICP.
11	0.231429	0.306275	0.298690	0.319762	ƬǅǑǊǒǍǗǡ
11	0.302465	0.306275	0.345049	0.319762	ǔǐǅǗǘ.
12	0.804862	0.100484	0.909328	0.113971	GET-6903A_RU
12	0.120053	0.114340	0.164634	0.127827	ƴǓǍǖǏ
12	0.168348	0.114340	0.177568	0.127827	Ǎ
12	0.181282	0.114340	0.265932	0.127827	ǘǖǗǕǅǒǊǒǍǊ
12	0.269661	0.114340	0.388998	0.127827	ǒǊǍǖǔǕǅǇǒǓǖǗǊǎ
12	0.392712	0.114340	0.442736	0.127827	ǝǏǅǙǅ
12	0.446450	0.114340	0.532605	0.127827	ǘǔǕǅǇǐǊǒǍǤ
12	0.536349	0.114340	0.552821	0.127827	ǖǓ
12	0.556535	0.114340	0.638766	0.127827	ǖǉǇǓǊǒǒǠǑ
12	0.641952	0.114340	0.674575	0.127827	IGBT
12	0.678817	0.114340	0.766093	0.127827	ǍǒǇǊǕǗǊǕǓǑ
12	0.769312	0.114340	0.831544	0.127827	17KG535
12	0.835757	0.114340	0.844977	0.127827	Ǎ
12	0.865662	0.114340	0.885466	0.127827	.*
12	0.396977	0.213908	0.433749	0.223146	ШИНА
12	0.436781	0.213908	0.458773	0.223146	AC3
12	0.461805	0.213908	0.505843	0.223146	(ВЫХОД
12	0.508875	0.213908	0.528646	0.223146	ALT
12	0.531678	0.213908	0.547581	0.223146	T3)
12	0.633745	0.232597	0.656046	0.238371	ПЛЮС
12	0.657945	0.231824	0.680896	0.238567	ƬƧƪƲƥ
12	0.682789	0.232597	0.703826	0.238371	ПОСТ.
12	0.310339	0.235598	0.347111	0.244836	ШИНА
12	0.350142	0.235598	0.372135	0.244836	AC2
12	0.375167	0.235598	0.419205	0.244836	(ВЫХОД
12	0.422236	0.235598	0.442008	0.244836	ALT
12	0.445039	0.235598	0.460943	0.244836	T2)
12	0.463974	0.235598	0.500747	0.244836	ШИНА
12	0.664821	0.239987	0.684086	0.246915	ТОКА
12	0.302498	0.258471	0.324491	0.267708	AC1
12	0.327522	0.258471	0.371560	0.267708	(ВЫХОД
12	0.374592	0.258471	0.394363	0.267708	ALT
12	0.397395	0.258471	0.413298	0.267708	T1)
12	0.674654	0.256818	0.700633	0.262592	МИНУС
12	0.702531	0.256045	0.725482	0.262788	ƬƧƪƲƥ
12	0.707086	0.263747	0.725416	0.269520	ТОКА
12	0.727374	0.256818	0.748411	0.262592	ПОСТ.
12	0.279356	0.333551	0.333456	0.342789	СТОРОНА
12	0.336488	0.333551	0.400467	0.342789	ВЫСОКОГО
12	0.289314	0.344636	0.369091	0.353874	НАПРЯЖЕНИЯ
12	0.372123	0.344636	0.393541	0.353874	(VH)
12	0.269843	0.526618	0.323943	0.535855	СТОРОНА
12	0.326974	0.526618	0.390953	0.535855	ВЫСОКОГО
12	0.279800	0.537703	0.359578	0.546941	НАПРЯЖЕНИЯ
12	0.362610	0.537703	0.384028	0.546941	(VH)
12	0.333364	0.597526	0.405850	0.606764	ШТЕКЕРНЫЙ
12	0.333953	0.608611	0.380552	0.617849	РАЗЪЕМ
12	0.383583	0.608611	0.408307	0.617849	VAM
12	0.344224	0.696757	0.390823	0.705994	РАЗЪЕМ
12	0.334567	0.707842	0.382799	0.717080	ПАНЕЛИ
12	0.385831	0.707842	0.403511	0.717080	ICP
12	0.391489	0.747000	0.429529	0.756238	ПЛАТА
12	0.432561	0.747000	0.518624	0.756238	АНАЛОГОВОГО
12	0.521656	0.747000	0.614645	0.756238	ВВОДА/ВЫВОДА
12	0.617676	0.747000	0.641420	0.756238	PSC,
12	0.644452	0.747000	0.675174	0.756238	СЛОТ
12	0.678205	0.747000	0.685131	0.756238	6
12	0.864450	0.845883	0.898889	0.852811	E-60166
12	0.341323	0.861684	0.366312	0.875171	ƵǍǖ
12	0.370101	0.861684	0.390653	0.875171	13.
12	0.398216	0.861684	0.483320	0.875171	ƶǓǊǉǍǒǊǒǍǤ
12	0.487125	0.861684	0.596585	0.875171	ǢǐǊǏǗǕǍǜǊǖǏǓǎ
12	0.600355	0.861684	0.644752	0.875171	ǖǚǊǑǠ
12	0.648543	0.861684	0.687746	0.875171	VAM3
13	0.087882	0.102452	0.194481	0.115939	GET-6903A_RU
13	0.087882	0.116309	0.132464	0.129796	ƴǓǍǖǏ
13	0.136178	0.116309	0.145398	0.129796	Ǎ
13	0.149112	0.116309	0.233762	0.129796	ǘǖǗǕǅǒǊǒǍǊ
13	0.237490	0.116309	0.356828	0.129796	ǒǊǍǖǔǕǅǇǒǓǖǗǊǎ
13	0.360541	0.116309	0.410565	0.129796	ǝǏǅǙǅ
13	0.414279	0.116309	0.500434	0.129796	ǘǔǕǅǇǐǊǒǍǤ
13	0.504178	0.116309	0.520650	0.129796	ǖǓ
13	0.524364	0.116309	0.606596	0.129796	ǖǉǇǓǊǒǒǠǑ
13	0.609973	0.116309	0.642597	0.129796	IGBT
13	0.646647	0.116309	0.733922	0.129796	ǍǒǇǊǕǗǊǕǓǑ
13	0.737350	0.116309	0.799581	0.129796	17KG535
13	0.803586	0.116309	0.812807	0.129796	Ǎ
13	0.816521	0.116309	0.878752	0.129796	17KG537
13	0.371040	0.193589	0.409772	0.202826	(ПЛЮС
13	0.412543	0.193589	0.446675	0.202826	ПОСТ.
13	0.449446	0.193589	0.480024	0.202826	ТОКА
13	0.482794	0.193589	0.510027	0.202826	AFSE
13	0.512797	0.193589	0.519880	0.202826	В
13	0.539298	0.193589	0.585022	0.202826	(МИНУС
13	0.587792	0.193589	0.621925	0.202826	ПОСТ.
13	0.624695	0.193589	0.655273	0.202826	ТОКА
13	0.658044	0.193589	0.685277	0.202826	AFSE
13	0.688047	0.193589	0.695130	0.202826	В
13	0.697900	0.193589	0.753934	0.202826	ОБМОТКУ
13	0.373614	0.204674	0.429648	0.213911	ОБМОТКУ
13	0.432419	0.204674	0.490282	0.213911	ВОЗБУЖД.
13	0.493052	0.204674	0.520076	0.213911	ГЕН.)
13	0.604166	0.204674	0.662029	0.213911	ВОЗБУЖД.
13	0.664800	0.204674	0.691824	0.213911	ГЕН.)
13	0.267388	0.239768	0.289668	0.249005	AC2
13	0.292438	0.239768	0.327930	0.249005	(ВХОД
13	0.330700	0.239768	0.372072	0.249005	ПЕРЕМ.
13	0.374843	0.239768	0.405421	0.249005	ТОКА
13	0.408191	0.239768	0.439135	0.249005	AFSE)
13	0.218254	0.265504	0.240534	0.274741	AC1
13	0.243304	0.265504	0.278796	0.274741	(ВХОД
13	0.281566	0.265504	0.322938	0.274741	ПЕРЕМ.
13	0.325708	0.265504	0.356287	0.274741	ТОКА
13	0.359057	0.265504	0.390001	0.274741	AFSE)
13	0.639815	0.264330	0.675999	0.273568	ШИНА
13	0.678769	0.264330	0.715790	0.273568	BMFF3
13	0.659573	0.286658	0.688439	0.295895	(ОТР.
13	0.691209	0.286658	0.750772	0.295895	СТОРОНА-
13	0.753542	0.286658	0.797723	0.295895	Э/ДВИГ.
13	0.694659	0.297743	0.765407	0.306981	РЕОСТАТОВ)
13	0.228254	0.333936	0.283805	0.343174	СТОРОНА
13	0.286575	0.333936	0.350737	0.343174	ВЫСОКОГО
13	0.237859	0.345021	0.317885	0.354259	НАПРЯЖЕНИЯ
13	0.320655	0.345021	0.343890	0.354259	(VH)
13	0.226856	0.543704	0.282407	0.552942	СТОРОНА
13	0.285177	0.543704	0.339473	0.552942	НИЗКОГО
13	0.231325	0.554790	0.311351	0.564027	НАПРЯЖЕНИЯ
13	0.316892	0.554790	0.337774	0.564027	(VL)
13	0.261703	0.622225	0.333026	0.631462	ШТЕКЕРНЫЙ
13	0.335797	0.622225	0.382357	0.631462	РАЗЪЕМ
13	0.310511	0.633310	0.336306	0.642547	VAM
13	0.267244	0.729908	0.313804	0.739145	РАЗЪЕМ
13	0.316574	0.729908	0.364232	0.739145	ПАНЕЛИ
13	0.308302	0.740993	0.325957	0.750231	ICP
13	0.338084	0.774865	0.371860	0.782948	ПЛАТА
13	0.374284	0.774865	0.450138	0.782948	АНАЛОГОВОГО
13	0.452562	0.774865	0.533962	0.782948	ВВОДА/ВЫВОДА
13	0.536386	0.774865	0.557104	0.782948	PSC,
13	0.559528	0.774865	0.586513	0.782948	СЛОТ
13	0.588937	0.774865	0.594803	0.782948	6
13	0.835048	0.845883	0.869487	0.852811	E-60167
13	0.311922	0.861684	0.336911	0.875171	ƵǍǖ
13	0.340700	0.861684	0.361252	0.875171	14.
13	0.368815	0.861684	0.453920	0.875171	ƶǓǊǉǍǒǊǒǍǤ
13	0.457724	0.861684	0.567184	0.875171	ǢǐǊǏǗǕǍǜǊǖǏǓǎ
13	0.570954	0.861684	0.615351	0.875171	ǖǚǊǑǠ
13	0.619143	0.861684	0.658345	0.875171	VAM4
